dataset,seed,variant,ari,nmi,acc,f1_macro,q_cell,q_gene,q_total,graph_enabled,negative_control,pca_ari,pca_nmi,pca_acc,delta_ari_vs_pca,regret_vs_pca,negative_transfer,win_vs_pca,tie_vs_pca,loss_vs_pca,rank_ari_desc,oracle_ari,oracle_source_variant,oracle_gain_vs_pca,oracle_gap
Limb_Muscle,42,pca_kmeans,0.44747325960621226,0.5985589862723709,0.655154771041187,0.593064360589238,0.6230570398625715,0.8730946399460354,0.7480758399043035,False,,0.44747325960621226,0.5985589862723709,0.655154771041187,0.0,0.0,False,False,True,False,11.0,0.8653544533250351,rdg_gene_only,0.4178811937188229,0.4178811937188229
Limb_Muscle,42,pca_spectral_kmeans,0.4566647752823708,0.6199842126297733,0.7001790739319519,0.5070261961644908,0.6230570398625715,0.8730946399460354,0.7480758399043035,False,,0.44747325960621226,0.5985589862723709,0.655154771041187,0.009191515676158557,0.0,False,True,False,False,10.0,0.8653544533250351,rdg_gene_only,0.4178811937188229,0.4086896780426643
Limb_Muscle,42,rdg_cell_only,0.5806700782002904,0.7014878941534128,0.7825530826298286,0.6743277519328954,0.6230570398625715,0.8730946399460354,0.7480758399043035,True,,0.44747325960621226,0.5985589862723709,0.655154771041187,0.13319681859407811,0.0,False,True,False,False,8.0,0.8653544533250351,rdg_gene_only,0.4178811937188229,0.28468437512474476
Limb_Muscle,42,rdg_gene_only,0.8653544533250351,0.8771817298251048,0.9437196213865439,0.9295537241689779,0.6230570398625715,0.8730946399460354,0.7480758399043035,True,,0.44747325960621226,0.5985589862723709,0.655154771041187,0.4178811937188229,0.0,False,True,False,False,1.0,0.8653544533250351,rdg_gene_only,0.4178811937188229,0.0
Limb_Muscle,42,rdg_concat_kmeans,0.6637469481217955,0.7818722361453623,0.7979022767971348,0.6175826244254232,0.6230570398625715,0.8730946399460354,0.7480758399043035,False,,0.44747325960621226,0.5985589862723709,0.655154771041187,0.2162736885155832,0.0,False,True,False,False,7.0,0.8653544533250351,rdg_gene_only,0.4178811937188229,0.20160750520323967
Limb_Muscle,42,rdg_always_on,0.7405171494539577,0.8191764645784329,0.9073931951905858,0.932051418042331,0.6230570398625715,0.8730946399460354,0.7480758399043035,True,,0.44747325960621226,0.5985589862723709,0.655154771041187,0.2930438898477455,0.0,False,True,False,False,5.0,0.8653544533250351,rdg_gene_only,0.4178811937188229,0.12483730387107739
Limb_Muscle,42,safe_rdg_heuristic,0.858230811995709,0.8591298920622373,0.9429521616781785,0.9356690911719149,0.6230570398625715,0.8730946399460354,0.7480758399043035,True,,0.44747325960621226,0.5985589862723709,0.655154771041187,0.4107575523894968,0.0,False,True,False,False,2.0,0.8653544533250351,rdg_gene_only,0.4178811937188229,0.00712364132932608
Limb_Muscle,42,neg_random_cell_graph,0.5479481204150214,0.656492258717949,0.750575594781274,0.5866684170568798,0.6230570398625715,0.8730946399460354,0.7480758399043035,True,random_cell_graph,0.44747325960621226,0.5985589862723709,0.655154771041187,0.10047486080880913,0.0,False,True,False,False,9.0,0.8653544533250351,rdg_gene_only,0.4178811937188229,0.31740633291001374
Limb_Muscle,42,neg_degree_shuffle_graph,0.7825081423423331,0.757838140960816,0.8301355845484779,0.7001263843589115,0.6230570398625715,0.8730946399460354,0.7480758399043035,True,degree_preserving_shuffled_cell_graph,0.44747325960621226,0.5985589862723709,0.655154771041187,0.33503488273612086,0.0,False,True,False,False,3.0,0.8653544533250351,rdg_gene_only,0.4178811937188229,0.08284631098270201
Limb_Muscle,42,neg_shuffled_gene_cell_graph,0.10425441892577547,0.15147716730020955,0.40956766436428754,0.3270365217364574,0.6230570398625715,0.8730946399460354,0.7480758399043035,True,shuffled_gene_module_cell_graph,0.44747325960621226,0.5985589862723709,0.655154771041187,-0.3432188406804368,0.3432188406804368,True,False,False,True,12.0,0.8653544533250351,rdg_gene_only,0.4178811937188229,0.7611000343992597
Limb_Muscle,3047,pca_kmeans,0.29726210330675723,0.5648311658296551,0.6508058326937836,0.6395494034109215,0.6303831646888014,0.8711456552439685,0.7507644099663849,False,,0.29726210330675723,0.5648311658296551,0.6508058326937836,0.0,0.0,False,False,True,False,11.0,0.9422452668898852,rdg_gene_only,0.644983163583128,0.644983163583128
Limb_Muscle,3047,pca_spectral_kmeans,0.6183698028434194,0.7323092658698841,0.7945766180608851,0.6821274414674158,0.6303831646888014,0.8711456552439685,0.7507644099663849,False,,0.29726210330675723,0.5648311658296551,0.6508058326937836,0.32110769953666213,0.0,False,True,False,False,9.0,0.9422452668898852,rdg_gene_only,0.644983163583128,0.32387546404646583
Limb_Muscle,3047,rdg_cell_only,0.7198064508171023,0.7757719202163486,0.8649270913277053,0.767743579124914,0.6303831646888014,0.8711456552439685,0.7507644099663849,True,,0.29726210330675723,0.5648311658296551,0.6508058326937836,0.42254434751034503,0.0,False,True,False,False,8.0,0.9422452668898852,rdg_gene_only,0.644983163583128,0.22243881607278293
Limb_Muscle,3047,rdg_gene_only,0.9422452668898852,0.9319478099439295,0.9741621898183679,0.9650715631435219,0.6303831646888014,0.8711456552439685,0.7507644099663849,True,,0.29726210330675723,0.5648311658296551,0.6508058326937836,0.644983163583128,0.0,False,True,False,False,1.0,0.9422452668898852,rdg_gene_only,0.644983163583128,0.0
Limb_Muscle,3047,rdg_concat_kmeans,0.7765348148507132,0.8273150268007786,0.8526477359938603,0.7493152203316198,0.6303831646888014,0.8711456552439685,0.7507644099663849,False,,0.29726210330675723,0.5648311658296551,0.6508058326937836,0.47927271154395595,0.0,False,True,False,False,6.0,0.9422452668898852,rdg_gene_only,0.644983163583128,0.165710452039172
Limb_Muscle,3047,rdg_always_on,0.9178236736167543,0.9139755268194685,0.9626502941928882,0.9471792058528626,0.6303831646888014,0.8711456552439685,0.7507644099663849,True,,0.29726210330675723,0.5648311658296551,0.6508058326937836,0.6205615703099971,0.0,False,True,False,False,4.0,0.9422452668898852,rdg_gene_only,0.644983163583128,0.02442159327313087
Limb_Muscle,3047,safe_rdg_heuristic,0.7389417562255153,0.8394591828613862,0.9112304937324124,0.9442380813973325,0.6303831646888014,0.8711456552439685,0.7507644099663849,True,,0.29726210330675723,0.5648311658296551,0.6508058326937836,0.44167965291875805,0.0,False,True,False,False,7.0,0.9422452668898852,rdg_gene_only,0.644983163583128,0.2033035106643699
Limb_Muscle,3047,neg_random_cell_graph,0.7858023023236052,0.7484852428423933,0.8529035558966488,0.7281997146395071,0.6303831646888014,0.8711456552439685,0.7507644099663849,True,random_cell_graph,0.29726210330675723,0.5648311658296551,0.6508058326937836,0.4885401990168479,0.0,False,True,False,False,5.0,0.9422452668898852,rdg_gene_only,0.644983163583128,0.15644296456628004
Limb_Muscle,3047,neg_degree_shuffle_graph,0.6022726616878961,0.6452555411572447,0.7723202865182911,0.5837993514884817,0.6303831646888014,0.8711456552439685,0.7507644099663849,True,degree_preserving_shuffled_cell_graph,0.29726210330675723,0.5648311658296551,0.6508058326937836,0.30501055838113883,0.0,False,True,False,False,10.0,0.9422452668898852,rdg_gene_only,0.644983163583128,0.33997260520198913
Limb_Muscle,3047,neg_shuffled_gene_cell_graph,0.10386965132389099,0.13188992752817294,0.4136607828089025,0.39539848790142934,0.6303831646888014,0.8711456552439685,0.7507644099663849,True,shuffled_gene_module_cell_graph,0.29726210330675723,0.5648311658296551,0.6508058326937836,-0.19339245198286625,0.19339245198286625,True,False,False,True,12.0,0.9422452668898852,rdg_gene_only,0.644983163583128,0.8383756155659942
Limb_Muscle,3407,pca_kmeans,0.7303812946952729,0.7652327544724675,0.8053210539779995,0.6002512795922569,0.6289673700573255,0.8726866626710557,0.7508270163641906,False,,0.7303812946952729,0.7652327544724675,0.8053210539779995,0.0,0.0,False,False,True,False,8.0,0.9197775865308375,rdg_gene_only,0.1893962918355646,0.1893962918355646
Limb_Muscle,3407,pca_spectral_kmeans,0.5158983495159487,0.6558019442042252,0.7400869787669481,0.5160585093496627,0.6289673700573255,0.8726866626710557,0.7508270163641906,False,,0.7303812946952729,0.7652327544724675,0.8053210539779995,-0.2144829451793242,0.2144829451793242,True,False,False,True,10.0,0.9197775865308375,rdg_gene_only,0.1893962918355646,0.4038792370148888
Limb_Muscle,3407,rdg_cell_only,0.38216178804149625,0.6209628367403407,0.6293169608595549,0.6626961085392956,0.6289673700573255,0.8726866626710557,0.7508270163641906,True,,0.7303812946952729,0.7652327544724675,0.8053210539779995,-0.34821950665377666,0.34821950665377666,True,False,False,True,11.0,0.9197775865308375,rdg_gene_only,0.1893962918355646,0.5376157984893413
Limb_Muscle,3407,rdg_gene_only,0.9197775865308375,0.9144505659942017,0.9710923509849066,0.9736832899554995,0.6289673700573255,0.8726866626710557,0.7508270163641906,True,,0.7303812946952729,0.7652327544724675,0.8053210539779995,0.1893962918355646,0.0,False,True,False,False,1.0,0.9197775865308375,rdg_gene_only,0.1893962918355646,0.0
Limb_Muscle,3407,rdg_concat_kmeans,0.773008356983435,0.803865324136895,0.8651829112304937,0.7712573381310109,0.6289673700573255,0.8726866626710557,0.7508270163641906,False,,0.7303812946952729,0.7652327544724675,0.8053210539779995,0.04262706228816204,0.0,False,True,False,False,6.0,0.9197775865308375,rdg_gene_only,0.1893962918355646,0.14676922954740257
Limb_Muscle,3407,rdg_always_on,0.8316440336294294,0.8840377522373788,0.9068815553850089,0.8020816316298082,0.6289673700573255,0.8726866626710557,0.7508270163641906,True,,0.7303812946952729,0.7652327544724675,0.8053210539779995,0.1012627389341565,0.0,False,True,False,False,4.0,0.9197775865308375,rdg_gene_only,0.1893962918355646,0.08813355290140812
Limb_Muscle,3407,safe_rdg_heuristic,0.9150302680119387,0.9086767309352839,0.9690457917625991,0.971343187557975,0.6289673700573255,0.8726866626710557,0.7508270163641906,True,,0.7303812946952729,0.7652327544724675,0.8053210539779995,0.18464897331666574,0.0,False,True,False,False,2.0,0.9197775865308375,rdg_gene_only,0.1893962918355646,0.004747318518898869
Limb_Muscle,3407,neg_random_cell_graph,0.6913109124226446,0.7012287960027392,0.8229726272704017,0.7050257271686219,0.6289673700573255,0.8726866626710557,0.7508270163641906,True,random_cell_graph,0.7303812946952729,0.7652327544724675,0.8053210539779995,-0.03907038227262827,0.03907038227262827,True,False,False,True,9.0,0.9197775865308375,rdg_gene_only,0.1893962918355646,0.22846667410819288
Limb_Muscle,3407,neg_degree_shuffle_graph,0.7551911135924412,0.7839118674224446,0.8636479918137631,0.7726238114434726,0.6289673700573255,0.8726866626710557,0.7508270163641906,True,degree_preserving_shuffled_cell_graph,0.7303812946952729,0.7652327544724675,0.8053210539779995,0.024809818897168268,0.0,False,True,False,False,7.0,0.9197775865308375,rdg_gene_only,0.1893962918355646,0.16458647293839634
Limb_Muscle,3407,neg_shuffled_gene_cell_graph,0.28368172676996545,0.28026283345773473,0.5418265541059094,0.42446418913012335,0.6289673700573255,0.8726866626710557,0.7508270163641906,True,shuffled_gene_module_cell_graph,0.7303812946952729,0.7652327544724675,0.8053210539779995,-0.44669956792530746,0.44669956792530746,True,False,False,True,12.0,0.9197775865308375,rdg_gene_only,0.1893962918355646,0.6360958597608721
Pollen,42,pca_kmeans,0.03339391415030334,0.11612458329724176,0.23255813953488372,0.10369728430532277,0.6205760639893365,0.9291977276900223,0.7748868958396794,False,,0.03339391415030334,0.11612458329724176,0.23255813953488372,0.0,0.0,False,False,True,False,11.0,0.8700415764190499,rdg_always_on,0.8366476622687465,0.8366476622687465
Pollen,42,pca_spectral_kmeans,0.37214848666506173,0.6136775820396204,0.5681063122923588,0.5117115762033383,0.6205760639893365,0.9291977276900223,0.7748868958396794,False,,0.03339391415030334,0.11612458329724176,0.23255813953488372,0.3387545725147584,0.0,False,True,False,False,8.0,0.8700415764190499,rdg_always_on,0.8366476622687465,0.49789308975398816
Pollen,42,rdg_cell_only,0.4208548220097715,0.6390092191548234,0.5946843853820598,0.55596878321317,0.6205760639893365,0.9291977276900223,0.7748868958396794,True,,0.03339391415030334,0.11612458329724176,0.23255813953488372,0.38746090785946813,0.0,False,True,False,False,7.0,0.8700415764190499,rdg_always_on,0.8366476622687465,0.4491867544092784
Pollen,42,rdg_gene_only,0.7820294641360407,0.8730264110323216,0.7840531561461794,0.6772743222199344,0.6205760639893365,0.9291977276900223,0.7748868958396794,True,,0.03339391415030334,0.11612458329724176,0.23255813953488372,0.7486355499857373,0.0,False,True,False,False,5.0,0.8700415764190499,rdg_always_on,0.8366476622687465,0.0880121122830092
Pollen,42,rdg_concat_kmeans,0.5320846785609734,0.6700616203903834,0.6976744186046512,0.4827901666452165,0.6205760639893365,0.9291977276900223,0.7748868958396794,False,,0.03339391415030334,0.11612458329724176,0.23255813953488372,0.49869076441067006,0.0,False,True,False,False,6.0,0.8700415764190499,rdg_always_on,0.8366476622687465,0.3379568978580765
Pollen,42,rdg_always_on,0.8700415764190499,0.8955787312019604,0.8571428571428571,0.7028940496608415,0.6205760639893365,0.9291977276900223,0.7748868958396794,True,,0.03339391415030334,0.11612458329724176,0.23255813953488372,0.8366476622687465,0.0,False,True,False,False,2.0,0.8700415764190499,rdg_always_on,0.8366476622687465,0.0
Pollen,42,safe_rdg_heuristic,0.869445960111,0.8916353961596908,0.8538205980066446,0.700202938736613,0.6205760639893365,0.9291977276900223,0.7748868958396794,True,,0.03339391415030334,0.11612458329724176,0.23255813953488372,0.8360520459606966,0.0,False,True,False,False,4.0,0.8700415764190499,rdg_always_on,0.8366476622687465,0.0005956163080499399
Pollen,42,neg_random_cell_graph,0.30372050748114354,0.4510096809630176,0.48172757475083056,0.39337057767793215,0.6205760639893365,0.9291977276900223,0.7748868958396794,True,random_cell_graph,0.03339391415030334,0.11612458329724176,0.23255813953488372,0.2703265933308402,0.0,False,True,False,False,10.0,0.8700415764190499,rdg_always_on,0.8366476622687465,0.5663210689379063
Pollen,42,neg_degree_shuffle_graph,0.3140462772184468,0.4659312352105017,0.5016611295681063,0.44460204435304235,0.6205760639893365,0.9291977276900223,0.7748868958396794,True,degree_preserving_shuffled_cell_graph,0.03339391415030334,0.11612458329724176,0.23255813953488372,0.28065236306814345,0.0,False,True,False,False,9.0,0.8700415764190499,rdg_always_on,0.8366476622687465,0.5559952992006031
Pollen,42,neg_shuffled_gene_cell_graph,0.020206721352803148,0.12174577380454714,0.2026578073089701,0.19015836094130056,0.6205760639893365,0.9291977276900223,0.7748868958396794,True,shuffled_gene_module_cell_graph,0.03339391415030334,0.11612458329724176,0.23255813953488372,-0.013187192797500195,0.013187192797500195,True,False,False,True,12.0,0.8700415764190499,rdg_always_on,0.8366476622687465,0.8498348550662468
Pollen,3047,pca_kmeans,0.03276088462008422,0.1007034894685966,0.24584717607973422,0.0761617054720503,0.5913879140126775,0.9277907349732804,0.759589324492979,False,,0.03276088462008422,0.1007034894685966,0.24584717607973422,0.0,0.0,False,False,True,False,12.0,0.7753551137203126,rdg_always_on,0.7425942291002284,0.7425942291002284
Pollen,3047,pca_spectral_kmeans,0.39288211458102934,0.6782692636105576,0.584717607973422,0.4860603731962955,0.5913879140126775,0.9277907349732804,0.759589324492979,False,,0.03276088462008422,0.1007034894685966,0.24584717607973422,0.36012122996094514,0.0,False,True,False,False,7.0,0.7753551137203126,rdg_always_on,0.7425942291002284,0.3824729991392833
Pollen,3047,rdg_cell_only,0.48495761971845386,0.7303040402007079,0.6578073089700996,0.5908493353600934,0.5913879140126775,0.9277907349732804,0.759589324492979,True,,0.03276088462008422,0.1007034894685966,0.24584717607973422,0.45219673509836966,0.0,False,True,False,False,6.0,0.7753551137203126,rdg_always_on,0.7425942291002284,0.29039749400185877
Pollen,3047,rdg_gene_only,0.6844584150705963,0.8457608696450379,0.707641196013289,0.6521059316240039,0.5913879140126775,0.9277907349732804,0.759589324492979,True,,0.03276088462008422,0.1007034894685966,0.24584717607973422,0.6516975304505122,0.0,False,True,False,False,5.0,0.7753551137203126,rdg_always_on,0.7425942291002284,0.09089669864971628
Pollen,3047,rdg_concat_kmeans,0.3013413423243721,0.5232805498734987,0.5049833887043189,0.28651352598328833,0.5913879140126775,0.9277907349732804,0.759589324492979,False,,0.03276088462008422,0.1007034894685966,0.24584717607973422,0.2685804577042879,0.0,False,True,False,False,9.0,0.7753551137203126,rdg_always_on,0.7425942291002284,0.47401377139594053
Pollen,3047,rdg_always_on,0.7753551137203126,0.8652777043391131,0.7774086378737541,0.6871338538005205,0.5913879140126775,0.9277907349732804,0.759589324492979,True,,0.03276088462008422,0.1007034894685966,0.24584717607973422,0.7425942291002284,0.0,False,True,False,False,2.0,0.7753551137203126,rdg_always_on,0.7425942291002284,0.0
Pollen,3047,safe_rdg_heuristic,0.7744554983797035,0.8670184666824602,0.7774086378737541,0.6867951651965758,0.5913879140126775,0.9277907349732804,0.759589324492979,True,,0.03276088462008422,0.1007034894685966,0.24584717607973422,0.7416946137596193,0.0,False,True,False,False,4.0,0.7753551137203126,rdg_always_on,0.7425942291002284,0.0008996153406091167
Pollen,3047,neg_random_cell_graph,0.2943908836636719,0.45475353348373815,0.46179401993355484,0.38485073466248026,0.5913879140126775,0.9277907349732804,0.759589324492979,True,random_cell_graph,0.03276088462008422,0.1007034894685966,0.24584717607973422,0.2616299990435877,0.0,False,True,False,False,10.0,0.7753551137203126,rdg_always_on,0.7425942291002284,0.48096423005664074
Pollen,3047,neg_degree_shuffle_graph,0.3393646469878572,0.4815556611382932,0.5348837209302325,0.42336291000830445,0.5913879140126775,0.9277907349732804,0.759589324492979,True,degree_preserving_shuffled_cell_graph,0.03276088462008422,0.1007034894685966,0.24584717607973422,0.306603762367773,0.0,False,True,False,False,8.0,0.7753551137203126,rdg_always_on,0.7425942291002284,0.43599046673245545
Pollen,3047,neg_shuffled_gene_cell_graph,0.06052357665848339,0.16003288223019987,0.24916943521594684,0.22532234821273472,0.5913879140126775,0.9277907349732804,0.759589324492979,True,shuffled_gene_module_cell_graph,0.03276088462008422,0.1007034894685966,0.24584717607973422,0.02776269203839917,0.0,False,True,False,False,11.0,0.7753551137203126,rdg_always_on,0.7425942291002284,0.7148315370618292
Pollen,3407,pca_kmeans,0.08347679009656467,0.25426270888664476,0.30564784053156147,0.1529570072444969,0.5963035805008606,0.9281131979709595,0.76220838923591,False,,0.08347679009656467,0.25426270888664476,0.30564784053156147,0.0,0.0,False,False,True,False,11.0,0.7586615503816234,rdg_gene_only,0.6751847602850587,0.6751847602850587
Pollen,3407,pca_spectral_kmeans,0.4363714505357742,0.6954235900553627,0.6378737541528239,0.5526466204372993,0.5963035805008606,0.9281131979709595,0.76220838923591,False,,0.08347679009656467,0.25426270888664476,0.30564784053156147,0.35289466043920953,0.0,False,True,False,False,6.0,0.7586615503816234,rdg_gene_only,0.6751847602850587,0.3222900998458492
Pollen,3407,rdg_cell_only,0.3944280628975552,0.6277051529949624,0.5913621262458472,0.49338702166578935,0.5963035805008606,0.9281131979709595,0.76220838923591,True,,0.08347679009656467,0.25426270888664476,0.30564784053156147,0.31095127280099055,0.0,False,True,False,False,7.0,0.7586615503816234,rdg_gene_only,0.6751847602850587,0.3642334874840682
Pollen,3407,rdg_gene_only,0.7586615503816234,0.8714075434011357,0.7940199335548173,0.6942093575983976,0.5963035805008606,0.9281131979709595,0.76220838923591,True,,0.08347679009656467,0.25426270888664476,0.30564784053156147,0.6751847602850587,0.0,False,True,False,False,1.5,0.7586615503816234,rdg_gene_only,0.6751847602850587,0.0
Pollen,3407,rdg_concat_kmeans,0.32512371666901285,0.6136327298454557,0.5813953488372093,0.33001692608985733,0.5963035805008606,0.9281131979709595,0.76220838923591,False,,0.08347679009656467,0.25426270888664476,0.30564784053156147,0.24164692657244818,0.0,False,True,False,False,9.0,0.7586615503816234,rdg_gene_only,0.6751847602850587,0.43353783371261057
Pollen,3407,rdg_always_on,0.7564323599073581,0.8711736477246441,0.7906976744186046,0.6885003885003885,0.5963035805008606,0.9281131979709595,0.76220838923591,True,,0.08347679009656467,0.25426270888664476,0.30564784053156147,0.6729555698107934,0.0,False,True,False,False,4.0,0.7586615503816234,rdg_gene_only,0.6751847602850587,0.0022291904742652857
Pollen,3407,safe_rdg_heuristic,0.7586615503816234,0.8714075434011356,0.7940199335548173,0.6942093575983976,0.5963035805008606,0.9281131979709595,0.76220838923591,True,,0.08347679009656467,0.25426270888664476,0.30564784053156147,0.6751847602850587,0.0,False,True,False,False,1.5,0.7586615503816234,rdg_gene_only,0.6751847602850587,0.0
Pollen,3407,neg_random_cell_graph,0.19994430950426043,0.4313178364371432,0.40863787375415284,0.357960976441834,0.5963035805008606,0.9281131979709595,0.76220838923591,True,random_cell_graph,0.08347679009656467,0.25426270888664476,0.30564784053156147,0.11646751940769576,0.0,False,True,False,False,10.0,0.7586615503816234,rdg_gene_only,0.6751847602850587,0.558717240877363
Pollen,3407,neg_degree_shuffle_graph,0.35339342732239154,0.4793459814369641,0.53156146179402,0.45967598836278434,0.5963035805008606,0.9281131979709595,0.76220838923591,True,degree_preserving_shuffled_cell_graph,0.08347679009656467,0.25426270888664476,0.30564784053156147,0.26991663722582687,0.0,False,True,False,False,8.0,0.7586615503816234,rdg_gene_only,0.6751847602850587,0.4052681230592319
Pollen,3407,neg_shuffled_gene_cell_graph,0.05520112671719562,0.16792924344313884,0.27906976744186046,0.26788433849395293,0.5963035805008606,0.9281131979709595,0.76220838923591,True,shuffled_gene_module_cell_graph,0.08347679009656467,0.25426270888664476,0.30564784053156147,-0.02827566337936905,0.02827566337936905,True,False,False,True,12.0,0.7586615503816234,rdg_gene_only,0.6751847602850587,0.7034604236644278
Wang,42,pca_kmeans,0.7858779620945557,0.6931907552992126,0.9472633680008404,0.9286594137771856,0.5483892106338722,0.8485172446177791,0.6984532276258257,False,,0.7858779620945557,0.6931907552992126,0.9472633680008404,0.0,0.0,False,False,True,False,6.0,0.9694165426212082,rdg_always_on,0.1835385805266525,0.1835385805266525
Wang,42,pca_spectral_kmeans,0.0062530450806438575,0.0034034344347013004,0.7807542809118605,0.44495774142622635,0.5483892106338722,0.8485172446177791,0.6984532276258257,False,,0.7858779620945557,0.6931907552992126,0.9472633680008404,-0.7796249170139119,0.7796249170139119,True,False,False,True,8.5,0.9694165426212082,rdg_always_on,0.1835385805266525,0.9631634975405644
Wang,42,rdg_cell_only,0.0062530450806438575,0.0034034344347013004,0.7807542809118605,0.44495774142622635,0.5483892106338722,0.8485172446177791,0.6984532276258257,True,,0.7858779620945557,0.6931907552992126,0.9472633680008404,-0.7796249170139119,0.7796249170139119,True,False,False,True,8.5,0.9694165426212082,rdg_always_on,0.1835385805266525,0.9631634975405644
Wang,42,rdg_gene_only,0.9675660264254676,0.9203843501235588,0.9926462863746192,0.9892526656640789,0.5483892106338722,0.8485172446177791,0.6984532276258257,True,,0.7858779620945557,0.6931907552992126,0.9472633680008404,0.1816880643309119,0.0,False,True,False,False,5.0,0.9694165426212082,rdg_always_on,0.1835385805266525,0.0018505161957406147
Wang,42,rdg_concat_kmeans,0.9676033720584114,0.9201502889444405,0.9926462863746192,0.9892785315631741,0.5483892106338722,0.8485172446177791,0.6984532276258257,False,,0.7858779620945557,0.6931907552992126,0.9472633680008404,0.18172540996385567,0.0,False,True,False,False,4.0,0.9694165426212082,rdg_always_on,0.1835385805266525,0.0018131705627968397
Wang,42,rdg_always_on,0.9694165426212082,0.9240608670102626,0.9930664985817838,0.9898737855389584,0.5483892106338722,0.8485172446177791,0.6984532276258257,True,,0.7858779620945557,0.6931907552992126,0.9472633680008404,0.1835385805266525,0.0,False,True,False,False,2.0,0.9694165426212082,rdg_always_on,0.1835385805266525,0.0
Wang,42,safe_rdg_heuristic,-0.021049244670225384,0.012991931112408324,0.7643660048324404,0.4332241738612682,0.5483892106338722,0.8485172446177791,0.6984532276258257,True,,0.7858779620945557,0.6931907552992126,0.9472633680008404,-0.8069272067647811,0.8069272067647811,True,False,False,True,12.0,0.9694165426212082,rdg_always_on,0.1835385805266525,0.9904657872914336
Wang,42,neg_random_cell_graph,-0.0026931789700783654,0.001739261132567083,0.7782330076688728,0.43764400070892656,0.5483892106338722,0.8485172446177791,0.6984532276258257,True,random_cell_graph,0.7858779620945557,0.6931907552992126,0.9472633680008404,-0.7885711410646341,0.7885711410646341,True,False,False,True,11.0,0.9694165426212082,rdg_always_on,0.1835385805266525,0.9721097215912866
Wang,42,neg_degree_shuffle_graph,0.00412511166708589,0.0018578173975023194,0.7803340687046959,0.442971864273977,0.5483892106338722,0.8485172446177791,0.6984532276258257,True,degree_preserving_shuffled_cell_graph,0.7858779620945557,0.6931907552992126,0.9472633680008404,-0.7817528504274699,0.7817528504274699,True,False,False,True,10.0,0.9694165426212082,rdg_always_on,0.1835385805266525,0.9652914309541224
Wang,42,neg_shuffled_gene_cell_graph,0.014436786596010382,0.050769610477430706,0.5678117449311902,0.5449639184328188,0.5483892106338722,0.8485172446177791,0.6984532276258257,True,shuffled_gene_module_cell_graph,0.7858779620945557,0.6931907552992126,0.9472633680008404,-0.7714411754985454,0.7714411754985454,True,False,False,True,7.0,0.9694165426212082,rdg_always_on,0.1835385805266525,0.9549797560251979
Wang,3047,pca_kmeans,0.9192749834614486,0.8390556876652767,0.9813005567811744,0.9732370509797896,0.5482262732985207,0.8486674829234337,0.6984468781109772,False,,0.9192749834614486,0.8390556876652767,0.9813005567811744,0.0,0.0,False,False,True,False,3.0,0.9685119891459418,rdg_concat_kmeans,0.049237005684493185,0.049237005684493185
Wang,3047,pca_spectral_kmeans,0.0062530450806438575,0.0034034344347013004,0.7807542809118605,0.44495774142622635,0.5482262732985207,0.8486674829234337,0.6984468781109772,False,,0.9192749834614486,0.8390556876652767,0.9813005567811744,-0.9130219383808048,0.9130219383808048,True,False,False,True,6.0,0.9685119891459418,rdg_concat_kmeans,0.049237005684493185,0.962258944065298
Wang,3047,rdg_cell_only,0.0062530450806438575,0.0034034344347013004,0.7807542809118605,0.44495774142622635,0.5482262732985207,0.8486674829234337,0.6984468781109772,True,,0.9192749834614486,0.8390556876652767,0.9813005567811744,-0.9130219383808048,0.9130219383808048,True,False,False,True,6.0,0.9685119891459418,rdg_concat_kmeans,0.049237005684493185,0.962258944065298
Wang,3047,rdg_gene_only,0.9680286243369501,0.9212965295185029,0.9927513394264104,0.9894080264818126,0.5482262732985207,0.8486674829234337,0.6984468781109772,True,,0.9192749834614486,0.8390556876652767,0.9813005567811744,0.04875364087550149,0.0,False,True,False,False,2.0,0.9685119891459418,rdg_concat_kmeans,0.049237005684493185,0.0004833648089916931
Wang,3047,rdg_concat_kmeans,0.9685119891459418,0.9220484883374889,0.9928563924782015,0.9895776991886831,0.5482262732985207,0.8486674829234337,0.6984468781109772,False,,0.9192749834614486,0.8390556876652767,0.9813005567811744,0.049237005684493185,0.0,False,True,False,False,1.0,0.9685119891459418,rdg_concat_kmeans,0.049237005684493185,0.0
Wang,3047,rdg_always_on,-0.02328777151779158,0.011539246055237384,0.7616346254858704,0.4336398648777101,0.5482262732985207,0.8486674829234337,0.6984468781109772,True,,0.9192749834614486,0.8390556876652767,0.9813005567811744,-0.9425627549792402,0.9425627549792402,True,False,False,True,12.0,0.9685119891459418,rdg_concat_kmeans,0.049237005684493185,0.9917997606637334
Wang,3047,safe_rdg_heuristic,-0.02117925742632497,0.013070003109354552,0.7642609517806492,0.4331904251518399,0.5482262732985207,0.8486674829234337,0.6984468781109772,True,,0.9192749834614486,0.8390556876652767,0.9813005567811744,-0.9404542408877736,0.9404542408877736,True,False,False,True,9.0,0.9685119891459418,rdg_concat_kmeans,0.049237005684493185,0.9896912465722668
Wang,3047,neg_random_cell_graph,0.00412511166708589,0.0018578173975023194,0.7803340687046959,0.442971864273977,0.5482262732985207,0.8486674829234337,0.6984468781109772,True,random_cell_graph,0.9192749834614486,0.8390556876652767,0.9813005567811744,-0.9151498717943628,0.9151498717943628,True,False,False,True,8.0,0.9685119891459418,rdg_concat_kmeans,0.049237005684493185,0.964386877478856
Wang,3047,neg_degree_shuffle_graph,0.0062530450806438575,0.0034034344347013004,0.7807542809118605,0.44495774142622635,0.5482262732985207,0.8486674829234337,0.6984468781109772,True,degree_preserving_shuffled_cell_graph,0.9192749834614486,0.8390556876652767,0.9813005567811744,-0.9130219383808048,0.9130219383808048,True,False,False,True,6.0,0.9685119891459418,rdg_concat_kmeans,0.049237005684493185,0.962258944065298
Wang,3047,neg_shuffled_gene_cell_graph,0.21183671484527566,0.17587454202620936,0.7343208320201702,0.6925680391710921,0.5482262732985207,0.8486674829234337,0.6984468781109772,True,shuffled_gene_module_cell_graph,0.9192749834614486,0.8390556876652767,0.9813005567811744,-0.707438268616173,0.707438268616173,True,False,False,True,4.0,0.9685119891459418,rdg_concat_kmeans,0.049237005684493185,0.7566752743006662
Wang,3407,pca_kmeans,0.9017862468606084,0.8130162668208292,0.9770984347095283,0.9673839485562341,0.5479014673324039,0.8486002933333743,0.6982508803328891,False,,0.9017862468606084,0.8130162668208292,0.9770984347095283,0.0,0.0,False,False,True,False,6.0,0.9680391658521181,rdg_concat_kmeans,0.06625291899150976,0.06625291899150976
Wang,3407,pca_spectral_kmeans,0.0062530450806438575,0.0034034344347013004,0.7807542809118605,0.44495774142622635,0.5479014673324039,0.8486002933333743,0.6982508803328891,False,,0.9017862468606084,0.8130162668208292,0.9770984347095283,-0.8955332017799645,0.8955332017799645,True,False,False,True,9.5,0.9680391658521181,rdg_concat_kmeans,0.06625291899150976,0.9617861207714743
Wang,3407,rdg_cell_only,0.0062530450806438575,0.0034034344347013004,0.7807542809118605,0.44495774142622635,0.5479014673324039,0.8486002933333743,0.6982508803328891,True,,0.9017862468606084,0.8130162668208292,0.9770984347095283,-0.8955332017799645,0.8955332017799645,True,False,False,True,9.5,0.9680391658521181,rdg_concat_kmeans,0.06625291899150976,0.9617861207714743
Wang,3407,rdg_gene_only,0.9675606683291224,0.9204645035694329,0.9926462863746192,0.9892489547931078,0.5479014673324039,0.8486002933333743,0.6982508803328891,True,,0.9017862468606084,0.8130162668208292,0.9770984347095283,0.06577442146851398,0.0,False,True,False,False,2.0,0.9680391658521181,rdg_concat_kmeans,0.06625291899150976,0.00047849752299577997
Wang,3407,rdg_concat_kmeans,0.9680391658521181,0.9211810109472355,0.9927513394264104,0.9894153266500707,0.5479014673324039,0.8486002933333743,0.6982508803328891,False,,0.9017862468606084,0.8130162668208292,0.9770984347095283,0.06625291899150976,0.0,False,True,False,False,1.0,0.9680391658521181,rdg_concat_kmeans,0.06625291899150976,0.0
Wang,3407,rdg_always_on,0.966183945674643,0.9175930143850526,0.9923311272192458,0.9887901311817942,0.5479014673324039,0.8486002933333743,0.6982508803328891,True,,0.9017862468606084,0.8130162668208292,0.9770984347095283,0.06439769881403468,0.0,False,True,False,False,4.0,0.9680391658521181,rdg_concat_kmeans,0.06625291899150976,0.001855220177475081
Wang,3407,safe_rdg_heuristic,-0.021049244670225384,0.012991931112408324,0.7643660048324404,0.4332241738612682,0.5479014673324039,0.8486002933333743,0.6982508803328891,True,,0.9017862468606084,0.8130162668208292,0.9770984347095283,-0.9228354915308338,0.9228354915308338,True,False,False,True,12.0,0.9680391658521181,rdg_concat_kmeans,0.06625291899150976,0.9890884105223435
Wang,3407,neg_random_cell_graph,0.8529698011914055,0.7290288365684575,0.9657527051160836,0.9498962272522425,0.5479014673324039,0.8486002933333743,0.6982508803328891,True,random_cell_graph,0.9017862468606084,0.8130162668208292,0.9770984347095283,-0.048816445669202846,0.048816445669202846,True,False,False,True,7.0,0.9680391658521181,rdg_concat_kmeans,0.06625291899150976,0.1150693646607126
Wang,3407,neg_degree_shuffle_graph,-0.0026931789700783654,0.001739261132567083,0.7782330076688728,0.43764400070892656,0.5479014673324039,0.8486002933333743,0.6982508803328891,True,degree_preserving_shuffled_cell_graph,0.9017862468606084,0.8130162668208292,0.9770984347095283,-0.9044794258306867,0.9044794258306867,True,False,False,True,11.0,0.9680391658521181,rdg_concat_kmeans,0.06625291899150976,0.9707323448221965
Wang,3407,neg_shuffled_gene_cell_graph,0.32751913080065503,0.21020152334570585,0.7989284588717303,0.742469763032275,0.5479014673324039,0.8486002933333743,0.6982508803328891,True,shuffled_gene_module_cell_graph,0.9017862468606084,0.8130162668208292,0.9770984347095283,-0.5742671160599533,0.5742671160599533,True,False,False,True,8.0,0.9680391658521181,rdg_concat_kmeans,0.06625291899150976,0.640520035051463
worm_neuron_cell,42,pca_kmeans,0.13605756307253275,0.3546057939895417,0.4151935021500239,0.365662540405626,0.6408616273627267,0.9485591259330087,0.7947103766478677,False,,0.13605756307253275,0.3546057939895417,0.4151935021500239,0.0,0.0,False,False,True,False,6.0,0.19965519089788453,rdg_gene_only,0.06359762782535178,0.06359762782535178
worm_neuron_cell,42,pca_spectral_kmeans,0.015803941564437162,0.16277841936213996,0.2998088867654085,0.21306091457796955,0.6408616273627267,0.9485591259330087,0.7947103766478677,False,,0.13605756307253275,0.3546057939895417,0.4151935021500239,-0.12025362150809558,0.12025362150809558,True,False,False,True,11.0,0.19965519089788453,rdg_gene_only,0.06359762782535178,0.18385124933344738
worm_neuron_cell,42,rdg_cell_only,0.01655590978358345,0.16609515165843453,0.3010033444816054,0.21593007489929175,0.6408616273627267,0.9485591259330087,0.7947103766478677,True,,0.13605756307253275,0.3546057939895417,0.4151935021500239,-0.1195016532889493,0.1195016532889493,True,False,False,True,10.0,0.19965519089788453,rdg_gene_only,0.06359762782535178,0.18309928111430107
worm_neuron_cell,42,rdg_gene_only,0.19965519089788453,0.5053189762788829,0.5566172957477306,0.5504620697811915,0.6408616273627267,0.9485591259330087,0.7947103766478677,True,,0.13605756307253275,0.3546057939895417,0.4151935021500239,0.06359762782535178,0.0,False,True,False,False,1.0,0.19965519089788453,rdg_gene_only,0.06359762782535178,0.0
worm_neuron_cell,42,rdg_concat_kmeans,0.10711227158996825,0.399535216049516,0.43788819875776397,0.4068833019451965,0.6408616273627267,0.9485591259330087,0.7947103766478677,False,,0.13605756307253275,0.3546057939895417,0.4151935021500239,-0.0289452914825645,0.0289452914825645,True,False,False,True,7.0,0.19965519089788453,rdg_gene_only,0.06359762782535178,0.09254291930791628
worm_neuron_cell,42,rdg_always_on,0.15526647465850382,0.4534249208286463,0.5076445293836598,0.4599302260862782,0.6408616273627267,0.9485591259330087,0.7947103766478677,True,,0.13605756307253275,0.3546057939895417,0.4151935021500239,0.019208911585971072,0.0,False,True,False,False,3.0,0.19965519089788453,rdg_gene_only,0.06359762782535178,0.044388716239380704
worm_neuron_cell,42,safe_rdg_heuristic,0.1876987669091956,0.4915607852925138,0.5492116579073101,0.5423679373821158,0.6408616273627267,0.9485591259330087,0.7947103766478677,True,,0.13605756307253275,0.3546057939895417,0.4151935021500239,0.05164120383666285,0.0,False,True,False,False,2.0,0.19965519089788453,rdg_gene_only,0.06359762782535178,0.01195642398868893
worm_neuron_cell,42,neg_random_cell_graph,0.013938900427600128,0.1541461923784164,0.29335881509794554,0.14929488257248144,0.6408616273627267,0.9485591259330087,0.7947103766478677,True,random_cell_graph,0.13605756307253275,0.3546057939895417,0.4151935021500239,-0.12211866264493262,0.12211866264493262,True,False,False,True,12.0,0.19965519089788453,rdg_gene_only,0.06359762782535178,0.1857162904702844
worm_neuron_cell,42,neg_degree_shuffle_graph,0.0408500737558885,0.19837954735578242,0.3612040133779264,0.2313280271170758,0.6408616273627267,0.9485591259330087,0.7947103766478677,True,degree_preserving_shuffled_cell_graph,0.13605756307253275,0.3546057939895417,0.4151935021500239,-0.09520748931664424,0.09520748931664424,True,False,False,True,8.0,0.19965519089788453,rdg_gene_only,0.06359762782535178,0.15880511714199602
worm_neuron_cell,42,neg_shuffled_gene_cell_graph,0.024359453311154074,0.07001386273915525,0.2601528905876732,0.14668483396299709,0.6408616273627267,0.9485591259330087,0.7947103766478677,True,shuffled_gene_module_cell_graph,0.13605756307253275,0.3546057939895417,0.4151935021500239,-0.11169810976137867,0.11169810976137867,True,False,False,True,9.0,0.19965519089788453,rdg_gene_only,0.06359762782535178,0.17529573758673045
worm_neuron_cell,3047,pca_kmeans,0.19366529709231248,0.44363888044793104,0.5353559483994267,0.4354117411917751,0.6354360755421621,0.9497677854038998,0.792601930473031,False,,0.19366529709231248,0.44363888044793104,0.5353559483994267,0.0,0.0,False,False,True,False,6.0,0.21747494289275945,rdg_gene_only,0.023809645800446977,0.023809645800446977
worm_neuron_cell,3047,pca_spectral_kmeans,0.010588984141846882,0.15523163974346182,0.29025322503583373,0.18487733021516978,0.6354360755421621,0.9497677854038998,0.792601930473031,False,,0.19366529709231248,0.44363888044793104,0.5353559483994267,-0.1830763129504656,0.1830763129504656,True,False,False,True,11.0,0.21747494289275945,rdg_gene_only,0.023809645800446977,0.20688595875091256
worm_neuron_cell,3047,rdg_cell_only,0.010953810214694892,0.1563401945902907,0.2909698996655518,0.18632050314441034,0.6354360755421621,0.9497677854038998,0.792601930473031,True,,0.19366529709231248,0.44363888044793104,0.5353559483994267,-0.1827114868776176,0.1827114868776176,True,False,False,True,10.0,0.21747494289275945,rdg_gene_only,0.023809645800446977,0.20652113267806457
worm_neuron_cell,3047,rdg_gene_only,0.21747494289275945,0.5227986082750158,0.5702341137123745,0.5641610127497003,0.6354360755421621,0.9497677854038998,0.792601930473031,True,,0.19366529709231248,0.44363888044793104,0.5353559483994267,0.023809645800446977,0.0,False,True,False,False,1.0,0.21747494289275945,rdg_gene_only,0.023809645800446977,0.0
worm_neuron_cell,3047,rdg_concat_kmeans,0.18203549383980058,0.45160492438894606,0.4472049689440994,0.41499536763461176,0.6354360755421621,0.9497677854038998,0.792601930473031,False,,0.19366529709231248,0.44363888044793104,0.5353559483994267,-0.011629803252511894,0.011629803252511894,True,False,False,True,7.0,0.21747494289275945,rdg_gene_only,0.023809645800446977,0.03543944905295887
worm_neuron_cell,3047,rdg_always_on,0.20205556350670725,0.5047139144582169,0.5597228858098423,0.5513468288814224,0.6354360755421621,0.9497677854038998,0.792601930473031,True,,0.19366529709231248,0.44363888044793104,0.5353559483994267,0.008390266414394776,0.0,False,True,False,False,3.0,0.21747494289275945,rdg_gene_only,0.023809645800446977,0.015419379386052201
worm_neuron_cell,3047,safe_rdg_heuristic,0.2072427015344384,0.5093010366983076,0.5625895843287148,0.5534645238266509,0.6354360755421621,0.9497677854038998,0.792601930473031,True,,0.19366529709231248,0.44363888044793104,0.5353559483994267,0.013577404442125934,0.0,False,True,False,False,2.0,0.21747494289275945,rdg_gene_only,0.023809645800446977,0.010232241358321043
worm_neuron_cell,3047,neg_random_cell_graph,0.021435955111384502,0.17339754422710396,0.30960344003822265,0.22884080894769268,0.6354360755421621,0.9497677854038998,0.792601930473031,True,random_cell_graph,0.19366529709231248,0.44363888044793104,0.5353559483994267,-0.17222934198092799,0.17222934198092799,True,False,False,True,9.0,0.21747494289275945,rdg_gene_only,0.023809645800446977,0.19603898778137496
worm_neuron_cell,3047,neg_degree_shuffle_graph,0.0039088981944280865,0.1439069067576466,0.289775441949355,0.18196337271230725,0.6354360755421621,0.9497677854038998,0.792601930473031,True,degree_preserving_shuffled_cell_graph,0.19366529709231248,0.44363888044793104,0.5353559483994267,-0.1897563988978844,0.1897563988978844,True,False,False,True,12.0,0.21747494289275945,rdg_gene_only,0.023809645800446977,0.21356604469833138
worm_neuron_cell,3047,neg_shuffled_gene_cell_graph,0.021664904118231965,0.047376089748903776,0.21548017200191114,0.15308217135371757,0.6354360755421621,0.9497677854038998,0.792601930473031,True,shuffled_gene_module_cell_graph,0.19366529709231248,0.44363888044793104,0.5353559483994267,-0.1720003929740805,0.1720003929740805,True,False,False,True,8.0,0.21747494289275945,rdg_gene_only,0.023809645800446977,0.1958100387745275
worm_neuron_cell,3407,pca_kmeans,0.09062845440340295,0.3412685567335363,0.38509316770186336,0.2679177082153181,0.6347911218879753,0.93790643747487,0.7863487796814226,False,,0.09062845440340295,0.3412685567335363,0.38509316770186336,0.0,0.0,False,False,True,False,7.0,0.23130669257173384,rdg_gene_only,0.1406782381683309,0.1406782381683309
worm_neuron_cell,3407,pca_spectral_kmeans,0.011523628027821834,0.14555572201824138,0.2904921165790731,0.18447106942263244,0.6347911218879753,0.93790643747487,0.7863487796814226,False,,0.09062845440340295,0.3412685567335363,0.38509316770186336,-0.07910482637558111,0.07910482637558111,True,False,False,True,11.0,0.23130669257173384,rdg_gene_only,0.1406782381683309,0.219783064543912
worm_neuron_cell,3407,rdg_cell_only,0.015668002954675443,0.16290785330494353,0.29956999522216915,0.212672115178112,0.6347911218879753,0.93790643747487,0.7863487796814226,True,,0.09062845440340295,0.3412685567335363,0.38509316770186336,-0.07496045144872751,0.07496045144872751,True,False,False,True,10.0,0.23130669257173384,rdg_gene_only,0.1406782381683309,0.2156386896170584
worm_neuron_cell,3407,rdg_gene_only,0.23130669257173384,0.5385987389338948,0.5800286669851887,0.5789258256756782,0.6347911218879753,0.93790643747487,0.7863487796814226,True,,0.09062845440340295,0.3412685567335363,0.38509316770186336,0.1406782381683309,0.0,False,True,False,False,1.0,0.23130669257173384,rdg_gene_only,0.1406782381683309,0.0
worm_neuron_cell,3407,rdg_concat_kmeans,0.1273214965237509,0.37796543454968845,0.4192546583850932,0.34390343553134484,0.6347911218879753,0.93790643747487,0.7863487796814226,False,,0.09062845440340295,0.3412685567335363,0.38509316770186336,0.03669304212034796,0.0,False,True,False,False,6.0,0.23130669257173384,rdg_gene_only,0.1406782381683309,0.10398519604798293
worm_neuron_cell,3407,rdg_always_on,0.2108724407998285,0.5162437408941999,0.5661729574773053,0.5623867642224981,0.6347911218879753,0.93790643747487,0.7863487796814226,True,,0.09062845440340295,0.3412685567335363,0.38509316770186336,0.12024398639642556,0.0,False,True,False,False,4.0,0.23130669257173384,rdg_gene_only,0.1406782381683309,0.020434251771905332
worm_neuron_cell,3407,safe_rdg_heuristic,0.21406553515305413,0.5207770337153984,0.568561872909699,0.5655460241572359,0.6347911218879753,0.93790643747487,0.7863487796814226,True,,0.09062845440340295,0.3412685567335363,0.38509316770186336,0.12343708074965118,0.0,False,True,False,False,2.0,0.23130669257173384,rdg_gene_only,0.1406782381683309,0.01724115741867971
worm_neuron_cell,3407,neg_random_cell_graph,0.021578432803746887,0.15495382082844336,0.2866698518872432,0.1267367529196957,0.6347911218879753,0.93790643747487,0.7863487796814226,True,random_cell_graph,0.09062845440340295,0.3412685567335363,0.38509316770186336,-0.06905002159965606,0.06905002159965606,True,False,False,True,8.0,0.23130669257173384,rdg_gene_only,0.1406782381683309,0.20972825976798695
worm_neuron_cell,3407,neg_degree_shuffle_graph,0.003562215026021121,0.11145559871551115,0.2766364070711897,0.17156802628856455,0.6347911218879753,0.93790643747487,0.7863487796814226,True,degree_preserving_shuffled_cell_graph,0.09062845440340295,0.3412685567335363,0.38509316770186336,-0.08706623937738182,0.08706623937738182,True,False,False,True,12.0,0.23130669257173384,rdg_gene_only,0.1406782381683309,0.22774447754571273
worm_neuron_cell,3407,neg_shuffled_gene_cell_graph,0.019701733870393923,0.04728830430353297,0.22097467749641664,0.16513903193173424,0.6347911218879753,0.93790643747487,0.7863487796814226,True,shuffled_gene_module_cell_graph,0.09062845440340295,0.3412685567335363,0.38509316770186336,-0.07092672053300902,0.07092672053300902,True,False,False,True,9.0,0.23130669257173384,rdg_gene_only,0.1406782381683309,0.2116049587013399
Guo,42,pca_kmeans,0.35209914432785233,0.606183691788576,0.6323574730354391,0.5004259571389925,0.5917349676736494,0.8187918570124693,0.7052634123430593,False,,0.35209914432785233,0.606183691788576,0.6323574730354391,0.0,0.0,False,False,True,False,11.0,0.764704564625393,rdg_gene_only,0.4126054202975407,0.4126054202975407
Guo,42,pca_spectral_kmeans,0.6568507449906392,0.7205659393665155,0.7357473035439137,0.5752171259846307,0.5917349676736494,0.8187918570124693,0.7052634123430593,False,,0.35209914432785233,0.606183691788576,0.6323574730354391,0.3047516006627869,0.0,False,True,False,False,8.0,0.764704564625393,rdg_gene_only,0.4126054202975407,0.10785381963475382
Guo,42,rdg_cell_only,0.6711678315977027,0.7228313819931761,0.7453004622496148,0.5803849154636268,0.5917349676736494,0.8187918570124693,0.7052634123430593,True,,0.35209914432785233,0.606183691788576,0.6323574730354391,0.3190686872698503,0.0,False,True,False,False,7.0,0.764704564625393,rdg_gene_only,0.4126054202975407,0.09353673302769039
Guo,42,rdg_gene_only,0.764704564625393,0.7955183224525437,0.799075500770416,0.6773175090577234,0.5917349676736494,0.8187918570124693,0.7052634123430593,True,,0.35209914432785233,0.606183691788576,0.6323574730354391,0.4126054202975407,0.0,False,True,False,False,1.0,0.764704564625393,rdg_gene_only,0.4126054202975407,0.0
Guo,42,rdg_concat_kmeans,0.6980213825596465,0.7954585069541152,0.7661016949152543,0.6642656799917598,0.5917349676736494,0.8187918570124693,0.7052634123430593,False,,0.35209914432785233,0.606183691788576,0.6323574730354391,0.3459222382317942,0.0,False,True,False,False,6.0,0.764704564625393,rdg_gene_only,0.4126054202975407,0.06668318206574653
Guo,42,rdg_always_on,0.7610108301611663,0.7890339417092235,0.7996918335901386,0.6779979502241077,0.5917349676736494,0.8187918570124693,0.7052634123430593,True,,0.35209914432785233,0.606183691788576,0.6323574730354391,0.408911685833314,0.0,False,True,False,False,3.0,0.764704564625393,rdg_gene_only,0.4126054202975407,0.0036937344642267167
Guo,42,safe_rdg_heuristic,0.7590905642073121,0.78883341211689,0.7987673343605547,0.677736030929691,0.5917349676736494,0.8187918570124693,0.7052634123430593,True,,0.35209914432785233,0.606183691788576,0.6323574730354391,0.4069914198794598,0.0,False,True,False,False,5.0,0.764704564625393,rdg_gene_only,0.4126054202975407,0.005614000418080911
Guo,42,neg_random_cell_graph,0.613301311271862,0.68476945682732,0.7394453004622497,0.6254400407153332,0.5917349676736494,0.8187918570124693,0.7052634123430593,True,random_cell_graph,0.35209914432785233,0.606183691788576,0.6323574730354391,0.2612021669440097,0.0,False,True,False,False,9.0,0.764704564625393,rdg_gene_only,0.4126054202975407,0.151403253353531
Guo,42,neg_degree_shuffle_graph,0.5072288183621428,0.6605330892515847,0.6312788906009245,0.4579330748669655,0.5917349676736494,0.8187918570124693,0.7052634123430593,True,degree_preserving_shuffled_cell_graph,0.35209914432785233,0.606183691788576,0.6323574730354391,0.1551296740342905,0.0,False,True,False,False,10.0,0.764704564625393,rdg_gene_only,0.4126054202975407,0.2574757462632502
Guo,42,neg_shuffled_gene_cell_graph,0.19494117450381496,0.31594889716641444,0.44684129429892144,0.3870591872615005,0.5917349676736494,0.8187918570124693,0.7052634123430593,True,shuffled_gene_module_cell_graph,0.35209914432785233,0.606183691788576,0.6323574730354391,-0.15715796982403737,0.15715796982403737,True,False,False,True,12.0,0.764704564625393,rdg_gene_only,0.4126054202975407,0.5697633901215781
Guo,3047,pca_kmeans,0.5715874549868789,0.7565013468654529,0.7189522342064715,0.6355774725675977,0.5932913468114265,0.8187092372070862,0.7060002920092563,False,,0.5715874549868789,0.7565013468654529,0.7189522342064715,0.0,0.0,False,False,True,False,9.0,0.7636625081572956,rdg_gene_only,0.19207505317041673,0.19207505317041673
Guo,3047,pca_spectral_kmeans,0.6272238783661722,0.7006627540706425,0.7090909090909091,0.5446315673120816,0.5932913468114265,0.8187092372070862,0.7060002920092563,False,,0.5715874549868789,0.7565013468654529,0.7189522342064715,0.05563642337929331,0.0,False,True,False,False,8.0,0.7636625081572956,rdg_gene_only,0.19207505317041673,0.13643862979112342
Guo,3047,rdg_cell_only,0.660085698398943,0.7117103743569355,0.7289676425269646,0.5561830967844769,0.5932913468114265,0.8187092372070862,0.7060002920092563,True,,0.5715874549868789,0.7565013468654529,0.7189522342064715,0.08849824341206414,0.0,False,True,False,False,7.0,0.7636625081572956,rdg_gene_only,0.19207505317041673,0.1035768097583526
Guo,3047,rdg_gene_only,0.7636625081572956,0.7958751585067618,0.7978428351309708,0.6765584631294486,0.5932913468114265,0.8187092372070862,0.7060002920092563,True,,0.5715874549868789,0.7565013468654529,0.7189522342064715,0.19207505317041673,0.0,False,True,False,False,1.0,0.7636625081572956,rdg_gene_only,0.19207505317041673,0.0
Guo,3047,rdg_concat_kmeans,0.5636475958060554,0.7250766594905644,0.7092449922958397,0.5789607610944468,0.5932913468114265,0.8187092372070862,0.7060002920092563,False,,0.5715874549868789,0.7565013468654529,0.7189522342064715,-0.007939859180823516,0.007939859180823516,True,False,False,True,10.0,0.7636625081572956,rdg_gene_only,0.19207505317041673,0.20001491235124025
Guo,3047,rdg_always_on,0.7552499156940935,0.7869920798724989,0.7975346687211095,0.6771140878603857,0.5932913468114265,0.8187092372070862,0.7060002920092563,True,,0.5715874549868789,0.7565013468654529,0.7189522342064715,0.1836624607072146,0.0,False,True,False,False,3.0,0.7636625081572956,rdg_gene_only,0.19207505317041673,0.00841259246320214
Guo,3047,safe_rdg_heuristic,0.7041885166319913,0.7493414915334943,0.7451463790446842,0.5923778128626411,0.5932913468114265,0.8187092372070862,0.7060002920092563,True,,0.5715874549868789,0.7565013468654529,0.7189522342064715,0.13260106164511243,0.0,False,True,False,False,5.0,0.7636625081572956,rdg_gene_only,0.19207505317041673,0.059473991525304304
Guo,3047,neg_random_cell_graph,0.6754583633407084,0.7058769498378885,0.7653312788906009,0.60555894900223,0.5932913468114265,0.8187092372070862,0.7060002920092563,True,random_cell_graph,0.5715874549868789,0.7565013468654529,0.7189522342064715,0.1038709083538295,0.0,False,True,False,False,6.0,0.7636625081572956,rdg_gene_only,0.19207505317041673,0.08820414481658723
Guo,3047,neg_degree_shuffle_graph,0.4811167360456377,0.6585045120466667,0.637442218798151,0.49875604552995517,0.5932913468114265,0.8187092372070862,0.7060002920092563,True,degree_preserving_shuffled_cell_graph,0.5715874549868789,0.7565013468654529,0.7189522342064715,-0.0904707189412412,0.0904707189412412,True,False,False,True,11.0,0.7636625081572956,rdg_gene_only,0.19207505317041673,0.28254577211165793
Guo,3047,neg_shuffled_gene_cell_graph,0.18714616004411058,0.2969586288423009,0.40061633281972264,0.2977212782998983,0.5932913468114265,0.8187092372070862,0.7060002920092563,True,shuffled_gene_module_cell_graph,0.5715874549868789,0.7565013468654529,0.7189522342064715,-0.38444129494276835,0.38444129494276835,True,False,False,True,12.0,0.7636625081572956,rdg_gene_only,0.19207505317041673,0.5765163481131851
Guo,3407,pca_kmeans,0.7842894791301074,0.8245538721319631,0.8400616332819723,0.7055113031032733,0.5928819406296149,0.8188783283551868,0.7058801344924008,False,,0.7842894791301074,0.8245538721319631,0.8400616332819723,0.0,0.0,False,False,True,False,1.0,0.7842894791301074,pca_kmeans,0.0,0.0
Guo,3407,pca_spectral_kmeans,0.6049792206901028,0.6918739311590748,0.6815100154083205,0.48498340791683187,0.5928819406296149,0.8188783283551868,0.7058801344924008,False,,0.7842894791301074,0.8245538721319631,0.8400616332819723,-0.1793102584400046,0.1793102584400046,True,False,False,True,9.0,0.7842894791301074,pca_kmeans,0.0,0.1793102584400046
Guo,3407,rdg_cell_only,0.6296379153828401,0.6978624898358157,0.6987673343605547,0.49501614014637446,0.5928819406296149,0.8188783283551868,0.7058801344924008,True,,0.7842894791301074,0.8245538721319631,0.8400616332819723,-0.1546515637472673,0.1546515637472673,True,False,False,True,7.0,0.7842894791301074,pca_kmeans,0.0,0.1546515637472673
Guo,3407,rdg_gene_only,0.760835762869741,0.7934443177842938,0.7964560862865948,0.67499432657373,0.5928819406296149,0.8188783283551868,0.7058801344924008,True,,0.7842894791301074,0.8245538721319631,0.8400616332819723,-0.02345371626036641,0.02345371626036641,True,False,False,True,6.0,0.7842894791301074,pca_kmeans,0.0,0.02345371626036641
Guo,3407,rdg_concat_kmeans,0.6116990210848766,0.7491503151314142,0.7305084745762712,0.6332575853869729,0.5928819406296149,0.8188783283551868,0.7058801344924008,False,,0.7842894791301074,0.8245538721319631,0.8400616332819723,-0.17259045804523077,0.17259045804523077,True,False,False,True,8.0,0.7842894791301074,pca_kmeans,0.0,0.17259045804523077
Guo,3407,rdg_always_on,0.7648584185752533,0.7969270482480549,0.8046224961479199,0.6665794175421565,0.5928819406296149,0.8188783283551868,0.7058801344924008,True,,0.7842894791301074,0.8245538721319631,0.8400616332819723,-0.019431060554854107,0.019431060554854107,True,False,False,True,3.0,0.7842894791301074,pca_kmeans,0.0,0.019431060554854107
Guo,3407,safe_rdg_heuristic,0.763307049707457,0.7964867502548933,0.8041602465331279,0.6664910533331917,0.5928819406296149,0.8188783283551868,0.7058801344924008,True,,0.7842894791301074,0.8245538721319631,0.8400616332819723,-0.020982429422650384,0.020982429422650384,True,False,False,True,5.0,0.7842894791301074,pca_kmeans,0.0,0.020982429422650384
Guo,3407,neg_random_cell_graph,0.5662572627585197,0.6490345975471233,0.6121725731895223,0.40016112312841173,0.5928819406296149,0.8188783283551868,0.7058801344924008,True,random_cell_graph,0.7842894791301074,0.8245538721319631,0.8400616332819723,-0.21803221637158765,0.21803221637158765,True,False,False,True,10.0,0.7842894791301074,pca_kmeans,0.0,0.21803221637158765
Guo,3407,neg_degree_shuffle_graph,0.29821255734088215,0.5765611578203209,0.561633281972265,0.43346233270458145,0.5928819406296149,0.8188783283551868,0.7058801344924008,True,degree_preserving_shuffled_cell_graph,0.7842894791301074,0.8245538721319631,0.8400616332819723,-0.48607692178922524,0.48607692178922524,True,False,False,True,11.0,0.7842894791301074,pca_kmeans,0.0,0.48607692178922524
Guo,3407,neg_shuffled_gene_cell_graph,0.19994291557829852,0.293421686566299,0.46117103235747303,0.35495648945943287,0.5928819406296149,0.8188783283551868,0.7058801344924008,True,shuffled_gene_module_cell_graph,0.7842894791301074,0.8245538721319631,0.8400616332819723,-0.5843465635518088,0.5843465635518088,True,False,False,True,12.0,0.7842894791301074,pca_kmeans,0.0,0.5843465635518088
Melanoma_5K,42,pca_kmeans,0.2093813648389237,0.4201714636170277,0.48637270108575226,0.3504340726712862,0.6255330745395633,0.8756408303723703,0.7505869524559667,False,,0.2093813648389237,0.4201714636170277,0.48637270108575226,0.0,0.0,False,False,True,False,7.0,0.49593103699520025,rdg_gene_only,0.2865496721562766,0.2865496721562766
Melanoma_5K,42,pca_spectral_kmeans,0.09070797333177105,0.32424523055602394,0.3828938621759362,0.21274797294300846,0.6255330745395633,0.8756408303723703,0.7505869524559667,False,,0.2093813648389237,0.4201714636170277,0.48637270108575226,-0.11867339150715264,0.11867339150715264,True,False,False,True,8.0,0.49593103699520025,rdg_gene_only,0.2865496721562766,0.4052230636634292
Melanoma_5K,42,rdg_cell_only,0.052062630277276596,0.26983725351311916,0.3569687569244405,0.12407172403985209,0.6255330745395633,0.8756408303723703,0.7505869524559667,True,,0.2093813648389237,0.4201714636170277,0.48637270108575226,-0.1573187345616471,0.1573187345616471,True,False,False,True,10.0,0.49593103699520025,rdg_gene_only,0.2865496721562766,0.44386840671792366
Melanoma_5K,42,rdg_gene_only,0.49593103699520025,0.6449107260424893,0.6204298692665633,0.5590698610984963,0.6255330745395633,0.8756408303723703,0.7505869524559667,True,,0.2093813648389237,0.4201714636170277,0.48637270108575226,0.2865496721562766,0.0,False,True,False,False,1.0,0.49593103699520025,rdg_gene_only,0.2865496721562766,0.0
Melanoma_5K,42,rdg_concat_kmeans,0.2896056208318528,0.4709758688250731,0.4810547307777532,0.3333777573246308,0.6255330745395633,0.8756408303723703,0.7505869524559667,False,,0.2093813648389237,0.4201714636170277,0.48637270108575226,0.08022425599292912,0.0,False,True,False,False,6.0,0.49593103699520025,rdg_gene_only,0.2865496721562766,0.20632541616334743
Melanoma_5K,42,rdg_always_on,0.49222483570110837,0.630622612305064,0.6315089740748947,0.5594708746898214,0.6255330745395633,0.8756408303723703,0.7505869524559667,True,,0.2093813648389237,0.4201714636170277,0.48637270108575226,0.28284347086218464,0.0,False,True,False,False,2.0,0.49593103699520025,rdg_gene_only,0.2865496721562766,0.003706201294091882
Melanoma_5K,42,safe_rdg_heuristic,0.4920882681597818,0.6307711498133427,0.6315089740748947,0.5616710412476409,0.6255330745395633,0.8756408303723703,0.7505869524559667,True,,0.2093813648389237,0.4201714636170277,0.48637270108575226,0.2827069033208581,0.0,False,True,False,False,5.0,0.49593103699520025,rdg_gene_only,0.2865496721562766,0.003842768835418453
Melanoma_5K,42,neg_random_cell_graph,0.007923213859135731,0.15155181199300297,0.2971415909594505,0.16228001126892833,0.6255330745395633,0.8756408303723703,0.7505869524559667,True,random_cell_graph,0.2093813648389237,0.4201714636170277,0.48637270108575226,-0.20145815097978798,0.20145815097978798,True,False,False,True,12.0,0.49593103699520025,rdg_gene_only,0.2865496721562766,0.4880078231360645
Melanoma_5K,42,neg_degree_shuffle_graph,0.06573743802443245,0.23825813853607908,0.3137602481719477,0.3116945454541748,0.6255330745395633,0.8756408303723703,0.7505869524559667,True,degree_preserving_shuffled_cell_graph,0.2093813648389237,0.4201714636170277,0.48637270108575226,-0.14364392681449123,0.14364392681449123,True,False,False,True,9.0,0.49593103699520025,rdg_gene_only,0.2865496721562766,0.4301935989707678
Melanoma_5K,42,neg_shuffled_gene_cell_graph,0.04035327586666869,0.0929463494822341,0.25304675382229114,0.15695475517356686,0.6255330745395633,0.8756408303723703,0.7505869524559667,True,shuffled_gene_module_cell_graph,0.2093813648389237,0.4201714636170277,0.48637270108575226,-0.16902808897225502,0.16902808897225502,True,False,False,True,11.0,0.49593103699520025,rdg_gene_only,0.2865496721562766,0.45557776112853154
Melanoma_5K,3047,pca_kmeans,0.29631854702121124,0.4526438077073745,0.5701307334367383,0.3225751015144719,0.6243324804000564,0.8686402184298382,0.7464863494149473,False,,0.29631854702121124,0.4526438077073745,0.5701307334367383,0.0,0.0,False,False,True,False,6.0,0.4902404298642647,rdg_gene_only,0.19392188284305345,0.19392188284305345
Melanoma_5K,3047,pca_spectral_kmeans,0.04641271600600229,0.26387302739143204,0.3534234433857744,0.1221302585021484,0.6243324804000564,0.8686402184298382,0.7464863494149473,False,,0.29631854702121124,0.4526438077073745,0.5701307334367383,-0.24990583101520897,0.24990583101520897,True,False,False,True,11.0,0.4902404298642647,rdg_gene_only,0.19392188284305345,0.4438277138582624
Melanoma_5K,3047,rdg_cell_only,0.05042294776212505,0.2678837342055826,0.35630401063594064,0.12359893916018333,0.6243324804000564,0.8686402184298382,0.7464863494149473,True,,0.29631854702121124,0.4526438077073745,0.5701307334367383,-0.2458955992590862,0.2458955992590862,True,False,False,True,10.0,0.4902404298642647,rdg_gene_only,0.19392188284305345,0.43981748210213967
Melanoma_5K,3047,rdg_gene_only,0.4902404298642647,0.6387097612210539,0.6188787945933969,0.5534158509697775,0.6243324804000564,0.8686402184298382,0.7464863494149473,True,,0.29631854702121124,0.4526438077073745,0.5701307334367383,0.19392188284305345,0.0,False,True,False,False,1.0,0.4902404298642647,rdg_gene_only,0.19392188284305345,0.0
Melanoma_5K,3047,rdg_concat_kmeans,0.1893920052200619,0.4267056240530048,0.415909594504764,0.34785378400996625,0.6243324804000564,0.8686402184298382,0.7464863494149473,False,,0.29631854702121124,0.4526438077073745,0.5701307334367383,-0.10692654180114936,0.10692654180114936,True,False,False,True,7.0,0.4902404298642647,rdg_gene_only,0.19392188284305345,0.3008484246442028
Melanoma_5K,3047,rdg_always_on,0.48103676231082865,0.6178074751542626,0.6184356304010636,0.5316368340141395,0.6243324804000564,0.8686402184298382,0.7464863494149473,True,,0.29631854702121124,0.4526438077073745,0.5701307334367383,0.1847182152896174,0.0,False,True,False,False,2.0,0.4902404298642647,rdg_gene_only,0.19392188284305345,0.009203667553436046
Melanoma_5K,3047,safe_rdg_heuristic,0.4695297339275739,0.6243135191830465,0.6133392421892311,0.550667854340006,0.6243324804000564,0.8686402184298382,0.7464863494149473,True,,0.29631854702121124,0.4526438077073745,0.5701307334367383,0.17321118690636267,0.0,False,True,False,False,5.0,0.4902404298642647,rdg_gene_only,0.19392188284305345,0.02071069593669078
Melanoma_5K,3047,neg_random_cell_graph,0.10649253723548241,0.28970696241683197,0.35962774207844006,0.19756647030889551,0.6243324804000564,0.8686402184298382,0.7464863494149473,True,random_cell_graph,0.29631854702121124,0.4526438077073745,0.5701307334367383,-0.18982600978572883,0.18982600978572883,True,False,False,True,8.0,0.4902404298642647,rdg_gene_only,0.19392188284305345,0.3837478926287823
Melanoma_5K,3047,neg_degree_shuffle_graph,0.057950028888901356,0.20859903101630256,0.3055617106137824,0.2592219117584874,0.6243324804000564,0.8686402184298382,0.7464863494149473,True,degree_preserving_shuffled_cell_graph,0.29631854702121124,0.4526438077073745,0.5701307334367383,-0.2383685181323099,0.2383685181323099,True,False,False,True,9.0,0.4902404298642647,rdg_gene_only,0.19392188284305345,0.4322904009753633
Melanoma_5K,3047,neg_shuffled_gene_cell_graph,0.02620770477181108,0.08843037560920837,0.2475072014181254,0.14893449817477608,0.6243324804000564,0.8686402184298382,0.7464863494149473,True,shuffled_gene_module_cell_graph,0.29631854702121124,0.4526438077073745,0.5701307334367383,-0.2701108422494002,0.2701108422494002,True,False,False,True,12.0,0.4902404298642647,rdg_gene_only,0.19392188284305345,0.46403272509245364
Melanoma_5K,3407,pca_kmeans,0.411035170367497,0.49705231550654366,0.6089076002658985,0.32423289334315264,0.6283014835334961,0.8672486003082919,0.747775041920894,False,,0.411035170367497,0.49705231550654366,0.6089076002658985,0.0,0.0,False,False,True,False,7.0,0.49509903631273783,rdg_gene_only,0.08406386594524085,0.08406386594524085
Melanoma_5K,3407,pca_spectral_kmeans,0.049441461719144854,0.26758201874228676,0.3538666075781077,0.12253097964564584,0.6283014835334961,0.8672486003082919,0.747775041920894,False,,0.411035170367497,0.49705231550654366,0.6089076002658985,-0.3615937086483521,0.3615937086483521,True,False,False,True,10.0,0.49509903631273783,rdg_gene_only,0.08406386594524085,0.44565757459359295
Melanoma_5K,3407,rdg_cell_only,0.04840397031437406,0.26498504531458206,0.35298027919344116,0.12216095622771918,0.6283014835334961,0.8672486003082919,0.747775041920894,True,,0.411035170367497,0.49705231550654366,0.6089076002658985,-0.36263120005312294,0.36263120005312294,True,False,False,True,11.0,0.49509903631273783,rdg_gene_only,0.08406386594524085,0.4466950659983638
Melanoma_5K,3407,rdg_gene_only,0.49509903631273783,0.6379363288997091,0.6137824063815643,0.541653325804516,0.6283014835334961,0.8672486003082919,0.747775041920894,True,,0.411035170367497,0.49705231550654366,0.6089076002658985,0.08406386594524085,0.0,False,True,False,False,1.0,0.49509903631273783,rdg_gene_only,0.08406386594524085,0.0
Melanoma_5K,3407,rdg_concat_kmeans,0.4292593166984901,0.5508280512027335,0.5871925548415688,0.444312485299559,0.6283014835334961,0.8672486003082919,0.747775041920894,False,,0.411035170367497,0.49705231550654366,0.6089076002658985,0.01822414633099312,0.0,False,True,False,False,6.0,0.49509903631273783,rdg_gene_only,0.08406386594524085,0.06583971961424773
Melanoma_5K,3407,rdg_always_on,0.47500670580741206,0.6221065145069817,0.6038112120540661,0.519677813944305,0.6283014835334961,0.8672486003082919,0.747775041920894,True,,0.411035170367497,0.49705231550654366,0.6089076002658985,0.06397153543991507,0.0,False,True,False,False,3.0,0.49509903631273783,rdg_gene_only,0.08406386594524085,0.020092330505325773
Melanoma_5K,3407,safe_rdg_heuristic,0.4865581683077662,0.618638442406984,0.6186572124972303,0.5241134871890812,0.6283014835334961,0.8672486003082919,0.747775041920894,True,,0.411035170367497,0.49705231550654366,0.6089076002658985,0.07552299794026923,0.0,False,True,False,False,2.0,0.49509903631273783,rdg_gene_only,0.08406386594524085,0.008540868004971613
Melanoma_5K,3407,neg_random_cell_graph,0.10233405612694826,0.3313099602320981,0.391978728118768,0.2920104310659093,0.6283014835334961,0.8672486003082919,0.747775041920894,True,random_cell_graph,0.411035170367497,0.49705231550654366,0.6089076002658985,-0.3087011142405487,0.3087011142405487,True,False,False,True,8.0,0.49509903631273783,rdg_gene_only,0.08406386594524085,0.39276498018578954
Melanoma_5K,3407,neg_degree_shuffle_graph,0.054756260575857446,0.20162827963459676,0.30600487480611566,0.2637822308196914,0.6283014835334961,0.8672486003082919,0.747775041920894,True,degree_preserving_shuffled_cell_graph,0.411035170367497,0.49705231550654366,0.6089076002658985,-0.35627890979163956,0.35627890979163956,True,False,False,True,9.0,0.49509903631273783,rdg_gene_only,0.08406386594524085,0.4403427757368804
Melanoma_5K,3407,neg_shuffled_gene_cell_graph,0.04255268541988834,0.09216818314711303,0.3155329049412807,0.18432306529597509,0.6283014835334961,0.8672486003082919,0.747775041920894,True,shuffled_gene_module_cell_graph,0.411035170367497,0.49705231550654366,0.6089076002658985,-0.36848248494760866,0.36848248494760866,True,False,False,True,12.0,0.49509903631273783,rdg_gene_only,0.08406386594524085,0.4525463508928495
Quake_Smart-seq2_Lung,42,pca_kmeans,0.3075130919019742,0.5340974943613582,0.44928400954653935,0.32828419142963516,0.6688484480569503,0.9201724736504302,0.7945104608536903,False,,0.3075130919019742,0.5340974943613582,0.44928400954653935,0.0,0.0,False,False,True,False,11.0,0.6839688183964758,rdg_always_on,0.37645572649450165,0.37645572649450165
Quake_Smart-seq2_Lung,42,pca_spectral_kmeans,0.34815215199083277,0.5730137096236564,0.538782816229117,0.38768514884329636,0.6688484480569503,0.9201724736504302,0.7945104608536903,False,,0.3075130919019742,0.5340974943613582,0.44928400954653935,0.04063906008885859,0.0,False,True,False,False,10.0,0.6839688183964758,rdg_always_on,0.37645572649450165,0.33581666640564306
Quake_Smart-seq2_Lung,42,rdg_cell_only,0.4402237895665036,0.6105888232433957,0.5793556085918854,0.38780480899679104,0.6688484480569503,0.9201724736504302,0.7945104608536903,True,,0.3075130919019742,0.5340974943613582,0.44928400954653935,0.13271069766452942,0.0,False,True,False,False,7.0,0.6839688183964758,rdg_always_on,0.37645572649450165,0.24374502882997223
Quake_Smart-seq2_Lung,42,rdg_gene_only,0.45447532512428257,0.6484475957251704,0.5984486873508353,0.43505549197772114,0.6688484480569503,0.9201724736504302,0.7945104608536903,True,,0.3075130919019742,0.5340974943613582,0.44928400954653935,0.1469622332223084,0.0,False,True,False,False,6.0,0.6839688183964758,rdg_always_on,0.37645572649450165,0.22949349327219326
Quake_Smart-seq2_Lung,42,rdg_concat_kmeans,0.43416294745336287,0.6568512964418088,0.6109785202863962,0.49055306869416343,0.6688484480569503,0.9201724736504302,0.7945104608536903,False,,0.3075130919019742,0.5340974943613582,0.44928400954653935,0.1266498555513887,0.0,False,True,False,False,9.0,0.6839688183964758,rdg_always_on,0.37645572649450165,0.24980587094311296
Quake_Smart-seq2_Lung,42,rdg_always_on,0.6839688183964758,0.7432894297238285,0.6789976133651552,0.5004840428093197,0.6688484480569503,0.9201724736504302,0.7945104608536903,True,,0.3075130919019742,0.5340974943613582,0.44928400954653935,0.37645572649450165,0.0,False,True,False,False,2.5,0.6839688183964758,rdg_always_on,0.37645572649450165,0.0
Quake_Smart-seq2_Lung,42,safe_rdg_heuristic,0.6839688183964758,0.7432894297238285,0.6789976133651552,0.5004840428093197,0.6688484480569503,0.9201724736504302,0.7945104608536903,True,,0.3075130919019742,0.5340974943613582,0.44928400954653935,0.37645572649450165,0.0,False,True,False,False,2.5,0.6839688183964758,rdg_always_on,0.37645572649450165,0.0
Quake_Smart-seq2_Lung,42,neg_random_cell_graph,0.5674384094315316,0.657405764708669,0.6229116945107399,0.44888805759370976,0.6688484480569503,0.9201724736504302,0.7945104608536903,True,random_cell_graph,0.3075130919019742,0.5340974943613582,0.44928400954653935,0.2599253175295574,0.0,False,True,False,False,5.0,0.6839688183964758,rdg_always_on,0.37645572649450165,0.11653040896494427
Quake_Smart-seq2_Lung,42,neg_degree_shuffle_graph,0.43964145587204034,0.6008123192429333,0.6229116945107399,0.4693777269853628,0.6688484480569503,0.9201724736504302,0.7945104608536903,True,degree_preserving_shuffled_cell_graph,0.3075130919019742,0.5340974943613582,0.44928400954653935,0.13212836397006616,0.0,False,True,False,False,8.0,0.6839688183964758,rdg_always_on,0.37645572649450165,0.2443273625244355
Quake_Smart-seq2_Lung,42,neg_shuffled_gene_cell_graph,0.16117653132387613,0.2543059957548188,0.3645584725536993,0.29618125530683365,0.6688484480569503,0.9201724736504302,0.7945104608536903,True,shuffled_gene_module_cell_graph,0.3075130919019742,0.5340974943613582,0.44928400954653935,-0.14633656057809805,0.14633656057809805,True,False,False,True,12.0,0.6839688183964758,rdg_always_on,0.37645572649450165,0.5227922870725997
Quake_Smart-seq2_Lung,3047,pca_kmeans,0.42611692142046587,0.5354724930374254,0.5280429594272077,0.25772029938633384,0.6682616171277885,0.9205826882563127,0.7944221526920506,False,,0.42611692142046587,0.5354724930374254,0.5280429594272077,0.0,0.0,False,False,True,False,9.0,0.6891986531070012,rdg_always_on,0.26308173168653537,0.26308173168653537
Quake_Smart-seq2_Lung,3047,pca_spectral_kmeans,0.43350969733102307,0.6083637293231741,0.5769689737470167,0.3877557726506416,0.6682616171277885,0.9205826882563127,0.7944221526920506,False,,0.42611692142046587,0.5354724930374254,0.5280429594272077,0.007392775910557203,0.0,False,True,False,False,8.0,0.6891986531070012,rdg_always_on,0.26308173168653537,0.25568895577597817
Quake_Smart-seq2_Lung,3047,rdg_cell_only,0.43578330743023574,0.608682734071287,0.5757756563245824,0.3858388699223985,0.6682616171277885,0.9205826882563127,0.7944221526920506,True,,0.42611692142046587,0.5354724930374254,0.5280429594272077,0.009666386009769878,0.0,False,True,False,False,7.0,0.6891986531070012,rdg_always_on,0.26308173168653537,0.2534153456767655
Quake_Smart-seq2_Lung,3047,rdg_gene_only,0.6889945753186795,0.751925243247514,0.6789976133651552,0.5000759581145475,0.6682616171277885,0.9205826882563127,0.7944221526920506,True,,0.42611692142046587,0.5354724930374254,0.5280429594272077,0.2628776538982136,0.0,False,True,False,False,5.0,0.6891986531070012,rdg_always_on,0.26308173168653537,0.00020407778832176593
Quake_Smart-seq2_Lung,3047,rdg_concat_kmeans,0.3645165382841008,0.5895031478400313,0.5906921241050119,0.4644659978228052,0.6682616171277885,0.9205826882563127,0.7944221526920506,False,,0.42611692142046587,0.5354724930374254,0.5280429594272077,-0.06160038313636507,0.06160038313636507,True,False,False,True,10.0,0.6891986531070012,rdg_always_on,0.26308173168653537,0.32468211482290044
Quake_Smart-seq2_Lung,3047,rdg_always_on,0.6891986531070012,0.7497453626282528,0.6789976133651552,0.49910534450827665,0.6682616171277885,0.9205826882563127,0.7944221526920506,True,,0.42611692142046587,0.5354724930374254,0.5280429594272077,0.26308173168653537,0.0,False,True,False,False,3.0,0.6891986531070012,rdg_always_on,0.26308173168653537,0.0
Quake_Smart-seq2_Lung,3047,safe_rdg_heuristic,0.6897696279753678,0.7502303872989952,0.6789976133651552,0.49931044796487317,0.6682616171277885,0.9205826882563127,0.7944221526920506,True,,0.42611692142046587,0.5354724930374254,0.5280429594272077,0.2636527065549019,0.0,False,True,False,False,1.0,0.6891986531070012,rdg_always_on,0.26308173168653537,-0.0005709748683665472
Quake_Smart-seq2_Lung,3047,neg_random_cell_graph,0.31686872894662255,0.5465590145101429,0.5310262529832935,0.3795090014589,0.6682616171277885,0.9205826882563127,0.7944221526920506,True,random_cell_graph,0.42611692142046587,0.5354724930374254,0.5280429594272077,-0.10924819247384332,0.10924819247384332,True,False,False,True,11.0,0.6891986531070012,rdg_always_on,0.26308173168653537,0.3723299241603787
Quake_Smart-seq2_Lung,3047,neg_degree_shuffle_graph,0.6093341185469899,0.6771433618971543,0.6479713603818615,0.4777775187772164,0.6682616171277885,0.9205826882563127,0.7944221526920506,True,degree_preserving_shuffled_cell_graph,0.42611692142046587,0.5354724930374254,0.5280429594272077,0.18321719712652407,0.0,False,True,False,False,6.0,0.6891986531070012,rdg_always_on,0.26308173168653537,0.0798645345600113
Quake_Smart-seq2_Lung,3047,neg_shuffled_gene_cell_graph,0.2658478045473648,0.311290344348775,0.4928400954653938,0.3487822337952195,0.6682616171277885,0.9205826882563127,0.7944221526920506,True,shuffled_gene_module_cell_graph,0.42611692142046587,0.5354724930374254,0.5280429594272077,-0.16026911687310108,0.16026911687310108,True,False,False,True,12.0,0.6891986531070012,rdg_always_on,0.26308173168653537,0.42335084855963645
Quake_Smart-seq2_Lung,3407,pca_kmeans,0.3062019822830681,0.5018098529168796,0.47195704057279236,0.25606565024133854,0.6721091965715963,0.9200305256450445,0.7960698611083203,False,,0.3062019822830681,0.5018098529168796,0.47195704057279236,0.0,0.0,False,False,True,False,11.0,0.686812709756784,rdg_always_on,0.3806107274737159,0.3806107274737159
Quake_Smart-seq2_Lung,3407,pca_spectral_kmeans,0.44344967434676136,0.6158728739019967,0.5799522673031027,0.3887826701511964,0.6721091965715963,0.9200305256450445,0.7960698611083203,False,,0.3062019822830681,0.5018098529168796,0.47195704057279236,0.13724769206369325,0.0,False,True,False,False,9.0,0.686812709756784,rdg_always_on,0.3806107274737159,0.24336303541002263
Quake_Smart-seq2_Lung,3407,rdg_cell_only,0.44562484882879266,0.6142738093157691,0.5805489260143198,0.38703900781346795,0.6721091965715963,0.9200305256450445,0.7960698611083203,True,,0.3062019822830681,0.5018098529168796,0.47195704057279236,0.13942286654572456,0.0,False,True,False,False,8.0,0.686812709756784,rdg_always_on,0.3806107274737159,0.24118786092799133
Quake_Smart-seq2_Lung,3407,rdg_gene_only,0.6865187719712327,0.7499769929573965,0.6784009546539379,0.49951603915190296,0.6721091965715963,0.9200305256450445,0.7960698611083203,True,,0.3062019822830681,0.5018098529168796,0.47195704057279236,0.38031678968816457,0.0,False,True,False,False,4.0,0.686812709756784,rdg_always_on,0.3806107274737159,0.00029393778555131256
Quake_Smart-seq2_Lung,3407,rdg_concat_kmeans,0.5437633809731679,0.7018101545033051,0.6616945107398569,0.5214001938035288,0.6721091965715963,0.9200305256450445,0.7960698611083203,False,,0.3062019822830681,0.5018098529168796,0.47195704057279236,0.2375613986900998,0.0,False,True,False,False,7.0,0.686812709756784,rdg_always_on,0.3806107274737159,0.1430493287836161
Quake_Smart-seq2_Lung,3407,rdg_always_on,0.686812709756784,0.7481178014163763,0.6784009546539379,0.4989764750213125,0.6721091965715963,0.9200305256450445,0.7960698611083203,True,,0.3062019822830681,0.5018098529168796,0.47195704057279236,0.3806107274737159,0.0,False,True,False,False,2.0,0.686812709756784,rdg_always_on,0.3806107274737159,0.0
Quake_Smart-seq2_Lung,3407,safe_rdg_heuristic,0.6854760899314276,0.7470085790776649,0.6778042959427207,0.49847359583858836,0.6721091965715963,0.9200305256450445,0.7960698611083203,True,,0.3062019822830681,0.5018098529168796,0.47195704057279236,0.3792741076483595,0.0,False,True,False,False,5.0,0.686812709756784,rdg_always_on,0.3806107274737159,0.0013366198253563777
Quake_Smart-seq2_Lung,3407,neg_random_cell_graph,0.3991410012621913,0.589438060087189,0.5220763723150358,0.37310598612854257,0.6721091965715963,0.9200305256450445,0.7960698611083203,True,random_cell_graph,0.3062019822830681,0.5018098529168796,0.47195704057279236,0.09293901897912321,0.0,False,True,False,False,10.0,0.686812709756784,rdg_always_on,0.3806107274737159,0.28767170849459267
Quake_Smart-seq2_Lung,3407,neg_degree_shuffle_graph,0.570443168680507,0.6354468825045874,0.6020286396181385,0.3958215710024991,0.6721091965715963,0.9200305256450445,0.7960698611083203,True,degree_preserving_shuffled_cell_graph,0.3062019822830681,0.5018098529168796,0.47195704057279236,0.26424118639743893,0.0,False,True,False,False,6.0,0.686812709756784,rdg_always_on,0.3806107274737159,0.11636954107627695
Quake_Smart-seq2_Lung,3407,neg_shuffled_gene_cell_graph,0.12790872241877946,0.2576521097216626,0.40155131264916466,0.38249931218817745,0.6721091965715963,0.9200305256450445,0.7960698611083203,True,shuffled_gene_module_cell_graph,0.3062019822830681,0.5018098529168796,0.47195704057279236,-0.17829325986428865,0.17829325986428865,True,False,False,True,12.0,0.686812709756784,rdg_always_on,0.3806107274737159,0.5589039873380045
Young,42,pca_kmeans,0.4157136308162924,0.5767530884985705,0.6809146877748461,0.5034615299962458,0.6070490103795071,0.8469789684633944,0.7270139894214507,False,,0.4157136308162924,0.5767530884985705,0.6809146877748461,0.0,0.0,False,False,True,False,9.0,0.5050026059812447,rdg_gene_only,0.08928897516495227,0.08928897516495227
Young,42,pca_spectral_kmeans,0.43760323372215726,0.5948223255912046,0.6110817941952507,0.4889537669249073,0.6070490103795071,0.8469789684633944,0.7270139894214507,False,,0.4157136308162924,0.5767530884985705,0.6809146877748461,0.021889602905864836,0.0,False,True,False,False,8.0,0.5050026059812447,rdg_gene_only,0.08928897516495227,0.06739937225908743
Young,42,rdg_cell_only,0.4380815716539969,0.5904404499826573,0.6082673702726473,0.4883603332444096,0.6070490103795071,0.8469789684633944,0.7270139894214507,True,,0.4157136308162924,0.5767530884985705,0.6809146877748461,0.022367940837704492,0.0,False,True,False,False,7.0,0.5050026059812447,rdg_gene_only,0.08928897516495227,0.06692103432724777
Young,42,rdg_gene_only,0.5050026059812447,0.704025376157032,0.6742304309586632,0.6658354308181769,0.6070490103795071,0.8469789684633944,0.7270139894214507,True,,0.4157136308162924,0.5767530884985705,0.6809146877748461,0.08928897516495227,0.0,False,True,False,False,1.0,0.5050026059812447,rdg_gene_only,0.08928897516495227,0.0
Young,42,rdg_concat_kmeans,0.4661878159807729,0.6848856953375573,0.7229551451187335,0.6287734740572894,0.6070490103795071,0.8469789684633944,0.7270139894214507,False,,0.4157136308162924,0.5767530884985705,0.6809146877748461,0.05047418516448049,0.0,False,True,False,False,6.0,0.5050026059812447,rdg_gene_only,0.08928897516495227,0.03881479000047178
Young,42,rdg_always_on,0.49032787271298484,0.6850848509387736,0.6689533861037819,0.6587127033066592,0.6070490103795071,0.8469789684633944,0.7270139894214507,True,,0.4157136308162924,0.5767530884985705,0.6809146877748461,0.07461424189669241,0.0,False,True,False,False,2.0,0.5050026059812447,rdg_gene_only,0.08928897516495227,0.014674733268259854
Young,42,safe_rdg_heuristic,0.487406503861417,0.6834744577676068,0.6666666666666666,0.6574212674553676,0.6070490103795071,0.8469789684633944,0.7270139894214507,True,,0.4157136308162924,0.5767530884985705,0.6809146877748461,0.07169287304512456,0.0,False,True,False,False,5.0,0.5050026059812447,rdg_gene_only,0.08928897516495227,0.017596102119827706
Young,42,neg_random_cell_graph,0.4107013887269527,0.5522686529485088,0.5956024626209323,0.4496931079086257,0.6070490103795071,0.8469789684633944,0.7270139894214507,True,random_cell_graph,0.4157136308162924,0.5767530884985705,0.6809146877748461,-0.005012242089339702,0.005012242089339702,True,False,False,True,10.0,0.5050026059812447,rdg_gene_only,0.08928897516495227,0.09430121725429197
Young,42,neg_degree_shuffle_graph,0.3334833855261542,0.46274676590208275,0.5449428320140721,0.4436386736751118,0.6070490103795071,0.8469789684633944,0.7270139894214507,True,degree_preserving_shuffled_cell_graph,0.4157136308162924,0.5767530884985705,0.6809146877748461,-0.08223024529013823,0.08223024529013823,True,False,False,True,11.0,0.5050026059812447,rdg_gene_only,0.08928897516495227,0.1715192204550905
Young,42,neg_shuffled_gene_cell_graph,0.07135309659112406,0.1280224426268305,0.28601583113456464,0.28069196597300794,0.6070490103795071,0.8469789684633944,0.7270139894214507,True,shuffled_gene_module_cell_graph,0.4157136308162924,0.5767530884985705,0.6809146877748461,-0.3443605342251684,0.3443605342251684,True,False,False,True,12.0,0.5050026059812447,rdg_gene_only,0.08928897516495227,0.43364950939012065
Young,3047,pca_kmeans,0.5008383814309246,0.6497936951187564,0.6768689533861038,0.37266894132273704,0.6057399473394941,0.875436651730731,0.7405882995351125,False,,0.5008383814309246,0.6497936951187564,0.6768689533861038,0.0,0.0,False,False,True,False,6.0,0.5628552777328516,rdg_gene_only,0.06201689630192697,0.06201689630192697
Young,3047,pca_spectral_kmeans,0.16129385561168605,0.45572019823015,0.4240985048372911,0.40804709468987765,0.6057399473394941,0.875436651730731,0.7405882995351125,False,,0.5008383814309246,0.6497936951187564,0.6768689533861038,-0.33954452581923855,0.33954452581923855,True,False,False,True,10.0,0.5628552777328516,rdg_gene_only,0.06201689630192697,0.4015614221211655
Young,3047,rdg_cell_only,0.16025573770903542,0.45273511601474636,0.4230430958663149,0.4066663459433588,0.6057399473394941,0.875436651730731,0.7405882995351125,True,,0.5008383814309246,0.6497936951187564,0.6768689533861038,-0.3405826437218892,0.3405826437218892,True,False,False,True,11.0,0.5628552777328516,rdg_gene_only,0.06201689630192697,0.40259954002381615
Young,3047,rdg_gene_only,0.5628552777328516,0.7231204766789562,0.7067722075637642,0.6817224616599294,0.6057399473394941,0.875436651730731,0.7405882995351125,True,,0.5008383814309246,0.6497936951187564,0.6768689533861038,0.06201689630192697,0.0,False,True,False,False,1.0,0.5628552777328516,rdg_gene_only,0.06201689630192697,0.0
Young,3047,rdg_concat_kmeans,0.4615161907479104,0.6374784716145828,0.6075637642919964,0.4664666730351637,0.6057399473394941,0.875436651730731,0.7405882995351125,False,,0.5008383814309246,0.6497936951187564,0.6768689533861038,-0.039322190683014235,0.039322190683014235,True,False,False,True,7.0,0.5628552777328516,rdg_gene_only,0.06201689630192697,0.1013390869849412
Young,3047,rdg_always_on,0.5454235744543454,0.7029781005487384,0.6988566402814423,0.6707113222208549,0.6057399473394941,0.875436651730731,0.7405882995351125,True,,0.5008383814309246,0.6497936951187564,0.6768689533861038,0.04458519302342079,0.0,False,True,False,False,4.0,0.5628552777328516,rdg_gene_only,0.06201689630192697,0.017431703278506183
Young,3047,safe_rdg_heuristic,0.546255920782087,0.7035336048545955,0.6990325417766051,0.6704127582847904,0.6057399473394941,0.875436651730731,0.7405882995351125,True,,0.5008383814309246,0.6497936951187564,0.6768689533861038,0.04541753935116233,0.0,False,True,False,False,2.0,0.5628552777328516,rdg_gene_only,0.06201689630192697,0.016599356950764643
Young,3047,neg_random_cell_graph,0.1836173709055263,0.4543016642576875,0.4573438874230431,0.5063362883955903,0.6057399473394941,0.875436651730731,0.7405882995351125,True,random_cell_graph,0.5008383814309246,0.6497936951187564,0.6768689533861038,-0.3172210105253983,0.3172210105253983,True,False,False,True,9.0,0.5628552777328516,rdg_gene_only,0.06201689630192697,0.3792379068273253
Young,3047,neg_degree_shuffle_graph,0.2956437407685435,0.47327708621222125,0.5505716798592788,0.4427846092590526,0.6057399473394941,0.875436651730731,0.7405882995351125,True,degree_preserving_shuffled_cell_graph,0.5008383814309246,0.6497936951187564,0.6768689533861038,-0.20519464066238113,0.20519464066238113,True,False,False,True,8.0,0.5628552777328516,rdg_gene_only,0.06201689630192697,0.2672115369643081
Young,3047,neg_shuffled_gene_cell_graph,0.11363639390559196,0.2099224648947583,0.35514511873350924,0.37259631611178884,0.6057399473394941,0.875436651730731,0.7405882995351125,True,shuffled_gene_module_cell_graph,0.5008383814309246,0.6497936951187564,0.6768689533861038,-0.38720198752533264,0.38720198752533264,True,False,False,True,12.0,0.5628552777328516,rdg_gene_only,0.06201689630192697,0.4492188838272596
Young,3407,pca_kmeans,0.4620449657559772,0.6052222998974103,0.6469656992084433,0.4008774814242019,0.6007506960111948,0.8468382771274896,0.7237944865693422,False,,0.4620449657559772,0.6052222998974103,0.6469656992084433,0.0,0.0,False,False,True,False,7.0,0.6271286621225011,rdg_concat_kmeans,0.16508369636652387,0.16508369636652387
Young,3407,pca_spectral_kmeans,0.1783842698319914,0.48704476864862817,0.43905013192612136,0.48523225219647564,0.6007506960111948,0.8468382771274896,0.7237944865693422,False,,0.4620449657559772,0.6052222998974103,0.6469656992084433,-0.2836606959239858,0.2836606959239858,True,False,False,True,10.0,0.6271286621225011,rdg_concat_kmeans,0.16508369636652387,0.44874439229050966
Young,3407,rdg_cell_only,0.44664216310811017,0.605896778008798,0.6105540897097625,0.49211465223716994,0.6007506960111948,0.8468382771274896,0.7237944865693422,True,,0.4620449657559772,0.6052222998974103,0.6469656992084433,-0.015402802647867031,0.015402802647867031,True,False,False,True,8.0,0.6271286621225011,rdg_concat_kmeans,0.16508369636652387,0.1804864990143909
Young,3407,rdg_gene_only,0.5566832895989785,0.7181339163183489,0.7048372911169745,0.6808546714083726,0.6007506960111948,0.8468382771274896,0.7237944865693422,True,,0.4620449657559772,0.6052222998974103,0.6469656992084433,0.0946383238430013,0.0,False,True,False,False,2.0,0.6271286621225011,rdg_concat_kmeans,0.16508369636652387,0.07044537252352256
Young,3407,rdg_concat_kmeans,0.6271286621225011,0.7081337125941997,0.784872471416007,0.6703433208188191,0.6007506960111948,0.8468382771274896,0.7237944865693422,False,,0.4620449657559772,0.6052222998974103,0.6469656992084433,0.16508369636652387,0.0,False,True,False,False,1.0,0.6271286621225011,rdg_concat_kmeans,0.16508369636652387,0.0
Young,3407,rdg_always_on,0.5028722053281717,0.6910013882493993,0.6772207563764292,0.6622271225087721,0.6007506960111948,0.8468382771274896,0.7237944865693422,True,,0.4620449657559772,0.6052222998974103,0.6469656992084433,0.040827239572194474,0.0,False,True,False,False,5.0,0.6271286621225011,rdg_concat_kmeans,0.16508369636652387,0.1242564567943294
Young,3407,safe_rdg_heuristic,0.5215638464733602,0.6919896262111486,0.6642040457343887,0.5856039883492632,0.6007506960111948,0.8468382771274896,0.7237944865693422,True,,0.4620449657559772,0.6052222998974103,0.6469656992084433,0.05951888071738298,0.0,False,True,False,False,3.0,0.6271286621225011,rdg_concat_kmeans,0.16508369636652387,0.10556481564914089
Young,3407,neg_random_cell_graph,0.16597555253565954,0.43481723572104086,0.4230430958663149,0.39532664227836284,0.6007506960111948,0.8468382771274896,0.7237944865693422,True,random_cell_graph,0.4620449657559772,0.6052222998974103,0.6469656992084433,-0.29606941322031766,0.29606941322031766,True,False,False,True,11.0,0.6271286621225011,rdg_concat_kmeans,0.16508369636652387,0.4611531095868415
Young,3407,neg_degree_shuffle_graph,0.317112307944408,0.500419636217201,0.5621811785400176,0.48290528944201205,0.6007506960111948,0.8468382771274896,0.7237944865693422,True,degree_preserving_shuffled_cell_graph,0.4620449657559772,0.6052222998974103,0.6469656992084433,-0.14493265781156922,0.14493265781156922,True,False,False,True,9.0,0.6271286621225011,rdg_concat_kmeans,0.16508369636652387,0.3100163541780931
Young,3407,neg_shuffled_gene_cell_graph,0.05043846256048109,0.11822505037941197,0.2731750219876869,0.26809124052719524,0.6007506960111948,0.8468382771274896,0.7237944865693422,True,shuffled_gene_module_cell_graph,0.4620449657559772,0.6052222998974103,0.6469656992084433,-0.41160650319549613,0.41160650319549613,True,False,False,True,12.0,0.6271286621225011,rdg_concat_kmeans,0.16508369636652387,0.57669019956202
Guo,42,safe_rdg_calibrated_threshold,0.7610108301611663,0.7890339417092235,0.7996918335901386,,,,0.7052634123430593,True,,0.35209914432785233,0.606183691788576,0.6323574730354391,0.408911685833314,0.0,False,True,False,False,3.0,0.764704564625393,rdg_gene_only,0.4126054202975407,0.0036937344642267167
Guo,3047,safe_rdg_calibrated_threshold,0.7552499156940935,0.7869920798724989,0.7975346687211095,,,,0.7060002920092563,True,,0.5715874549868789,0.7565013468654529,0.7189522342064715,0.1836624607072146,0.0,False,True,False,False,3.0,0.7636625081572956,rdg_gene_only,0.19207505317041673,0.00841259246320214
Guo,3407,safe_rdg_calibrated_threshold,0.7648584185752533,0.7969270482480549,0.8046224961479199,,,,0.7058801344924008,True,,0.7842894791301074,0.8245538721319631,0.8400616332819723,-0.019431060554854107,0.019431060554854107,True,False,False,True,3.0,0.7842894791301074,pca_kmeans,0.0,0.019431060554854107
Limb_Muscle,42,safe_rdg_calibrated_threshold,0.7405171494539577,0.8191764645784329,0.9073931951905858,,,,0.7480758399043035,True,,0.44747325960621226,0.5985589862723709,0.655154771041187,0.2930438898477455,0.0,False,True,False,False,5.0,0.8653544533250351,rdg_gene_only,0.4178811937188229,0.12483730387107739
Limb_Muscle,3047,safe_rdg_calibrated_threshold,0.9178236736167544,0.9139755268194684,0.9626502941928882,,,,0.7507644099663849,True,,0.29726210330675723,0.5648311658296551,0.6508058326937836,0.6205615703099971,0.0,False,True,False,False,2.5,0.9422452668898852,rdg_gene_only,0.644983163583128,0.02442159327313076
Limb_Muscle,3407,safe_rdg_calibrated_threshold,0.8316440336294294,0.8840377522373788,0.9068815553850088,,,,0.7508270163641906,True,,0.7303812946952729,0.7652327544724675,0.8053210539779995,0.1012627389341565,0.0,False,True,False,False,4.0,0.9197775865308375,rdg_gene_only,0.1893962918355646,0.08813355290140812
Melanoma_5K,42,safe_rdg_calibrated_threshold,0.4922248357011083,0.630622612305064,0.6315089740748947,,,,0.7505869524559667,True,,0.2093813648389237,0.4201714636170277,0.48637270108575226,0.28284347086218464,0.0,False,True,False,False,3.5,0.49593103699520025,rdg_gene_only,0.2865496721562766,0.0037062012940919375
Melanoma_5K,3047,safe_rdg_calibrated_threshold,0.4810367623108286,0.6178074751542626,0.6184356304010636,,,,0.7464863494149473,True,,0.29631854702121124,0.4526438077073745,0.5701307334367383,0.18471821528961735,0.0,False,True,False,False,3.5,0.4902404298642647,rdg_gene_only,0.19392188284305345,0.009203667553436101
Melanoma_5K,3407,safe_rdg_calibrated_threshold,0.475006705807412,0.6221065145069817,0.6038112120540661,,,,0.747775041920894,True,,0.411035170367497,0.49705231550654366,0.6089076002658985,0.06397153543991502,0.0,False,True,False,False,4.5,0.49509903631273783,rdg_gene_only,0.08406386594524085,0.02009233050532583
Pollen,42,safe_rdg_calibrated_threshold,0.8700415764190499,0.8955787312019604,0.8571428571428571,,,,0.7748868958396794,True,,0.03339391415030334,0.11612458329724176,0.23255813953488372,0.8366476622687465,0.0,False,True,False,False,2.0,0.8700415764190499,rdg_always_on,0.8366476622687465,0.0
Pollen,3047,safe_rdg_calibrated_threshold,0.7753551137203126,0.8652777043391131,0.7774086378737541,,,,0.759589324492979,True,,0.03276088462008422,0.1007034894685966,0.24584717607973422,0.7425942291002284,0.0,False,True,False,False,2.0,0.7753551137203126,rdg_always_on,0.7425942291002284,0.0
Pollen,3407,safe_rdg_calibrated_threshold,0.7564323599073581,0.8711736477246441,0.7906976744186046,,,,0.76220838923591,True,,0.08347679009656467,0.25426270888664476,0.30564784053156147,0.6729555698107934,0.0,False,True,False,False,4.0,0.7586615503816234,rdg_gene_only,0.6751847602850587,0.0022291904742652857
Quake_Smart-seq2_Lung,42,safe_rdg_calibrated_threshold,0.6839688183964758,0.7432894297238285,0.6789976133651552,,,,0.7945104608536903,True,,0.3075130919019742,0.5340974943613582,0.44928400954653935,0.37645572649450165,0.0,False,True,False,False,2.5,0.6839688183964758,rdg_always_on,0.37645572649450165,0.0
Quake_Smart-seq2_Lung,3047,safe_rdg_calibrated_threshold,0.6891986531070012,0.7497453626282528,0.6789976133651552,,,,0.7944221526920506,True,,0.42611692142046587,0.5354724930374254,0.5280429594272077,0.26308173168653537,0.0,False,True,False,False,3.0,0.6891986531070012,rdg_always_on,0.26308173168653537,0.0
Quake_Smart-seq2_Lung,3407,safe_rdg_calibrated_threshold,0.686812709756784,0.7481178014163763,0.6784009546539379,,,,0.7960698611083203,True,,0.3062019822830681,0.5018098529168796,0.47195704057279236,0.3806107274737159,0.0,False,True,False,False,2.0,0.686812709756784,rdg_always_on,0.3806107274737159,0.0
Wang,42,safe_rdg_calibrated_threshold,0.9694165426212082,0.9240608670102626,0.9930664985817838,,,,0.6984532276258257,True,,0.7858779620945557,0.6931907552992126,0.9472633680008404,0.1835385805266525,0.0,False,True,False,False,2.0,0.9694165426212082,rdg_always_on,0.1835385805266525,0.0
Wang,3047,safe_rdg_calibrated_threshold,-0.0232877715177915,0.0115392460552373,0.7616346254858704,,,,0.6984468781109772,True,,0.9192749834614486,0.8390556876652767,0.9813005567811744,-0.9425627549792401,0.9425627549792401,True,False,False,True,10.5,0.9685119891459418,rdg_concat_kmeans,0.049237005684493185,0.9917997606637333
Wang,3407,safe_rdg_calibrated_threshold,0.966183945674643,0.9175930143850526,0.9923311272192458,,,,0.6982508803328891,True,,0.9017862468606084,0.8130162668208292,0.9770984347095283,0.06439769881403468,0.0,False,True,False,False,4.0,0.9680391658521181,rdg_concat_kmeans,0.06625291899150976,0.001855220177475081
Young,42,safe_rdg_calibrated_threshold,0.4903278727129848,0.6850848509387736,0.6689533861037819,,,,0.7270139894214507,True,,0.4157136308162924,0.5767530884985705,0.6809146877748461,0.07461424189669236,0.0,False,True,False,False,3.5,0.5050026059812447,rdg_gene_only,0.08928897516495227,0.01467473326825991
Young,3047,safe_rdg_calibrated_threshold,0.5454235744543454,0.7029781005487384,0.6988566402814423,,,,0.7405882995351125,True,,0.5008383814309246,0.6497936951187564,0.6768689533861038,0.04458519302342079,0.0,False,True,False,False,4.0,0.5628552777328516,rdg_gene_only,0.06201689630192697,0.017431703278506183
Young,3407,safe_rdg_calibrated_threshold,0.5028722053281717,0.6910013882493993,0.6772207563764292,,,,0.7237944865693422,True,,0.4620449657559772,0.6052222998974103,0.6469656992084433,0.040827239572194474,0.0,False,True,False,False,5.0,0.6271286621225011,rdg_concat_kmeans,0.16508369636652387,0.1242564567943294
worm_neuron_cell,42,safe_rdg_calibrated_threshold,0.1552664746585038,0.4534249208286463,0.5076445293836598,,,,0.7947103766478677,True,,0.13605756307253275,0.3546057939895417,0.4151935021500239,0.019208911585971045,0.0,False,True,False,False,4.5,0.19965519089788453,rdg_gene_only,0.06359762782535178,0.04438871623938073
worm_neuron_cell,3047,safe_rdg_calibrated_threshold,0.2020555635067072,0.5047139144582169,0.5597228858098423,,,,0.792601930473031,True,,0.19366529709231248,0.44363888044793104,0.5353559483994267,0.00839026641439472,0.0,False,True,False,False,4.5,0.21747494289275945,rdg_gene_only,0.023809645800446977,0.015419379386052257
worm_neuron_cell,3407,safe_rdg_calibrated_threshold,0.2108724407998285,0.5162437408941999,0.5661729574773053,,,,0.7863487796814226,True,,0.09062845440340295,0.3412685567335363,0.38509316770186336,0.12024398639642556,0.0,False,True,False,False,4.0,0.23130669257173384,rdg_gene_only,0.1406782381683309,0.020434251771905332
Guo,42,safe_rdg_calibrated_logistic_explore,0.7610108301611663,0.7890339417092235,0.7996918335901386,,,,0.7052634123430593,True,,0.35209914432785233,0.606183691788576,0.6323574730354391,0.408911685833314,0.0,False,True,False,False,3.0,0.764704564625393,rdg_gene_only,0.4126054202975407,0.0036937344642267167
Guo,3047,safe_rdg_calibrated_logistic_explore,0.7552499156940935,0.7869920798724989,0.7975346687211095,,,,0.7060002920092563,True,,0.5715874549868789,0.7565013468654529,0.7189522342064715,0.1836624607072146,0.0,False,True,False,False,3.0,0.7636625081572956,rdg_gene_only,0.19207505317041673,0.00841259246320214
Guo,3407,safe_rdg_calibrated_logistic_explore,0.7648584185752533,0.7969270482480549,0.8046224961479199,,,,0.7058801344924008,True,,0.7842894791301074,0.8245538721319631,0.8400616332819723,-0.019431060554854107,0.019431060554854107,True,False,False,True,3.0,0.7842894791301074,pca_kmeans,0.0,0.019431060554854107
Limb_Muscle,42,safe_rdg_calibrated_logistic_explore,0.7405171494539577,0.8191764645784329,0.9073931951905858,,,,0.7480758399043035,True,,0.44747325960621226,0.5985589862723709,0.655154771041187,0.2930438898477455,0.0,False,True,False,False,5.0,0.8653544533250351,rdg_gene_only,0.4178811937188229,0.12483730387107739
Limb_Muscle,3047,safe_rdg_calibrated_logistic_explore,0.9178236736167544,0.9139755268194684,0.9626502941928882,,,,0.7507644099663849,True,,0.29726210330675723,0.5648311658296551,0.6508058326937836,0.6205615703099971,0.0,False,True,False,False,2.5,0.9422452668898852,rdg_gene_only,0.644983163583128,0.02442159327313076
Limb_Muscle,3407,safe_rdg_calibrated_logistic_explore,0.8316440336294294,0.8840377522373788,0.9068815553850088,,,,0.7508270163641906,True,,0.7303812946952729,0.7652327544724675,0.8053210539779995,0.1012627389341565,0.0,False,True,False,False,4.0,0.9197775865308375,rdg_gene_only,0.1893962918355646,0.08813355290140812
Melanoma_5K,42,safe_rdg_calibrated_logistic_explore,0.4922248357011083,0.630622612305064,0.6315089740748947,,,,0.7505869524559667,True,,0.2093813648389237,0.4201714636170277,0.48637270108575226,0.28284347086218464,0.0,False,True,False,False,3.5,0.49593103699520025,rdg_gene_only,0.2865496721562766,0.0037062012940919375
Melanoma_5K,3047,safe_rdg_calibrated_logistic_explore,0.4810367623108286,0.6178074751542626,0.6184356304010636,,,,0.7464863494149473,True,,0.29631854702121124,0.4526438077073745,0.5701307334367383,0.18471821528961735,0.0,False,True,False,False,3.5,0.4902404298642647,rdg_gene_only,0.19392188284305345,0.009203667553436101
Melanoma_5K,3407,safe_rdg_calibrated_logistic_explore,0.475006705807412,0.6221065145069817,0.6038112120540661,,,,0.747775041920894,True,,0.411035170367497,0.49705231550654366,0.6089076002658985,0.06397153543991502,0.0,False,True,False,False,4.5,0.49509903631273783,rdg_gene_only,0.08406386594524085,0.02009233050532583
Pollen,42,safe_rdg_calibrated_logistic_explore,0.8700415764190499,0.8955787312019604,0.8571428571428571,,,,0.7748868958396794,True,,0.03339391415030334,0.11612458329724176,0.23255813953488372,0.8366476622687465,0.0,False,True,False,False,2.0,0.8700415764190499,rdg_always_on,0.8366476622687465,0.0
Pollen,3047,safe_rdg_calibrated_logistic_explore,0.7753551137203126,0.8652777043391131,0.7774086378737541,,,,0.759589324492979,True,,0.03276088462008422,0.1007034894685966,0.24584717607973422,0.7425942291002284,0.0,False,True,False,False,2.0,0.7753551137203126,rdg_always_on,0.7425942291002284,0.0
Pollen,3407,safe_rdg_calibrated_logistic_explore,0.7564323599073581,0.8711736477246441,0.7906976744186046,,,,0.76220838923591,True,,0.08347679009656467,0.25426270888664476,0.30564784053156147,0.6729555698107934,0.0,False,True,False,False,4.0,0.7586615503816234,rdg_gene_only,0.6751847602850587,0.0022291904742652857
Quake_Smart-seq2_Lung,42,safe_rdg_calibrated_logistic_explore,0.6839688183964758,0.7432894297238285,0.6789976133651552,,,,0.7945104608536903,True,,0.3075130919019742,0.5340974943613582,0.44928400954653935,0.37645572649450165,0.0,False,True,False,False,2.5,0.6839688183964758,rdg_always_on,0.37645572649450165,0.0
Quake_Smart-seq2_Lung,3047,safe_rdg_calibrated_logistic_explore,0.6891986531070012,0.7497453626282528,0.6789976133651552,,,,0.7944221526920506,True,,0.42611692142046587,0.5354724930374254,0.5280429594272077,0.26308173168653537,0.0,False,True,False,False,3.0,0.6891986531070012,rdg_always_on,0.26308173168653537,0.0
Quake_Smart-seq2_Lung,3407,safe_rdg_calibrated_logistic_explore,0.686812709756784,0.7481178014163763,0.6784009546539379,,,,0.7960698611083203,True,,0.3062019822830681,0.5018098529168796,0.47195704057279236,0.3806107274737159,0.0,False,True,False,False,2.0,0.686812709756784,rdg_always_on,0.3806107274737159,0.0
Wang,42,safe_rdg_calibrated_logistic_explore,0.9694165426212082,0.9240608670102626,0.9930664985817838,,,,0.6984532276258257,True,,0.7858779620945557,0.6931907552992126,0.9472633680008404,0.1835385805266525,0.0,False,True,False,False,2.0,0.9694165426212082,rdg_always_on,0.1835385805266525,0.0
Wang,3047,safe_rdg_calibrated_logistic_explore,-0.0232877715177915,0.0115392460552373,0.7616346254858704,,,,0.6984468781109772,True,,0.9192749834614486,0.8390556876652767,0.9813005567811744,-0.9425627549792401,0.9425627549792401,True,False,False,True,10.5,0.9685119891459418,rdg_concat_kmeans,0.049237005684493185,0.9917997606637333
Wang,3407,safe_rdg_calibrated_logistic_explore,0.966183945674643,0.9175930143850526,0.9923311272192458,,,,0.6982508803328891,True,,0.9017862468606084,0.8130162668208292,0.9770984347095283,0.06439769881403468,0.0,False,True,False,False,4.0,0.9680391658521181,rdg_concat_kmeans,0.06625291899150976,0.001855220177475081
Young,42,safe_rdg_calibrated_logistic_explore,0.4903278727129848,0.6850848509387736,0.6689533861037819,,,,0.7270139894214507,True,,0.4157136308162924,0.5767530884985705,0.6809146877748461,0.07461424189669236,0.0,False,True,False,False,3.5,0.5050026059812447,rdg_gene_only,0.08928897516495227,0.01467473326825991
Young,3047,safe_rdg_calibrated_logistic_explore,0.5454235744543454,0.7029781005487384,0.6988566402814423,,,,0.7405882995351125,True,,0.5008383814309246,0.6497936951187564,0.6768689533861038,0.04458519302342079,0.0,False,True,False,False,4.0,0.5628552777328516,rdg_gene_only,0.06201689630192697,0.017431703278506183
Young,3407,safe_rdg_calibrated_logistic_explore,0.5028722053281717,0.6910013882493993,0.6772207563764292,,,,0.7237944865693422,True,,0.4620449657559772,0.6052222998974103,0.6469656992084433,0.040827239572194474,0.0,False,True,False,False,5.0,0.6271286621225011,rdg_concat_kmeans,0.16508369636652387,0.1242564567943294
worm_neuron_cell,42,safe_rdg_calibrated_logistic_explore,0.1552664746585038,0.4534249208286463,0.5076445293836598,,,,0.7947103766478677,True,,0.13605756307253275,0.3546057939895417,0.4151935021500239,0.019208911585971045,0.0,False,True,False,False,4.5,0.19965519089788453,rdg_gene_only,0.06359762782535178,0.04438871623938073
worm_neuron_cell,3047,safe_rdg_calibrated_logistic_explore,0.2020555635067072,0.5047139144582169,0.5597228858098423,,,,0.792601930473031,True,,0.19366529709231248,0.44363888044793104,0.5353559483994267,0.00839026641439472,0.0,False,True,False,False,4.5,0.21747494289275945,rdg_gene_only,0.023809645800446977,0.015419379386052257
worm_neuron_cell,3407,safe_rdg_calibrated_logistic_explore,0.2108724407998285,0.5162437408941999,0.5661729574773053,,,,0.7863487796814226,True,,0.09062845440340295,0.3412685567335363,0.38509316770186336,0.12024398639642556,0.0,False,True,False,False,4.0,0.23130669257173384,rdg_gene_only,0.1406782381683309,0.020434251771905332
