dataset,seed,variant,ari,nmi,acc,f1_macro,q_cell,q_gene,q_total,graph_enabled,negative_control,pca_ari,pca_nmi,pca_acc,delta_ari_vs_pca,regret_vs_pca,negative_transfer,win_vs_pca,tie_vs_pca,loss_vs_pca,rank_ari_desc,oracle_ari,oracle_source_variant,oracle_gain_vs_pca,oracle_gap
Bach,42,pca_kmeans,0.9070452639393837,0.8808851758613776,0.9233954451345756,0.701724242733718,0.4720939640328175,0.8012514649742162,0.6366727145035168,False,,0.9070452639393837,0.8808851758613776,0.9233954451345756,0.0,0.0,False,False,True,False,3.0,0.9121986183872698,rdg_gene_only,0.005153354447886116,0.005153354447886116
Bach,42,pca_spectral_kmeans,0.7608318912739093,0.7712370919791158,0.7974896480331263,0.5218697345664804,0.4720939640328175,0.8012514649742162,0.6366727145035168,False,,0.9070452639393837,0.8808851758613776,0.9233954451345756,-0.1462133726654744,0.1462133726654744,True,False,False,True,9.0,0.9121986183872698,rdg_gene_only,0.005153354447886116,0.15136672711336052
Bach,42,rdg_cell_only,0.7961130291128582,0.7743045513326215,0.8733178053830227,0.5637649263354654,0.4720939640328175,0.8012514649742162,0.6366727145035168,True,,0.9070452639393837,0.8808851758613776,0.9233954451345756,-0.11093223482652548,0.11093223482652548,True,False,False,True,8.0,0.9121986183872698,rdg_gene_only,0.005153354447886116,0.1160855892744116
Bach,42,rdg_gene_only,0.9121986183872698,0.8755774372844366,0.9145962732919255,0.7649936484257072,0.4720939640328175,0.8012514649742162,0.6366727145035168,True,,0.9070452639393837,0.8808851758613776,0.9233954451345756,0.005153354447886116,0.0,False,True,False,False,1.0,0.9121986183872698,rdg_gene_only,0.005153354447886116,0.0
Bach,42,rdg_concat_kmeans,0.8971830906793512,0.8504009235858454,0.900491718426501,0.698670866435563,0.4720939640328175,0.8012514649742162,0.6366727145035168,False,,0.9070452639393837,0.8808851758613776,0.9233954451345756,-0.00986217326003247,0.00986217326003247,True,False,False,True,6.0,0.9121986183872698,rdg_gene_only,0.005153354447886116,0.015015527707918586
Bach,42,rdg_always_on,0.8671766174979072,0.8407160954070846,0.8763802622498275,0.6426613944606921,0.4720939640328175,0.8012514649742162,0.6366727145035168,True,,0.9070452639393837,0.8808851758613776,0.9233954451345756,-0.039868646441476474,0.039868646441476474,True,False,False,True,7.0,0.9121986183872698,rdg_gene_only,0.005153354447886116,0.04502200088936259
Bach,42,safe_rdg_heuristic,0.9108107036711292,0.8740839999734717,0.9140355417529331,0.7645591716251656,0.4720939640328175,0.8012514649742162,0.6366727145035168,True,,0.9070452639393837,0.8808851758613776,0.9233954451345756,0.003765439731745479,0.0,False,True,False,False,2.0,0.9121986183872698,rdg_gene_only,0.005153354447886116,0.0013879147161406369
Bach,42,neg_random_cell_graph,0.7059245437351899,0.6592133236067973,0.7716528640441684,0.40741525770796494,0.4720939640328175,0.8012514649742162,0.6366727145035168,True,random_cell_graph,0.9070452639393837,0.8808851758613776,0.9233954451345756,-0.2011207202041938,0.2011207202041938,True,False,False,True,10.0,0.9121986183872698,rdg_gene_only,0.005153354447886116,0.20627407465207992
Bach,42,neg_degree_shuffle_graph,-0.0004245762125333293,0.004966924506005869,0.3352311939268461,0.06681831341415778,0.4720939640328175,0.8012514649742162,0.6366727145035168,True,degree_preserving_shuffled_cell_graph,0.9070452639393837,0.8808851758613776,0.9233954451345756,-0.907469840151917,0.907469840151917,True,False,False,True,12.0,0.9121986183872698,rdg_gene_only,0.005153354447886116,0.9126231945998031
Bach,42,neg_shuffled_gene_cell_graph,0.06509590501404493,0.0743914886565052,0.3017167011732229,0.20919529556523647,0.4720939640328175,0.8012514649742162,0.6366727145035168,True,shuffled_gene_module_cell_graph,0.9070452639393837,0.8808851758613776,0.9233954451345756,-0.8419493589253387,0.8419493589253387,True,False,False,True,11.0,0.9121986183872698,rdg_gene_only,0.005153354447886116,0.8471027133732248
Bach,3047,pca_kmeans,0.9079326879492304,0.8800681250064534,0.9217995169082126,0.6940164352469111,0.4720939640328175,0.8003032617391037,0.6361986128859606,False,,0.9079326879492304,0.8800681250064534,0.9217995169082126,0.0,0.0,False,False,True,False,3.0,0.9174457962325993,rdg_concat_kmeans,0.00951310828336882,0.00951310828336882
Bach,3047,pca_spectral_kmeans,0.7921021654918909,0.7703828192723652,0.8734903381642513,0.6380523810004395,0.4720939640328175,0.8003032617391037,0.6361986128859606,False,,0.9079326879492304,0.8800681250064534,0.9217995169082126,-0.11583052245733949,0.11583052245733949,True,False,False,True,9.0,0.9174457962325993,rdg_concat_kmeans,0.00951310828336882,0.1253436307407083
Bach,3047,rdg_cell_only,0.7961130291128582,0.7743045513326215,0.8733178053830227,0.5637649263354654,0.4720939640328175,0.8003032617391037,0.6361986128859606,True,,0.9079326879492304,0.8800681250064534,0.9217995169082126,-0.11181965883637224,0.11181965883637224,True,False,False,True,8.0,0.9174457962325993,rdg_concat_kmeans,0.00951310828336882,0.12133276711974106
Bach,3047,rdg_gene_only,0.8362404513945679,0.8375529915463867,0.9044168391994479,0.7496109840079805,0.4720939640328175,0.8003032617391037,0.6361986128859606,True,,0.9079326879492304,0.8800681250064534,0.9217995169082126,-0.0716922365546625,0.0716922365546625,True,False,False,True,7.0,0.9174457962325993,rdg_concat_kmeans,0.00951310828336882,0.08120534483803132
Bach,3047,rdg_concat_kmeans,0.9174457962325993,0.8909269480361379,0.9290027605244997,0.6934344156398089,0.4720939640328175,0.8003032617391037,0.6361986128859606,False,,0.9079326879492304,0.8800681250064534,0.9217995169082126,0.00951310828336882,0.0,False,True,False,False,1.0,0.9174457962325993,rdg_concat_kmeans,0.00951310828336882,0.0
Bach,3047,rdg_always_on,0.8556533823442871,0.8323288515537339,0.9045893719806763,0.7462738407639203,0.4720939640328175,0.8003032617391037,0.6361986128859606,True,,0.9079326879492304,0.8800681250064534,0.9217995169082126,-0.052279305604943316,0.052279305604943316,True,False,False,True,6.0,0.9174457962325993,rdg_concat_kmeans,0.00951310828336882,0.06179241388831214
Bach,3047,safe_rdg_heuristic,0.8588542035518308,0.8261761501661037,0.8202639751552795,0.6231149207088063,0.4720939640328175,0.8003032617391037,0.6361986128859606,True,,0.9079326879492304,0.8800681250064534,0.9217995169082126,-0.04907848439739959,0.04907848439739959,True,False,False,True,5.0,0.9174457962325993,rdg_concat_kmeans,0.00951310828336882,0.05859159268076841
Bach,3047,neg_random_cell_graph,0.6018120529356492,0.6035575061685042,0.772299861973775,0.4210099463301366,0.4720939640328175,0.8003032617391037,0.6361986128859606,True,random_cell_graph,0.9079326879492304,0.8800681250064534,0.9217995169082126,-0.3061206350135812,0.3061206350135812,True,False,False,True,10.0,0.9174457962325993,rdg_concat_kmeans,0.00951310828336882,0.31563374329695004
Bach,3047,neg_degree_shuffle_graph,-0.0002708309476356946,0.0014171268587488792,0.3337646652864044,0.06328663768537328,0.4720939640328175,0.8003032617391037,0.6361986128859606,True,degree_preserving_shuffled_cell_graph,0.9079326879492304,0.8800681250064534,0.9217995169082126,-0.9082035188968661,0.9082035188968661,True,False,False,True,12.0,0.9174457962325993,rdg_concat_kmeans,0.00951310828336882,0.917716627180235
Bach,3047,neg_shuffled_gene_cell_graph,0.05417413210553965,0.05414191494307467,0.329235679779158,0.1978169004528126,0.4720939640328175,0.8003032617391037,0.6361986128859606,True,shuffled_gene_module_cell_graph,0.9079326879492304,0.8800681250064534,0.9217995169082126,-0.8537585558436908,0.8537585558436908,True,False,False,True,11.0,0.9174457962325993,rdg_concat_kmeans,0.00951310828336882,0.8632716641270596
Bach,3407,pca_kmeans,0.9067522431832559,0.8795040703662669,0.9187370600414079,0.6781431981602648,0.4720939640328175,0.7988559754778,0.6354749697553087,False,,0.9067522431832559,0.8795040703662669,0.9187370600414079,0.0,0.0,False,False,True,False,4.0,0.9277237989533923,rdg_always_on,0.02097155577013643,0.02097155577013643
Bach,3407,pca_spectral_kmeans,0.803541790925717,0.7769380887641937,0.8760351966873706,0.6386434442821217,0.4720939640328175,0.7988559754778,0.6354749697553087,False,,0.9067522431832559,0.8795040703662669,0.9187370600414079,-0.10321045225753889,0.10321045225753889,True,False,False,True,8.0,0.9277237989533923,rdg_always_on,0.02097155577013643,0.12418200802767532
Bach,3407,rdg_cell_only,0.7961130291128582,0.7743045513326215,0.8733178053830227,0.5637649263354654,0.4720939640328175,0.7988559754778,0.6354749697553087,True,,0.9067522431832559,0.8795040703662669,0.9187370600414079,-0.11063921407039767,0.11063921407039767,True,False,False,True,9.0,0.9277237989533923,rdg_always_on,0.02097155577013643,0.1316107698405341
Bach,3407,rdg_gene_only,0.8275261430091709,0.8209404355058987,0.8568409247757074,0.7230730014840057,0.4720939640328175,0.7988559754778,0.6354749697553087,True,,0.9067522431832559,0.8795040703662669,0.9187370600414079,-0.07922610017408493,0.07922610017408493,True,False,False,True,6.0,0.9277237989533923,rdg_always_on,0.02097155577013643,0.10019765594422136
Bach,3407,rdg_concat_kmeans,0.8040355737543862,0.7976443613871137,0.8120686680469289,0.6567860090162492,0.4720939640328175,0.7988559754778,0.6354749697553087,False,,0.9067522431832559,0.8795040703662669,0.9187370600414079,-0.1027166694288697,0.1027166694288697,True,False,False,True,7.0,0.9277237989533923,rdg_always_on,0.02097155577013643,0.12368822519900613
Bach,3407,rdg_always_on,0.9277237989533923,0.8919156781643048,0.9506124913733609,0.8063450038819924,0.4720939640328175,0.7988559754778,0.6354749697553087,True,,0.9067522431832559,0.8795040703662669,0.9187370600414079,0.02097155577013643,0.0,False,True,False,False,1.0,0.9277237989533923,rdg_always_on,0.02097155577013643,0.0
Bach,3407,safe_rdg_heuristic,0.8624987486694852,0.8493070169120682,0.9111456176673568,0.683747503619367,0.4720939640328175,0.7988559754778,0.6354749697553087,True,,0.9067522431832559,0.8795040703662669,0.9187370600414079,-0.0442534945137707,0.0442534945137707,True,False,False,True,5.0,0.9277237989533923,rdg_always_on,0.02097155577013643,0.06522505028390713
Bach,3407,neg_random_cell_graph,0.782687794120537,0.7296133340879828,0.8639579020013802,0.5498839949780387,0.4720939640328175,0.7988559754778,0.6354749697553087,True,random_cell_graph,0.9067522431832559,0.8795040703662669,0.9187370600414079,-0.12406444906271885,0.12406444906271885,True,False,False,True,10.0,0.9277237989533923,rdg_always_on,0.02097155577013643,0.14503600483285528
Bach,3407,neg_degree_shuffle_graph,-0.000378354966337539,0.0018160332081693358,0.3334195997239475,0.06401467956264052,0.4720939640328175,0.7988559754778,0.6354749697553087,True,degree_preserving_shuffled_cell_graph,0.9067522431832559,0.8795040703662669,0.9187370600414079,-0.9071305981495934,0.9071305981495934,True,False,False,True,12.0,0.9277237989533923,rdg_always_on,0.02097155577013643,0.9281021539197298
Bach,3407,neg_shuffled_gene_cell_graph,0.05431857131770933,0.07051445126681655,0.2844634230503796,0.2451214272480496,0.4720939640328175,0.7988559754778,0.6354749697553087,True,shuffled_gene_module_cell_graph,0.9067522431832559,0.8795040703662669,0.9187370600414079,-0.8524336718655465,0.8524336718655465,True,False,False,True,11.0,0.9277237989533923,rdg_always_on,0.02097155577013643,0.873405227635683
Baron,42,pca_kmeans,0.7528924942492335,0.7884324434803549,0.8059283463648034,0.6392041505415531,0.5313971207604888,0.8327239841583411,0.682060552459415,False,,0.7528924942492335,0.7884324434803549,0.8059283463648034,0.0,0.0,False,False,True,False,3.0,0.7528924942492335,pca_kmeans,0.0,0.0
Baron,42,pca_spectral_kmeans,0.7182566646091475,0.7750655973722808,0.7942583732057417,0.6247220333457323,0.5313971207604888,0.8327239841583411,0.682060552459415,False,,0.7528924942492335,0.7884324434803549,0.8059283463648034,-0.03463582964008605,0.03463582964008605,True,False,False,True,6.0,0.7528924942492335,pca_kmeans,0.0,0.03463582964008605
Baron,42,rdg_cell_only,0.7212276873698376,0.7774464337205795,0.7953086707900572,0.6258483673437121,0.5313971207604888,0.8327239841583411,0.682060552459415,True,,0.7528924942492335,0.7884324434803549,0.8059283463648034,-0.03166480687939599,0.03166480687939599,True,False,False,True,5.0,0.7528924942492335,pca_kmeans,0.0,0.03166480687939599
Baron,42,rdg_gene_only,0.6733314161716322,0.7498206580618896,0.7290232232465865,0.5446423333848045,0.5313971207604888,0.8327239841583411,0.682060552459415,True,,0.7528924942492335,0.7884324434803549,0.8059283463648034,-0.07956107807760138,0.07956107807760138,True,False,False,True,9.0,0.7528924942492335,pca_kmeans,0.0,0.07956107807760138
Baron,42,rdg_concat_kmeans,0.6653383806099542,0.7536011466543102,0.7934414750846073,0.5230622327498722,0.5313971207604888,0.8327239841583411,0.682060552459415,False,,0.7528924942492335,0.7884324434803549,0.8059283463648034,-0.08755411363927934,0.08755411363927934,True,False,False,True,10.0,0.7528924942492335,pca_kmeans,0.0,0.08755411363927934
Baron,42,rdg_always_on,0.6750721825574023,0.7503838453246643,0.7314739176099895,0.5456298050380851,0.5313971207604888,0.8327239841583411,0.682060552459415,True,,0.7528924942492335,0.7884324434803549,0.8059283463648034,-0.07782031169183123,0.07782031169183123,True,False,False,True,7.0,0.7528924942492335,pca_kmeans,0.0,0.07782031169183123
Baron,42,safe_rdg_heuristic,0.6734664273643992,0.7498655139851557,0.7293733224413583,0.5445906320252164,0.5313971207604888,0.8327239841583411,0.682060552459415,True,,0.7528924942492335,0.7884324434803549,0.8059283463648034,-0.07942606688483433,0.07942606688483433,True,False,False,True,8.0,0.7528924942492335,pca_kmeans,0.0,0.07942606688483433
Baron,42,neg_random_cell_graph,0.7938379504748686,0.7771130178071857,0.8358034776520014,0.6802354714585924,0.5313971207604888,0.8327239841583411,0.682060552459415,True,random_cell_graph,0.7528924942492335,0.7884324434803549,0.8059283463648034,0.04094545622563506,0.0,False,True,False,False,1.0,0.7528924942492335,pca_kmeans,0.0,-0.04094545622563506
Baron,42,neg_degree_shuffle_graph,0.21128082959911032,0.4809780266163117,0.48220329093243086,0.5731273381078026,0.5313971207604888,0.8327239841583411,0.682060552459415,True,degree_preserving_shuffled_cell_graph,0.7528924942492335,0.7884324434803549,0.8059283463648034,-0.5416116646501232,0.5416116646501232,True,False,False,True,12.0,0.7528924942492335,pca_kmeans,0.0,0.5416116646501232
Baron,42,neg_shuffled_gene_cell_graph,0.3475268930435739,0.3758358713340398,0.5854825533901272,0.45655111342900684,0.5313971207604888,0.8327239841583411,0.682060552459415,True,shuffled_gene_module_cell_graph,0.7528924942492335,0.7884324434803549,0.8059283463648034,-0.4053656012056596,0.4053656012056596,True,False,False,True,11.0,0.7528924942492335,pca_kmeans,0.0,0.4053656012056596
Baron,3047,pca_kmeans,0.7644764343670744,0.7994031676038268,0.8372038744310888,0.6436626840180942,0.5287950298818461,0.8329130229809338,0.68085402643139,False,,0.7644764343670744,0.7994031676038268,0.8372038744310888,0.0,0.0,False,False,True,False,5.0,0.8618998569802767,rdg_cell_only,0.09742342261320236,0.09742342261320236
Baron,3047,pca_spectral_kmeans,0.8449155212731652,0.8248833032067183,0.8601937215544404,0.69594478756834,0.5287950298818461,0.8329130229809338,0.68085402643139,False,,0.7644764343670744,0.7994031676038268,0.8372038744310888,0.0804390869060908,0.0,False,True,False,False,2.0,0.8618998569802767,rdg_cell_only,0.09742342261320236,0.016984335707111553
Baron,3047,rdg_cell_only,0.8618998569802767,0.8353846410704131,0.9040728206325126,0.7163354791700192,0.5287950298818461,0.8329130229809338,0.68085402643139,True,,0.7644764343670744,0.7994031676038268,0.8372038744310888,0.09742342261320236,0.0,False,True,False,False,1.0,0.8618998569802767,rdg_cell_only,0.09742342261320236,0.0
Baron,3047,rdg_gene_only,0.6706978534433932,0.746532078968651,0.7273894270043179,0.5457499943674782,0.5287950298818461,0.8329130229809338,0.68085402643139,True,,0.7644764343670744,0.7994031676038268,0.8372038744310888,-0.09377858092368119,0.09377858092368119,True,False,False,True,8.0,0.8618998569802767,rdg_cell_only,0.09742342261320236,0.19120200353688355
Baron,3047,rdg_concat_kmeans,0.6369884105745319,0.74173672834244,0.7825884000466798,0.6307069689327773,0.5287950298818461,0.8329130229809338,0.68085402643139,False,,0.7644764343670744,0.7994031676038268,0.8372038744310888,-0.12748802379254243,0.12748802379254243,True,False,False,True,10.0,0.8618998569802767,rdg_cell_only,0.09742342261320236,0.22491144640574479
Baron,3047,rdg_always_on,0.6704936411617899,0.7468519761239483,0.7708017271560276,0.5987063401973015,0.5287950298818461,0.8329130229809338,0.68085402643139,True,,0.7644764343670744,0.7994031676038268,0.8372038744310888,-0.09398279320528447,0.09398279320528447,True,False,False,True,9.0,0.8618998569802767,rdg_cell_only,0.09742342261320236,0.19140621581848682
Baron,3047,safe_rdg_heuristic,0.6715255630830393,0.7471656570141934,0.7299568210993115,0.5444348718580907,0.5287950298818461,0.8329130229809338,0.68085402643139,True,,0.7644764343670744,0.7994031676038268,0.8372038744310888,-0.09295087128403501,0.09295087128403501,True,False,False,True,7.0,0.8618998569802767,rdg_cell_only,0.09742342261320236,0.19037429389723737
Baron,3047,neg_random_cell_graph,0.818186419229012,0.7930112360159187,0.847823550005835,0.7543954486298607,0.5287950298818461,0.8329130229809338,0.68085402643139,True,random_cell_graph,0.7644764343670744,0.7994031676038268,0.8372038744310888,0.053709984861937676,0.0,False,True,False,False,3.0,0.8618998569802767,rdg_cell_only,0.09742342261320236,0.04371343775126468
Baron,3047,neg_degree_shuffle_graph,0.2139093338909963,0.4657491520774495,0.47029991831018786,0.5226974591869007,0.5287950298818461,0.8329130229809338,0.68085402643139,True,degree_preserving_shuffled_cell_graph,0.7644764343670744,0.7994031676038268,0.8372038744310888,-0.550567100476078,0.550567100476078,True,False,False,True,11.0,0.8618998569802767,rdg_cell_only,0.09742342261320236,0.6479905230892804
Baron,3047,neg_shuffled_gene_cell_graph,0.10942037901732449,0.22111951348047323,0.3782238300851908,0.32401723745631045,0.5287950298818461,0.8329130229809338,0.68085402643139,True,shuffled_gene_module_cell_graph,0.7644764343670744,0.7994031676038268,0.8372038744310888,-0.6550560553497499,0.6550560553497499,True,False,False,True,12.0,0.8618998569802767,rdg_cell_only,0.09742342261320236,0.7524794779629522
Baron,3407,pca_kmeans,0.7490586167603699,0.7830288455639554,0.8051114482436691,0.6203735255458919,0.5262321356819201,0.8332053020428984,0.6797187188624092,False,,0.7490586167603699,0.7830288455639554,0.8051114482436691,0.0,0.0,False,False,True,False,3.0,0.7490586167603699,pca_kmeans,0.0,0.0
Baron,3407,pca_spectral_kmeans,0.7204525948131043,0.7772824486273977,0.7967090675691446,0.6260119648281707,0.5262321356819201,0.8332053020428984,0.6797187188624092,False,,0.7490586167603699,0.7830288455639554,0.8051114482436691,-0.02860602194726558,0.02860602194726558,True,False,False,True,5.0,0.7490586167603699,pca_kmeans,0.0,0.02860602194726558
Baron,3407,rdg_cell_only,0.7190318477538151,0.7763638955879539,0.7967090675691446,0.6267550156184069,0.5262321356819201,0.8332053020428984,0.6797187188624092,True,,0.7490586167603699,0.7830288455639554,0.8051114482436691,-0.030026769006554765,0.030026769006554765,True,False,False,True,6.0,0.7490586167603699,pca_kmeans,0.0,0.030026769006554765
Baron,3407,rdg_gene_only,0.6725030973368241,0.7480397024958056,0.7293733224413583,0.546976259312001,0.5262321356819201,0.8332053020428984,0.6797187188624092,True,,0.7490586167603699,0.7830288455639554,0.8051114482436691,-0.07655551942354577,0.07655551942354577,True,False,False,True,9.0,0.7490586167603699,pca_kmeans,0.0,0.07655551942354577
Baron,3407,rdg_concat_kmeans,0.6358155074087678,0.7579323098209724,0.7425603921110981,0.6180355237475544,0.5262321356819201,0.8332053020428984,0.6797187188624092,False,,0.7490586167603699,0.7830288455639554,0.8051114482436691,-0.11324310935160209,0.11324310935160209,True,False,False,True,10.0,0.7490586167603699,pca_kmeans,0.0,0.11324310935160209
Baron,3407,rdg_always_on,0.6750754532995645,0.7498742269668578,0.7332244135838487,0.5471115157838835,0.5262321356819201,0.8332053020428984,0.6797187188624092,True,,0.7490586167603699,0.7830288455639554,0.8051114482436691,-0.07398316346080536,0.07398316346080536,True,False,False,True,7.0,0.7490586167603699,pca_kmeans,0.0,0.07398316346080536
Baron,3407,safe_rdg_heuristic,0.6737888818097247,0.7494501262572381,0.7318240168047614,0.5464647956137364,0.5262321356819201,0.8332053020428984,0.6797187188624092,True,,0.7490586167603699,0.7830288455639554,0.8051114482436691,-0.07526973495064515,0.07526973495064515,True,False,False,True,8.0,0.7490586167603699,pca_kmeans,0.0,0.07526973495064515
Baron,3407,neg_random_cell_graph,0.7961070343828721,0.7795468610303736,0.8527249387326409,0.6903851080163456,0.5262321356819201,0.8332053020428984,0.6797187188624092,True,random_cell_graph,0.7490586167603699,0.7830288455639554,0.8051114482436691,0.047048417622502225,0.0,False,True,False,False,1.0,0.7490586167603699,pca_kmeans,0.0,-0.047048417622502225
Baron,3407,neg_degree_shuffle_graph,0.2201818226361614,0.5055264542508359,0.4878048780487805,0.5811260659731807,0.5262321356819201,0.8332053020428984,0.6797187188624092,True,degree_preserving_shuffled_cell_graph,0.7490586167603699,0.7830288455639554,0.8051114482436691,-0.5288767941242085,0.5288767941242085,True,False,False,True,12.0,0.7490586167603699,pca_kmeans,0.0,0.5288767941242085
Baron,3407,neg_shuffled_gene_cell_graph,0.24105743049525724,0.319588434507068,0.4963239584548956,0.40271528860221284,0.5262321356819201,0.8332053020428984,0.6797187188624092,True,shuffled_gene_module_cell_graph,0.7490586167603699,0.7830288455639554,0.8051114482436691,-0.5080011862651126,0.5080011862651126,True,False,False,True,11.0,0.7490586167603699,pca_kmeans,0.0,0.5080011862651126
Guo,42,pca_kmeans,0.6878002248491252,0.7850156150360377,0.6869029275808937,0.5834355799829344,0.5538149505180601,0.8187918570124686,0.6863034037652643,False,,0.6878002248491252,0.7850156150360377,0.6869029275808937,0.0,0.0,False,False,True,False,4.0,0.7532723700006099,pca_spectral_kmeans,0.0654721451514847,0.0654721451514847
Guo,42,pca_spectral_kmeans,0.7532723700006099,0.8081999064673719,0.8309707241910632,0.7472324311324461,0.5538149505180601,0.8187918570124686,0.6863034037652643,False,,0.6878002248491252,0.7850156150360377,0.6869029275808937,0.0654721451514847,0.0,False,True,False,False,1.0,0.7532723700006099,pca_spectral_kmeans,0.0654721451514847,0.0
Guo,42,rdg_cell_only,0.7325217180821785,0.8110974736202826,0.8155624036979969,0.7032292693947744,0.5538149505180601,0.8187918570124686,0.6863034037652643,True,,0.6878002248491252,0.7850156150360377,0.6869029275808937,0.0447214932330533,0.0,False,True,False,False,2.0,0.7532723700006099,pca_spectral_kmeans,0.0654721451514847,0.020750651918431395
Guo,42,rdg_gene_only,0.5904379600710431,0.7233747231439049,0.6873651771956857,0.4993344251852509,0.5538149505180601,0.8187918570124686,0.6863034037652643,True,,0.6878002248491252,0.7850156150360377,0.6869029275808937,-0.09736226477808207,0.09736226477808207,True,False,False,True,9.0,0.7532723700006099,pca_spectral_kmeans,0.0654721451514847,0.16283440992956677
Guo,42,rdg_concat_kmeans,0.6460657005428697,0.7479693730287915,0.6884437596302003,0.4921941853291752,0.5538149505180601,0.8187918570124686,0.6863034037652643,False,,0.6878002248491252,0.7850156150360377,0.6869029275808937,-0.04173452430625546,0.04173452430625546,True,False,False,True,7.0,0.7532723700006099,pca_spectral_kmeans,0.0654721451514847,0.10720666945774016
Guo,42,rdg_always_on,0.6819671154697015,0.7716186644439097,0.7408320493066256,0.5942559057829316,0.5538149505180601,0.8187918570124686,0.6863034037652643,True,,0.6878002248491252,0.7850156150360377,0.6869029275808937,-0.005833109379423718,0.005833109379423718,True,False,False,True,6.0,0.7532723700006099,pca_spectral_kmeans,0.0654721451514847,0.07130525453090841
Guo,42,safe_rdg_heuristic,0.5792751903686,0.7195511831499526,0.6787365177195686,0.49934585137868326,0.5538149505180601,0.8187918570124686,0.6863034037652643,True,,0.6878002248491252,0.7850156150360377,0.6869029275808937,-0.1085250344805252,0.1085250344805252,True,False,False,True,10.0,0.7532723700006099,pca_spectral_kmeans,0.0654721451514847,0.1739971796320099
Guo,42,neg_random_cell_graph,0.628921394130648,0.6877811871923283,0.7129429892141756,0.5571896787414302,0.5538149505180601,0.8187918570124686,0.6863034037652643,True,random_cell_graph,0.6878002248491252,0.7850156150360377,0.6869029275808937,-0.058878830718477215,0.058878830718477215,True,False,False,True,8.0,0.7532723700006099,pca_spectral_kmeans,0.0654721451514847,0.12435097586996191
Guo,42,neg_degree_shuffle_graph,0.00043838545899253724,0.029905428202812296,0.30154083204930665,0.11180961515130276,0.5538149505180601,0.8187918570124686,0.6863034037652643,True,degree_preserving_shuffled_cell_graph,0.6878002248491252,0.7850156150360377,0.6869029275808937,-0.6873618393901326,0.6873618393901326,True,False,False,True,12.0,0.7532723700006099,pca_spectral_kmeans,0.0654721451514847,0.7528339845416173
Guo,42,neg_shuffled_gene_cell_graph,0.11605157093484471,0.21658572796060857,0.3593220338983051,0.3120374398227231,0.5538149505180601,0.8187918570124686,0.6863034037652643,True,shuffled_gene_module_cell_graph,0.6878002248491252,0.7850156150360377,0.6869029275808937,-0.5717486539142804,0.5717486539142804,True,False,False,True,11.0,0.7532723700006099,pca_spectral_kmeans,0.0654721451514847,0.6372207990657651
Guo,3047,pca_kmeans,0.8104625336770283,0.8413710525279111,0.8329738058551618,0.7139754935803658,0.5507372830448699,0.8187092372071092,0.6847232601259896,False,,0.8104625336770283,0.8413710525279111,0.8329738058551618,0.0,0.0,False,False,True,False,2.0,0.8104625336770283,pca_kmeans,0.0,0.0
Guo,3047,pca_spectral_kmeans,0.8048056997098783,0.8286706655812645,0.847919876733436,0.7295227695773012,0.5507372830448699,0.8187092372071092,0.6847232601259896,False,,0.8104625336770283,0.8413710525279111,0.8329738058551618,-0.005656833967149999,0.005656833967149999,True,False,False,True,4.0,0.8104625336770283,pca_kmeans,0.0,0.005656833967149999
Guo,3047,rdg_cell_only,0.7621190434580235,0.8189060606053571,0.8503852080123266,0.7755606916642179,0.5507372830448699,0.8187092372071092,0.6847232601259896,True,,0.8104625336770283,0.8413710525279111,0.8329738058551618,-0.04834349021900475,0.04834349021900475,True,False,False,True,5.0,0.8104625336770283,pca_kmeans,0.0,0.04834349021900475
Guo,3047,rdg_gene_only,0.6559501943081011,0.7415958028178744,0.7135593220338983,0.5411710678829357,0.5507372830448699,0.8187092372071092,0.6847232601259896,True,,0.8104625336770283,0.8413710525279111,0.8329738058551618,-0.15451233936892717,0.15451233936892717,True,False,False,True,9.0,0.8104625336770283,pca_kmeans,0.0,0.15451233936892717
Guo,3047,rdg_concat_kmeans,0.7050702957958218,0.8006827033824989,0.7718027734976888,0.6585134737111599,0.5507372830448699,0.8187092372071092,0.6847232601259896,False,,0.8104625336770283,0.8413710525279111,0.8329738058551618,-0.10539223788120644,0.10539223788120644,True,False,False,True,6.0,0.8104625336770283,pca_kmeans,0.0,0.10539223788120644
Guo,3047,rdg_always_on,0.6799202086978474,0.77150018126311,0.7405238828967643,0.5946588464936527,0.5507372830448699,0.8187092372071092,0.6847232601259896,True,,0.8104625336770283,0.8413710525279111,0.8329738058551618,-0.13054232497918083,0.13054232497918083,True,False,False,True,7.0,0.8104625336770283,pca_kmeans,0.0,0.13054232497918083
Guo,3047,safe_rdg_heuristic,0.678627262308532,0.7701860045542354,0.7412942989214175,0.5952445668002797,0.5507372830448699,0.8187092372071092,0.6847232601259896,True,,0.8104625336770283,0.8413710525279111,0.8329738058551618,-0.13183527136849627,0.13183527136849627,True,False,False,True,8.0,0.8104625336770283,pca_kmeans,0.0,0.13183527136849627
Guo,3047,neg_random_cell_graph,0.6048735602527038,0.6836401814645906,0.7098613251155624,0.5402403882896755,0.5507372830448699,0.8187092372071092,0.6847232601259896,True,random_cell_graph,0.8104625336770283,0.8413710525279111,0.8329738058551618,-0.20558897342432447,0.20558897342432447,True,False,False,True,10.0,0.8104625336770283,pca_kmeans,0.0,0.20558897342432447
Guo,3047,neg_degree_shuffle_graph,-0.0023299972990575126,0.018299898129018024,0.2981510015408321,0.0525138471128965,0.5507372830448699,0.8187092372071092,0.6847232601259896,True,degree_preserving_shuffled_cell_graph,0.8104625336770283,0.8413710525279111,0.8329738058551618,-0.8127925309760857,0.8127925309760857,True,False,False,True,12.0,0.8104625336770283,pca_kmeans,0.0,0.8127925309760857
Guo,3047,neg_shuffled_gene_cell_graph,0.0960385037083489,0.1722880048514263,0.29106317411402155,0.24387889800843218,0.5507372830448699,0.8187092372071092,0.6847232601259896,True,shuffled_gene_module_cell_graph,0.8104625336770283,0.8413710525279111,0.8329738058551618,-0.7144240299686794,0.7144240299686794,True,False,False,True,11.0,0.8104625336770283,pca_kmeans,0.0,0.7144240299686794
Guo,3407,pca_kmeans,0.8001584618705442,0.833300346391299,0.8326656394453005,0.7501160606276155,0.552824834118583,0.8188783283551923,0.6858515812368876,False,,0.8001584618705442,0.833300346391299,0.8326656394453005,0.0,0.0,False,False,True,False,2.0,0.8001584618705442,pca_kmeans,0.0,0.0
Guo,3407,pca_spectral_kmeans,0.7434872247667617,0.8057683398583327,0.8286594761171032,0.7445946719474859,0.552824834118583,0.8188783283551923,0.6858515812368876,False,,0.8001584618705442,0.833300346391299,0.8326656394453005,-0.056671237103782524,0.056671237103782524,True,False,False,True,4.0,0.8001584618705442,pca_kmeans,0.0,0.056671237103782524
Guo,3407,rdg_cell_only,0.7243188997938363,0.794140116226518,0.8007704160246533,0.6829227813817513,0.552824834118583,0.8188783283551923,0.6858515812368876,True,,0.8001584618705442,0.833300346391299,0.8326656394453005,-0.07583956207670783,0.07583956207670783,True,False,False,True,5.0,0.8001584618705442,pca_kmeans,0.0,0.07583956207670783
Guo,3407,rdg_gene_only,0.5924736269841702,0.7259863170665457,0.6870570107858244,0.4987361206494274,0.552824834118583,0.8188783283551923,0.6858515812368876,True,,0.8001584618705442,0.833300346391299,0.8326656394453005,-0.20768483488637401,0.20768483488637401,True,False,False,True,9.0,0.8001584618705442,pca_kmeans,0.0,0.20768483488637401
Guo,3407,rdg_concat_kmeans,0.5978475804272091,0.7353181339967887,0.7275808936825886,0.5330328697213615,0.552824834118583,0.8188783283551923,0.6858515812368876,False,,0.8001584618705442,0.833300346391299,0.8326656394453005,-0.2023108814433351,0.2023108814433351,True,False,False,True,8.0,0.8001584618705442,pca_kmeans,0.0,0.2023108814433351
Guo,3407,rdg_always_on,0.678403812936532,0.7696674990004126,0.739753466872111,0.5942356868730231,0.552824834118583,0.8188783283551923,0.6858515812368876,True,,0.8001584618705442,0.833300346391299,0.8326656394453005,-0.12175464893401222,0.12175464893401222,True,False,False,True,7.0,0.8001584618705442,pca_kmeans,0.0,0.12175464893401222
Guo,3407,safe_rdg_heuristic,0.6793383258116321,0.7702724782511013,0.7414483821263482,0.595396741908608,0.552824834118583,0.8188783283551923,0.6858515812368876,True,,0.8001584618705442,0.833300346391299,0.8326656394453005,-0.12082013605891206,0.12082013605891206,True,False,False,True,6.0,0.8001584618705442,pca_kmeans,0.0,0.12082013605891206
Guo,3407,neg_random_cell_graph,0.3120103469059025,0.5437166715512977,0.5645608628659476,0.4255344720231699,0.552824834118583,0.8188783283551923,0.6858515812368876,True,random_cell_graph,0.8001584618705442,0.833300346391299,0.8326656394453005,-0.48814811496464167,0.48814811496464167,True,False,False,True,10.0,0.8001584618705442,pca_kmeans,0.0,0.48814811496464167
Guo,3407,neg_degree_shuffle_graph,0.004886002918671874,0.05663547046731543,0.31093990755007705,0.14272803048670457,0.552824834118583,0.8188783283551923,0.6858515812368876,True,degree_preserving_shuffled_cell_graph,0.8001584618705442,0.833300346391299,0.8326656394453005,-0.7952724589518723,0.7952724589518723,True,False,False,True,12.0,0.8001584618705442,pca_kmeans,0.0,0.7952724589518723
Guo,3407,neg_shuffled_gene_cell_graph,0.1316291278692174,0.23197143496708322,0.34884437596302004,0.31930910874001245,0.552824834118583,0.8188783283551923,0.6858515812368876,True,shuffled_gene_module_cell_graph,0.8001584618705442,0.833300346391299,0.8326656394453005,-0.6685293340013267,0.6685293340013267,True,False,False,True,11.0,0.8001584618705442,pca_kmeans,0.0,0.6685293340013267
Limb_Muscle,42,pca_kmeans,0.84248770707122,0.8814500114973038,0.892811460731645,0.7832185641700614,0.5833572526499715,0.874634331603558,0.7289957921267647,False,,0.84248770707122,0.8814500114973038,0.892811460731645,0.0,0.0,False,False,True,False,3.0,0.84248770707122,pca_kmeans,0.0,0.0
Limb_Muscle,42,pca_spectral_kmeans,0.7836154764375698,0.8351907108799923,0.8718342287029931,0.7778521023654719,0.5833572526499715,0.874634331603558,0.7289957921267647,False,,0.84248770707122,0.8814500114973038,0.892811460731645,-0.05887223063365021,0.05887223063365021,True,False,False,True,7.0,0.84248770707122,pca_kmeans,0.0,0.05887223063365021
Limb_Muscle,42,rdg_cell_only,0.8211798035160667,0.8730692344572647,0.8984394985929905,0.790926468114145,0.5833572526499715,0.874634331603558,0.7289957921267647,True,,0.84248770707122,0.8814500114973038,0.892811460731645,-0.02130790355515333,0.02130790355515333,True,False,False,True,5.0,0.84248770707122,pca_kmeans,0.0,0.02130790355515333
Limb_Muscle,42,rdg_gene_only,0.6450945985409625,0.7811019798746824,0.8403683806600154,0.7727431285083304,0.5833572526499715,0.874634331603558,0.7289957921267647,True,,0.84248770707122,0.8814500114973038,0.892811460731645,-0.1973931085302575,0.1973931085302575,True,False,False,True,10.0,0.84248770707122,pca_kmeans,0.0,0.1973931085302575
Limb_Muscle,42,rdg_concat_kmeans,0.7806538498585387,0.8541238954941736,0.9253005883857764,0.9471872158319347,0.5833572526499715,0.874634331603558,0.7289957921267647,False,,0.84248770707122,0.8814500114973038,0.892811460731645,-0.06183385721268131,0.06183385721268131,True,False,False,True,8.0,0.84248770707122,pca_kmeans,0.0,0.06183385721268131
Limb_Muscle,42,rdg_always_on,0.814803084046266,0.87989216288193,0.8948580199539524,0.8016120789882116,0.5833572526499715,0.874634331603558,0.7289957921267647,True,,0.84248770707122,0.8814500114973038,0.892811460731645,-0.027684623024954003,0.027684623024954003,True,False,False,True,6.0,0.84248770707122,pca_kmeans,0.0,0.027684623024954003
Limb_Muscle,42,safe_rdg_heuristic,0.7772836210908063,0.8487099323309152,0.8792530058838578,0.7770040186747601,0.5833572526499715,0.874634331603558,0.7289957921267647,True,,0.84248770707122,0.8814500114973038,0.892811460731645,-0.06520408598041372,0.06520408598041372,True,False,False,True,9.0,0.84248770707122,pca_kmeans,0.0,0.06520408598041372
Limb_Muscle,42,neg_random_cell_graph,0.9154721738264862,0.8741068257925453,0.9585571757482733,0.9455784263653834,0.5833572526499715,0.874634331603558,0.7289957921267647,True,random_cell_graph,0.84248770707122,0.8814500114973038,0.892811460731645,0.07298446675526615,0.0,False,True,False,False,1.0,0.84248770707122,pca_kmeans,0.0,-0.07298446675526615
Limb_Muscle,42,neg_degree_shuffle_graph,0.6329791612553054,0.7281318563807029,0.7638782297262727,0.5897533825375538,0.5833572526499715,0.874634331603558,0.7289957921267647,True,degree_preserving_shuffled_cell_graph,0.84248770707122,0.8814500114973038,0.892811460731645,-0.2095085458159146,0.2095085458159146,True,False,False,True,11.0,0.84248770707122,pca_kmeans,0.0,0.2095085458159146
Limb_Muscle,42,neg_shuffled_gene_cell_graph,0.1470602728622795,0.17923784439289822,0.42466103862880533,0.32696387565089563,0.5833572526499715,0.874634331603558,0.7289957921267647,True,shuffled_gene_module_cell_graph,0.84248770707122,0.8814500114973038,0.892811460731645,-0.6954274342089405,0.6954274342089405,True,False,False,True,12.0,0.84248770707122,pca_kmeans,0.0,0.6954274342089405
Limb_Muscle,3047,pca_kmeans,0.9789212840053778,0.9584044154838954,0.9833717063187516,0.9711019116756433,0.5809438436287152,0.8721303571694897,0.7265371003991025,False,,0.9789212840053778,0.9584044154838954,0.9833717063187516,0.0,0.0,False,False,True,False,2.0,0.9789212840053778,pca_kmeans,0.0,0.0
Limb_Muscle,3047,pca_spectral_kmeans,0.8419939021579614,0.8776824949197609,0.9145561524686621,0.8300710610212828,0.5809438436287152,0.8721303571694897,0.7265371003991025,False,,0.9789212840053778,0.9584044154838954,0.9833717063187516,-0.13692738184741637,0.13692738184741637,True,False,False,True,5.0,0.9789212840053778,pca_kmeans,0.0,0.13692738184741637
Limb_Muscle,3047,rdg_cell_only,0.9478650097501632,0.9258842254425834,0.97544128933231,0.9669823194011115,0.5809438436287152,0.8721303571694897,0.7265371003991025,True,,0.9789212840053778,0.9584044154838954,0.9833717063187516,-0.031056274255214622,0.031056274255214622,True,False,False,True,4.0,0.9789212840053778,pca_kmeans,0.0,0.031056274255214622
Limb_Muscle,3047,rdg_gene_only,0.8191202260383529,0.8778603513415799,0.886415963161934,0.7966856888052218,0.5809438436287152,0.8721303571694897,0.7265371003991025,True,,0.9789212840053778,0.9584044154838954,0.9833717063187516,-0.15980105796702493,0.15980105796702493,True,False,False,True,6.0,0.9789212840053778,pca_kmeans,0.0,0.15980105796702493
Limb_Muscle,3047,rdg_concat_kmeans,0.5498814043966861,0.7311837532400102,0.7715528268099258,0.7276666912202083,0.5809438436287152,0.8721303571694897,0.7265371003991025,False,,0.9789212840053778,0.9584044154838954,0.9833717063187516,-0.4290398796086917,0.4290398796086917,True,False,False,True,11.0,0.9789212840053778,pca_kmeans,0.0,0.4290398796086917
Limb_Muscle,3047,rdg_always_on,0.6446861128504853,0.783026784514564,0.8403683806600154,0.7732869512595523,0.5809438436287152,0.8721303571694897,0.7265371003991025,True,,0.9789212840053778,0.9584044154838954,0.9833717063187516,-0.33423517115489254,0.33423517115489254,True,False,False,True,7.0,0.9789212840053778,pca_kmeans,0.0,0.33423517115489254
Limb_Muscle,3047,safe_rdg_heuristic,0.5611791880871809,0.7443656236304388,0.7255052443080071,0.5988463135869696,0.5809438436287152,0.8721303571694897,0.7265371003991025,True,,0.9789212840053778,0.9584044154838954,0.9833717063187516,-0.4177420959181969,0.4177420959181969,True,False,False,True,9.0,0.9789212840053778,pca_kmeans,0.0,0.4177420959181969
Limb_Muscle,3047,neg_random_cell_graph,0.6174567440736777,0.678018100964135,0.7851112816577129,0.7050242402541059,0.5809438436287152,0.8721303571694897,0.7265371003991025,True,random_cell_graph,0.9789212840053778,0.9584044154838954,0.9833717063187516,-0.36146453993170014,0.36146453993170014,True,False,False,True,8.0,0.9789212840053778,pca_kmeans,0.0,0.36146453993170014
Limb_Muscle,3047,neg_degree_shuffle_graph,0.555256757450029,0.67182597506958,0.7377845996418522,0.5761019480919972,0.5809438436287152,0.8721303571694897,0.7265371003991025,True,degree_preserving_shuffled_cell_graph,0.9789212840053778,0.9584044154838954,0.9833717063187516,-0.4236645265553488,0.4236645265553488,True,False,False,True,10.0,0.9789212840053778,pca_kmeans,0.0,0.4236645265553488
Limb_Muscle,3047,neg_shuffled_gene_cell_graph,0.22559034314537857,0.2357422210833631,0.5078025070350474,0.43680579945266235,0.5809438436287152,0.8721303571694897,0.7265371003991025,True,shuffled_gene_module_cell_graph,0.9789212840053778,0.9584044154838954,0.9833717063187516,-0.7533309408599993,0.7533309408599993,True,False,False,True,12.0,0.9789212840053778,pca_kmeans,0.0,0.7533309408599993
Limb_Muscle,3407,pca_kmeans,0.9815258923791834,0.9602132377833899,0.9861857252494244,0.9758430765145186,0.58121943829134,0.8734542980736713,0.7273368681825056,False,,0.9815258923791834,0.9602132377833899,0.9861857252494244,0.0,0.0,False,False,True,False,2.0,0.9815258923791834,pca_kmeans,0.0,0.0
Limb_Muscle,3407,pca_spectral_kmeans,0.8864683953387681,0.8715594274658796,0.9009976976208749,0.8003698328040597,0.58121943829134,0.8734542980736713,0.7273368681825056,False,,0.9815258923791834,0.9602132377833899,0.9861857252494244,-0.09505749704041533,0.09505749704041533,True,False,False,True,4.0,0.9815258923791834,pca_kmeans,0.0,0.09505749704041533
Limb_Muscle,3407,rdg_cell_only,0.7747043405301121,0.859037878646759,0.8623688922998209,0.7821384330855018,0.58121943829134,0.8734542980736713,0.7273368681825056,True,,0.9815258923791834,0.9602132377833899,0.9861857252494244,-0.20682155184907136,0.20682155184907136,True,False,False,True,6.0,0.9815258923791834,pca_kmeans,0.0,0.20682155184907136
Limb_Muscle,3407,rdg_gene_only,0.7561742768602845,0.814767722191481,0.8396009209516501,0.7404711427954321,0.58121943829134,0.8734542980736713,0.7273368681825056,True,,0.9815258923791834,0.9602132377833899,0.9861857252494244,-0.22535161551889893,0.22535161551889893,True,False,False,True,7.0,0.9815258923791834,pca_kmeans,0.0,0.22535161551889893
Limb_Muscle,3407,rdg_concat_kmeans,0.6672948607773475,0.7997903204382301,0.8014837554361729,0.6235955747176833,0.58121943829134,0.8734542980736713,0.7273368681825056,False,,0.9815258923791834,0.9602132377833899,0.9861857252494244,-0.31423103160183596,0.31423103160183596,True,False,False,True,9.0,0.9815258923791834,pca_kmeans,0.0,0.31423103160183596
Limb_Muscle,3407,rdg_always_on,0.6744638857115568,0.7473063219384865,0.7822972627270401,0.5920215711913469,0.58121943829134,0.8734542980736713,0.7273368681825056,True,,0.9815258923791834,0.9602132377833899,0.9861857252494244,-0.3070620066676266,0.3070620066676266,True,False,False,True,8.0,0.9815258923791834,pca_kmeans,0.0,0.3070620066676266
Limb_Muscle,3407,safe_rdg_heuristic,0.79792501881433,0.8695448356819387,0.8846252238424149,0.7977132590095336,0.58121943829134,0.8734542980736713,0.7273368681825056,True,,0.9815258923791834,0.9602132377833899,0.9861857252494244,-0.18360087356485344,0.18360087356485344,True,False,False,True,5.0,0.9815258923791834,pca_kmeans,0.0,0.18360087356485344
Limb_Muscle,3407,neg_random_cell_graph,0.550581457316755,0.6291385120129429,0.7592734714760808,0.5752076788797067,0.58121943829134,0.8734542980736713,0.7273368681825056,True,random_cell_graph,0.9815258923791834,0.9602132377833899,0.9861857252494244,-0.4309444350624284,0.4309444350624284,True,False,False,True,10.0,0.9815258923791834,pca_kmeans,0.0,0.4309444350624284
Limb_Muscle,3407,neg_degree_shuffle_graph,0.3750499557846816,0.5487544054707646,0.6722947045280123,0.4992898816661306,0.58121943829134,0.8734542980736713,0.7273368681825056,True,degree_preserving_shuffled_cell_graph,0.9815258923791834,0.9602132377833899,0.9861857252494244,-0.6064759365945018,0.6064759365945018,True,False,False,True,11.0,0.9815258923791834,pca_kmeans,0.0,0.6064759365945018
Limb_Muscle,3407,neg_shuffled_gene_cell_graph,0.2674983854687601,0.2793061184304621,0.5635712458429266,0.49409234278287695,0.58121943829134,0.8734542980736713,0.7273368681825056,True,shuffled_gene_module_cell_graph,0.9815258923791834,0.9602132377833899,0.9861857252494244,-0.7140275069104234,0.7140275069104234,True,False,False,True,12.0,0.9815258923791834,pca_kmeans,0.0,0.7140275069104234
Macosko,42,pca_kmeans,0.8867663600718061,0.8044185807713302,0.9039903588644885,0.6856190783543212,0.4007646825080906,0.8965116148671074,0.648638148687599,False,,0.8867663600718061,0.8044185807713302,0.9039903588644885,0.0,0.0,False,False,True,False,2.0,0.8867663600718061,pca_kmeans,0.0,0.0
Macosko,42,pca_spectral_kmeans,0.4854289867822271,0.531317788406659,0.8123103017318336,0.45734631813919596,0.4007646825080906,0.8965116148671074,0.648638148687599,False,,0.8867663600718061,0.8044185807713302,0.9039903588644885,-0.40133737328957897,0.40133737328957897,True,False,False,True,8.0,0.8867663600718061,pca_kmeans,0.0,0.40133737328957897
Macosko,42,rdg_cell_only,0.1510732068989216,0.2710634618217412,0.6954561685413319,0.29748649723230947,0.4007646825080906,0.8965116148671074,0.648638148687599,True,,0.8867663600718061,0.8044185807713302,0.9039903588644885,-0.7356931531728845,0.7356931531728845,True,False,False,True,9.0,0.8867663600718061,pca_kmeans,0.0,0.7356931531728845
Macosko,42,rdg_gene_only,0.7602826837285103,0.7079757296382355,0.8975629351901446,0.44443550202282234,0.4007646825080906,0.8965116148671074,0.648638148687599,True,,0.8867663600718061,0.8044185807713302,0.9039903588644885,-0.12648367634329583,0.12648367634329583,True,False,False,True,6.0,0.8867663600718061,pca_kmeans,0.0,0.12648367634329583
Macosko,42,rdg_concat_kmeans,0.7983350486859049,0.7389343898565629,0.9007096946973755,0.5330699560580586,0.4007646825080906,0.8965116148671074,0.648638148687599,False,,0.8867663600718061,0.8044185807713302,0.9039903588644885,-0.08843131138590121,0.08843131138590121,True,False,False,True,5.0,0.8867663600718061,pca_kmeans,0.0,0.08843131138590121
Macosko,42,rdg_always_on,0.626390006156562,0.6706579157270401,0.8586189966077487,0.5299446962195926,0.4007646825080906,0.8965116148671074,0.648638148687599,True,,0.8867663600718061,0.8044185807713302,0.9039903588644885,-0.26037635391524405,0.26037635391524405,True,False,False,True,7.0,0.8867663600718061,pca_kmeans,0.0,0.26037635391524405
Macosko,42,safe_rdg_heuristic,0.83767457950609,0.734563157545962,0.8585966791644349,0.5149217920862402,0.4007646825080906,0.8965116148671074,0.648638148687599,True,,0.8867663600718061,0.8044185807713302,0.9039903588644885,-0.04909178056571606,0.04909178056571606,True,False,False,True,4.0,0.8867663600718061,pca_kmeans,0.0,0.04909178056571606
Macosko,42,neg_random_cell_graph,0.012340638728703779,0.03237984324750318,0.6578289591144438,0.19143600508281833,0.4007646825080906,0.8965116148671074,0.648638148687599,True,random_cell_graph,0.8867663600718061,0.8044185807713302,0.9039903588644885,-0.8744257213431024,0.8744257213431024,True,False,False,True,11.0,0.8867663600718061,pca_kmeans,0.0,0.8744257213431024
Macosko,42,neg_degree_shuffle_graph,0.0020432685341947297,0.002490830905666995,0.6548607391537226,0.07259490810558075,0.4007646825080906,0.8965116148671074,0.648638148687599,True,degree_preserving_shuffled_cell_graph,0.8867663600718061,0.8044185807713302,0.9039903588644885,-0.8847230915376114,0.8847230915376114,True,False,False,True,12.0,0.8867663600718061,pca_kmeans,0.0,0.8847230915376114
Macosko,42,neg_shuffled_gene_cell_graph,0.12269077395857327,0.08118386927415576,0.48685502588823426,0.12340423868286558,0.4007646825080906,0.8965116148671074,0.648638148687599,True,shuffled_gene_module_cell_graph,0.8867663600718061,0.8044185807713302,0.9039903588644885,-0.7640755861132328,0.7640755861132328,True,False,False,True,10.0,0.8867663600718061,pca_kmeans,0.0,0.7640755861132328
Macosko,3047,pca_kmeans,0.801560544576251,0.7528037230052596,0.9071148009284057,0.6691261452961893,0.4007646825080906,0.8969588536854153,0.648861768096753,False,,0.801560544576251,0.7528037230052596,0.9071148009284057,0.0,0.0,False,False,True,False,5.0,0.8754099867995037,rdg_gene_only,0.07384944222325263,0.07384944222325263
Macosko,3047,pca_spectral_kmeans,0.4854289867822271,0.531317788406659,0.8123103017318336,0.45734631813919596,0.4007646825080906,0.8969588536854153,0.648861768096753,False,,0.801560544576251,0.7528037230052596,0.9071148009284057,-0.3161315577940239,0.3161315577940239,True,False,False,True,8.0,0.8754099867995037,rdg_gene_only,0.07384944222325263,0.38998100001727654
Macosko,3047,rdg_cell_only,0.1510732068989216,0.2710634618217412,0.6954561685413319,0.29748649723230947,0.4007646825080906,0.8969588536854153,0.648861768096753,True,,0.801560544576251,0.7528037230052596,0.9071148009284057,-0.6504873376773295,0.6504873376773295,True,False,False,True,10.0,0.8754099867995037,rdg_gene_only,0.07384944222325263,0.7243367799005821
Macosko,3047,rdg_gene_only,0.8754099867995037,0.796744562000335,0.9404793786823782,0.6069914163478347,0.4007646825080906,0.8969588536854153,0.648861768096753,True,,0.801560544576251,0.7528037230052596,0.9071148009284057,0.07384944222325263,0.0,False,True,False,False,1.0,0.8754099867995037,rdg_gene_only,0.07384944222325263,0.0
Macosko,3047,rdg_concat_kmeans,0.7934413850176792,0.6932567505319633,0.8706704159971433,0.5182088597193893,0.4007646825080906,0.8969588536854153,0.648861768096753,False,,0.801560544576251,0.7528037230052596,0.9071148009284057,-0.008119159558571787,0.008119159558571787,True,False,False,True,7.0,0.8754099867995037,rdg_gene_only,0.07384944222325263,0.08196860178182441
Macosko,3047,rdg_always_on,0.8736339232778176,0.7941377237757796,0.9395866809498303,0.6047790828811982,0.4007646825080906,0.8969588536854153,0.648861768096753,True,,0.801560544576251,0.7528037230052596,0.9071148009284057,0.0720733787015666,0.0,False,True,False,False,3.0,0.8754099867995037,rdg_gene_only,0.07384944222325263,0.001776063521686022
Macosko,3047,safe_rdg_heuristic,0.8752825524344794,0.7973384969507216,0.9406579182288877,0.6062164564212656,0.4007646825080906,0.8969588536854153,0.648861768096753,True,,0.801560544576251,0.7528037230052596,0.9071148009284057,0.07372200785822836,0.0,False,True,False,False,2.0,0.8754099867995037,rdg_gene_only,0.07384944222325263,0.0001274343650242704
Macosko,3047,neg_random_cell_graph,0.004469250263401082,0.01419519375171667,0.6541465809676843,0.11884671035469851,0.4007646825080906,0.8969588536854153,0.648861768096753,True,random_cell_graph,0.801560544576251,0.7528037230052596,0.9071148009284057,-0.79709129431285,0.79709129431285,True,False,False,True,11.0,0.8754099867995037,rdg_gene_only,0.07384944222325263,0.8709407365361026
Macosko,3047,neg_degree_shuffle_graph,0.001799799202313154,0.002263476616399693,0.654168898410998,0.06995585268653033,0.4007646825080906,0.8969588536854153,0.648861768096753,True,degree_preserving_shuffled_cell_graph,0.801560544576251,0.7528037230052596,0.9071148009284057,-0.7997607453739379,0.7997607453739379,True,False,False,True,12.0,0.8754099867995037,rdg_gene_only,0.07384944222325263,0.8736101875971906
Macosko,3047,neg_shuffled_gene_cell_graph,0.18331676108546224,0.12681205817803948,0.5143501160507052,0.18499430700337596,0.4007646825080906,0.8969588536854153,0.648861768096753,True,shuffled_gene_module_cell_graph,0.801560544576251,0.7528037230052596,0.9071148009284057,-0.6182437834907888,0.6182437834907888,True,False,False,True,9.0,0.8754099867995037,rdg_gene_only,0.07384944222325263,0.6920932257140414
Macosko,3407,pca_kmeans,0.8776720748192298,0.7929281318971974,0.9262631672915551,0.6562343639268087,0.4007646825080906,0.9178813007270222,0.6593229916175565,False,,0.8776720748192298,0.7929281318971974,0.9262631672915551,0.0,0.0,False,False,True,False,3.0,0.8803226793249478,rdg_concat_kmeans,0.0026506045057179684,0.0026506045057179684
Macosko,3407,pca_spectral_kmeans,0.4854289867822271,0.531317788406659,0.8123103017318336,0.45734631813919596,0.4007646825080906,0.9178813007270222,0.6593229916175565,False,,0.8776720748192298,0.7929281318971974,0.9262631672915551,-0.3922430880370027,0.3922430880370027,True,False,False,True,8.0,0.8803226793249478,rdg_concat_kmeans,0.0026506045057179684,0.39489369254272066
Macosko,3407,rdg_cell_only,0.1510732068989216,0.2710634618217412,0.6954561685413319,0.2974873393054261,0.4007646825080906,0.9178813007270222,0.6593229916175565,True,,0.8776720748192298,0.7929281318971974,0.9262631672915551,-0.7265988679203083,0.7265988679203083,True,False,False,True,9.0,0.8803226793249478,rdg_concat_kmeans,0.0026506045057179684,0.7292494724260262
Macosko,3407,rdg_gene_only,0.8744409715609478,0.7967343375486348,0.9406132833422604,0.6071410998602302,0.4007646825080906,0.9178813007270222,0.6593229916175565,True,,0.8776720748192298,0.7929281318971974,0.9262631672915551,-0.00323110325828202,0.00323110325828202,True,False,False,True,5.0,0.8803226793249478,rdg_concat_kmeans,0.0026506045057179684,0.005881707763999988
Macosko,3407,rdg_concat_kmeans,0.8803226793249478,0.790008369197969,0.9390510623103018,0.46259900675659754,0.4007646825080906,0.9178813007270222,0.6593229916175565,False,,0.8776720748192298,0.7929281318971974,0.9262631672915551,0.0026506045057179684,0.0,False,True,False,False,1.0,0.8803226793249478,rdg_concat_kmeans,0.0026506045057179684,0.0
Macosko,3407,rdg_always_on,0.8737286591047063,0.794408194790591,0.9399883949294768,0.6053421052112601,0.4007646825080906,0.9178813007270222,0.6593229916175565,True,,0.8776720748192298,0.7929281318971974,0.9262631672915551,-0.003943415714523502,0.003943415714523502,True,False,False,True,6.0,0.8803226793249478,rdg_concat_kmeans,0.0026506045057179684,0.00659402022024147
Macosko,3407,safe_rdg_heuristic,0.8732760591782388,0.7917504175883225,0.9394081414033209,0.6041092824607917,0.4007646825080906,0.9178813007270222,0.6593229916175565,True,,0.8776720748192298,0.7929281318971974,0.9262631672915551,-0.004396015640991013,0.004396015640991013,True,False,False,True,7.0,0.8803226793249478,rdg_concat_kmeans,0.0026506045057179684,0.007046620146708982
Macosko,3407,neg_random_cell_graph,0.04694807457407121,0.09551070110508289,0.6606855918585967,0.2835769248532231,0.4007646825080906,0.9178813007270222,0.6593229916175565,True,random_cell_graph,0.8776720748192298,0.7929281318971974,0.9262631672915551,-0.8307240002451586,0.8307240002451586,True,False,False,True,11.0,0.8803226793249478,rdg_concat_kmeans,0.0026506045057179684,0.8333746047508765
Macosko,3407,neg_degree_shuffle_graph,0.0015786179964889816,0.001963772140617443,0.6554633101231923,0.06709672861874592,0.4007646825080906,0.9178813007270222,0.6593229916175565,True,degree_preserving_shuffled_cell_graph,0.8776720748192298,0.7929281318971974,0.9262631672915551,-0.8760934568227409,0.8760934568227409,True,False,False,True,12.0,0.8803226793249478,rdg_concat_kmeans,0.0026506045057179684,0.8787440613284588
Macosko,3407,neg_shuffled_gene_cell_graph,0.09659251573215474,0.0580916362918491,0.4958935904302803,0.0927296686101629,0.4007646825080906,0.9178813007270222,0.6593229916175565,True,shuffled_gene_module_cell_graph,0.8776720748192298,0.7929281318971974,0.9262631672915551,-0.781079559087075,0.781079559087075,True,False,False,True,10.0,0.8803226793249478,rdg_concat_kmeans,0.0026506045057179684,0.783730163592793
Melanoma_5K,42,pca_kmeans,0.7039722482088091,0.7365736622201544,0.8149789497008642,0.6599815953734525,0.5632115277567732,0.8761624957598532,0.7196870117583132,False,,0.7039722482088091,0.7365736622201544,0.8149789497008642,0.0,0.0,False,False,True,False,2.0,0.7039722482088091,pca_kmeans,0.0,0.0
Melanoma_5K,42,pca_spectral_kmeans,0.04753498900848906,0.2656358831726458,0.3636162198094394,0.181286780343645,0.5632115277567732,0.8761624957598532,0.7196870117583132,False,,0.7039722482088091,0.7365736622201544,0.8149789497008642,-0.65643725920032,0.65643725920032,True,False,False,True,10.0,0.7039722482088091,pca_kmeans,0.0,0.65643725920032
Melanoma_5K,42,rdg_cell_only,0.09588745515195031,0.33644902823239187,0.38998448925326834,0.2531329369565806,0.5632115277567732,0.8761624957598532,0.7196870117583132,True,,0.7039722482088091,0.7365736622201544,0.8149789497008642,-0.6080847930568588,0.6080847930568588,True,False,False,True,9.0,0.7039722482088091,pca_kmeans,0.0,0.6080847930568588
Melanoma_5K,42,rdg_gene_only,0.4564646529499766,0.6213130138921146,0.6055838688233991,0.5290959345859119,0.5632115277567732,0.8761624957598532,0.7196870117583132,True,,0.7039722482088091,0.7365736622201544,0.8149789497008642,-0.24750759525883248,0.24750759525883248,True,False,False,True,6.0,0.7039722482088091,pca_kmeans,0.0,0.24750759525883248
Melanoma_5K,42,rdg_concat_kmeans,0.4269543210810016,0.5368168612450944,0.6055838688233991,0.4764596832744287,0.5632115277567732,0.8761624957598532,0.7196870117583132,False,,0.7039722482088091,0.7365736622201544,0.8149789497008642,-0.2770179271278075,0.2770179271278075,True,False,False,True,7.0,0.7039722482088091,pca_kmeans,0.0,0.2770179271278075
Melanoma_5K,42,rdg_always_on,0.617432009095076,0.6671309366007819,0.7733215156215377,0.6443774627938241,0.5632115277567732,0.8761624957598532,0.7196870117583132,True,,0.7039722482088091,0.7365736622201544,0.8149789497008642,-0.0865402391137331,0.0865402391137331,True,False,False,True,4.0,0.7039722482088091,pca_kmeans,0.0,0.0865402391137331
Melanoma_5K,42,safe_rdg_heuristic,0.4867553091203881,0.645227722208083,0.6115665854198981,0.5345807620148313,0.5632115277567732,0.8761624957598532,0.7196870117583132,True,,0.7039722482088091,0.7365736622201544,0.8149789497008642,-0.217216939088421,0.217216939088421,True,False,False,True,5.0,0.7039722482088091,pca_kmeans,0.0,0.217216939088421
Melanoma_5K,42,neg_random_cell_graph,0.02070761993993518,0.20017425703439726,0.3104365167294483,0.22608356935163354,0.5632115277567732,0.8761624957598532,0.7196870117583132,True,random_cell_graph,0.7039722482088091,0.7365736622201544,0.8149789497008642,-0.6832646282688739,0.6832646282688739,True,False,False,True,11.0,0.7039722482088091,pca_kmeans,0.0,0.6832646282688739
Melanoma_5K,42,neg_degree_shuffle_graph,0.016744232400481954,0.08625123265980494,0.28273875470861953,0.17184926225686858,0.5632115277567732,0.8761624957598532,0.7196870117583132,True,degree_preserving_shuffled_cell_graph,0.7039722482088091,0.7365736622201544,0.8149789497008642,-0.6872280158083272,0.6872280158083272,True,False,False,True,12.0,0.7039722482088091,pca_kmeans,0.0,0.6872280158083272
Melanoma_5K,42,neg_shuffled_gene_cell_graph,0.14231204732754582,0.18947464997864608,0.368047861732772,0.28388103908128887,0.5632115277567732,0.8761624957598532,0.7196870117583132,True,shuffled_gene_module_cell_graph,0.7039722482088091,0.7365736622201544,0.8149789497008642,-0.5616602008812632,0.5616602008812632,True,False,False,True,8.0,0.7039722482088091,pca_kmeans,0.0,0.5616602008812632
Melanoma_5K,3047,pca_kmeans,0.5683436174353267,0.7062694751362553,0.6507866164413916,0.5489569627229393,0.563711189013052,0.8654661287344316,0.7145886588737418,False,,0.5683436174353267,0.7062694751362553,0.6507866164413916,0.0,0.0,False,False,True,False,3.0,0.7010065891654875,rdg_always_on,0.13266297173016084,0.13266297173016084
Melanoma_5K,3047,pca_spectral_kmeans,0.10735742190220922,0.3666512452190732,0.40416574340793265,0.37082826476154435,0.563711189013052,0.8654661287344316,0.7145886588737418,False,,0.5683436174353267,0.7062694751362553,0.6507866164413916,-0.4609861955331175,0.4609861955331175,True,False,False,True,9.0,0.7010065891654875,rdg_always_on,0.13266297173016084,0.5936491672632783
Melanoma_5K,3047,rdg_cell_only,0.1082181907566537,0.3437150668021568,0.40062042986926655,0.3577223490074453,0.563711189013052,0.8654661287344316,0.7145886588737418,True,,0.5683436174353267,0.7062694751362553,0.6507866164413916,-0.46012542667867296,0.46012542667867296,True,False,False,True,8.0,0.7010065891654875,rdg_always_on,0.13266297173016084,0.5927883984088338
Melanoma_5K,3047,rdg_gene_only,0.5413502025344851,0.6799656803046221,0.6335032129403945,0.5378959778414137,0.563711189013052,0.8654661287344316,0.7145886588737418,True,,0.5683436174353267,0.7062694751362553,0.6507866164413916,-0.026993414900841617,0.026993414900841617,True,False,False,True,5.0,0.7010065891654875,rdg_always_on,0.13266297173016084,0.15965638663100246
Melanoma_5K,3047,rdg_concat_kmeans,0.40318979846009817,0.523972915899686,0.6075781076888987,0.5083044720976725,0.563711189013052,0.8654661287344316,0.7145886588737418,False,,0.5683436174353267,0.7062694751362553,0.6507866164413916,-0.16515381897522852,0.16515381897522852,True,False,False,True,7.0,0.7010065891654875,rdg_always_on,0.13266297173016084,0.29781679070538936
Melanoma_5K,3047,rdg_always_on,0.7010065891654875,0.7224476072265978,0.8063372479503657,0.6579073478637382,0.563711189013052,0.8654661287344316,0.7145886588737418,True,,0.5683436174353267,0.7062694751362553,0.6507866164413916,0.13266297173016084,0.0,False,True,False,False,1.0,0.7010065891654875,rdg_always_on,0.13266297173016084,0.0
Melanoma_5K,3047,safe_rdg_heuristic,0.4967129699165137,0.6531099794282245,0.6146687347662309,0.5342583747915662,0.563711189013052,0.8654661287344316,0.7145886588737418,True,,0.5683436174353267,0.7062694751362553,0.6507866164413916,-0.07163064751881298,0.07163064751881298,True,False,False,True,6.0,0.7010065891654875,rdg_always_on,0.13266297173016084,0.20429361924897382
Melanoma_5K,3047,neg_random_cell_graph,0.1025562147361621,0.2739475789396027,0.38488810104143584,0.21409193631752763,0.563711189013052,0.8654661287344316,0.7145886588737418,True,random_cell_graph,0.5683436174353267,0.7062694751362553,0.6507866164413916,-0.4657874026991646,0.4657874026991646,True,False,False,True,10.0,0.7010065891654875,rdg_always_on,0.13266297173016084,0.5984503744293255
Melanoma_5K,3047,neg_degree_shuffle_graph,0.06927521778635806,0.24945279828827185,0.31331708397961444,0.31011480836684424,0.563711189013052,0.8654661287344316,0.7145886588737418,True,degree_preserving_shuffled_cell_graph,0.5683436174353267,0.7062694751362553,0.6507866164413916,-0.49906839964896865,0.49906839964896865,True,False,False,True,12.0,0.7010065891654875,rdg_always_on,0.13266297173016084,0.6317313713791295
Melanoma_5K,3047,neg_shuffled_gene_cell_graph,0.09964667665067367,0.12355352785291868,0.3682694438289386,0.2662662513208511,0.563711189013052,0.8654661287344316,0.7145886588737418,True,shuffled_gene_module_cell_graph,0.5683436174353267,0.7062694751362553,0.6507866164413916,-0.468696940784653,0.468696940784653,True,False,False,True,11.0,0.7010065891654875,rdg_always_on,0.13266297173016084,0.6013599125148139
Melanoma_5K,3407,pca_kmeans,0.5788745858974389,0.7172210819652696,0.6647462884998893,0.552354285380185,0.5648969355385316,0.8754171541494393,0.7201570448439855,False,,0.5788745858974389,0.7172210819652696,0.6647462884998893,0.0,0.0,False,False,True,False,3.0,0.67557265027751,rdg_always_on,0.09669806438007111,0.09669806438007111
Melanoma_5K,3407,pca_spectral_kmeans,0.09465002428148475,0.33270317442615055,0.38909816086860183,0.25147352212123664,0.5648969355385316,0.8754171541494393,0.7201570448439855,False,,0.5788745858974389,0.7172210819652696,0.6647462884998893,-0.4842245616159542,0.4842245616159542,True,False,False,True,10.0,0.67557265027751,rdg_always_on,0.09669806438007111,0.5809226259960253
Melanoma_5K,3407,rdg_cell_only,0.07480975251120903,0.30922048464103746,0.38931974296476846,0.2716310962341133,0.5648969355385316,0.8754171541494393,0.7201570448439855,True,,0.5788745858974389,0.7172210819652696,0.6647462884998893,-0.5040648333862299,0.5040648333862299,True,False,False,True,11.0,0.67557265027751,rdg_always_on,0.09669806438007111,0.600762897766301
Melanoma_5K,3407,rdg_gene_only,0.45529470888688467,0.6204173889263487,0.6053622867272325,0.5278764856449025,0.5648969355385316,0.8754171541494393,0.7201570448439855,True,,0.5788745858974389,0.7172210819652696,0.6647462884998893,-0.12357987701055423,0.12357987701055423,True,False,False,True,6.0,0.67557265027751,rdg_always_on,0.09669806438007111,0.22027794139062534
Melanoma_5K,3407,rdg_concat_kmeans,0.21793821393500687,0.38787814331542436,0.47219144693108794,0.33208861250017857,0.5648969355385316,0.8754171541494393,0.7201570448439855,False,,0.5788745858974389,0.7172210819652696,0.6647462884998893,-0.360936371962432,0.360936371962432,True,False,False,True,7.0,0.67557265027751,rdg_always_on,0.09669806438007111,0.4576344363425031
Melanoma_5K,3407,rdg_always_on,0.67557265027751,0.7070036248898911,0.7950365610458675,0.6521272603064717,0.5648969355385316,0.8754171541494393,0.7201570448439855,True,,0.5788745858974389,0.7172210819652696,0.6647462884998893,0.09669806438007111,0.0,False,True,False,False,1.0,0.67557265027751,rdg_always_on,0.09669806438007111,0.0
Melanoma_5K,3407,safe_rdg_heuristic,0.5257332497673848,0.6653617435320176,0.6281852426323953,0.5344751691248365,0.5648969355385316,0.8754171541494393,0.7201570448439855,True,,0.5788745858974389,0.7172210819652696,0.6647462884998893,-0.05314133613005412,0.05314133613005412,True,False,False,True,5.0,0.67557265027751,rdg_always_on,0.09669806438007111,0.14983940051012523
Melanoma_5K,3407,neg_random_cell_graph,0.16037892691704242,0.3449564791477336,0.3964103700421006,0.23531334417208147,0.5648969355385316,0.8754171541494393,0.7201570448439855,True,random_cell_graph,0.5788745858974389,0.7172210819652696,0.6647462884998893,-0.4184956589803965,0.4184956589803965,True,False,False,True,8.0,0.67557265027751,rdg_always_on,0.09669806438007111,0.5151937233604675
Melanoma_5K,3407,neg_degree_shuffle_graph,0.04701415285456036,0.18833211973318037,0.3046753822291159,0.23352582741423167,0.5648969355385316,0.8754171541494393,0.7201570448439855,True,degree_preserving_shuffled_cell_graph,0.5788745858974389,0.7172210819652696,0.6647462884998893,-0.5318604330428786,0.5318604330428786,True,False,False,True,12.0,0.67557265027751,rdg_always_on,0.09669806438007111,0.6285584974229497
Melanoma_5K,3407,neg_shuffled_gene_cell_graph,0.1526656782515421,0.1819106686535146,0.32661200974961224,0.18218382766942925,0.5648969355385316,0.8754171541494393,0.7201570448439855,True,shuffled_gene_module_cell_graph,0.5788745858974389,0.7172210819652696,0.6647462884998893,-0.4262089076458968,0.4262089076458968,True,False,False,True,9.0,0.67557265027751,rdg_always_on,0.09669806438007111,0.5229069720259679
Pollen,42,pca_kmeans,0.35984496129550514,0.6656139307046353,0.45514950166112955,0.2640769290385659,0.675185528419741,0.9291977276900223,0.8021916280548816,False,,0.35984496129550514,0.6656139307046353,0.45514950166112955,0.0,0.0,False,False,True,False,10.0,0.7826634972249417,rdg_cell_only,0.4228185359294365,0.4228185359294365
Pollen,42,pca_spectral_kmeans,0.7573089386719742,0.8802253990118379,0.7740863787375415,0.6910154874227259,0.675185528419741,0.9291977276900223,0.8021916280548816,False,,0.35984496129550514,0.6656139307046353,0.45514950166112955,0.3974639773764691,0.0,False,True,False,False,9.0,0.7826634972249417,rdg_cell_only,0.4228185359294365,0.02535455855296742
Pollen,42,rdg_cell_only,0.7826634972249417,0.8967406767493126,0.8106312292358804,0.7114251998695283,0.675185528419741,0.9291977276900223,0.8021916280548816,True,,0.35984496129550514,0.6656139307046353,0.45514950166112955,0.4228185359294365,0.0,False,True,False,False,5.0,0.7826634972249417,rdg_cell_only,0.4228185359294365,0.0
Pollen,42,rdg_gene_only,0.7824078840515293,0.8748155399501759,0.8106312292358804,0.7434230177877835,0.675185528419741,0.9291977276900223,0.8021916280548816,True,,0.35984496129550514,0.6656139307046353,0.45514950166112955,0.42256292275602414,0.0,False,True,False,False,6.0,0.7826634972249417,rdg_cell_only,0.4228185359294365,0.00025561317341238343
Pollen,42,rdg_concat_kmeans,0.3594594862491568,0.6190625664099626,0.5448504983388704,0.28307002999678177,0.675185528419741,0.9291977276900223,0.8021916280548816,False,,0.35984496129550514,0.6656139307046353,0.45514950166112955,-0.00038547504634833807,0.00038547504634833807,True,False,False,True,12.0,0.7826634972249417,rdg_cell_only,0.4228185359294365,0.42320401097578486
Pollen,42,rdg_always_on,0.7789411866919517,0.8788157771918941,0.8006644518272426,0.7030334197529088,0.675185528419741,0.9291977276900223,0.8021916280548816,True,,0.35984496129550514,0.6656139307046353,0.45514950166112955,0.41909622539644653,0.0,False,True,False,False,7.5,0.7826634972249417,rdg_cell_only,0.4228185359294365,0.003722310532989992
Pollen,42,safe_rdg_heuristic,0.7848997609482908,0.875464416630066,0.8039867109634552,0.7086432986506509,0.675185528419741,0.9291977276900223,0.8021916280548816,True,,0.35984496129550514,0.6656139307046353,0.45514950166112955,0.4250547996527857,0.0,False,True,False,False,4.0,0.7826634972249417,rdg_cell_only,0.4228185359294365,-0.0022362637233491744
Pollen,42,neg_random_cell_graph,0.8903996531498442,0.9251005330465035,0.8637873754152824,0.7996150761828389,0.675185528419741,0.9291977276900223,0.8021916280548816,True,random_cell_graph,0.35984496129550514,0.6656139307046353,0.45514950166112955,0.530554691854339,0.0,False,True,False,False,2.0,0.7826634972249417,rdg_cell_only,0.4228185359294365,-0.10773615592490249
Pollen,42,neg_degree_shuffle_graph,0.9098232729453318,0.9294011963789034,0.9069767441860465,0.8249850208260244,0.675185528419741,0.9291977276900223,0.8021916280548816,True,degree_preserving_shuffled_cell_graph,0.35984496129550514,0.6656139307046353,0.45514950166112955,0.5499783116498267,0.0,False,True,False,False,1.0,0.7826634972249417,rdg_cell_only,0.4228185359294365,-0.12715977572039017
Pollen,42,neg_shuffled_gene_cell_graph,0.7956846045877379,0.8349159979161518,0.8305647840531561,0.7427269676571128,0.675185528419741,0.9291977276900223,0.8021916280548816,True,shuffled_gene_module_cell_graph,0.35984496129550514,0.6656139307046353,0.45514950166112955,0.4358396432922328,0.0,False,True,False,False,3.0,0.7826634972249417,rdg_cell_only,0.4228185359294365,-0.01302110736279627
Pollen,3047,pca_kmeans,0.3100787085013657,0.6720918522956486,0.4950166112956811,0.3651763256506339,0.7332422098569442,0.9277907349732802,0.8305164724151122,False,,0.3100787085013657,0.6720918522956486,0.4950166112956811,0.0,0.0,False,False,True,False,10.5,0.7885300707763893,rdg_gene_only,0.47845136227502355,0.47845136227502355
Pollen,3047,pca_spectral_kmeans,0.7764326033252039,0.8864696678048289,0.8073089700996677,0.7083742282313701,0.7332422098569442,0.9277907349732802,0.8305164724151122,False,,0.3100787085013657,0.6720918522956486,0.4950166112956811,0.4663538948238382,0.0,False,True,False,False,6.0,0.7885300707763893,rdg_gene_only,0.47845136227502355,0.01209746745118534
Pollen,3047,rdg_cell_only,0.7872606916045726,0.8931221283671316,0.813953488372093,0.7101013290096652,0.7332422098569442,0.9277907349732802,0.8305164724151122,True,,0.3100787085013657,0.6720918522956486,0.4950166112956811,0.47718198310320686,0.0,False,True,False,False,4.0,0.7885300707763893,rdg_gene_only,0.47845136227502355,0.001269379171816687
Pollen,3047,rdg_gene_only,0.7885300707763893,0.8811375084850084,0.8205980066445183,0.7567436892112217,0.7332422098569442,0.9277907349732802,0.8305164724151122,True,,0.3100787085013657,0.6720918522956486,0.4950166112956811,0.47845136227502355,0.0,False,True,False,False,3.0,0.7885300707763893,rdg_gene_only,0.47845136227502355,0.0
Pollen,3047,rdg_concat_kmeans,0.29619436230483254,0.6559690289677478,0.5514950166112956,0.4497776470949987,0.7332422098569442,0.9277907349732802,0.8305164724151122,False,,0.3100787085013657,0.6720918522956486,0.4950166112956811,-0.01388434619653317,0.01388434619653317,True,False,False,True,12.0,0.7885300707763893,rdg_gene_only,0.47845136227502355,0.4923357084715567
Pollen,3047,rdg_always_on,0.7698467779728139,0.8808764082758933,0.7807308970099668,0.6964399953446543,0.7332422098569442,0.9277907349732802,0.8305164724151122,True,,0.3100787085013657,0.6720918522956486,0.4950166112956811,0.45976806947144816,0.0,False,True,False,False,8.5,0.7885300707763893,rdg_gene_only,0.47845136227502355,0.01868329280357539
Pollen,3047,safe_rdg_heuristic,0.7734140599695907,0.886302187783611,0.7840531561461794,0.7038789247723038,0.7332422098569442,0.9277907349732802,0.8305164724151122,True,,0.3100787085013657,0.6720918522956486,0.4950166112956811,0.46333535146822497,0.0,False,True,False,False,7.0,0.7885300707763893,rdg_gene_only,0.47845136227502355,0.015116010806798585
Pollen,3047,neg_random_cell_graph,0.9191535803220175,0.9371888536635209,0.9136212624584718,0.8291911361678803,0.7332422098569442,0.9277907349732802,0.8305164724151122,True,random_cell_graph,0.3100787085013657,0.6720918522956486,0.4950166112956811,0.6090748718206518,0.0,False,True,False,False,1.0,0.7885300707763893,rdg_gene_only,0.47845136227502355,-0.1306235095456283
Pollen,3047,neg_degree_shuffle_graph,0.8606496255363969,0.9185108308940189,0.8704318936877077,0.8086223579488667,0.7332422098569442,0.9277907349732802,0.8305164724151122,True,degree_preserving_shuffled_cell_graph,0.3100787085013657,0.6720918522956486,0.4950166112956811,0.5505709170350312,0.0,False,True,False,False,2.0,0.7885300707763893,rdg_gene_only,0.47845136227502355,-0.07211955476000764
Pollen,3047,neg_shuffled_gene_cell_graph,0.7797890295079056,0.8242044703140674,0.8239202657807309,0.7566528978655295,0.7332422098569442,0.9277907349732802,0.8305164724151122,True,shuffled_gene_module_cell_graph,0.3100787085013657,0.6720918522956486,0.4950166112956811,0.4697103210065399,0.0,False,True,False,False,5.0,0.7885300707763893,rdg_gene_only,0.47845136227502355,0.00874104126848363
Pollen,3407,pca_kmeans,0.40670294625151254,0.7301490843928582,0.574750830564784,0.37285902503293805,0.675570875348662,0.9281131979709595,0.8018420366598107,False,,0.40670294625151254,0.7301490843928582,0.574750830564784,0.0,0.0,False,False,True,False,11.0,0.7857633401790242,rdg_cell_only,0.3790603939275116,0.3790603939275116
Pollen,3407,pca_spectral_kmeans,0.7573089386719742,0.8802253990118379,0.7740863787375415,0.6910154874227259,0.675570875348662,0.9281131979709595,0.8018420366598107,False,,0.40670294625151254,0.7301490843928582,0.574750830564784,0.3506059924204617,0.0,False,True,False,False,8.0,0.7857633401790242,rdg_cell_only,0.3790603939275116,0.02845440150704992
Pollen,3407,rdg_cell_only,0.7857633401790242,0.8927591056508295,0.8073089700996677,0.7060775915494898,0.675570875348662,0.9281131979709595,0.8018420366598107,True,,0.40670294625151254,0.7301490843928582,0.574750830564784,0.3790603939275116,0.0,False,True,False,False,3.0,0.7857633401790242,rdg_cell_only,0.3790603939275116,0.0
Pollen,3407,rdg_gene_only,0.7828792454627505,0.8723182718226583,0.7973421926910299,0.6967091585394111,0.675570875348662,0.9281131979709595,0.8018420366598107,True,,0.40670294625151254,0.7301490843928582,0.574750830564784,0.3761762992112379,0.0,False,True,False,False,4.0,0.7857633401790242,rdg_cell_only,0.3790603939275116,0.0028840947162737107
Pollen,3407,rdg_concat_kmeans,0.41610931189126593,0.7437034957795399,0.6744186046511628,0.49475709475709473,0.675570875348662,0.9281131979709595,0.8018420366598107,False,,0.40670294625151254,0.7301490843928582,0.574750830564784,0.009406365639753389,0.0,False,True,False,False,10.0,0.7857633401790242,rdg_cell_only,0.3790603939275116,0.36965402828775823
Pollen,3407,rdg_always_on,0.7751373900331501,0.8799173917774796,0.8039867109634552,0.711625692412597,0.675570875348662,0.9281131979709595,0.8018420366598107,True,,0.40670294625151254,0.7301490843928582,0.574750830564784,0.36843444378163753,0.0,False,True,False,False,6.5,0.7857633401790242,rdg_cell_only,0.3790603939275116,0.010625950145874086
Pollen,3407,safe_rdg_heuristic,0.7806299450370451,0.880708891499268,0.8006644518272426,0.7044536812356579,0.675570875348662,0.9281131979709595,0.8018420366598107,True,,0.40670294625151254,0.7301490843928582,0.574750830564784,0.37392699878553254,0.0,False,True,False,False,5.0,0.7857633401790242,rdg_cell_only,0.3790603939275116,0.00513339514197908
Pollen,3407,neg_random_cell_graph,0.9138452077521616,0.9353283659073205,0.9069767441860465,0.8238222561751972,0.675570875348662,0.9281131979709595,0.8018420366598107,True,random_cell_graph,0.40670294625151254,0.7301490843928582,0.574750830564784,0.5071422615006491,0.0,False,True,False,False,1.0,0.7857633401790242,rdg_cell_only,0.3790603939275116,-0.12808186757313744
Pollen,3407,neg_degree_shuffle_graph,0.9098674676005746,0.9338762906485657,0.9036544850498339,0.8226139707896969,0.675570875348662,0.9281131979709595,0.8018420366598107,True,degree_preserving_shuffled_cell_graph,0.40670294625151254,0.7301490843928582,0.574750830564784,0.5031645213490621,0.0,False,True,False,False,2.0,0.7857633401790242,rdg_cell_only,0.3790603939275116,-0.12410412742155041
Pollen,3407,neg_shuffled_gene_cell_graph,0.7549386823094033,0.8069218848014842,0.8106312292358804,0.7490081426126483,0.675570875348662,0.9281131979709595,0.8018420366598107,True,shuffled_gene_module_cell_graph,0.40670294625151254,0.7301490843928582,0.574750830564784,0.34823573605789077,0.0,False,True,False,False,9.0,0.7857633401790242,rdg_cell_only,0.3790603939275116,0.030824657869620853
Quake_10x_Spleen,42,pca_kmeans,0.8884507524456887,0.7985836885078743,0.9474455611390284,0.555911881535153,0.5141376283708008,0.939355333181905,0.7267464807763528,False,,0.8884507524456887,0.7985836885078743,0.9474455611390284,0.0,0.0,False,False,True,False,2.0,0.8884507524456887,pca_kmeans,0.0,0.0
Quake_10x_Spleen,42,pca_spectral_kmeans,0.518132477236476,0.4913389763168846,0.8601340033500837,0.7154859880485376,0.5141376283708008,0.939355333181905,0.7267464807763528,False,,0.8884507524456887,0.7985836885078743,0.9474455611390284,-0.3703182752092127,0.3703182752092127,True,False,False,True,7.0,0.8884507524456887,pca_kmeans,0.0,0.3703182752092127
Quake_10x_Spleen,42,rdg_cell_only,0.8481851656403082,0.7238507346916699,0.9346733668341709,0.6429254074750443,0.5141376283708008,0.939355333181905,0.7267464807763528,True,,0.8884507524456887,0.7985836885078743,0.9474455611390284,-0.040265586805380504,0.040265586805380504,True,False,False,True,4.0,0.8884507524456887,pca_kmeans,0.0,0.040265586805380504
Quake_10x_Spleen,42,rdg_gene_only,0.29404171709360716,0.45849658934063775,0.7769053601340034,0.7413631175380908,0.5141376283708008,0.939355333181905,0.7267464807763528,True,,0.8884507524456887,0.7985836885078743,0.9474455611390284,-0.5944090353520816,0.5944090353520816,True,False,False,True,10.0,0.8884507524456887,pca_kmeans,0.0,0.5944090353520816
Quake_10x_Spleen,42,rdg_concat_kmeans,0.19269245322597012,0.29684432549256784,0.7598408710217756,0.6111680645101517,0.5141376283708008,0.939355333181905,0.7267464807763528,False,,0.8884507524456887,0.7985836885078743,0.9474455611390284,-0.6957582992197187,0.6957582992197187,True,False,False,True,11.0,0.8884507524456887,pca_kmeans,0.0,0.6957582992197187
Quake_10x_Spleen,42,rdg_always_on,0.7098896137757325,0.6406502859647684,0.9161432160804021,0.886535179712258,0.5141376283708008,0.939355333181905,0.7267464807763528,True,,0.8884507524456887,0.7985836885078743,0.9474455611390284,-0.17856113866995627,0.17856113866995627,True,False,False,True,6.0,0.8884507524456887,pca_kmeans,0.0,0.17856113866995627
Quake_10x_Spleen,42,safe_rdg_heuristic,0.7723712946913953,0.7072382159980841,0.9339405360134003,0.9376132600650415,0.5141376283708008,0.939355333181905,0.7267464807763528,True,,0.8884507524456887,0.7985836885078743,0.9474455611390284,-0.1160794577542934,0.1160794577542934,True,False,False,True,5.0,0.8884507524456887,pca_kmeans,0.0,0.1160794577542934
Quake_10x_Spleen,42,neg_random_cell_graph,0.4519312480290928,0.3946646890573339,0.8316582914572864,0.5434045371567623,0.5141376283708008,0.939355333181905,0.7267464807763528,True,random_cell_graph,0.8884507524456887,0.7985836885078743,0.9474455611390284,-0.4365195044165959,0.4365195044165959,True,False,False,True,8.0,0.8884507524456887,pca_kmeans,0.0,0.4365195044165959
Quake_10x_Spleen,42,neg_degree_shuffle_graph,0.0061714436421330034,0.008413143129807454,0.7203726968174204,0.17082660459312474,0.5141376283708008,0.939355333181905,0.7267464807763528,True,degree_preserving_shuffled_cell_graph,0.8884507524456887,0.7985836885078743,0.9474455611390284,-0.8822793088035558,0.8822793088035558,True,False,False,True,12.0,0.8884507524456887,pca_kmeans,0.0,0.8822793088035558
Quake_10x_Spleen,42,neg_shuffled_gene_cell_graph,0.3689971633192905,0.24359203494004444,0.7448701842546064,0.4649371896598189,0.5141376283708008,0.939355333181905,0.7267464807763528,True,shuffled_gene_module_cell_graph,0.8884507524456887,0.7985836885078743,0.9474455611390284,-0.5194535891263983,0.5194535891263983,True,False,False,True,9.0,0.8884507524456887,pca_kmeans,0.0,0.5194535891263983
Quake_10x_Spleen,3047,pca_kmeans,0.8475249009129047,0.7523993414236796,0.934463986599665,0.5071031204628111,0.5154965350233379,0.9280084869996806,0.7217525110115093,False,,0.8475249009129047,0.7523993414236796,0.934463986599665,0.0,0.0,False,False,True,False,2.0,0.8475249009129047,pca_kmeans,0.0,0.0
Quake_10x_Spleen,3047,pca_spectral_kmeans,0.502961259031668,0.42521085325770935,0.8177345058626466,0.6690471365369525,0.5154965350233379,0.9280084869996806,0.7217525110115093,False,,0.8475249009129047,0.7523993414236796,0.934463986599665,-0.34456364188123667,0.34456364188123667,True,False,False,True,10.0,0.8475249009129047,pca_kmeans,0.0,0.34456364188123667
Quake_10x_Spleen,3047,rdg_cell_only,0.8304833837763487,0.7507610032204876,0.9476549413735343,0.7129426660385066,0.5154965350233379,0.9280084869996806,0.7217525110115093,True,,0.8475249009129047,0.7523993414236796,0.934463986599665,-0.017041517136555995,0.017041517136555995,True,False,False,True,4.0,0.8475249009129047,pca_kmeans,0.0,0.017041517136555995
Quake_10x_Spleen,3047,rdg_gene_only,0.6083160035023756,0.5688205405673953,0.8824329983249581,0.7460261863195454,0.5154965350233379,0.9280084869996806,0.7217525110115093,True,,0.8475249009129047,0.7523993414236796,0.934463986599665,-0.2392088974105291,0.2392088974105291,True,False,False,True,9.0,0.8475249009129047,pca_kmeans,0.0,0.2392088974105291
Quake_10x_Spleen,3047,rdg_concat_kmeans,0.7174703900645883,0.6448891374564729,0.9087102177554439,0.4390741565981372,0.5154965350233379,0.9280084869996806,0.7217525110115093,False,,0.8475249009129047,0.7523993414236796,0.934463986599665,-0.13005451084831632,0.13005451084831632,True,False,False,True,7.0,0.8475249009129047,pca_kmeans,0.0,0.13005451084831632
Quake_10x_Spleen,3047,rdg_always_on,0.7681810382856537,0.6861671784995601,0.9242043551088778,0.7153215564986228,0.5154965350233379,0.9280084869996806,0.7217525110115093,True,,0.8475249009129047,0.7523993414236796,0.934463986599665,-0.07934386262725102,0.07934386262725102,True,False,False,True,5.0,0.8475249009129047,pca_kmeans,0.0,0.07934386262725102
Quake_10x_Spleen,3047,safe_rdg_heuristic,0.7558459284252015,0.6901009259010227,0.929962311557789,0.9265781851701196,0.5154965350233379,0.9280084869996806,0.7217525110115093,True,,0.8475249009129047,0.7523993414236796,0.934463986599665,-0.09167897248770318,0.09167897248770318,True,False,False,True,6.0,0.8475249009129047,pca_kmeans,0.0,0.09167897248770318
Quake_10x_Spleen,3047,neg_random_cell_graph,0.7031726684613799,0.5709366525253674,0.8932160804020101,0.6500520985862461,0.5154965350233379,0.9280084869996806,0.7217525110115093,True,random_cell_graph,0.8475249009129047,0.7523993414236796,0.934463986599665,-0.14435223245152473,0.14435223245152473,True,False,False,True,8.0,0.8475249009129047,pca_kmeans,0.0,0.14435223245152473
Quake_10x_Spleen,3047,neg_degree_shuffle_graph,-0.00770468509171813,0.004444434494108677,0.714824120603015,0.1681509504208532,0.5154965350233379,0.9280084869996806,0.7217525110115093,True,degree_preserving_shuffled_cell_graph,0.8475249009129047,0.7523993414236796,0.934463986599665,-0.8552295860046228,0.8552295860046228,True,False,False,True,12.0,0.8475249009129047,pca_kmeans,0.0,0.8552295860046228
Quake_10x_Spleen,3047,neg_shuffled_gene_cell_graph,0.25813402875671293,0.1589015605751969,0.6624790619765494,0.4611620115794671,0.5154965350233379,0.9280084869996806,0.7217525110115093,True,shuffled_gene_module_cell_graph,0.8475249009129047,0.7523993414236796,0.934463986599665,-0.5893908721561918,0.5893908721561918,True,False,False,True,11.0,0.8475249009129047,pca_kmeans,0.0,0.5893908721561918
Quake_10x_Spleen,3407,pca_kmeans,0.10958497414589022,0.16222253833239336,0.7419388609715243,0.300403372643243,0.5231915497798416,0.9478533785295958,0.7355224641547187,False,,0.10958497414589022,0.16222253833239336,0.7419388609715243,0.0,0.0,False,False,True,False,9.0,0.8537715860971867,rdg_gene_only,0.7441866119512965,0.7441866119512965
Quake_10x_Spleen,3407,pca_spectral_kmeans,0.78027424030415,0.6819466005780728,0.9140494137353434,0.6309695337201924,0.5231915497798416,0.9478533785295958,0.7355224641547187,False,,0.10958497414589022,0.16222253833239336,0.7419388609715243,0.6706892661582599,0.0,False,True,False,False,3.0,0.8537715860971867,rdg_gene_only,0.7441866119512965,0.07349734579303668
Quake_10x_Spleen,3407,rdg_cell_only,0.3455431945413632,0.317729783255101,0.8146984924623115,0.5554932948965325,0.5231915497798416,0.9478533785295958,0.7355224641547187,True,,0.10958497414589022,0.16222253833239336,0.7419388609715243,0.23595822039547296,0.0,False,True,False,False,8.0,0.8537715860971867,rdg_gene_only,0.7441866119512965,0.5082283915558236
Quake_10x_Spleen,3407,rdg_gene_only,0.8537715860971867,0.7605574975115453,0.922215242881072,0.7614225680255734,0.5231915497798416,0.9478533785295958,0.7355224641547187,True,,0.10958497414589022,0.16222253833239336,0.7419388609715243,0.7441866119512965,0.0,False,True,False,False,1.0,0.8537715860971867,rdg_gene_only,0.7441866119512965,0.0
Quake_10x_Spleen,3407,rdg_concat_kmeans,0.724933177248762,0.6502457352053364,0.8331239530988275,0.711854673011643,0.5231915497798416,0.9478533785295958,0.7355224641547187,False,,0.10958497414589022,0.16222253833239336,0.7419388609715243,0.6153482031028719,0.0,False,True,False,False,4.0,0.8537715860971867,rdg_gene_only,0.7441866119512965,0.12883840884842468
Quake_10x_Spleen,3407,rdg_always_on,0.7083399730501886,0.6391779154469615,0.9157244556113903,0.885802190797134,0.5231915497798416,0.9478533785295958,0.7355224641547187,True,,0.10958497414589022,0.16222253833239336,0.7419388609715243,0.5987549989042984,0.0,False,True,False,False,5.0,0.8537715860971867,rdg_gene_only,0.7441866119512965,0.14543161304699814
Quake_10x_Spleen,3407,safe_rdg_heuristic,0.8301144940275123,0.7810134759273384,0.946608040201005,0.8555046358104879,0.5231915497798416,0.9478533785295958,0.7355224641547187,True,,0.10958497414589022,0.16222253833239336,0.7419388609715243,0.7205295198816221,0.0,False,True,False,False,2.0,0.8537715860971867,rdg_gene_only,0.7441866119512965,0.02365709206967448
Quake_10x_Spleen,3407,neg_random_cell_graph,0.6913154885489086,0.5151197874257261,0.8062185929648241,0.38201703712280494,0.5231915497798416,0.9478533785295958,0.7355224641547187,True,random_cell_graph,0.10958497414589022,0.16222253833239336,0.7419388609715243,0.5817305144030184,0.0,False,True,False,False,6.0,0.8537715860971867,rdg_gene_only,0.7441866119512965,0.16245609754827817
Quake_10x_Spleen,3407,neg_degree_shuffle_graph,0.01796778719101593,0.06138941763506754,0.7218383584589615,0.36327813906247797,0.5231915497798416,0.9478533785295958,0.7355224641547187,True,degree_preserving_shuffled_cell_graph,0.10958497414589022,0.16222253833239336,0.7419388609715243,-0.09161718695487428,0.09161718695487428,True,False,False,True,12.0,0.8537715860971867,rdg_gene_only,0.7441866119512965,0.8358037989061708
Quake_10x_Spleen,3407,neg_shuffled_gene_cell_graph,0.3541714355932967,0.18736558224115835,0.676821608040201,0.3411029752716904,0.5231915497798416,0.9478533785295958,0.7355224641547187,True,shuffled_gene_module_cell_graph,0.10958497414589022,0.16222253833239336,0.7419388609715243,0.2445864614474065,0.0,False,True,False,False,7.0,0.8537715860971867,rdg_gene_only,0.7441866119512965,0.49960015050389
Quake_Smart-seq2_Lung,42,pca_kmeans,0.6230460188125847,0.7772652934391177,0.649164677804296,0.4931431794831081,0.6238245539625383,0.9201724736504302,0.7719985138064842,False,,0.6230460188125847,0.7772652934391177,0.649164677804296,0.0,0.0,False,False,True,False,5.5,0.7857472554769416,rdg_always_on,0.16270123666435687,0.16270123666435687
Quake_Smart-seq2_Lung,42,pca_spectral_kmeans,0.5261626165066171,0.6992837841194388,0.7189737470167065,0.6904867959471758,0.6238245539625383,0.9201724736504302,0.7719985138064842,False,,0.6230460188125847,0.7772652934391177,0.649164677804296,-0.09688340230596759,0.09688340230596759,True,False,False,True,7.0,0.7857472554769416,rdg_always_on,0.16270123666435687,0.25958463897032447
Quake_Smart-seq2_Lung,42,rdg_cell_only,0.4319459045829619,0.6565737887768929,0.5823389021479713,0.43588385827948045,0.6238245539625383,0.9201724736504302,0.7719985138064842,True,,0.6230460188125847,0.7772652934391177,0.649164677804296,-0.1911001142296228,0.1911001142296228,True,False,False,True,10.0,0.7857472554769416,rdg_always_on,0.16270123666435687,0.3538013508939797
Quake_Smart-seq2_Lung,42,rdg_gene_only,0.6808372048707088,0.7665769457259723,0.6784009546539379,0.5137950784434007,0.6238245539625383,0.9201724736504302,0.7719985138064842,True,,0.6230460188125847,0.7772652934391177,0.649164677804296,0.057791186058124056,0.0,False,True,False,False,4.0,0.7857472554769416,rdg_always_on,0.16270123666435687,0.10491005060623282
Quake_Smart-seq2_Lung,42,rdg_concat_kmeans,0.26757252794901115,0.5627237031752657,0.44212410501193317,0.379644764717923,0.6238245539625383,0.9201724736504302,0.7719985138064842,False,,0.6230460188125847,0.7772652934391177,0.649164677804296,-0.35547349086357355,0.35547349086357355,True,False,False,True,11.0,0.7857472554769416,rdg_always_on,0.16270123666435687,0.5181747275279305
Quake_Smart-seq2_Lung,42,rdg_always_on,0.7857472554769416,0.8177189083503701,0.7732696897374701,0.7024682313817366,0.6238245539625383,0.9201724736504302,0.7719985138064842,True,,0.6230460188125847,0.7772652934391177,0.649164677804296,0.16270123666435687,0.0,False,True,False,False,1.5,0.7857472554769416,rdg_always_on,0.16270123666435687,0.0
Quake_Smart-seq2_Lung,42,safe_rdg_heuristic,0.6869100735854943,0.7770152187255769,0.6927207637231504,0.6047822708846199,0.6238245539625383,0.9201724736504302,0.7719985138064842,True,,0.6230460188125847,0.7772652934391177,0.649164677804296,0.06386405477290957,0.0,False,True,False,False,3.0,0.7857472554769416,rdg_always_on,0.16270123666435687,0.0988371818914473
Quake_Smart-seq2_Lung,42,neg_random_cell_graph,0.4782092218282841,0.6536804348577202,0.600835322195704,0.5887189037082827,0.6238245539625383,0.9201724736504302,0.7719985138064842,True,random_cell_graph,0.6230460188125847,0.7772652934391177,0.649164677804296,-0.14483679698430058,0.14483679698430058,True,False,False,True,8.0,0.7857472554769416,rdg_always_on,0.16270123666435687,0.30753803364865745
Quake_Smart-seq2_Lung,42,neg_degree_shuffle_graph,0.43622013750248595,0.606836892912304,0.6593078758949881,0.5714714850587597,0.6238245539625383,0.9201724736504302,0.7719985138064842,True,degree_preserving_shuffled_cell_graph,0.6230460188125847,0.7772652934391177,0.649164677804296,-0.18682588131009875,0.18682588131009875,True,False,False,True,9.0,0.7857472554769416,rdg_always_on,0.16270123666435687,0.3495271179744556
Quake_Smart-seq2_Lung,42,neg_shuffled_gene_cell_graph,0.18196376323416452,0.3369286667901637,0.4182577565632458,0.3768731828827043,0.6238245539625383,0.9201724736504302,0.7719985138064842,True,shuffled_gene_module_cell_graph,0.6230460188125847,0.7772652934391177,0.649164677804296,-0.4410822555784202,0.4410822555784202,True,False,False,True,12.0,0.7857472554769416,rdg_always_on,0.16270123666435687,0.603783492242777
Quake_Smart-seq2_Lung,3047,pca_kmeans,0.7237612296896183,0.7866277991279977,0.7052505966587113,0.6139875530352902,0.6201148470106002,0.9205826882563127,0.7703487676334564,False,,0.7237612296896183,0.7866277991279977,0.7052505966587113,0.0,0.0,False,False,True,False,1.5,0.7237612296896183,pca_kmeans,0.0,0.0
Quake_Smart-seq2_Lung,3047,pca_spectral_kmeans,0.43689283553500363,0.6743108602151733,0.5990453460620525,0.5475028479433651,0.6201148470106002,0.9205826882563127,0.7703487676334564,False,,0.7237612296896183,0.7866277991279977,0.7052505966587113,-0.2868683941546147,0.2868683941546147,True,False,False,True,9.0,0.7237612296896183,pca_kmeans,0.0,0.2868683941546147
Quake_Smart-seq2_Lung,3047,rdg_cell_only,0.45775312504056453,0.6753148425218037,0.610381861575179,0.4281406536577626,0.6201148470106002,0.9205826882563127,0.7703487676334564,True,,0.7237612296896183,0.7866277991279977,0.7052505966587113,-0.2660081046490538,0.2660081046490538,True,False,False,True,7.0,0.7237612296896183,pca_kmeans,0.0,0.2660081046490538
Quake_Smart-seq2_Lung,3047,rdg_gene_only,0.49824844581516575,0.6805242900598727,0.600835322195704,0.516455807200792,0.6201148470106002,0.9205826882563127,0.7703487676334564,True,,0.7237612296896183,0.7866277991279977,0.7052505966587113,-0.22551278387445256,0.22551278387445256,True,False,False,True,5.0,0.7237612296896183,pca_kmeans,0.0,0.22551278387445256
Quake_Smart-seq2_Lung,3047,rdg_concat_kmeans,0.12731215357429065,0.5075954352837111,0.47255369928400953,0.44119525513901175,0.6201148470106002,0.9205826882563127,0.7703487676334564,False,,0.7237612296896183,0.7866277991279977,0.7052505966587113,-0.5964490761153276,0.5964490761153276,True,False,False,True,12.0,0.7237612296896183,pca_kmeans,0.0,0.5964490761153276
Quake_Smart-seq2_Lung,3047,rdg_always_on,0.5350779774256198,0.7178150628021619,0.6825775656324582,0.6282196472398252,0.6201148470106002,0.9205826882563127,0.7703487676334564,True,,0.7237612296896183,0.7866277991279977,0.7052505966587113,-0.1886832522639985,0.1886832522639985,True,False,False,True,3.5,0.7237612296896183,pca_kmeans,0.0,0.1886832522639985
Quake_Smart-seq2_Lung,3047,safe_rdg_heuristic,0.4445644863339614,0.6988519451604099,0.6151551312649165,0.5436599302535975,0.6201148470106002,0.9205826882563127,0.7703487676334564,True,,0.7237612296896183,0.7866277991279977,0.7052505966587113,-0.2791967433556569,0.2791967433556569,True,False,False,True,8.0,0.7237612296896183,pca_kmeans,0.0,0.2791967433556569
Quake_Smart-seq2_Lung,3047,neg_random_cell_graph,0.49625111260575916,0.6420342192618077,0.6366348448687351,0.5203482062921324,0.6201148470106002,0.9205826882563127,0.7703487676334564,True,random_cell_graph,0.7237612296896183,0.7866277991279977,0.7052505966587113,-0.22751011708385915,0.22751011708385915,True,False,False,True,6.0,0.7237612296896183,pca_kmeans,0.0,0.22751011708385915
Quake_Smart-seq2_Lung,3047,neg_degree_shuffle_graph,0.3426556907548367,0.5389576312533226,0.6157517899761337,0.5165832792666097,0.6201148470106002,0.9205826882563127,0.7703487676334564,True,degree_preserving_shuffled_cell_graph,0.7237612296896183,0.7866277991279977,0.7052505966587113,-0.3811055389347816,0.3811055389347816,True,False,False,True,10.0,0.7237612296896183,pca_kmeans,0.0,0.3811055389347816
Quake_Smart-seq2_Lung,3047,neg_shuffled_gene_cell_graph,0.31262399058077,0.423522250330239,0.5739856801909308,0.46188171896506697,0.6201148470106002,0.9205826882563127,0.7703487676334564,True,shuffled_gene_module_cell_graph,0.7237612296896183,0.7866277991279977,0.7052505966587113,-0.4111372391088483,0.4111372391088483,True,False,False,True,11.0,0.7237612296896183,pca_kmeans,0.0,0.4111372391088483
Quake_Smart-seq2_Lung,3407,pca_kmeans,0.7462653405198079,0.8212756613666663,0.7118138424821002,0.6173846106794895,0.6220983400891619,0.9200305256450445,0.7710644328671032,False,,0.7462653405198079,0.8212756613666663,0.7118138424821002,0.0,0.0,False,False,True,False,1.5,0.7462653405198079,pca_kmeans,0.0,0.0
Quake_Smart-seq2_Lung,3407,pca_spectral_kmeans,0.41130021680954115,0.6485380242385438,0.565035799522673,0.4845040307394093,0.6220983400891619,0.9200305256450445,0.7710644328671032,False,,0.7462653405198079,0.8212756613666663,0.7118138424821002,-0.3349651237102667,0.3349651237102667,True,False,False,True,10.0,0.7462653405198079,pca_kmeans,0.0,0.3349651237102667
Quake_Smart-seq2_Lung,3407,rdg_cell_only,0.4248378873974276,0.6256877596584571,0.6175417661097852,0.42444480221485803,0.6220983400891619,0.9200305256450445,0.7710644328671032,True,,0.7462653405198079,0.8212756613666663,0.7118138424821002,-0.32142745312238025,0.32142745312238025,True,False,False,True,9.0,0.7462653405198079,pca_kmeans,0.0,0.32142745312238025
Quake_Smart-seq2_Lung,3407,rdg_gene_only,0.6861490728741965,0.7789825813739334,0.6945107398568019,0.6057038048995178,0.6220983400891619,0.9200305256450445,0.7710644328671032,True,,0.7462653405198079,0.8212756613666663,0.7118138424821002,-0.0601162676456114,0.0601162676456114,True,False,False,True,4.0,0.7462653405198079,pca_kmeans,0.0,0.0601162676456114
Quake_Smart-seq2_Lung,3407,rdg_concat_kmeans,0.546780466766762,0.6582777687619574,0.7732696897374701,0.616607070617063,0.6220983400891619,0.9200305256450445,0.7710644328671032,False,,0.7462653405198079,0.8212756613666663,0.7118138424821002,-0.1994848737530459,0.1994848737530459,True,False,False,True,5.0,0.7462653405198079,pca_kmeans,0.0,0.1994848737530459
Quake_Smart-seq2_Lung,3407,rdg_always_on,0.4912450728633448,0.640733346076481,0.619928400954654,0.42963983489432445,0.6220983400891619,0.9200305256450445,0.7710644328671032,True,,0.7462653405198079,0.8212756613666663,0.7118138424821002,-0.2550202676564631,0.2550202676564631,True,False,False,True,6.5,0.7462653405198079,pca_kmeans,0.0,0.2550202676564631
Quake_Smart-seq2_Lung,3407,safe_rdg_heuristic,0.6982205896868525,0.7824953001613947,0.7350835322195705,0.6568481366642458,0.6220983400891619,0.9200305256450445,0.7710644328671032,True,,0.7462653405198079,0.8212756613666663,0.7118138424821002,-0.04804475083295534,0.04804475083295534,True,False,False,True,3.0,0.7462653405198079,pca_kmeans,0.0,0.04804475083295534
Quake_Smart-seq2_Lung,3407,neg_random_cell_graph,0.4535832832564696,0.6721155409744962,0.5721957040572793,0.4790382519658561,0.6220983400891619,0.9200305256450445,0.7710644328671032,True,random_cell_graph,0.7462653405198079,0.8212756613666663,0.7118138424821002,-0.29268205726333824,0.29268205726333824,True,False,False,True,8.0,0.7462653405198079,pca_kmeans,0.0,0.29268205726333824
Quake_Smart-seq2_Lung,3407,neg_degree_shuffle_graph,0.1213525076771815,0.3833721592431124,0.4522673031026253,0.41467191577439305,0.6220983400891619,0.9200305256450445,0.7710644328671032,True,degree_preserving_shuffled_cell_graph,0.7462653405198079,0.8212756613666663,0.7118138424821002,-0.6249128328426263,0.6249128328426263,True,False,False,True,12.0,0.7462653405198079,pca_kmeans,0.0,0.6249128328426263
Quake_Smart-seq2_Lung,3407,neg_shuffled_gene_cell_graph,0.12913049091652698,0.32679662122016107,0.418854415274463,0.4244068757028026,0.6220983400891619,0.9200305256450445,0.7710644328671032,True,shuffled_gene_module_cell_graph,0.7462653405198079,0.8212756613666663,0.7118138424821002,-0.6171348496032809,0.6171348496032809,True,False,False,True,11.0,0.7462653405198079,pca_kmeans,0.0,0.6171348496032809
Shekhar,42,pca_kmeans,0.927215920325585,0.8916725727531882,0.8875139768915393,0.813975837658655,0.4605180878785165,0.6961972004205977,0.5783576441495571,False,,0.927215920325585,0.8916725727531882,0.8875139768915393,0.0,0.0,False,False,True,False,2.0,0.927215920325585,pca_kmeans,0.0,0.0
Shekhar,42,pca_spectral_kmeans,0.859884524362973,0.831611995708618,0.8654863958255684,0.6527900491746025,0.4605180878785165,0.6961972004205977,0.5783576441495571,False,,0.927215920325585,0.8916725727531882,0.8875139768915393,-0.06733139596261195,0.06733139596261195,True,False,False,True,5.0,0.927215920325585,pca_kmeans,0.0,0.06733139596261195
Shekhar,42,rdg_cell_only,0.8317826172215594,0.8015175578206418,0.8307118896757362,0.5972183193013363,0.4605180878785165,0.6961972004205977,0.5783576441495571,True,,0.927215920325585,0.8916725727531882,0.8875139768915393,-0.09543330310402554,0.09543330310402554,True,False,False,True,7.0,0.927215920325585,pca_kmeans,0.0,0.09543330310402554
Shekhar,42,rdg_gene_only,0.7918556343412338,0.6862421308858225,0.7287364890048453,0.48602064414841795,0.4605180878785165,0.6961972004205977,0.5783576441495571,True,,0.927215920325585,0.8916725727531882,0.8875139768915393,-0.13536028598435113,0.13536028598435113,True,False,False,True,10.0,0.927215920325585,pca_kmeans,0.0,0.13536028598435113
Shekhar,42,rdg_concat_kmeans,0.8866007362946748,0.8466922269008157,0.8787178531494596,0.6600009761256646,0.4605180878785165,0.6961972004205977,0.5783576441495571,False,,0.927215920325585,0.8916725727531882,0.8875139768915393,-0.040615184030910134,0.040615184030910134,True,False,False,True,4.0,0.927215920325585,pca_kmeans,0.0,0.040615184030910134
Shekhar,42,rdg_always_on,0.8100156711733046,0.7182623232476646,0.756503913529631,0.5126143663538274,0.4605180878785165,0.6961972004205977,0.5783576441495571,True,,0.927215920325585,0.8916725727531882,0.8875139768915393,-0.11720024915228033,0.11720024915228033,True,False,False,True,8.0,0.927215920325585,pca_kmeans,0.0,0.11720024915228033
Shekhar,42,safe_rdg_heuristic,0.833310443710079,0.7760921921856586,0.8202012672381662,0.5965568586836477,0.4605180878785165,0.6961972004205977,0.5783576441495571,True,,0.927215920325585,0.8916725727531882,0.8875139768915393,-0.09390547661550597,0.09390547661550597,True,False,False,True,6.0,0.927215920325585,pca_kmeans,0.0,0.09390547661550597
Shekhar,42,neg_random_cell_graph,0.7947184493738594,0.7705844260901142,0.838948937756243,0.6305004863911794,0.4605180878785165,0.6961972004205977,0.5783576441495571,True,random_cell_graph,0.927215920325585,0.8916725727531882,0.8875139768915393,-0.1324974709517256,0.1324974709517256,True,False,False,True,9.0,0.927215920325585,pca_kmeans,0.0,0.1324974709517256
Shekhar,42,neg_degree_shuffle_graph,0.00200764304892344,0.04613304454873744,0.40570257174804325,0.08130104359405443,0.4605180878785165,0.6961972004205977,0.5783576441495571,True,degree_preserving_shuffled_cell_graph,0.927215920325585,0.8916725727531882,0.8875139768915393,-0.9252082772766616,0.9252082772766616,True,False,False,True,12.0,0.927215920325585,pca_kmeans,0.0,0.9252082772766616
Shekhar,42,neg_shuffled_gene_cell_graph,0.19738123363686036,0.29236635356079643,0.4877003354453969,0.35714155873359305,0.4605180878785165,0.6961972004205977,0.5783576441495571,True,shuffled_gene_module_cell_graph,0.927215920325585,0.8916725727531882,0.8875139768915393,-0.7298346866887246,0.7298346866887246,True,False,False,True,11.0,0.927215920325585,pca_kmeans,0.0,0.7298346866887246
Shekhar,3047,pca_kmeans,0.6274129173202476,0.8165169068103656,0.690756615728662,0.6904770833010905,0.4605180878785165,0.6958858187568293,0.5782019533176729,False,,0.6274129173202476,0.8165169068103656,0.690756615728662,0.0,0.0,False,False,True,False,9.0,0.859884524362973,pca_spectral_kmeans,0.2324716070427254,0.2324716070427254
Shekhar,3047,pca_spectral_kmeans,0.859884524362973,0.8316119957086181,0.8654863958255684,0.6527900491746025,0.4605180878785165,0.6958858187568293,0.5782019533176729,False,,0.6274129173202476,0.8165169068103656,0.690756615728662,0.2324716070427254,0.0,False,True,False,False,1.0,0.859884524362973,pca_spectral_kmeans,0.2324716070427254,0.0
Shekhar,3047,rdg_cell_only,0.8317470554223964,0.8014804188845309,0.8306746179649646,0.597199518684941,0.4605180878785165,0.6958858187568293,0.5782019533176729,True,,0.6274129173202476,0.8165169068103656,0.690756615728662,0.20433413810214873,0.0,False,True,False,False,2.0,0.859884524362973,pca_spectral_kmeans,0.2324716070427254,0.02813746894057667
Shekhar,3047,rdg_gene_only,0.7854869857333111,0.6869044635099885,0.7267610883339545,0.49161048162035137,0.4605180878785165,0.6958858187568293,0.5782019533176729,True,,0.6274129173202476,0.8165169068103656,0.690756615728662,0.15807406841306348,0.0,False,True,False,False,5.0,0.859884524362973,pca_spectral_kmeans,0.2324716070427254,0.07439753862966192
Shekhar,3047,rdg_concat_kmeans,0.753772761306837,0.8128022395896861,0.8512113306000746,0.6716893392877306,0.4605180878785165,0.6958858187568293,0.5782019533176729,False,,0.6274129173202476,0.8165169068103656,0.690756615728662,0.1263598439865894,0.0,False,True,False,False,6.0,0.859884524362973,pca_spectral_kmeans,0.2324716070427254,0.10611176305613601
Shekhar,3047,rdg_always_on,0.8065883507407509,0.7208593456220691,0.7543421543048826,0.5177112429813642,0.4605180878785165,0.6958858187568293,0.5782019533176729,True,,0.6274129173202476,0.8165169068103656,0.690756615728662,0.17917543342050324,0.0,False,True,False,False,4.0,0.859884524362973,pca_spectral_kmeans,0.2324716070427254,0.053296173622222165
Shekhar,3047,safe_rdg_heuristic,0.8186624520817882,0.7590664843976711,0.7834140887066716,0.5258664148065536,0.4605180878785165,0.6958858187568293,0.5782019533176729,True,,0.6274129173202476,0.8165169068103656,0.690756615728662,0.1912495347615406,0.0,False,True,False,False,3.0,0.859884524362973,pca_spectral_kmeans,0.2324716070427254,0.041222072281184796
Shekhar,3047,neg_random_cell_graph,0.7377609215938201,0.7550062744812402,0.8210212448751397,0.5683168050496763,0.4605180878785165,0.6958858187568293,0.5782019533176729,True,random_cell_graph,0.6274129173202476,0.8165169068103656,0.690756615728662,0.1103480042735725,0.0,False,True,False,False,7.0,0.859884524362973,pca_spectral_kmeans,0.2324716070427254,0.1221236027691529
Shekhar,3047,neg_degree_shuffle_graph,0.003404324097845712,0.050618319921257725,0.40756615728661943,0.08956880509490095,0.4605180878785165,0.6958858187568293,0.5782019533176729,True,degree_preserving_shuffled_cell_graph,0.6274129173202476,0.8165169068103656,0.690756615728662,-0.6240085932224019,0.6240085932224019,True,False,False,True,12.0,0.859884524362973,pca_spectral_kmeans,0.2324716070427254,0.8564802002651273
Shekhar,3047,neg_shuffled_gene_cell_graph,0.173197956526969,0.28610487242771737,0.4606038017144987,0.32999041416838076,0.4605180878785165,0.6958858187568293,0.5782019533176729,True,shuffled_gene_module_cell_graph,0.6274129173202476,0.8165169068103656,0.690756615728662,-0.4542149607932786,0.4542149607932786,True,False,False,True,11.0,0.859884524362973,pca_spectral_kmeans,0.2324716070427254,0.686686567836004
Shekhar,3407,pca_kmeans,0.9187685158600822,0.8814088477531632,0.868654491241148,0.7437009700275747,0.4605180878785165,0.6958839838221539,0.5782010358503352,False,,0.9187685158600822,0.8814088477531632,0.868654491241148,0.0,0.0,False,False,True,False,2.0,0.9187685158600822,pca_kmeans,0.0,0.0
Shekhar,3407,pca_spectral_kmeans,0.859884524362973,0.831611995708618,0.8654863958255684,0.6527900491746025,0.4605180878785165,0.6958839838221539,0.5782010358503352,False,,0.9187685158600822,0.8814088477531632,0.868654491241148,-0.05888399149710921,0.05888399149710921,True,False,False,True,5.0,0.9187685158600822,pca_kmeans,0.0,0.05888399149710921
Shekhar,3407,rdg_cell_only,0.8317317095186308,0.8014850657475084,0.8306746179649646,0.5972031051372805,0.4605180878785165,0.6958839838221539,0.5782010358503352,True,,0.9187685158600822,0.8814088477531632,0.868654491241148,-0.08703680634145139,0.08703680634145139,True,False,False,True,6.0,0.9187685158600822,pca_kmeans,0.0,0.08703680634145139
Shekhar,3407,rdg_gene_only,0.7837770567589432,0.6854654773809054,0.72445024226612,0.4898576591692741,0.4605180878785165,0.6958839838221539,0.5782010358503352,True,,0.9187685158600822,0.8814088477531632,0.868654491241148,-0.13499145910113908,0.13499145910113908,True,False,False,True,10.0,0.9187685158600822,pca_kmeans,0.0,0.13499145910113908
Shekhar,3407,rdg_concat_kmeans,0.8686352329899936,0.8359982089403725,0.8653000372717108,0.6660225955583408,0.4605180878785165,0.6958839838221539,0.5782010358503352,False,,0.9187685158600822,0.8814088477531632,0.868654491241148,-0.05013328287008867,0.05013328287008867,True,False,False,True,4.0,0.9187685158600822,pca_kmeans,0.0,0.05013328287008867
Shekhar,3407,rdg_always_on,0.8063655402816816,0.7205666317098505,0.7532985464032799,0.5163223558953843,0.4605180878785165,0.6958839838221539,0.5782010358503352,True,,0.9187685158600822,0.8814088477531632,0.868654491241148,-0.11240297557840062,0.11240297557840062,True,False,False,True,8.0,0.9187685158600822,pca_kmeans,0.0,0.11240297557840062
Shekhar,3407,safe_rdg_heuristic,0.819245766723713,0.7591872048860581,0.7849422288483041,0.527370469471862,0.4605180878785165,0.6958839838221539,0.5782010358503352,True,,0.9187685158600822,0.8814088477531632,0.868654491241148,-0.09952274913636927,0.09952274913636927,True,False,False,True,7.0,0.9187685158600822,pca_kmeans,0.0,0.09952274913636927
Shekhar,3407,neg_random_cell_graph,0.7913737084263732,0.7776135906918887,0.8509504286246738,0.6895244052874666,0.4605180878785165,0.6958839838221539,0.5782010358503352,True,random_cell_graph,0.9187685158600822,0.8814088477531632,0.868654491241148,-0.127394807433709,0.127394807433709,True,False,False,True,9.0,0.9187685158600822,pca_kmeans,0.0,0.127394807433709
Shekhar,3407,neg_degree_shuffle_graph,0.00011943155532688334,0.04678477138818686,0.4033171822586657,0.0842577494338611,0.4605180878785165,0.6958839838221539,0.5782010358503352,True,degree_preserving_shuffled_cell_graph,0.9187685158600822,0.8814088477531632,0.868654491241148,-0.9186490843047553,0.9186490843047553,True,False,False,True,12.0,0.9187685158600822,pca_kmeans,0.0,0.9186490843047553
Shekhar,3407,neg_shuffled_gene_cell_graph,0.19074273373448933,0.3067929161036642,0.4822586656727544,0.3700484546398451,0.4605180878785165,0.6958839838221539,0.5782010358503352,True,shuffled_gene_module_cell_graph,0.9187685158600822,0.8814088477531632,0.868654491241148,-0.7280257821255929,0.7280257821255929,True,False,False,True,11.0,0.9187685158600822,pca_kmeans,0.0,0.7280257821255929
Tosches,42,pca_kmeans,0.5084761831953863,0.7302725170092682,0.602818259751393,0.5314682255501534,0.5019691879681056,0.8550219349699988,0.6784955614690522,False,,0.5084761831953863,0.7302725170092682,0.602818259751393,0.0,0.0,False,False,True,False,9.0,0.7325294676369274,rdg_cell_only,0.22405328444154105,0.22405328444154105
Tosches,42,pca_spectral_kmeans,0.6566990824439526,0.7522389189416957,0.7167273896270896,0.567327599780554,0.5019691879681056,0.8550219349699988,0.6784955614690522,False,,0.5084761831953863,0.7302725170092682,0.602818259751393,0.14822289924856624,0.0,False,True,False,False,3.0,0.7325294676369274,rdg_cell_only,0.22405328444154105,0.0758303851929748
Tosches,42,rdg_cell_only,0.7325294676369274,0.7646915973969234,0.7678418345477925,0.5683359624886173,0.5019691879681056,0.8550219349699988,0.6784955614690522,True,,0.5084761831953863,0.7302725170092682,0.602818259751393,0.22405328444154105,0.0,False,True,False,False,1.0,0.7325294676369274,rdg_cell_only,0.22405328444154105,0.0
Tosches,42,rdg_gene_only,0.5303942397036597,0.7023413086553146,0.6575760822974711,0.5568855216582265,0.5019691879681056,0.8550219349699988,0.6784955614690522,True,,0.5084761831953863,0.7302725170092682,0.602818259751393,0.021918056508273387,0.0,False,True,False,False,7.0,0.7325294676369274,rdg_cell_only,0.22405328444154105,0.20213522793326766
Tosches,42,rdg_concat_kmeans,0.6284684742529233,0.7564855148779428,0.7164059151307329,0.5302411382678941,0.5019691879681056,0.8550219349699988,0.6784955614690522,False,,0.5084761831953863,0.7302725170092682,0.602818259751393,0.11999229105753695,0.0,False,True,False,False,4.0,0.7325294676369274,rdg_cell_only,0.22405328444154105,0.1040609933840041
Tosches,42,rdg_always_on,0.5309221860957807,0.7024021915087627,0.6585405057865409,0.5540780132768378,0.5019691879681056,0.8550219349699988,0.6784955614690522,True,,0.5084761831953863,0.7302725170092682,0.602818259751393,0.022446002900394335,0.0,False,True,False,False,6.0,0.7325294676369274,rdg_cell_only,0.22405328444154105,0.2016072815411467
Tosches,42,safe_rdg_heuristic,0.5309783874080755,0.7032410780205492,0.6587548221174454,0.5557147473509931,0.5019691879681056,0.8550219349699988,0.6784955614690522,True,,0.5084761831953863,0.7302725170092682,0.602818259751393,0.022502204212689114,0.0,False,True,False,False,5.0,0.7325294676369274,rdg_cell_only,0.22405328444154105,0.20155108022885193
Tosches,42,neg_random_cell_graph,0.7060371047543005,0.7268240244162761,0.7584119159879983,0.5115912467442526,0.5019691879681056,0.8550219349699988,0.6784955614690522,True,random_cell_graph,0.5084761831953863,0.7302725170092682,0.602818259751393,0.19756092155891414,0.0,False,True,False,False,2.0,0.7325294676369274,rdg_cell_only,0.22405328444154105,0.026492362882626908
Tosches,42,neg_degree_shuffle_graph,0.0372151261557215,0.12975666953637424,0.38126875267895416,0.10046565334466098,0.5019691879681056,0.8550219349699988,0.6784955614690522,True,degree_preserving_shuffled_cell_graph,0.5084761831953863,0.7302725170092682,0.602818259751393,-0.47126105703966487,0.47126105703966487,True,False,False,True,12.0,0.7325294676369274,rdg_cell_only,0.22405328444154105,0.6953143414812059
Tosches,42,neg_shuffled_gene_cell_graph,0.21546593106999373,0.30411085304061164,0.4485640805829404,0.40399417359684625,0.5019691879681056,0.8550219349699988,0.6784955614690522,True,shuffled_gene_module_cell_graph,0.5084761831953863,0.7302725170092682,0.602818259751393,-0.2930102521253926,0.2930102521253926,True,False,False,True,11.0,0.7325294676369274,rdg_cell_only,0.22405328444154105,0.5170635365669336
Tosches,3047,pca_kmeans,0.5242280274009139,0.7326473383001255,0.5925310758679811,0.5909363601136481,0.5019691879681056,0.8584696127563464,0.680219400362226,False,,0.5242280274009139,0.7326473383001255,0.5925310758679811,0.0,0.0,False,False,True,False,8.0,0.7325153210710746,rdg_cell_only,0.20828729367016074,0.20828729367016074
Tosches,3047,pca_spectral_kmeans,0.6566990824439526,0.7522389189416957,0.7167273896270896,0.567327599780554,0.5019691879681056,0.8584696127563464,0.680219400362226,False,,0.5242280274009139,0.7326473383001255,0.5925310758679811,0.1324710550430387,0.0,False,True,False,False,2.0,0.7325153210710746,rdg_cell_only,0.20828729367016074,0.07581623862712206
Tosches,3047,rdg_cell_only,0.7325153210710746,0.7647333267275112,0.7678418345477925,0.5683547172858145,0.5019691879681056,0.8584696127563464,0.680219400362226,True,,0.5242280274009139,0.7326473383001255,0.5925310758679811,0.20828729367016074,0.0,False,True,False,False,1.0,0.7325153210710746,rdg_cell_only,0.20828729367016074,0.0
Tosches,3047,rdg_gene_only,0.5310203196321852,0.702863242313759,0.6581118731247321,0.5578389699011118,0.5019691879681056,0.8584696127563464,0.680219400362226,True,,0.5242280274009139,0.7326473383001255,0.5925310758679811,0.006792292231271313,0.0,False,True,False,False,6.0,0.7325153210710746,rdg_cell_only,0.20828729367016074,0.20149500143888943
Tosches,3047,rdg_concat_kmeans,0.4962812942775706,0.7234777495183896,0.5777432490355765,0.4920079984126394,0.5019691879681056,0.8584696127563464,0.680219400362226,False,,0.5242280274009139,0.7326473383001255,0.5925310758679811,-0.02794673312334328,0.02794673312334328,True,False,False,True,10.0,0.7325153210710746,rdg_cell_only,0.20828729367016074,0.23623402679350403
Tosches,3047,rdg_always_on,0.5311006767304781,0.7024132344183812,0.6585405057865409,0.5546612200578007,0.5019691879681056,0.8584696127563464,0.680219400362226,True,,0.5242280274009139,0.7326473383001255,0.5925310758679811,0.006872649329564218,0.0,False,True,False,False,5.0,0.7325153210710746,rdg_cell_only,0.20828729367016074,0.20141464434059653
Tosches,3047,safe_rdg_heuristic,0.5312931581889433,0.7026973878280091,0.6587548221174454,0.556805875001265,0.5019691879681056,0.8584696127563464,0.680219400362226,True,,0.5242280274009139,0.7326473383001255,0.5925310758679811,0.0070651307880293945,0.0,False,True,False,False,4.0,0.7325153210710746,rdg_cell_only,0.20828729367016074,0.20122216288213135
Tosches,3047,neg_random_cell_graph,0.5450225770284864,0.6879232774572346,0.6673274753536219,0.51590805857678,0.5019691879681056,0.8584696127563464,0.680219400362226,True,random_cell_graph,0.5242280274009139,0.7326473383001255,0.5925310758679811,0.020794549627572545,0.0,False,True,False,False,3.0,0.7325153210710746,rdg_cell_only,0.20828729367016074,0.1874927440425882
Tosches,3047,neg_degree_shuffle_graph,0.0030125552763519254,0.01233538519459982,0.35137162451778825,0.048458500988515577,0.5019691879681056,0.8584696127563464,0.680219400362226,True,degree_preserving_shuffled_cell_graph,0.5242280274009139,0.7326473383001255,0.5925310758679811,-0.521215472124562,0.521215472124562,True,False,False,True,12.0,0.7325153210710746,rdg_cell_only,0.20828729367016074,0.7295027657947227
Tosches,3047,neg_shuffled_gene_cell_graph,0.2892361732460258,0.3073647605407673,0.4929275610801543,0.3573881481374935,0.5019691879681056,0.8584696127563464,0.680219400362226,True,shuffled_gene_module_cell_graph,0.5242280274009139,0.7326473383001255,0.5925310758679811,-0.2349918541548881,0.2349918541548881,True,False,False,True,11.0,0.7325153210710746,rdg_cell_only,0.20828729367016074,0.44327914782504885
Tosches,3407,pca_kmeans,0.6989742934674248,0.7527932655276917,0.7014573510501501,0.4912128122506955,0.5019691879681056,0.8626564869933049,0.6823128374807053,False,,0.6989742934674248,0.7527932655276917,0.7014573510501501,0.0,0.0,False,False,True,False,3.0,0.7325153210710746,rdg_cell_only,0.03354102760364985,0.03354102760364985
Tosches,3407,pca_spectral_kmeans,0.6566990824439526,0.7522389189416956,0.7167273896270896,0.567327599780554,0.5019691879681056,0.8626564869933049,0.6823128374807053,False,,0.6989742934674248,0.7527932655276917,0.7014573510501501,-0.0422752110234722,0.0422752110234722,True,False,False,True,7.0,0.7325153210710746,rdg_cell_only,0.03354102760364985,0.07581623862712206
Tosches,3407,rdg_cell_only,0.7325153210710746,0.7647333267275112,0.7678418345477925,0.5683547172858145,0.5019691879681056,0.8626564869933049,0.6823128374807053,True,,0.6989742934674248,0.7527932655276917,0.7014573510501501,0.03354102760364985,0.0,False,True,False,False,1.0,0.7325153210710746,rdg_cell_only,0.03354102760364985,0.0
Tosches,3407,rdg_gene_only,0.5312372527425012,0.7022079369428982,0.6581654522074583,0.5535197032399747,0.5019691879681056,0.8626564869933049,0.6823128374807053,True,,0.6989742934674248,0.7527932655276917,0.7014573510501501,-0.16773704072492357,0.16773704072492357,True,False,False,True,10.0,0.7325153210710746,rdg_cell_only,0.03354102760364985,0.20127806832857342
Tosches,3407,rdg_concat_kmeans,0.6832040581677755,0.7596143571964135,0.7289969995713673,0.5689091489444704,0.5019691879681056,0.8626564869933049,0.6823128374807053,False,,0.6989742934674248,0.7527932655276917,0.7014573510501501,-0.01577023529964927,0.01577023529964927,True,False,False,True,5.0,0.7325153210710746,rdg_cell_only,0.03354102760364985,0.049311262903299125
Tosches,3407,rdg_always_on,0.5312702482084892,0.7017565960696291,0.6587012430347192,0.5526632489349518,0.5019691879681056,0.8626564869933049,0.6823128374807053,True,,0.6989742934674248,0.7527932655276917,0.7014573510501501,-0.16770404525893556,0.16770404525893556,True,False,False,True,9.0,0.7325153210710746,rdg_cell_only,0.03354102760364985,0.20124507286258542
Tosches,3407,safe_rdg_heuristic,0.5313311075912776,0.702327707657121,0.6589155593656236,0.5548257696351822,0.5019691879681056,0.8626564869933049,0.6823128374807053,True,,0.6989742934674248,0.7527932655276917,0.7014573510501501,-0.16764318587614724,0.16764318587614724,True,False,False,True,8.0,0.7325153210710746,rdg_cell_only,0.03354102760364985,0.2011842134797971
Tosches,3407,neg_random_cell_graph,0.6750902376011862,0.7213912173709064,0.7405700814402058,0.5176352235658618,0.5019691879681056,0.8626564869933049,0.6823128374807053,True,random_cell_graph,0.6989742934674248,0.7527932655276917,0.7014573510501501,-0.02388405586623854,0.02388405586623854,True,False,False,True,6.0,0.7325153210710746,rdg_cell_only,0.03354102760364985,0.057425083469888394
Tosches,3407,neg_degree_shuffle_graph,0.0076468761837647945,0.030049957732621452,0.3549078439777111,0.0832461317266269,0.5019691879681056,0.8626564869933049,0.6823128374807053,True,degree_preserving_shuffled_cell_graph,0.6989742934674248,0.7527932655276917,0.7014573510501501,-0.69132741728366,0.69132741728366,True,False,False,True,12.0,0.7325153210710746,rdg_cell_only,0.03354102760364985,0.7248684448873098
Tosches,3407,neg_shuffled_gene_cell_graph,0.2508540998138174,0.2803908294208674,0.46919202743249033,0.3515359718971018,0.5019691879681056,0.8626564869933049,0.6823128374807053,True,shuffled_gene_module_cell_graph,0.6989742934674248,0.7527932655276917,0.7014573510501501,-0.4481201936536074,0.4481201936536074,True,False,False,True,11.0,0.7325153210710746,rdg_cell_only,0.03354102760364985,0.48166122125725724
Wang,42,pca_kmeans,0.9525630986506929,0.8909054622711734,0.9891795356655111,0.9842699619447941,0.49423079867404274,0.8485172446178175,0.6713740216459301,False,,0.9525630986506929,0.8909054622711734,0.9891795356655111,0.0,0.0,False,False,True,False,3.0,0.9689589987079101,rdg_concat_kmeans,0.01639590005721725,0.01639590005721725
Wang,42,pca_spectral_kmeans,0.0005352511073698398,0.0006030199485005217,0.7802290156529047,0.43874478815772033,0.49423079867404274,0.8485172446178175,0.6713740216459301,False,,0.9525630986506929,0.8909054622711734,0.9891795356655111,-0.952027847543323,0.952027847543323,True,False,False,True,11.5,0.9689589987079101,rdg_concat_kmeans,0.01639590005721725,0.9684237476005403
Wang,42,rdg_cell_only,0.967576725339632,0.9202597235537756,0.9926462863746192,0.9892600755716225,0.49423079867404274,0.8485172446178175,0.6713740216459301,True,,0.9525630986506929,0.8909054622711734,0.9891795356655111,0.01501362668893913,0.0,False,True,False,False,2.0,0.9689589987079101,rdg_concat_kmeans,0.01639590005721725,0.0013822733682781196
Wang,42,rdg_gene_only,0.8648644096161867,0.7677403332976613,0.9679588192036979,0.9550724843337206,0.49423079867404274,0.8485172446178175,0.6713740216459301,True,,0.9525630986506929,0.8909054622711734,0.9891795356655111,-0.08769868903450617,0.08769868903450617,True,False,False,True,7.5,0.9689589987079101,rdg_concat_kmeans,0.01639590005721725,0.10409458909172342
Wang,42,rdg_concat_kmeans,0.9689589987079101,0.9230803057406548,0.9929614455299927,0.9897221287761555,0.49423079867404274,0.8485172446178175,0.6713740216459301,False,,0.9525630986506929,0.8909054622711734,0.9891795356655111,0.01639590005721725,0.0,False,True,False,False,1.0,0.9689589987079101,rdg_concat_kmeans,0.01639590005721725,0.0
Wang,42,rdg_always_on,0.8965930027574862,0.805699376193551,0.9758377980880345,0.9656446195856032,0.49423079867404274,0.8485172446178175,0.6713740216459301,True,,0.9525630986506929,0.8909054622711734,0.9891795356655111,-0.05597009589320667,0.05597009589320667,True,False,False,True,6.0,0.9689589987079101,rdg_concat_kmeans,0.01639590005721725,0.07236599595042392
Wang,42,safe_rdg_heuristic,0.8648644096161867,0.7677403332976613,0.9679588192036979,0.9550724843337206,0.49423079867404274,0.8485172446178175,0.6713740216459301,True,,0.9525630986506929,0.8909054622711734,0.9891795356655111,-0.08769868903450617,0.08769868903450617,True,False,False,True,7.5,0.9689589987079101,rdg_concat_kmeans,0.01639590005721725,0.10409458909172342
Wang,42,neg_random_cell_graph,0.010682879710338452,0.011776669715412672,0.7822250236369367,0.44822444723911414,0.49423079867404274,0.8485172446178175,0.6713740216459301,True,random_cell_graph,0.9525630986506929,0.8909054622711734,0.9891795356655111,-0.9418802189403545,0.9418802189403545,True,False,False,True,9.0,0.9689589987079101,rdg_concat_kmeans,0.01639590005721725,0.9582761189975717
Wang,42,neg_degree_shuffle_graph,0.0005352511073698398,0.0006030199485005217,0.7802290156529047,0.43874478815772033,0.49423079867404274,0.8485172446178175,0.6713740216459301,True,degree_preserving_shuffled_cell_graph,0.9525630986506929,0.8909054622711734,0.9891795356655111,-0.952027847543323,0.952027847543323,True,False,False,True,11.5,0.9689589987079101,rdg_concat_kmeans,0.01639590005721725,0.9684237476005403
Wang,42,neg_shuffled_gene_cell_graph,0.0009679524495447778,0.015741035322624313,0.5305179115453303,0.5033591405464293,0.49423079867404274,0.8485172446178175,0.6713740216459301,True,shuffled_gene_module_cell_graph,0.9525630986506929,0.8909054622711734,0.9891795356655111,-0.9515951462011482,0.9515951462011482,True,False,False,True,10.0,0.9689589987079101,rdg_concat_kmeans,0.01639590005721725,0.9679910462583654
Wang,3047,pca_kmeans,0.9525630986506929,0.8909054622711734,0.9891795356655111,0.9842699619447941,0.48267832508142827,0.8486674829234706,0.6656729040024494,False,,0.9525630986506929,0.8909054622711734,0.9891795356655111,0.0,0.0,False,False,True,False,2.0,0.9685016272311162,rdg_concat_kmeans,0.015938528580423328,0.015938528580423328
Wang,3047,pca_spectral_kmeans,-0.009506130723753654,0.005997547590596107,0.7732955142346886,0.4360781990521327,0.48267832508142827,0.8486674829234706,0.6656729040024494,False,,0.9525630986506929,0.8909054622711734,0.9891795356655111,-0.9620692293744465,0.9620692293744465,True,False,False,True,11.0,0.9685016272311162,rdg_concat_kmeans,0.015938528580423328,0.9780077579548698
Wang,3047,rdg_cell_only,0.8727489779192436,0.7754223655187235,0.9699548271877299,0.9576770434345265,0.48267832508142827,0.8486674829234706,0.6656729040024494,True,,0.9525630986506929,0.8909054622711734,0.9891795356655111,-0.07981412073144933,0.07981412073144933,True,False,False,True,7.0,0.9685016272311162,rdg_concat_kmeans,0.015938528580423328,0.09575264931187266
Wang,3047,rdg_gene_only,0.8652829711054787,0.7682417070125657,0.9680638722554891,0.9552127204481675,0.48267832508142827,0.8486674829234706,0.6656729040024494,True,,0.9525630986506929,0.8909054622711734,0.9891795356655111,-0.08728012754521419,0.08728012754521419,True,False,False,True,8.0,0.9685016272311162,rdg_concat_kmeans,0.015938528580423328,0.10321865612563752
Wang,3047,rdg_concat_kmeans,0.9685016272311162,0.9221070879045897,0.9928563924782015,0.9895705239158109,0.48267832508142827,0.8486674829234706,0.6656729040024494,False,,0.9525630986506929,0.8909054622711734,0.9891795356655111,0.015938528580423328,0.0,False,True,False,False,1.0,0.9685016272311162,rdg_concat_kmeans,0.015938528580423328,0.0
Wang,3047,rdg_always_on,0.8965930027574862,0.805699376193551,0.9758377980880345,0.9656446195856032,0.48267832508142827,0.8486674829234706,0.6656729040024494,True,,0.9525630986506929,0.8909054622711734,0.9891795356655111,-0.05597009589320667,0.05597009589320667,True,False,False,True,6.0,0.9685016272311162,rdg_concat_kmeans,0.015938528580423328,0.07190862447363
Wang,3047,safe_rdg_heuristic,0.89703938996492,0.8066060627245315,0.9759428511398256,0.9657995555364145,0.48267832508142827,0.8486674829234706,0.6656729040024494,True,,0.9525630986506929,0.8909054622711734,0.9891795356655111,-0.05552370868577283,0.05552370868577283,True,False,False,True,5.0,0.9685016272311162,rdg_concat_kmeans,0.015938528580423328,0.07146223726619616
Wang,3047,neg_random_cell_graph,-0.017905291640994584,0.1545019273014373,0.5569912805967013,0.5499818906985185,0.48267832508142827,0.8486674829234706,0.6656729040024494,True,random_cell_graph,0.9525630986506929,0.8909054622711734,0.9891795356655111,-0.9704683902916875,0.9704683902916875,True,False,False,True,12.0,0.9685016272311162,rdg_concat_kmeans,0.015938528580423328,0.9864069188721108
Wang,3047,neg_degree_shuffle_graph,0.010682879710338452,0.011776669715412672,0.7822250236369367,0.44822444723911414,0.48267832508142827,0.8486674829234706,0.6656729040024494,True,degree_preserving_shuffled_cell_graph,0.9525630986506929,0.8909054622711734,0.9891795356655111,-0.9418802189403545,0.9418802189403545,True,False,False,True,10.0,0.9685016272311162,rdg_concat_kmeans,0.015938528580423328,0.9578187475207778
Wang,3047,neg_shuffled_gene_cell_graph,0.1758163121901863,0.12799243172260968,0.7160416010085093,0.6674085922113381,0.48267832508142827,0.8486674829234706,0.6656729040024494,True,shuffled_gene_module_cell_graph,0.9525630986506929,0.8909054622711734,0.9891795356655111,-0.7767467864605065,0.7767467864605065,True,False,False,True,9.0,0.9685016272311162,rdg_concat_kmeans,0.015938528580423328,0.7926853150409299
Wang,3407,pca_kmeans,0.9525630986506929,0.8909054622711734,0.9891795356655111,0.9842699619447941,0.4940762784830815,0.8486002933332507,0.6713382859081661,False,,0.9525630986506929,0.8909054622711734,0.9891795356655111,0.0,0.0,False,False,True,False,1.0,0.9525630986506929,pca_kmeans,0.0,0.0
Wang,3407,pca_spectral_kmeans,0.010682879710338452,0.011776669715412672,0.7822250236369367,0.44822444723911414,0.4940762784830815,0.8486002933332507,0.6713382859081661,False,,0.9525630986506929,0.8909054622711734,0.9891795356655111,-0.9418802189403545,0.9418802189403545,True,False,False,True,9.0,0.9525630986506929,pca_kmeans,0.0,0.9418802189403545
Wang,3407,rdg_cell_only,-0.009506130723753654,0.005997547590596107,0.7732955142346886,0.4360781990521327,0.4940762784830815,0.8486002933332507,0.6713382859081661,True,,0.9525630986506929,0.8909054622711734,0.9891795356655111,-0.9620692293744465,0.9620692293744465,True,False,False,True,11.0,0.9525630986506929,pca_kmeans,0.0,0.9620692293744465
Wang,3407,rdg_gene_only,0.8974858025686127,0.8075174643594762,0.9760479041916168,0.9659544400164448,0.4940762784830815,0.8486002933332507,0.6713382859081661,True,,0.9525630986506929,0.8909054622711734,0.9891795356655111,-0.05507729608208023,0.05507729608208023,True,False,False,True,4.0,0.9525630986506929,pca_kmeans,0.0,0.05507729608208023
Wang,3407,rdg_concat_kmeans,-0.02182734240142465,0.013459088248105633,0.7637356865216934,0.4330216212996605,0.4940762784830815,0.8486002933332507,0.6713382859081661,False,,0.9525630986506929,0.8909054622711734,0.9891795356655111,-0.9743904410521176,0.9743904410521176,True,False,False,True,12.0,0.9525630986506929,pca_kmeans,0.0,0.9743904410521176
Wang,3407,rdg_always_on,0.8957003043919697,0.8038996820767003,0.9756276919844521,0.9653345931127287,0.4940762784830815,0.8486002933332507,0.6713382859081661,True,,0.9525630986506929,0.8909054622711734,0.9891795356655111,-0.056862794258723204,0.056862794258723204,True,False,False,True,6.0,0.9525630986506929,pca_kmeans,0.0,0.056862794258723204
Wang,3407,safe_rdg_heuristic,0.8961466409114562,0.804797286764838,0.9757327450362433,0.9654896321242925,0.4940762784830815,0.8486002933332507,0.6713382859081661,True,,0.9525630986506929,0.8909054622711734,0.9891795356655111,-0.05641645773923665,0.05641645773923665,True,False,False,True,5.0,0.9525630986506929,pca_kmeans,0.0,0.05641645773923665
Wang,3407,neg_random_cell_graph,0.01121580921991474,0.012352330859218136,0.7823300766887278,0.4487189320076822,0.4940762784830815,0.8486002933332507,0.6713382859081661,True,random_cell_graph,0.9525630986506929,0.8909054622711734,0.9891795356655111,-0.9413472894307782,0.9413472894307782,True,False,False,True,8.0,0.9525630986506929,pca_kmeans,0.0,0.9413472894307782
Wang,3407,neg_degree_shuffle_graph,0.0005352511073698398,0.0006030199485005217,0.7802290156529047,0.43874478815772033,0.4940762784830815,0.8486002933332507,0.6713382859081661,True,degree_preserving_shuffled_cell_graph,0.9525630986506929,0.8909054622711734,0.9891795356655111,-0.952027847543323,0.952027847543323,True,False,False,True,10.0,0.9525630986506929,pca_kmeans,0.0,0.952027847543323
Wang,3407,neg_shuffled_gene_cell_graph,0.2203396088084412,0.15295005518194,0.743040235318836,0.691873747431341,0.4940762784830815,0.8486002933332507,0.6713382859081661,True,shuffled_gene_module_cell_graph,0.9525630986506929,0.8909054622711734,0.9891795356655111,-0.7322234898422517,0.7322234898422517,True,False,False,True,7.0,0.9525630986506929,pca_kmeans,0.0,0.7322234898422517
Young,42,pca_kmeans,0.716645607211851,0.8147494836289061,0.8293755496921724,0.7830874878007296,0.5497197858509217,0.8469789684634034,0.6983493771571625,False,,0.716645607211851,0.8147494836289061,0.8293755496921724,0.0,0.0,False,False,True,False,2.0,0.716645607211851,pca_kmeans,0.0,0.0
Young,42,pca_spectral_kmeans,0.5406104396586898,0.718476025308463,0.6758135444151275,0.6237266738271824,0.5497197858509217,0.8469789684634034,0.6983493771571625,False,,0.716645607211851,0.8147494836289061,0.8293755496921724,-0.17603516755316118,0.17603516755316118,True,False,False,True,5.0,0.716645607211851,pca_kmeans,0.0,0.17603516755316118
Young,42,rdg_cell_only,0.6128280243486787,0.7285685448791973,0.723834652594547,0.540168769070528,0.5497197858509217,0.8469789684634034,0.6983493771571625,True,,0.716645607211851,0.8147494836289061,0.8293755496921724,-0.10381758286317233,0.10381758286317233,True,False,False,True,4.0,0.716645607211851,pca_kmeans,0.0,0.10381758286317233
Young,42,rdg_gene_only,0.36479288694086,0.6592936452498472,0.6330694810905892,0.6315368165930083,0.5497197858509217,0.8469789684634034,0.6983493771571625,True,,0.716645607211851,0.8147494836289061,0.8293755496921724,-0.351852720270991,0.351852720270991,True,False,False,True,10.0,0.716645607211851,pca_kmeans,0.0,0.351852720270991
Young,42,rdg_concat_kmeans,0.4884316910425888,0.6839875499849769,0.7132805628847845,0.6460372810962167,0.5497197858509217,0.8469789684634034,0.6983493771571625,False,,0.716645607211851,0.8147494836289061,0.8293755496921724,-0.22821391616926218,0.22821391616926218,True,False,False,True,7.0,0.716645607211851,pca_kmeans,0.0,0.22821391616926218
Young,42,rdg_always_on,0.3652445731049552,0.6604692242430784,0.6334212840809147,0.6314650527725594,0.5497197858509217,0.8469789684634034,0.6983493771571625,True,,0.716645607211851,0.8147494836289061,0.8293755496921724,-0.3514010341068958,0.3514010341068958,True,False,False,True,9.0,0.716645607211851,pca_kmeans,0.0,0.3514010341068958
Young,42,safe_rdg_heuristic,0.3645083902944748,0.6596081675273264,0.6328935795954266,0.6313652276421149,0.5497197858509217,0.8469789684634034,0.6983493771571625,True,,0.716645607211851,0.8147494836289061,0.8293755496921724,-0.3521372169173762,0.3521372169173762,True,False,False,True,11.0,0.716645607211851,pca_kmeans,0.0,0.3521372169173762
Young,42,neg_random_cell_graph,0.5053685709587402,0.6124309173809882,0.7087071240105541,0.6023103148413235,0.5497197858509217,0.8469789684634034,0.6983493771571625,True,random_cell_graph,0.716645607211851,0.8147494836289061,0.8293755496921724,-0.21127703625311078,0.21127703625311078,True,False,False,True,6.0,0.716645607211851,pca_kmeans,0.0,0.21127703625311078
Young,42,neg_degree_shuffle_graph,0.44314262738561955,0.5909228331806367,0.6291996481970097,0.5317649092615476,0.5497197858509217,0.8469789684634034,0.6983493771571625,True,degree_preserving_shuffled_cell_graph,0.716645607211851,0.8147494836289061,0.8293755496921724,-0.27350297982623145,0.27350297982623145,True,False,False,True,8.0,0.716645607211851,pca_kmeans,0.0,0.27350297982623145
Young,42,neg_shuffled_gene_cell_graph,0.181111750446383,0.26999493007812664,0.40105540897097625,0.33491185757281533,0.5497197858509217,0.8469789684634034,0.6983493771571625,True,shuffled_gene_module_cell_graph,0.716645607211851,0.8147494836289061,0.8293755496921724,-0.5355338567654679,0.5355338567654679,True,False,False,True,12.0,0.716645607211851,pca_kmeans,0.0,0.5355338567654679
Young,3047,pca_kmeans,0.7126056485765915,0.8110341968921111,0.8191732629727353,0.7517624883896282,0.5478524339303823,0.875794134946007,0.7118232844381946,False,,0.7126056485765915,0.8110341968921111,0.8191732629727353,0.0,0.0,False,False,True,False,2.0,0.7126056485765915,pca_kmeans,0.0,0.0
Young,3047,pca_spectral_kmeans,0.5421352867992238,0.7205586096915704,0.676165347405453,0.6234150824763741,0.5478524339303823,0.875794134946007,0.7118232844381946,False,,0.7126056485765915,0.8110341968921111,0.8191732629727353,-0.17047036177736763,0.17047036177736763,True,False,False,True,4.0,0.7126056485765915,pca_kmeans,0.0,0.17047036177736763
Young,3047,rdg_cell_only,0.5333948582228574,0.7027401239698824,0.6476693051890942,0.5309818602657058,0.5478524339303823,0.875794134946007,0.7118232844381946,True,,0.7126056485765915,0.8110341968921111,0.8191732629727353,-0.1792107903537341,0.1792107903537341,True,False,False,True,5.0,0.7126056485765915,pca_kmeans,0.0,0.1792107903537341
Young,3047,rdg_gene_only,0.5220067259487065,0.7240994954972388,0.6740545294635004,0.58535651412034,0.5478524339303823,0.875794134946007,0.7118232844381946,True,,0.7126056485765915,0.8110341968921111,0.8191732629727353,-0.19059892262788503,0.19059892262788503,True,False,False,True,6.0,0.7126056485765915,pca_kmeans,0.0,0.19059892262788503
Young,3047,rdg_concat_kmeans,0.43453567802180004,0.6575736309157562,0.6415127528583993,0.5501194819479057,0.5478524339303823,0.875794134946007,0.7118232844381946,False,,0.7126056485765915,0.8110341968921111,0.8191732629727353,-0.27806997055479143,0.27806997055479143,True,False,False,True,9.0,0.7126056485765915,pca_kmeans,0.0,0.27806997055479143
Young,3047,rdg_always_on,0.3623614420596984,0.6579478472488657,0.632014072119613,0.6303977855483877,0.5478524339303823,0.875794134946007,0.7118232844381946,True,,0.7126056485765915,0.8110341968921111,0.8191732629727353,-0.3502442065168931,0.3502442065168931,True,False,False,True,11.0,0.7126056485765915,pca_kmeans,0.0,0.3502442065168931
Young,3047,safe_rdg_heuristic,0.5096546338771605,0.7206459974444669,0.6756376429199649,0.58874999859379,0.5478524339303823,0.875794134946007,0.7118232844381946,True,,0.7126056485765915,0.8110341968921111,0.8191732629727353,-0.202951014699431,0.202951014699431,True,False,False,True,7.0,0.7126056485765915,pca_kmeans,0.0,0.202951014699431
Young,3047,neg_random_cell_graph,0.39550592479905566,0.5461305893454168,0.5713280562884785,0.3748765247804421,0.5478524339303823,0.875794134946007,0.7118232844381946,True,random_cell_graph,0.7126056485765915,0.8110341968921111,0.8191732629727353,-0.3170997237775358,0.3170997237775358,True,False,False,True,10.0,0.7126056485765915,pca_kmeans,0.0,0.3170997237775358
Young,3047,neg_degree_shuffle_graph,0.47674254356087115,0.6227255317388131,0.6258575197889182,0.5155469243525213,0.5478524339303823,0.875794134946007,0.7118232844381946,True,degree_preserving_shuffled_cell_graph,0.7126056485765915,0.8110341968921111,0.8191732629727353,-0.23586310501572033,0.23586310501572033,True,False,False,True,8.0,0.7126056485765915,pca_kmeans,0.0,0.23586310501572033
Young,3047,neg_shuffled_gene_cell_graph,0.2156850656261632,0.28977369957868615,0.48654353562005276,0.4507416922116896,0.5478524339303823,0.875794134946007,0.7118232844381946,True,shuffled_gene_module_cell_graph,0.7126056485765915,0.8110341968921111,0.8191732629727353,-0.4969205829504283,0.4969205829504283,True,False,False,True,12.0,0.7126056485765915,pca_kmeans,0.0,0.4969205829504283
Young,3407,pca_kmeans,0.5754170824162751,0.751900402496348,0.6770448548812665,0.6996437039777493,0.548614301217549,0.8466582429060817,0.6976362720618153,False,,0.5754170824162751,0.751900402496348,0.6770448548812665,0.0,0.0,False,False,True,False,2.0,0.5754170824162751,pca_kmeans,0.0,0.0
Young,3407,pca_spectral_kmeans,0.5424334242593368,0.7197052392724868,0.6766930518909411,0.623613773317846,0.548614301217549,0.8466582429060817,0.6976362720618153,False,,0.5754170824162751,0.751900402496348,0.6770448548812665,-0.03298365815693827,0.03298365815693827,True,False,False,True,7.0,0.5754170824162751,pca_kmeans,0.0,0.03298365815693827
Young,3407,rdg_cell_only,0.5345939935038448,0.7040538377806139,0.6487247141600704,0.5321331508529111,0.548614301217549,0.8466582429060817,0.6976362720618153,True,,0.5754170824162751,0.751900402496348,0.6770448548812665,-0.04082308891243025,0.04082308891243025,True,False,False,True,8.0,0.5754170824162751,pca_kmeans,0.0,0.04082308891243025
Young,3407,rdg_gene_only,0.5128622189191999,0.7156276010660124,0.6701846965699209,0.6611842415230735,0.548614301217549,0.8466582429060817,0.6976362720618153,True,,0.5754170824162751,0.751900402496348,0.6770448548812665,-0.06255486349707517,0.06255486349707517,True,False,False,True,9.0,0.5754170824162751,pca_kmeans,0.0,0.06255486349707517
Young,3407,rdg_concat_kmeans,0.5546531106135936,0.7029436978667124,0.7523306948109059,0.6881118591184144,0.548614301217549,0.8466582429060817,0.6976362720618153,False,,0.5754170824162751,0.751900402496348,0.6770448548812665,-0.020763971802681525,0.020763971802681525,True,False,False,True,6.0,0.5754170824162751,pca_kmeans,0.0,0.020763971802681525
Young,3407,rdg_always_on,0.5684749434018617,0.7551256719576551,0.6860158311345647,0.6411241884117499,0.548614301217549,0.8466582429060817,0.6976362720618153,True,,0.5754170824162751,0.751900402496348,0.6770448548812665,-0.006942139014413429,0.006942139014413429,True,False,False,True,4.0,0.5754170824162751,pca_kmeans,0.0,0.006942139014413429
Young,3407,safe_rdg_heuristic,0.5678984075033006,0.754259778801829,0.6856640281442392,0.6407236947277642,0.548614301217549,0.8466582429060817,0.6976362720618153,True,,0.5754170824162751,0.751900402496348,0.6770448548812665,-0.007518674912974532,0.007518674912974532,True,False,False,True,5.0,0.5754170824162751,pca_kmeans,0.0,0.007518674912974532
Young,3407,neg_random_cell_graph,0.4159676365271875,0.5594885171264853,0.6299032541776605,0.44719136144832705,0.548614301217549,0.8466582429060817,0.6976362720618153,True,random_cell_graph,0.5754170824162751,0.751900402496348,0.6770448548812665,-0.1594494458890876,0.1594494458890876,True,False,False,True,10.0,0.5754170824162751,pca_kmeans,0.0,0.1594494458890876
Young,3407,neg_degree_shuffle_graph,0.331475173539636,0.48298686383656564,0.526297273526825,0.3757702810364934,0.548614301217549,0.8466582429060817,0.6976362720618153,True,degree_preserving_shuffled_cell_graph,0.5754170824162751,0.751900402496348,0.6770448548812665,-0.24394190887663908,0.24394190887663908,True,False,False,True,11.0,0.5754170824162751,pca_kmeans,0.0,0.24394190887663908
Young,3407,neg_shuffled_gene_cell_graph,0.08370929967082683,0.15816812722322737,0.28970976253298153,0.2788567046381049,0.548614301217549,0.8466582429060817,0.6976362720618153,True,shuffled_gene_module_cell_graph,0.5754170824162751,0.751900402496348,0.6770448548812665,-0.49170778274544824,0.49170778274544824,True,False,False,True,12.0,0.5754170824162751,pca_kmeans,0.0,0.49170778274544824
hrvatin,42,pca_kmeans,0.8741380381033753,0.9075865838917172,0.9151991049600132,0.8421637133801004,0.47495736387924314,0.8558378078659652,0.6653975858726042,False,,0.8741380381033753,0.9075865838917172,0.9151991049600132,0.0,0.0,False,False,True,False,5.0,0.9107842695138233,rdg_concat_kmeans,0.03664623141044798,0.03664623141044798
hrvatin,42,pca_spectral_kmeans,0.7749505459141983,0.8308146133456248,0.8970082459702482,0.696802636220458,0.47495736387924314,0.8558378078659652,0.6653975858726042,False,,0.8741380381033753,0.9075865838917172,0.9151991049600132,-0.099187492189177,0.099187492189177,True,False,False,True,7.0,0.9107842695138233,rdg_concat_kmeans,0.03664623141044798,0.13583372359962498
hrvatin,42,rdg_cell_only,0.5602305645481976,0.6765428754210896,0.6888907305349521,0.506194995215329,0.47495736387924314,0.8558378078659652,0.6653975858726042,True,,0.8741380381033753,0.9075865838917172,0.9151991049600132,-0.3139074735551777,0.3139074735551777,True,False,False,True,8.0,0.9107842695138233,rdg_concat_kmeans,0.03664623141044798,0.35055370496562566
hrvatin,42,rdg_gene_only,0.9037861247689457,0.9210355270270321,0.9068081050843244,0.8375728569751612,0.47495736387924314,0.8558378078659652,0.6653975858726042,True,,0.8741380381033753,0.9075865838917172,0.9151991049600132,0.029648086665570395,0.0,False,True,False,False,2.0,0.9107842695138233,rdg_concat_kmeans,0.03664623141044798,0.006998144744877588
hrvatin,42,rdg_concat_kmeans,0.9107842695138233,0.9335714752084278,0.9163593419798616,0.8440638123506388,0.47495736387924314,0.8558378078659652,0.6653975858726042,False,,0.8741380381033753,0.9075865838917172,0.9151991049600132,0.03664623141044798,0.0,False,True,False,False,1.0,0.9107842695138233,rdg_concat_kmeans,0.03664623141044798,0.0
hrvatin,42,rdg_always_on,0.5557600692823249,0.7080672414533469,0.7009696266523018,0.5849589219792148,0.47495736387924314,0.8558378078659652,0.6653975858726042,True,,0.8741380381033753,0.9075865838917172,0.9151991049600132,-0.3183779688210504,0.3183779688210504,True,False,False,True,9.0,0.9107842695138233,rdg_concat_kmeans,0.03664623141044798,0.3550242002314984
hrvatin,42,safe_rdg_heuristic,0.9002257890732753,0.9109294208475494,0.8899017942236771,0.7022731807342713,0.47495736387924314,0.8558378078659652,0.6653975858726042,True,,0.8741380381033753,0.9075865838917172,0.9151991049600132,0.026087750969900014,0.0,False,True,False,False,3.0,0.9107842695138233,rdg_concat_kmeans,0.03664623141044798,0.010558480440547968
hrvatin,42,neg_random_cell_graph,1.7187389851097317e-05,0.0033762412396601636,0.29631624746198154,0.05914170418774866,0.47495736387924314,0.8558378078659652,0.6653975858726042,True,random_cell_graph,0.8741380381033753,0.9075865838917172,0.9151991049600132,-0.8741208507135242,0.8741208507135242,True,False,False,True,11.0,0.9107842695138233,rdg_concat_kmeans,0.03664623141044798,0.9107670821239722
hrvatin,42,neg_degree_shuffle_graph,-9.517590672372247e-06,0.0009446480847894839,0.29639912153482784,0.05766942857411355,0.47495736387924314,0.8558378078659652,0.6653975858726042,True,degree_preserving_shuffled_cell_graph,0.8741380381033753,0.9075865838917172,0.9151991049600132,-0.8741475556940477,0.8741475556940477,True,False,False,True,12.0,0.9107842695138233,rdg_concat_kmeans,0.03664623141044798,0.9107937871044957
hrvatin,42,neg_shuffled_gene_cell_graph,0.030632765490222213,0.03221124035649997,0.2711225293167033,0.15925111875923684,0.47495736387924314,0.8558378078659652,0.6653975858726042,True,shuffled_gene_module_cell_graph,0.8741380381033753,0.9075865838917172,0.9151991049600132,-0.8435052726131531,0.8435052726131531,True,False,False,True,10.0,0.9107842695138233,rdg_concat_kmeans,0.03664623141044798,0.8801515040236011
hrvatin,3047,pca_kmeans,0.8741642313756239,0.9076812913278044,0.9152405419964365,0.8423480311036711,0.47495736387924314,0.8557991405927492,0.6653782522359961,False,,0.8741642313756239,0.9076812913278044,0.9152405419964365,0.0,0.0,False,False,True,False,4.0,0.9073705121548723,rdg_gene_only,0.033206280779248365,0.033206280779248365
hrvatin,3047,pca_spectral_kmeans,0.7178027479803414,0.8072229291971997,0.8702606389591017,0.6818713783644503,0.47495736387924314,0.8557991405927492,0.6653782522359961,False,,0.8741642313756239,0.9076812913278044,0.9152405419964365,-0.15636148339528255,0.15636148339528255,True,False,False,True,7.0,0.9073705121548723,rdg_gene_only,0.033206280779248365,0.18956776417453092
hrvatin,3047,rdg_cell_only,0.5280481364347548,0.7238622334744778,0.714643848671943,0.5534481611002462,0.47495736387924314,0.8557991405927492,0.6653782522359961,True,,0.8741642313756239,0.9076812913278044,0.9152405419964365,-0.34611609494086915,0.34611609494086915,True,False,False,True,9.0,0.9073705121548723,rdg_gene_only,0.033206280779248365,0.3793223757201175
hrvatin,3047,rdg_gene_only,0.9073705121548723,0.9264660733672665,0.9088799569054821,0.8390579914186016,0.47495736387924314,0.8557991405927492,0.6653782522359961,True,,0.8741642313756239,0.9076812913278044,0.9152405419964365,0.033206280779248365,0.0,False,True,False,False,2.0,0.9073705121548723,rdg_gene_only,0.033206280779248365,0.0
hrvatin,3047,rdg_concat_kmeans,0.8721885238136414,0.882322906430092,0.8986242903907512,0.7047070458367498,0.47495736387924314,0.8557991405927492,0.6653782522359961,False,,0.8741642313756239,0.9076812913278044,0.9152405419964365,-0.0019757075619825093,0.0019757075619825093,True,False,False,True,6.0,0.9073705121548723,rdg_gene_only,0.033206280779248365,0.035181988341230874
hrvatin,3047,rdg_always_on,0.7052124683426513,0.8104716534013551,0.8179049434384453,0.6778276070607194,0.47495736387924314,0.8557991405927492,0.6653782522359961,True,,0.8741642313756239,0.9076812913278044,0.9152405419964365,-0.16895176303297266,0.16895176303297266,True,False,False,True,8.0,0.9073705121548723,rdg_gene_only,0.033206280779248365,0.20215804381222102
hrvatin,3047,safe_rdg_heuristic,0.9620845806876844,0.9594855066605932,0.9733974226163344,0.863108248969847,0.47495736387924314,0.8557991405927492,0.6653782522359961,True,,0.8741642313756239,0.9076812913278044,0.9152405419964365,0.0879203493120605,0.0,False,True,False,False,1.0,0.9073705121548723,rdg_gene_only,0.033206280779248365,-0.05471406853281213
hrvatin,3047,neg_random_cell_graph,-0.00015442891932980783,0.0029341488765896534,0.29681349189905937,0.05936328859333034,0.47495736387924314,0.8557991405927492,0.6653782522359961,True,random_cell_graph,0.8741642313756239,0.9076812913278044,0.9152405419964365,-0.8743186602949538,0.8743186602949538,True,False,False,True,12.0,0.9073705121548723,rdg_gene_only,0.033206280779248365,0.9075249410742021
hrvatin,3047,neg_degree_shuffle_graph,0.00011646231840256787,0.0023229278931858523,0.2969170844901173,0.05882503957818819,0.47495736387924314,0.8557991405927492,0.6653782522359961,True,degree_preserving_shuffled_cell_graph,0.8741642313756239,0.9076812913278044,0.9152405419964365,-0.8740477690572214,0.8740477690572214,True,False,False,True,11.0,0.9073705121548723,rdg_gene_only,0.033206280779248365,0.9072540498364697
hrvatin,3047,neg_shuffled_gene_cell_graph,0.0105782056001381,0.022397338046358822,0.20074172295197448,0.15081797376035283,0.47495736387924314,0.8557991405927492,0.6653782522359961,True,shuffled_gene_module_cell_graph,0.8741642313756239,0.9076812913278044,0.9152405419964365,-0.8635860257754858,0.8635860257754858,True,False,False,True,10.0,0.9073705121548723,rdg_gene_only,0.033206280779248365,0.8967923065547342
hrvatin,3407,pca_kmeans,0.8741803539784513,0.9076164431127691,0.9151991049600132,0.8421676174135406,0.47495736387924314,0.855779132704016,0.6653682482916295,False,,0.8741803539784513,0.9076164431127691,0.9151991049600132,0.0,0.0,False,False,True,False,2.0,0.8741803539784513,pca_kmeans,0.0,0.0
hrvatin,3407,pca_spectral_kmeans,0.718040157882378,0.8073153155547134,0.8703849500683711,0.6819437587510815,0.47495736387924314,0.855779132704016,0.6653682482916295,False,,0.8741803539784513,0.9076164431127691,0.9151991049600132,-0.15614019609607332,0.15614019609607332,True,False,False,True,7.0,0.8741803539784513,pca_kmeans,0.0,0.15614019609607332
hrvatin,3407,rdg_cell_only,0.6739114753222897,0.7635048943999585,0.7761156922056934,0.6671685524154839,0.47495736387924314,0.855779132704016,0.6653682482916295,True,,0.8741803539784513,0.9076164431127691,0.9151991049600132,-0.2002688786561616,0.2002688786561616,True,False,False,True,9.0,0.8741803539784513,pca_kmeans,0.0,0.2002688786561616
hrvatin,3407,rdg_gene_only,0.8424021201722827,0.88486318215585,0.9024986532963163,0.8146346038861487,0.47495736387924314,0.855779132704016,0.6653682482916295,True,,0.8741803539784513,0.9076164431127691,0.9151991049600132,-0.03177823380616862,0.03177823380616862,True,False,False,True,5.0,0.8741803539784513,pca_kmeans,0.0,0.03177823380616862
hrvatin,3407,rdg_concat_kmeans,0.8519507274484498,0.8628440800290299,0.8719802759706626,0.6572347827467446,0.47495736387924314,0.855779132704016,0.6653682482916295,False,,0.8741803539784513,0.9076164431127691,0.9151991049600132,-0.02222962653000149,0.02222962653000149,True,False,False,True,4.0,0.8741803539784513,pca_kmeans,0.0,0.02222962653000149
hrvatin,3407,rdg_always_on,0.7879501295261256,0.8695725749369716,0.9008826088758132,0.8214576144747826,0.47495736387924314,0.855779132704016,0.6653682482916295,True,,0.8741803539784513,0.9076164431127691,0.9151991049600132,-0.08623022445232564,0.08623022445232564,True,False,False,True,6.0,0.8741803539784513,pca_kmeans,0.0,0.08623022445232564
hrvatin,3407,safe_rdg_heuristic,0.6902529388565701,0.7993916913153324,0.8111092694650479,0.5808375313195991,0.47495736387924314,0.855779132704016,0.6653682482916295,True,,0.8741803539784513,0.9076164431127691,0.9151991049600132,-0.18392741512188115,0.18392741512188115,True,False,False,True,8.0,0.8741803539784513,pca_kmeans,0.0,0.18392741512188115
hrvatin,3407,neg_random_cell_graph,-0.00014459313296159067,0.002347660952715964,0.29639912153482784,0.05823253907586478,0.47495736387924314,0.855779132704016,0.6653682482916295,True,random_cell_graph,0.8741803539784513,0.9076164431127691,0.9151991049600132,-0.8743249471114128,0.8743249471114128,True,False,False,True,12.0,0.8741803539784513,pca_kmeans,0.0,0.8743249471114128
hrvatin,3407,neg_degree_shuffle_graph,0.00019770204955846563,0.002327386509755376,0.2966477437533668,0.05920417027334932,0.47495736387924314,0.855779132704016,0.6653682482916295,True,degree_preserving_shuffled_cell_graph,0.8741803539784513,0.9076164431127691,0.9151991049600132,-0.8739826519288928,0.8739826519288928,True,False,False,True,11.0,0.8741803539784513,pca_kmeans,0.0,0.8739826519288928
hrvatin,3407,neg_shuffled_gene_cell_graph,0.020625932233674395,0.0379623090164029,0.24103924087349274,0.1497257355655693,0.47495736387924314,0.855779132704016,0.6653682482916295,True,shuffled_gene_module_cell_graph,0.8741803539784513,0.9076164431127691,0.9151991049600132,-0.8535544217447769,0.8535544217447769,True,False,False,True,10.0,0.8741803539784513,pca_kmeans,0.0,0.8535544217447769
hrvatin_geo,42,pca_kmeans,0.509310693805388,0.6784824185383184,0.6775965455682876,0.666299148896456,0.46094745667819875,0.8644706762869222,0.6627090664825604,False,,0.509310693805388,0.6784824185383184,0.6775965455682876,0.0,0.0,False,False,True,False,4.0,0.5348556549458041,rdg_gene_only,0.025544961140416156,0.025544961140416156
hrvatin_geo,42,pca_spectral_kmeans,0.33780398092544567,0.5428059057982253,0.5928531103617694,0.4453909083423504,0.46094745667819875,0.8644706762869222,0.6627090664825604,False,,0.509310693805388,0.6784824185383184,0.6775965455682876,-0.1715067128799423,0.1715067128799423,True,False,False,True,8.0,0.5348556549458041,rdg_gene_only,0.025544961140416156,0.19705167402035845
hrvatin_geo,42,rdg_cell_only,-0.0014450408716810694,0.008776693823700388,0.26091334930346816,0.04868043036433667,0.46094745667819875,0.8644706762869222,0.6627090664825604,True,,0.509310693805388,0.6784824185383184,0.6775965455682876,-0.510755734677069,0.510755734677069,True,False,False,True,12.0,0.5348556549458041,rdg_gene_only,0.025544961140416156,0.5363006958174852
hrvatin_geo,42,rdg_gene_only,0.5348556549458041,0.6977319504110748,0.6885823708021178,0.7674378621514667,0.46094745667819875,0.8644706762869222,0.6627090664825604,True,,0.509310693805388,0.6784824185383184,0.6775965455682876,0.025544961140416156,0.0,False,True,False,False,1.0,0.5348556549458041,rdg_gene_only,0.025544961140416156,0.0
hrvatin_geo,42,rdg_concat_kmeans,0.4047646480512749,0.5951457617946823,0.5500999404934467,0.48288828473489026,0.46094745667819875,0.8644706762869222,0.6627090664825604,False,,0.509310693805388,0.6784824185383184,0.6775965455682876,-0.10454604575411308,0.10454604575411308,True,False,False,True,6.0,0.5348556549458041,rdg_gene_only,0.025544961140416156,0.13009100689452924
hrvatin_geo,42,rdg_always_on,0.5311839465680891,0.6881834421311057,0.6806786798700011,0.6604234045446903,0.46094745667819875,0.8644706762869222,0.6627090664825604,True,,0.509310693805388,0.6784824185383184,0.6775965455682876,0.021873252762701134,0.0,False,True,False,False,2.0,0.5348556549458041,rdg_gene_only,0.025544961140416156,0.0036717083777150217
hrvatin_geo,42,safe_rdg_heuristic,0.3685344308038141,0.5583226694449109,0.5343841071728284,0.37681986219492625,0.46094745667819875,0.8644706762869222,0.6627090664825604,True,,0.509310693805388,0.6784824185383184,0.6775965455682876,-0.14077626300157386,0.14077626300157386,True,False,False,True,7.0,0.5348556549458041,rdg_gene_only,0.025544961140416156,0.16632122414199002
hrvatin_geo,42,neg_random_cell_graph,0.00011080172168527512,0.00423025284379054,0.2650025175849494,0.04944655463182287,0.46094745667819875,0.8644706762869222,0.6627090664825604,True,random_cell_graph,0.509310693805388,0.6784824185383184,0.6775965455682876,-0.5091998920837026,0.5091998920837026,True,False,False,True,10.0,0.5348556549458041,rdg_gene_only,0.025544961140416156,0.5347448532241188
hrvatin_geo,42,neg_degree_shuffle_graph,-3.4373139667167234e-05,0.000325655865418968,0.26344619234349015,0.046515909902482645,0.46094745667819875,0.8644706762869222,0.6627090664825604,True,degree_preserving_shuffled_cell_graph,0.509310693805388,0.6784824185383184,0.6775965455682876,-0.5093450669450551,0.5093450669450551,True,False,False,True,11.0,0.5348556549458041,rdg_gene_only,0.025544961140416156,0.5348900280854713
hrvatin_geo,42,neg_shuffled_gene_cell_graph,0.003541489798295891,0.014775745769224692,0.20343612200369246,0.12271927533756163,0.46094745667819875,0.8644706762869222,0.6627090664825604,True,shuffled_gene_module_cell_graph,0.509310693805388,0.6784824185383184,0.6775965455682876,-0.505769204007092,0.505769204007092,True,False,False,True,9.0,0.5348556549458041,rdg_gene_only,0.025544961140416156,0.5313141651475082
hrvatin_geo,3047,pca_kmeans,0.5093011101147767,0.6784722063583504,0.6775965455682876,0.6662965306470988,0.46094745667819875,0.8651363236659529,0.6630418901720758,False,,0.5093011101147767,0.6784722063583504,0.6775965455682876,0.0,0.0,False,False,True,False,2.0,0.5093011101147767,pca_kmeans,0.0,0.0
hrvatin_geo,3047,pca_spectral_kmeans,0.3376233057988362,0.542677769578423,0.5927463037275515,0.4453463405813879,0.46094745667819875,0.8651363236659529,0.6630418901720758,False,,0.5093011101147767,0.6784722063583504,0.6775965455682876,-0.17167780431594054,0.17167780431594054,True,False,False,True,7.0,0.5093011101147767,pca_kmeans,0.0,0.17167780431594054
hrvatin_geo,3047,rdg_cell_only,-0.0014577618944787722,0.008773651417411779,0.2608980912128656,0.04840445841621849,0.46094745667819875,0.8651363236659529,0.6630418901720758,True,,0.5093011101147767,0.6784722063583504,0.6775965455682876,-0.5107588720092555,0.5107588720092555,True,False,False,True,12.0,0.5093011101147767,pca_kmeans,0.0,0.5107588720092555
hrvatin_geo,3047,rdg_gene_only,0.46421459708500834,0.6611106517782606,0.6818840690276019,0.758231692174379,0.46094745667819875,0.8651363236659529,0.6630418901720758,True,,0.5093011101147767,0.6784722063583504,0.6775965455682876,-0.045086513029768405,0.045086513029768405,True,False,False,True,5.0,0.5093011101147767,pca_kmeans,0.0,0.045086513029768405
hrvatin_geo,3047,rdg_concat_kmeans,0.4941248543100024,0.6462113704132424,0.6518256305405942,0.5191616822505657,0.46094745667819875,0.8651363236659529,0.6630418901720758,False,,0.5093011101147767,0.6784722063583504,0.6775965455682876,-0.01517625580477433,0.01517625580477433,True,False,False,True,4.0,0.5093011101147767,pca_kmeans,0.0,0.01517625580477433
hrvatin_geo,3047,rdg_always_on,0.4405404124057345,0.6330839328291493,0.6141076305711103,0.5493505983056072,0.46094745667819875,0.8651363236659529,0.6630418901720758,True,,0.5093011101147767,0.6784722063583504,0.6775965455682876,-0.06876069770904225,0.06876069770904225,True,False,False,True,6.0,0.5093011101147767,pca_kmeans,0.0,0.06876069770904225
hrvatin_geo,3047,safe_rdg_heuristic,0.3212668822791647,0.5210771108840971,0.49375181189825906,0.3250405793102062,0.46094745667819875,0.8651363236659529,0.6630418901720758,True,,0.5093011101147767,0.6784722063583504,0.6775965455682876,-0.18803422783561202,0.18803422783561202,True,False,False,True,8.0,0.5093011101147767,pca_kmeans,0.0,0.18803422783561202
hrvatin_geo,3047,neg_random_cell_graph,0.0006022185926985184,0.00847470938742669,0.26138635011214695,0.06846945006646202,0.46094745667819875,0.8651363236659529,0.6630418901720758,True,random_cell_graph,0.5093011101147767,0.6784722063583504,0.6775965455682876,-0.5086988915220783,0.5086988915220783,True,False,False,True,10.0,0.5093011101147767,pca_kmeans,0.0,0.5086988915220783
hrvatin_geo,3047,neg_degree_shuffle_graph,-2.1844525071050803e-05,0.00026391954738450935,0.26352248279650287,0.046407227023916,0.46094745667819875,0.8651363236659529,0.6630418901720758,True,degree_preserving_shuffled_cell_graph,0.5093011101147767,0.6784722063583504,0.6775965455682876,-0.5093229546398478,0.5093229546398478,True,False,False,True,11.0,0.5093011101147767,pca_kmeans,0.0,0.5093229546398478
hrvatin_geo,3047,neg_shuffled_gene_cell_graph,0.00890254452387193,0.016867002661081782,0.22345473687422757,0.13195559331285997,0.46094745667819875,0.8651363236659529,0.6630418901720758,True,shuffled_gene_module_cell_graph,0.5093011101147767,0.6784722063583504,0.6775965455682876,-0.5003985655909048,0.5003985655909048,True,False,False,True,9.0,0.5093011101147767,pca_kmeans,0.0,0.5003985655909048
hrvatin_geo,3407,pca_kmeans,0.5095356630551638,0.6778800160303505,0.6776270617494927,0.6620232109692273,0.46094745667819875,0.8633689314530296,0.6621581940656142,False,,0.5095356630551638,0.6778800160303505,0.6776270617494927,0.0,0.0,False,False,True,False,2.0,0.5095356630551638,pca_kmeans,0.0,0.0
hrvatin_geo,3407,pca_spectral_kmeans,0.3376233057988362,0.5426777695784228,0.5927463037275515,0.4453463405813879,0.46094745667819875,0.8633689314530296,0.6621581940656142,False,,0.5095356630551638,0.6778800160303505,0.6776270617494927,-0.17191235725632764,0.17191235725632764,True,False,False,True,8.0,0.5095356630551638,pca_kmeans,0.0,0.17191235725632764
hrvatin_geo,3407,rdg_cell_only,-0.0014450408716810694,0.008776693823700384,0.26091334930346816,0.04868043036433667,0.46094745667819875,0.8633689314530296,0.6621581940656142,True,,0.5095356630551638,0.6778800160303505,0.6776270617494927,-0.5109807039268449,0.5109807039268449,True,False,False,True,12.0,0.5095356630551638,pca_kmeans,0.0,0.5109807039268449
hrvatin_geo,3407,rdg_gene_only,0.48017709022210797,0.6599234174234543,0.6841727826179832,0.7603490422855379,0.46094745667819875,0.8633689314530296,0.6621581940656142,True,,0.5095356630551638,0.6778800160303505,0.6776270617494927,-0.029358572833055874,0.029358572833055874,True,False,False,True,4.0,0.5095356630551638,pca_kmeans,0.0,0.029358572833055874
hrvatin_geo,3407,rdg_concat_kmeans,0.4621164718234507,0.6509803072100664,0.6360487648575657,0.6440284865841032,0.46094745667819875,0.8633689314530296,0.6621581940656142,False,,0.5095356630551638,0.6778800160303505,0.6776270617494927,-0.04741919123171312,0.04741919123171312,True,False,False,True,5.0,0.5095356630551638,pca_kmeans,0.0,0.04741919123171312
hrvatin_geo,3407,rdg_always_on,0.4407140467474858,0.6332712292539855,0.6143212438395459,0.5493522416351833,0.46094745667819875,0.8633689314530296,0.6621581940656142,True,,0.5095356630551638,0.6778800160303505,0.6776270617494927,-0.06882161630767802,0.06882161630767802,True,False,False,True,6.0,0.5095356630551638,pca_kmeans,0.0,0.06882161630767802
hrvatin_geo,3407,safe_rdg_heuristic,0.3687153170051564,0.5583923379285386,0.5343688490822258,0.37679484826977855,0.46094745667819875,0.8633689314530296,0.6621581940656142,True,,0.5095356630551638,0.6778800160303505,0.6776270617494927,-0.14082034605000743,0.14082034605000743,True,False,False,True,7.0,0.5095356630551638,pca_kmeans,0.0,0.14082034605000743
hrvatin_geo,3407,neg_random_cell_graph,6.226983108835657e-07,0.002149437853651596,0.2641785806924121,0.047997983334780676,0.46094745667819875,0.8633689314530296,0.6621581940656142,True,random_cell_graph,0.5095356630551638,0.6778800160303505,0.6776270617494927,-0.5095350403568529,0.5095350403568529,True,False,False,True,10.0,0.5095356630551638,pca_kmeans,0.0,0.5095350403568529
hrvatin_geo,3407,neg_degree_shuffle_graph,-4.357869064181081e-05,0.0005264920053388299,0.26347670852469524,0.04689830573913214,0.46094745667819875,0.8633689314530296,0.6621581940656142,True,degree_preserving_shuffled_cell_graph,0.5095356630551638,0.6778800160303505,0.6776270617494927,-0.5095792417458057,0.5095792417458057,True,False,False,True,11.0,0.5095356630551638,pca_kmeans,0.0,0.5095792417458057
hrvatin_geo,3407,neg_shuffled_gene_cell_graph,0.007221032813116337,0.018745012435243753,0.20038450388318405,0.12555952187443503,0.46094745667819875,0.8633689314530296,0.6621581940656142,True,shuffled_gene_module_cell_graph,0.5095356630551638,0.6778800160303505,0.6776270617494927,-0.5023146302420475,0.5023146302420475,True,False,False,True,9.0,0.5095356630551638,pca_kmeans,0.0,0.5023146302420475
worm_neuron_cell,42,pca_kmeans,0.214350311188156,0.43981697229842376,0.4983277591973244,0.34179099974466165,0.6220396871407592,0.9553408554125733,0.7886902712766662,False,,0.214350311188156,0.43981697229842376,0.4983277591973244,0.0,0.0,False,False,True,False,5.5,0.2559117851666826,rdg_gene_only,0.04156147397852661,0.04156147397852661
worm_neuron_cell,42,pca_spectral_kmeans,0.02016689919454109,0.18309897821492882,0.3084089823220258,0.23518947852386657,0.6220396871407592,0.9553408554125733,0.7886902712766662,False,,0.214350311188156,0.43981697229842376,0.4983277591973244,-0.1941834119936149,0.1941834119936149,True,False,False,True,10.0,0.2559117851666826,rdg_gene_only,0.04156147397852661,0.23574488597214152
worm_neuron_cell,42,rdg_cell_only,0.013528257665619882,0.17217299971360178,0.29789775441949357,0.2000873499225368,0.6220396871407592,0.9553408554125733,0.7886902712766662,True,,0.214350311188156,0.43981697229842376,0.4983277591973244,-0.20082205352253613,0.20082205352253613,True,False,False,True,12.0,0.2559117851666826,rdg_gene_only,0.04156147397852661,0.24238352750106273
worm_neuron_cell,42,rdg_gene_only,0.2559117851666826,0.5618920532003032,0.595078834209269,0.5917584082616875,0.6220396871407592,0.9553408554125733,0.7886902712766662,True,,0.214350311188156,0.43981697229842376,0.4983277591973244,0.04156147397852661,0.0,False,True,False,False,1.0,0.2559117851666826,rdg_gene_only,0.04156147397852661,0.0
worm_neuron_cell,42,rdg_concat_kmeans,0.21091675748285,0.5311447241467911,0.5238891543239369,0.5648053905499332,0.6220396871407592,0.9553408554125733,0.7886902712766662,False,,0.214350311188156,0.43981697229842376,0.4983277591973244,-0.003433553705306014,0.003433553705306014,True,False,False,True,7.0,0.2559117851666826,rdg_gene_only,0.04156147397852661,0.04499502768383262
worm_neuron_cell,42,rdg_always_on,0.24914679219469796,0.5540928400355483,0.5903010033444817,0.5844337129386893,0.6220396871407592,0.9553408554125733,0.7886902712766662,True,,0.214350311188156,0.43981697229842376,0.4983277591973244,0.03479648100654195,0.0,False,True,False,False,3.0,0.2559117851666826,rdg_gene_only,0.04156147397852661,0.006764992971984657
worm_neuron_cell,42,safe_rdg_heuristic,0.24955542102233988,0.5559830255759666,0.5907787864309604,0.5851123088504182,0.6220396871407592,0.9553408554125733,0.7886902712766662,True,,0.214350311188156,0.43981697229842376,0.4983277591973244,0.03520510983418387,0.0,False,True,False,False,2.0,0.2559117851666826,rdg_gene_only,0.04156147397852661,0.0063563641443427354
worm_neuron_cell,42,neg_random_cell_graph,0.024623094839885274,0.17821053272880655,0.3107978977544195,0.236377060419327,0.6220396871407592,0.9553408554125733,0.7886902712766662,True,random_cell_graph,0.214350311188156,0.43981697229842376,0.4983277591973244,-0.18972721634827072,0.18972721634827072,True,False,False,True,9.0,0.2559117851666826,rdg_gene_only,0.04156147397852661,0.23128869032679733
worm_neuron_cell,42,neg_degree_shuffle_graph,0.056526988504384854,0.21152149540016985,0.358337314859054,0.22530440978646454,0.6220396871407592,0.9553408554125733,0.7886902712766662,True,degree_preserving_shuffled_cell_graph,0.214350311188156,0.43981697229842376,0.4983277591973244,-0.15782332268377114,0.15782332268377114,True,False,False,True,8.0,0.2559117851666826,rdg_gene_only,0.04156147397852661,0.19938479666229775
worm_neuron_cell,42,neg_shuffled_gene_cell_graph,0.019765339039600115,0.06919265864136856,0.20258002866698518,0.150140699991623,0.6220396871407592,0.9553408554125733,0.7886902712766662,True,shuffled_gene_module_cell_graph,0.214350311188156,0.43981697229842376,0.4983277591973244,-0.19458497214855588,0.19458497214855588,True,False,False,True,11.0,0.2559117851666826,rdg_gene_only,0.04156147397852661,0.2361464461270825
worm_neuron_cell,3047,pca_kmeans,0.3045966822152156,0.5131220053644091,0.537505972288581,0.4905754090932744,0.6129255578981829,0.9477924836617817,0.7803590207799823,False,,0.3045966822152156,0.5131220053644091,0.537505972288581,0.0,0.0,False,False,True,False,1.5,0.3045966822152156,pca_kmeans,0.0,0.0
worm_neuron_cell,3047,pca_spectral_kmeans,0.013052426349555774,0.155217761462728,0.29335881509794554,0.19326922665079074,0.6129255578981829,0.9477924836617817,0.7803590207799823,False,,0.3045966822152156,0.5131220053644091,0.537505972288581,-0.2915442558656598,0.2915442558656598,True,False,False,True,11.0,0.3045966822152156,pca_kmeans,0.0,0.2915442558656598
worm_neuron_cell,3047,rdg_cell_only,0.014307677201996686,0.16161517013110982,0.2974199713330148,0.19968797154308632,0.6129255578981829,0.9477924836617817,0.7803590207799823,True,,0.3045966822152156,0.5131220053644091,0.537505972288581,-0.2902890050132189,0.2902890050132189,True,False,False,True,10.0,0.3045966822152156,pca_kmeans,0.0,0.2902890050132189
worm_neuron_cell,3047,rdg_gene_only,0.2188817444878645,0.5239541235689148,0.5668896321070234,0.5683169462781164,0.6129255578981829,0.9477924836617817,0.7803590207799823,True,,0.3045966822152156,0.5131220053644091,0.537505972288581,-0.08571493772735109,0.08571493772735109,True,False,False,True,6.0,0.3045966822152156,pca_kmeans,0.0,0.08571493772735109
worm_neuron_cell,3047,rdg_concat_kmeans,0.13417901063850976,0.4478567057168937,0.4904443382704252,0.389459586454233,0.6129255578981829,0.9477924836617817,0.7803590207799823,False,,0.3045966822152156,0.5131220053644091,0.537505972288581,-0.17041767157670581,0.17041767157670581,True,False,False,True,7.0,0.3045966822152156,pca_kmeans,0.0,0.17041767157670581
worm_neuron_cell,3047,rdg_always_on,0.22040777386268406,0.5281674379106395,0.568561872909699,0.5720856226923521,0.6129255578981829,0.9477924836617817,0.7803590207799823,True,,0.3045966822152156,0.5131220053644091,0.537505972288581,-0.08418890835253151,0.08418890835253151,True,False,False,True,3.0,0.3045966822152156,pca_kmeans,0.0,0.08418890835253151
worm_neuron_cell,3047,safe_rdg_heuristic,0.22005435820747227,0.5267289885300148,0.5680840898232202,0.5713966976646421,0.6129255578981829,0.9477924836617817,0.7803590207799823,True,,0.3045966822152156,0.5131220053644091,0.537505972288581,-0.08454232400774331,0.08454232400774331,True,False,False,True,5.0,0.3045966822152156,pca_kmeans,0.0,0.08454232400774331
worm_neuron_cell,3047,neg_random_cell_graph,0.015138531000828032,0.14923164175112685,0.3005255613951266,0.21836899219245373,0.6129255578981829,0.9477924836617817,0.7803590207799823,True,random_cell_graph,0.3045966822152156,0.5131220053644091,0.537505972288581,-0.28945815121438756,0.28945815121438756,True,False,False,True,9.0,0.3045966822152156,pca_kmeans,0.0,0.28945815121438756
worm_neuron_cell,3047,neg_degree_shuffle_graph,0.005810189998993232,0.09778063556719331,0.28165312947921645,0.1208794448560715,0.6129255578981829,0.9477924836617817,0.7803590207799823,True,degree_preserving_shuffled_cell_graph,0.3045966822152156,0.5131220053644091,0.537505972288581,-0.29878649221622233,0.29878649221622233,True,False,False,True,12.0,0.3045966822152156,pca_kmeans,0.0,0.29878649221622233
worm_neuron_cell,3047,neg_shuffled_gene_cell_graph,0.03254998747777699,0.0713571248139662,0.24343048256091734,0.16480875151265667,0.6129255578981829,0.9477924836617817,0.7803590207799823,True,shuffled_gene_module_cell_graph,0.3045966822152156,0.5131220053644091,0.537505972288581,-0.2720466947374386,0.2720466947374386,True,False,False,True,8.0,0.3045966822152156,pca_kmeans,0.0,0.2720466947374386
worm_neuron_cell,3407,pca_kmeans,0.18922872542066685,0.49984021930630024,0.5071667462971811,0.4636666806144225,0.6134563140516981,0.9611312882489801,0.7872938011503391,False,,0.18922872542066685,0.49984021930630024,0.5071667462971811,0.0,0.0,False,False,True,False,5.0,0.25711884584253325,rdg_gene_only,0.0678901204218664,0.0678901204218664
worm_neuron_cell,3407,pca_spectral_kmeans,0.013783144001985803,0.15931083069019675,0.2957477305303392,0.19783221263641676,0.6134563140516981,0.9611312882489801,0.7872938011503391,False,,0.18922872542066685,0.49984021930630024,0.5071667462971811,-0.17544558141868105,0.17544558141868105,True,False,False,True,11.0,0.25711884584253325,rdg_gene_only,0.0678901204218664,0.24333570184054745
worm_neuron_cell,3407,rdg_cell_only,0.019915087444780124,0.1827713574586037,0.30864787386526515,0.2350197298902,0.6134563140516981,0.9611312882489801,0.7872938011503391,True,,0.18922872542066685,0.49984021930630024,0.5071667462971811,-0.16931363797588672,0.16931363797588672,True,False,False,True,10.0,0.25711884584253325,rdg_gene_only,0.0678901204218664,0.23720375839775312
worm_neuron_cell,3407,rdg_gene_only,0.25711884584253325,0.5615254723647463,0.5953177257525084,0.5905776724841231,0.6134563140516981,0.9611312882489801,0.7872938011503391,True,,0.18922872542066685,0.49984021930630024,0.5071667462971811,0.0678901204218664,0.0,False,True,False,False,1.0,0.25711884584253325,rdg_gene_only,0.0678901204218664,0.0
worm_neuron_cell,3407,rdg_concat_kmeans,0.07018908713502503,0.31817329939684513,0.3760152890587673,0.3078176773354523,0.6134563140516981,0.9611312882489801,0.7872938011503391,False,,0.18922872542066685,0.49984021930630024,0.5071667462971811,-0.11903963828564182,0.11903963828564182,True,False,False,True,7.0,0.25711884584253325,rdg_gene_only,0.0678901204218664,0.18692975870750822
worm_neuron_cell,3407,rdg_always_on,0.2527267728358199,0.557675111120218,0.5934065934065934,0.5912036296328689,0.6134563140516981,0.9611312882489801,0.7872938011503391,True,,0.18922872542066685,0.49984021930630024,0.5071667462971811,0.06349804741515305,0.0,False,True,False,False,3.5,0.25711884584253325,rdg_gene_only,0.0678901204218664,0.0043920730067133484
worm_neuron_cell,3407,safe_rdg_heuristic,0.25538355006875935,0.5594031290660125,0.5946010511227903,0.5908639782236372,0.6134563140516981,0.9611312882489801,0.7872938011503391,True,,0.18922872542066685,0.49984021930630024,0.5071667462971811,0.0661548246480925,0.0,False,True,False,False,2.0,0.25711884584253325,rdg_gene_only,0.0678901204218664,0.0017352957737739039
worm_neuron_cell,3407,neg_random_cell_graph,0.03139141758263872,0.16745069780163319,0.3270425226946966,0.20288552014848343,0.6134563140516981,0.9611312882489801,0.7872938011503391,True,random_cell_graph,0.18922872542066685,0.49984021930630024,0.5071667462971811,-0.15783730783802813,0.15783730783802813,True,False,False,True,9.0,0.25711884584253325,rdg_gene_only,0.0678901204218664,0.22572742825989453
worm_neuron_cell,3407,neg_degree_shuffle_graph,0.0007405658959136779,0.0699524923724853,0.26684185379837555,0.09569242034960321,0.6134563140516981,0.9611312882489801,0.7872938011503391,True,degree_preserving_shuffled_cell_graph,0.18922872542066685,0.49984021930630024,0.5071667462971811,-0.18848815952475317,0.18848815952475317,True,False,False,True,12.0,0.25711884584253325,rdg_gene_only,0.0678901204218664,0.25637827994661955
worm_neuron_cell,3407,neg_shuffled_gene_cell_graph,0.03483460149975051,0.09051623297719283,0.2422360248447205,0.21033680167440533,0.6134563140516981,0.9611312882489801,0.7872938011503391,True,shuffled_gene_module_cell_graph,0.18922872542066685,0.49984021930630024,0.5071667462971811,-0.15439412392091634,0.15439412392091634,True,False,False,True,8.0,0.25711884584253325,rdg_gene_only,0.0678901204218664,0.22228424434278274
Bach,42,safe_rdg_calibrated_threshold,0.9070452639393836,0.8808851758613776,0.9233954451345756,,,,0.6366727145035168,False,,0.9070452639393837,0.8808851758613776,0.9233954451345756,-1.1102230246251565e-16,1.1102230246251565e-16,False,False,True,False,4.5,0.9121986183872698,rdg_gene_only,0.005153354447886116,0.005153354447886227
Bach,3047,safe_rdg_calibrated_threshold,0.9079326879492304,0.8800681250064534,0.9217995169082126,,,,0.6361986128859606,False,,0.9079326879492304,0.8800681250064534,0.9217995169082126,0.0,0.0,False,False,True,False,3.0,0.9174457962325993,rdg_concat_kmeans,0.00951310828336882,0.00951310828336882
Bach,3407,safe_rdg_calibrated_threshold,0.906752243183256,0.8795040703662669,0.918737060041408,,,,0.6354749697553087,False,,0.9067522431832559,0.8795040703662669,0.9187370600414079,1.1102230246251565e-16,0.0,False,False,True,False,2.5,0.9277237989533923,rdg_always_on,0.02097155577013643,0.02097155577013632
Baron,42,safe_rdg_calibrated_threshold,0.7528924942492335,0.7884324434803549,0.8059283463648034,,,,0.682060552459415,False,,0.7528924942492335,0.7884324434803549,0.8059283463648034,0.0,0.0,False,False,True,False,3.0,0.7528924942492335,pca_kmeans,0.0,0.0
Baron,3047,safe_rdg_calibrated_threshold,0.7644764343670744,0.7994031676038268,0.8372038744310888,,,,0.68085402643139,False,,0.7644764343670744,0.7994031676038268,0.8372038744310888,0.0,0.0,False,False,True,False,5.0,0.8618998569802767,rdg_cell_only,0.09742342261320236,0.09742342261320236
Baron,3407,safe_rdg_calibrated_threshold,0.7490586167603699,0.7830288455639554,0.8051114482436691,,,,0.6797187188624092,False,,0.7490586167603699,0.7830288455639554,0.8051114482436691,0.0,0.0,False,False,True,False,3.0,0.7490586167603699,pca_kmeans,0.0,0.0
Guo,42,safe_rdg_calibrated_threshold,0.6878002248491252,0.7850156150360377,0.6869029275808937,,,,0.6863034037652643,False,,0.6878002248491252,0.7850156150360377,0.6869029275808937,0.0,0.0,False,False,True,False,4.0,0.7532723700006099,pca_spectral_kmeans,0.0654721451514847,0.0654721451514847
Guo,3047,safe_rdg_calibrated_threshold,0.8104625336770283,0.8413710525279111,0.8329738058551618,,,,0.6847232601259896,False,,0.8104625336770283,0.8413710525279111,0.8329738058551618,0.0,0.0,False,False,True,False,2.0,0.8104625336770283,pca_kmeans,0.0,0.0
Guo,3407,safe_rdg_calibrated_threshold,0.8001584618705442,0.833300346391299,0.8326656394453005,,,,0.6858515812368876,False,,0.8001584618705442,0.833300346391299,0.8326656394453005,0.0,0.0,False,False,True,False,2.0,0.8001584618705442,pca_kmeans,0.0,0.0
Limb_Muscle,42,safe_rdg_calibrated_threshold,0.84248770707122,0.8814500114973038,0.892811460731645,,,,0.7289957921267647,False,,0.84248770707122,0.8814500114973038,0.892811460731645,0.0,0.0,False,False,True,False,3.0,0.84248770707122,pca_kmeans,0.0,0.0
Limb_Muscle,3047,safe_rdg_calibrated_threshold,0.9789212840053778,0.9584044154838954,0.9833717063187516,,,,0.7265371003991025,False,,0.9789212840053778,0.9584044154838954,0.9833717063187516,0.0,0.0,False,False,True,False,2.0,0.9789212840053778,pca_kmeans,0.0,0.0
Limb_Muscle,3407,safe_rdg_calibrated_threshold,0.9815258923791834,0.96021323778339,0.9861857252494244,,,,0.7273368681825056,False,,0.9815258923791834,0.9602132377833899,0.9861857252494244,0.0,0.0,False,False,True,False,2.0,0.9815258923791834,pca_kmeans,0.0,0.0
Macosko,42,safe_rdg_calibrated_threshold,0.8867663600718061,0.8044185807713302,0.9039903588644884,,,,0.648638148687599,False,,0.8867663600718061,0.8044185807713302,0.9039903588644885,0.0,0.0,False,False,True,False,2.0,0.8867663600718061,pca_kmeans,0.0,0.0
Macosko,3047,safe_rdg_calibrated_threshold,0.801560544576251,0.7528037230052596,0.9071148009284056,,,,0.648861768096753,False,,0.801560544576251,0.7528037230052596,0.9071148009284057,0.0,0.0,False,False,True,False,5.0,0.8754099867995037,rdg_gene_only,0.07384944222325263,0.07384944222325263
Macosko,3407,safe_rdg_calibrated_threshold,0.8776720748192298,0.7929281318971974,0.9262631672915552,,,,0.6593229916175565,False,,0.8776720748192298,0.7929281318971974,0.9262631672915551,0.0,0.0,False,False,True,False,3.0,0.8803226793249478,rdg_concat_kmeans,0.0026506045057179684,0.0026506045057179684
Melanoma_5K,42,safe_rdg_calibrated_threshold,0.7039722482088091,0.7365736622201544,0.8149789497008642,,,,0.7196870117583132,False,,0.7039722482088091,0.7365736622201544,0.8149789497008642,0.0,0.0,False,False,True,False,2.0,0.7039722482088091,pca_kmeans,0.0,0.0
Melanoma_5K,3047,safe_rdg_calibrated_threshold,0.5683436174353267,0.7062694751362553,0.6507866164413916,,,,0.7145886588737418,False,,0.5683436174353267,0.7062694751362553,0.6507866164413916,0.0,0.0,False,False,True,False,3.0,0.7010065891654875,rdg_always_on,0.13266297173016084,0.13266297173016084
Melanoma_5K,3407,safe_rdg_calibrated_threshold,0.5788745858974389,0.7172210819652696,0.6647462884998893,,,,0.7201570448439855,False,,0.5788745858974389,0.7172210819652696,0.6647462884998893,0.0,0.0,False,False,True,False,3.0,0.67557265027751,rdg_always_on,0.09669806438007111,0.09669806438007111
Pollen,42,safe_rdg_calibrated_threshold,0.7789411866919517,0.8788157771918941,0.8006644518272426,,,,0.8021916280548816,True,,0.35984496129550514,0.6656139307046353,0.45514950166112955,0.41909622539644653,0.0,False,True,False,False,7.5,0.7826634972249417,rdg_cell_only,0.4228185359294365,0.003722310532989992
Pollen,3047,safe_rdg_calibrated_threshold,0.7698467779728139,0.8808764082758933,0.7807308970099668,,,,0.8305164724151122,True,,0.3100787085013657,0.6720918522956486,0.4950166112956811,0.45976806947144816,0.0,False,True,False,False,8.5,0.7885300707763893,rdg_gene_only,0.47845136227502355,0.01868329280357539
Pollen,3407,safe_rdg_calibrated_threshold,0.7751373900331501,0.8799173917774796,0.8039867109634552,,,,0.8018420366598107,True,,0.40670294625151254,0.7301490843928582,0.574750830564784,0.36843444378163753,0.0,False,True,False,False,6.5,0.7857633401790242,rdg_cell_only,0.3790603939275116,0.010625950145874086
Quake_10x_Spleen,42,safe_rdg_calibrated_threshold,0.8884507524456887,0.7985836885078743,0.9474455611390284,,,,0.7267464807763528,False,,0.8884507524456887,0.7985836885078743,0.9474455611390284,0.0,0.0,False,False,True,False,2.0,0.8884507524456887,pca_kmeans,0.0,0.0
Quake_10x_Spleen,3047,safe_rdg_calibrated_threshold,0.8475249009129047,0.7523993414236796,0.934463986599665,,,,0.7217525110115093,False,,0.8475249009129047,0.7523993414236796,0.934463986599665,0.0,0.0,False,False,True,False,2.0,0.8475249009129047,pca_kmeans,0.0,0.0
Quake_10x_Spleen,3407,safe_rdg_calibrated_threshold,0.1095849741458902,0.1622225383323933,0.7419388609715243,,,,0.7355224641547187,False,,0.10958497414589022,0.16222253833239336,0.7419388609715243,-1.3877787807814457e-17,1.3877787807814457e-17,False,False,True,False,10.5,0.8537715860971867,rdg_gene_only,0.7441866119512965,0.7441866119512965
Quake_Smart-seq2_Lung,42,safe_rdg_calibrated_threshold,0.7857472554769416,0.8177189083503701,0.7732696897374701,,,,0.7719985138064842,True,,0.6230460188125847,0.7772652934391177,0.649164677804296,0.16270123666435687,0.0,False,True,False,False,1.5,0.7857472554769416,rdg_always_on,0.16270123666435687,0.0
Quake_Smart-seq2_Lung,3047,safe_rdg_calibrated_threshold,0.5350779774256198,0.7178150628021619,0.6825775656324582,,,,0.7703487676334564,True,,0.7237612296896183,0.7866277991279977,0.7052505966587113,-0.1886832522639985,0.1886832522639985,True,False,False,True,3.5,0.7237612296896183,pca_kmeans,0.0,0.1886832522639985
Quake_Smart-seq2_Lung,3407,safe_rdg_calibrated_threshold,0.4912450728633448,0.640733346076481,0.619928400954654,,,,0.7710644328671032,True,,0.7462653405198079,0.8212756613666663,0.7118138424821002,-0.2550202676564631,0.2550202676564631,True,False,False,True,6.5,0.7462653405198079,pca_kmeans,0.0,0.2550202676564631
Shekhar,42,safe_rdg_calibrated_threshold,0.927215920325585,0.8916725727531882,0.8875139768915393,,,,0.5783576441495571,False,,0.927215920325585,0.8916725727531882,0.8875139768915393,0.0,0.0,False,False,True,False,2.0,0.927215920325585,pca_kmeans,0.0,0.0
Shekhar,3047,safe_rdg_calibrated_threshold,0.6274129173202476,0.8165169068103656,0.690756615728662,,,,0.5782019533176729,False,,0.6274129173202476,0.8165169068103656,0.690756615728662,0.0,0.0,False,False,True,False,9.0,0.859884524362973,pca_spectral_kmeans,0.2324716070427254,0.2324716070427254
Shekhar,3407,safe_rdg_calibrated_threshold,0.9187685158600822,0.8814088477531632,0.868654491241148,,,,0.5782010358503352,False,,0.9187685158600822,0.8814088477531632,0.868654491241148,0.0,0.0,False,False,True,False,2.0,0.9187685158600822,pca_kmeans,0.0,0.0
Tosches,42,safe_rdg_calibrated_threshold,0.5084761831953863,0.7302725170092682,0.602818259751393,,,,0.6784955614690522,False,,0.5084761831953863,0.7302725170092682,0.602818259751393,0.0,0.0,False,False,True,False,9.0,0.7325294676369274,rdg_cell_only,0.22405328444154105,0.22405328444154105
Tosches,3047,safe_rdg_calibrated_threshold,0.5242280274009139,0.7326473383001255,0.5925310758679811,,,,0.680219400362226,False,,0.5242280274009139,0.7326473383001255,0.5925310758679811,0.0,0.0,False,False,True,False,8.0,0.7325153210710746,rdg_cell_only,0.20828729367016074,0.20828729367016074
Tosches,3407,safe_rdg_calibrated_threshold,0.6989742934674248,0.7527932655276917,0.7014573510501501,,,,0.6823128374807053,False,,0.6989742934674248,0.7527932655276917,0.7014573510501501,0.0,0.0,False,False,True,False,3.0,0.7325153210710746,rdg_cell_only,0.03354102760364985,0.03354102760364985
Wang,42,safe_rdg_calibrated_threshold,0.9525630986506928,0.8909054622711734,0.9891795356655112,,,,0.6713740216459301,False,,0.9525630986506929,0.8909054622711734,0.9891795356655111,-1.1102230246251565e-16,1.1102230246251565e-16,False,False,True,False,4.5,0.9689589987079101,rdg_concat_kmeans,0.01639590005721725,0.01639590005721736
Wang,3047,safe_rdg_calibrated_threshold,0.9525630986506928,0.8909054622711734,0.9891795356655112,,,,0.6656729040024494,False,,0.9525630986506929,0.8909054622711734,0.9891795356655111,-1.1102230246251565e-16,1.1102230246251565e-16,False,False,True,False,3.5,0.9685016272311162,rdg_concat_kmeans,0.015938528580423328,0.01593852858042344
Wang,3407,safe_rdg_calibrated_threshold,0.9525630986506928,0.8909054622711734,0.9891795356655112,,,,0.6713382859081661,False,,0.9525630986506929,0.8909054622711734,0.9891795356655111,-1.1102230246251565e-16,1.1102230246251565e-16,False,False,True,False,2.5,0.9525630986506929,pca_kmeans,0.0,1.1102230246251565e-16
Young,42,safe_rdg_calibrated_threshold,0.716645607211851,0.8147494836289061,0.8293755496921724,,,,0.6983493771571625,False,,0.716645607211851,0.8147494836289061,0.8293755496921724,0.0,0.0,False,False,True,False,2.0,0.716645607211851,pca_kmeans,0.0,0.0
Young,3047,safe_rdg_calibrated_threshold,0.7126056485765915,0.8110341968921111,0.8191732629727353,,,,0.7118232844381946,False,,0.7126056485765915,0.8110341968921111,0.8191732629727353,0.0,0.0,False,False,True,False,2.0,0.7126056485765915,pca_kmeans,0.0,0.0
Young,3407,safe_rdg_calibrated_threshold,0.5754170824162751,0.751900402496348,0.6770448548812665,,,,0.6976362720618153,False,,0.5754170824162751,0.751900402496348,0.6770448548812665,0.0,0.0,False,False,True,False,2.0,0.5754170824162751,pca_kmeans,0.0,0.0
hrvatin,42,safe_rdg_calibrated_threshold,0.8741380381033753,0.9075865838917172,0.9151991049600132,,,,0.6653975858726042,False,,0.8741380381033753,0.9075865838917172,0.9151991049600132,0.0,0.0,False,False,True,False,5.0,0.9107842695138233,rdg_concat_kmeans,0.03664623141044798,0.03664623141044798
hrvatin,3047,safe_rdg_calibrated_threshold,0.8741642313756239,0.9076812913278044,0.9152405419964365,,,,0.6653782522359961,False,,0.8741642313756239,0.9076812913278044,0.9152405419964365,0.0,0.0,False,False,True,False,4.0,0.9073705121548723,rdg_gene_only,0.033206280779248365,0.033206280779248365
hrvatin,3407,safe_rdg_calibrated_threshold,0.8741803539784513,0.9076164431127692,0.9151991049600132,,,,0.6653682482916295,False,,0.8741803539784513,0.9076164431127691,0.9151991049600132,0.0,0.0,False,False,True,False,2.0,0.8741803539784513,pca_kmeans,0.0,0.0
hrvatin_geo,42,safe_rdg_calibrated_threshold,0.509310693805388,0.6784824185383184,0.6775965455682876,,,,0.6627090664825604,False,,0.509310693805388,0.6784824185383184,0.6775965455682876,0.0,0.0,False,False,True,False,4.0,0.5348556549458041,rdg_gene_only,0.025544961140416156,0.025544961140416156
hrvatin_geo,3047,safe_rdg_calibrated_threshold,0.5093011101147767,0.6784722063583504,0.6775965455682876,,,,0.6630418901720758,False,,0.5093011101147767,0.6784722063583504,0.6775965455682876,0.0,0.0,False,False,True,False,2.0,0.5093011101147767,pca_kmeans,0.0,0.0
hrvatin_geo,3407,safe_rdg_calibrated_threshold,0.5095356630551638,0.6778800160303505,0.6776270617494927,,,,0.6621581940656142,False,,0.5095356630551638,0.6778800160303505,0.6776270617494927,0.0,0.0,False,False,True,False,2.0,0.5095356630551638,pca_kmeans,0.0,0.0
worm_neuron_cell,42,safe_rdg_calibrated_threshold,0.2491467921946979,0.5540928400355483,0.5903010033444817,,,,0.7886902712766662,True,,0.214350311188156,0.43981697229842376,0.4983277591973244,0.034796481006541896,0.0,False,True,False,False,4.0,0.2559117851666826,rdg_gene_only,0.04156147397852661,0.006764992971984712
worm_neuron_cell,3047,safe_rdg_calibrated_threshold,0.220407773862684,0.5281674379106395,0.568561872909699,,,,0.7803590207799823,True,,0.3045966822152156,0.5131220053644091,0.537505972288581,-0.08418890835253157,0.08418890835253157,True,False,False,True,4.0,0.3045966822152156,pca_kmeans,0.0,0.08418890835253157
worm_neuron_cell,3407,safe_rdg_calibrated_threshold,0.2527267728358199,0.557675111120218,0.5934065934065934,,,,0.7872938011503391,True,,0.18922872542066685,0.49984021930630024,0.5071667462971811,0.06349804741515305,0.0,False,True,False,False,3.5,0.25711884584253325,rdg_gene_only,0.0678901204218664,0.0043920730067133484
Bach,42,safe_rdg_calibrated_logistic_explore,0.9070452639393836,0.8808851758613776,0.9233954451345756,,,,0.6366727145035168,False,,0.9070452639393837,0.8808851758613776,0.9233954451345756,-1.1102230246251565e-16,1.1102230246251565e-16,False,False,True,False,4.5,0.9121986183872698,rdg_gene_only,0.005153354447886116,0.005153354447886227
Bach,3047,safe_rdg_calibrated_logistic_explore,0.9079326879492304,0.8800681250064534,0.9217995169082126,,,,0.6361986128859606,False,,0.9079326879492304,0.8800681250064534,0.9217995169082126,0.0,0.0,False,False,True,False,3.0,0.9174457962325993,rdg_concat_kmeans,0.00951310828336882,0.00951310828336882
Bach,3407,safe_rdg_calibrated_logistic_explore,0.906752243183256,0.8795040703662669,0.918737060041408,,,,0.6354749697553087,False,,0.9067522431832559,0.8795040703662669,0.9187370600414079,1.1102230246251565e-16,0.0,False,False,True,False,2.5,0.9277237989533923,rdg_always_on,0.02097155577013643,0.02097155577013632
Baron,42,safe_rdg_calibrated_logistic_explore,0.7528924942492335,0.7884324434803549,0.8059283463648034,,,,0.682060552459415,False,,0.7528924942492335,0.7884324434803549,0.8059283463648034,0.0,0.0,False,False,True,False,3.0,0.7528924942492335,pca_kmeans,0.0,0.0
Baron,3047,safe_rdg_calibrated_logistic_explore,0.7644764343670744,0.7994031676038268,0.8372038744310888,,,,0.68085402643139,False,,0.7644764343670744,0.7994031676038268,0.8372038744310888,0.0,0.0,False,False,True,False,5.0,0.8618998569802767,rdg_cell_only,0.09742342261320236,0.09742342261320236
Baron,3407,safe_rdg_calibrated_logistic_explore,0.7490586167603699,0.7830288455639554,0.8051114482436691,,,,0.6797187188624092,False,,0.7490586167603699,0.7830288455639554,0.8051114482436691,0.0,0.0,False,False,True,False,3.0,0.7490586167603699,pca_kmeans,0.0,0.0
Guo,42,safe_rdg_calibrated_logistic_explore,0.6878002248491252,0.7850156150360377,0.6869029275808937,,,,0.6863034037652643,False,,0.6878002248491252,0.7850156150360377,0.6869029275808937,0.0,0.0,False,False,True,False,4.0,0.7532723700006099,pca_spectral_kmeans,0.0654721451514847,0.0654721451514847
Guo,3047,safe_rdg_calibrated_logistic_explore,0.8104625336770283,0.8413710525279111,0.8329738058551618,,,,0.6847232601259896,False,,0.8104625336770283,0.8413710525279111,0.8329738058551618,0.0,0.0,False,False,True,False,2.0,0.8104625336770283,pca_kmeans,0.0,0.0
Guo,3407,safe_rdg_calibrated_logistic_explore,0.8001584618705442,0.833300346391299,0.8326656394453005,,,,0.6858515812368876,False,,0.8001584618705442,0.833300346391299,0.8326656394453005,0.0,0.0,False,False,True,False,2.0,0.8001584618705442,pca_kmeans,0.0,0.0
Limb_Muscle,42,safe_rdg_calibrated_logistic_explore,0.84248770707122,0.8814500114973038,0.892811460731645,,,,0.7289957921267647,False,,0.84248770707122,0.8814500114973038,0.892811460731645,0.0,0.0,False,False,True,False,3.0,0.84248770707122,pca_kmeans,0.0,0.0
Limb_Muscle,3047,safe_rdg_calibrated_logistic_explore,0.9789212840053778,0.9584044154838954,0.9833717063187516,,,,0.7265371003991025,False,,0.9789212840053778,0.9584044154838954,0.9833717063187516,0.0,0.0,False,False,True,False,2.0,0.9789212840053778,pca_kmeans,0.0,0.0
Limb_Muscle,3407,safe_rdg_calibrated_logistic_explore,0.9815258923791834,0.96021323778339,0.9861857252494244,,,,0.7273368681825056,False,,0.9815258923791834,0.9602132377833899,0.9861857252494244,0.0,0.0,False,False,True,False,2.0,0.9815258923791834,pca_kmeans,0.0,0.0
Macosko,42,safe_rdg_calibrated_logistic_explore,0.8867663600718061,0.8044185807713302,0.9039903588644884,,,,0.648638148687599,False,,0.8867663600718061,0.8044185807713302,0.9039903588644885,0.0,0.0,False,False,True,False,2.0,0.8867663600718061,pca_kmeans,0.0,0.0
Macosko,3047,safe_rdg_calibrated_logistic_explore,0.801560544576251,0.7528037230052596,0.9071148009284056,,,,0.648861768096753,False,,0.801560544576251,0.7528037230052596,0.9071148009284057,0.0,0.0,False,False,True,False,5.0,0.8754099867995037,rdg_gene_only,0.07384944222325263,0.07384944222325263
Macosko,3407,safe_rdg_calibrated_logistic_explore,0.8776720748192298,0.7929281318971974,0.9262631672915552,,,,0.6593229916175565,False,,0.8776720748192298,0.7929281318971974,0.9262631672915551,0.0,0.0,False,False,True,False,3.0,0.8803226793249478,rdg_concat_kmeans,0.0026506045057179684,0.0026506045057179684
Melanoma_5K,42,safe_rdg_calibrated_logistic_explore,0.7039722482088091,0.7365736622201544,0.8149789497008642,,,,0.7196870117583132,False,,0.7039722482088091,0.7365736622201544,0.8149789497008642,0.0,0.0,False,False,True,False,2.0,0.7039722482088091,pca_kmeans,0.0,0.0
Melanoma_5K,3047,safe_rdg_calibrated_logistic_explore,0.5683436174353267,0.7062694751362553,0.6507866164413916,,,,0.7145886588737418,False,,0.5683436174353267,0.7062694751362553,0.6507866164413916,0.0,0.0,False,False,True,False,3.0,0.7010065891654875,rdg_always_on,0.13266297173016084,0.13266297173016084
Melanoma_5K,3407,safe_rdg_calibrated_logistic_explore,0.5788745858974389,0.7172210819652696,0.6647462884998893,,,,0.7201570448439855,False,,0.5788745858974389,0.7172210819652696,0.6647462884998893,0.0,0.0,False,False,True,False,3.0,0.67557265027751,rdg_always_on,0.09669806438007111,0.09669806438007111
Pollen,42,safe_rdg_calibrated_logistic_explore,0.3598449612955051,0.6656139307046353,0.4551495016611295,,,,0.8021916280548816,False,,0.35984496129550514,0.6656139307046353,0.45514950166112955,-5.551115123125783e-17,5.551115123125783e-17,False,False,True,False,11.0,0.7826634972249417,rdg_cell_only,0.4228185359294365,0.4228185359294366
Pollen,3047,safe_rdg_calibrated_logistic_explore,0.3100787085013657,0.6720918522956486,0.4950166112956811,,,,0.8305164724151122,False,,0.3100787085013657,0.6720918522956486,0.4950166112956811,0.0,0.0,False,False,True,False,10.5,0.7885300707763893,rdg_gene_only,0.47845136227502355,0.47845136227502355
Pollen,3407,safe_rdg_calibrated_logistic_explore,0.4067029462515125,0.7301490843928582,0.574750830564784,,,,0.8018420366598107,False,,0.40670294625151254,0.7301490843928582,0.574750830564784,-5.551115123125783e-17,5.551115123125783e-17,False,False,True,False,12.0,0.7857633401790242,rdg_cell_only,0.3790603939275116,0.3790603939275117
Quake_10x_Spleen,42,safe_rdg_calibrated_logistic_explore,0.8884507524456887,0.7985836885078743,0.9474455611390284,,,,0.7267464807763528,False,,0.8884507524456887,0.7985836885078743,0.9474455611390284,0.0,0.0,False,False,True,False,2.0,0.8884507524456887,pca_kmeans,0.0,0.0
Quake_10x_Spleen,3047,safe_rdg_calibrated_logistic_explore,0.8475249009129047,0.7523993414236796,0.934463986599665,,,,0.7217525110115093,False,,0.8475249009129047,0.7523993414236796,0.934463986599665,0.0,0.0,False,False,True,False,2.0,0.8475249009129047,pca_kmeans,0.0,0.0
Quake_10x_Spleen,3407,safe_rdg_calibrated_logistic_explore,0.1095849741458902,0.1622225383323933,0.7419388609715243,,,,0.7355224641547187,False,,0.10958497414589022,0.16222253833239336,0.7419388609715243,-1.3877787807814457e-17,1.3877787807814457e-17,False,False,True,False,10.5,0.8537715860971867,rdg_gene_only,0.7441866119512965,0.7441866119512965
Quake_Smart-seq2_Lung,42,safe_rdg_calibrated_logistic_explore,0.6230460188125847,0.7772652934391177,0.649164677804296,,,,0.7719985138064842,False,,0.6230460188125847,0.7772652934391177,0.649164677804296,0.0,0.0,False,False,True,False,5.5,0.7857472554769416,rdg_always_on,0.16270123666435687,0.16270123666435687
Quake_Smart-seq2_Lung,3047,safe_rdg_calibrated_logistic_explore,0.7237612296896183,0.7866277991279977,0.7052505966587113,,,,0.7703487676334564,False,,0.7237612296896183,0.7866277991279977,0.7052505966587113,0.0,0.0,False,False,True,False,1.5,0.7237612296896183,pca_kmeans,0.0,0.0
Quake_Smart-seq2_Lung,3407,safe_rdg_calibrated_logistic_explore,0.7462653405198079,0.8212756613666663,0.7118138424821002,,,,0.7710644328671032,False,,0.7462653405198079,0.8212756613666663,0.7118138424821002,0.0,0.0,False,False,True,False,1.5,0.7462653405198079,pca_kmeans,0.0,0.0
Shekhar,42,safe_rdg_calibrated_logistic_explore,0.927215920325585,0.8916725727531882,0.8875139768915393,,,,0.5783576441495571,False,,0.927215920325585,0.8916725727531882,0.8875139768915393,0.0,0.0,False,False,True,False,2.0,0.927215920325585,pca_kmeans,0.0,0.0
Shekhar,3047,safe_rdg_calibrated_logistic_explore,0.6274129173202476,0.8165169068103656,0.690756615728662,,,,0.5782019533176729,False,,0.6274129173202476,0.8165169068103656,0.690756615728662,0.0,0.0,False,False,True,False,9.0,0.859884524362973,pca_spectral_kmeans,0.2324716070427254,0.2324716070427254
Shekhar,3407,safe_rdg_calibrated_logistic_explore,0.9187685158600822,0.8814088477531632,0.868654491241148,,,,0.5782010358503352,False,,0.9187685158600822,0.8814088477531632,0.868654491241148,0.0,0.0,False,False,True,False,2.0,0.9187685158600822,pca_kmeans,0.0,0.0
Tosches,42,safe_rdg_calibrated_logistic_explore,0.5084761831953863,0.7302725170092682,0.602818259751393,,,,0.6784955614690522,False,,0.5084761831953863,0.7302725170092682,0.602818259751393,0.0,0.0,False,False,True,False,9.0,0.7325294676369274,rdg_cell_only,0.22405328444154105,0.22405328444154105
Tosches,3047,safe_rdg_calibrated_logistic_explore,0.5242280274009139,0.7326473383001255,0.5925310758679811,,,,0.680219400362226,False,,0.5242280274009139,0.7326473383001255,0.5925310758679811,0.0,0.0,False,False,True,False,8.0,0.7325153210710746,rdg_cell_only,0.20828729367016074,0.20828729367016074
Tosches,3407,safe_rdg_calibrated_logistic_explore,0.6989742934674248,0.7527932655276917,0.7014573510501501,,,,0.6823128374807053,False,,0.6989742934674248,0.7527932655276917,0.7014573510501501,0.0,0.0,False,False,True,False,3.0,0.7325153210710746,rdg_cell_only,0.03354102760364985,0.03354102760364985
Wang,42,safe_rdg_calibrated_logistic_explore,0.9525630986506928,0.8909054622711734,0.9891795356655112,,,,0.6713740216459301,False,,0.9525630986506929,0.8909054622711734,0.9891795356655111,-1.1102230246251565e-16,1.1102230246251565e-16,False,False,True,False,4.5,0.9689589987079101,rdg_concat_kmeans,0.01639590005721725,0.01639590005721736
Wang,3047,safe_rdg_calibrated_logistic_explore,0.9525630986506928,0.8909054622711734,0.9891795356655112,,,,0.6656729040024494,False,,0.9525630986506929,0.8909054622711734,0.9891795356655111,-1.1102230246251565e-16,1.1102230246251565e-16,False,False,True,False,3.5,0.9685016272311162,rdg_concat_kmeans,0.015938528580423328,0.01593852858042344
Wang,3407,safe_rdg_calibrated_logistic_explore,0.9525630986506928,0.8909054622711734,0.9891795356655112,,,,0.6713382859081661,False,,0.9525630986506929,0.8909054622711734,0.9891795356655111,-1.1102230246251565e-16,1.1102230246251565e-16,False,False,True,False,2.5,0.9525630986506929,pca_kmeans,0.0,1.1102230246251565e-16
Young,42,safe_rdg_calibrated_logistic_explore,0.716645607211851,0.8147494836289061,0.8293755496921724,,,,0.6983493771571625,False,,0.716645607211851,0.8147494836289061,0.8293755496921724,0.0,0.0,False,False,True,False,2.0,0.716645607211851,pca_kmeans,0.0,0.0
Young,3047,safe_rdg_calibrated_logistic_explore,0.7126056485765915,0.8110341968921111,0.8191732629727353,,,,0.7118232844381946,False,,0.7126056485765915,0.8110341968921111,0.8191732629727353,0.0,0.0,False,False,True,False,2.0,0.7126056485765915,pca_kmeans,0.0,0.0
Young,3407,safe_rdg_calibrated_logistic_explore,0.5754170824162751,0.751900402496348,0.6770448548812665,,,,0.6976362720618153,False,,0.5754170824162751,0.751900402496348,0.6770448548812665,0.0,0.0,False,False,True,False,2.0,0.5754170824162751,pca_kmeans,0.0,0.0
hrvatin,42,safe_rdg_calibrated_logistic_explore,0.8741380381033753,0.9075865838917172,0.9151991049600132,,,,0.6653975858726042,False,,0.8741380381033753,0.9075865838917172,0.9151991049600132,0.0,0.0,False,False,True,False,5.0,0.9107842695138233,rdg_concat_kmeans,0.03664623141044798,0.03664623141044798
hrvatin,3047,safe_rdg_calibrated_logistic_explore,0.8741642313756239,0.9076812913278044,0.9152405419964365,,,,0.6653782522359961,False,,0.8741642313756239,0.9076812913278044,0.9152405419964365,0.0,0.0,False,False,True,False,4.0,0.9073705121548723,rdg_gene_only,0.033206280779248365,0.033206280779248365
hrvatin,3407,safe_rdg_calibrated_logistic_explore,0.8741803539784513,0.9076164431127692,0.9151991049600132,,,,0.6653682482916295,False,,0.8741803539784513,0.9076164431127691,0.9151991049600132,0.0,0.0,False,False,True,False,2.0,0.8741803539784513,pca_kmeans,0.0,0.0
hrvatin_geo,42,safe_rdg_calibrated_logistic_explore,0.509310693805388,0.6784824185383184,0.6775965455682876,,,,0.6627090664825604,False,,0.509310693805388,0.6784824185383184,0.6775965455682876,0.0,0.0,False,False,True,False,4.0,0.5348556549458041,rdg_gene_only,0.025544961140416156,0.025544961140416156
hrvatin_geo,3047,safe_rdg_calibrated_logistic_explore,0.5093011101147767,0.6784722063583504,0.6775965455682876,,,,0.6630418901720758,False,,0.5093011101147767,0.6784722063583504,0.6775965455682876,0.0,0.0,False,False,True,False,2.0,0.5093011101147767,pca_kmeans,0.0,0.0
hrvatin_geo,3407,safe_rdg_calibrated_logistic_explore,0.5095356630551638,0.6778800160303505,0.6776270617494927,,,,0.6621581940656142,False,,0.5095356630551638,0.6778800160303505,0.6776270617494927,0.0,0.0,False,False,True,False,2.0,0.5095356630551638,pca_kmeans,0.0,0.0
worm_neuron_cell,42,safe_rdg_calibrated_logistic_explore,0.214350311188156,0.4398169722984237,0.4983277591973244,,,,0.7886902712766662,False,,0.214350311188156,0.43981697229842376,0.4983277591973244,0.0,0.0,False,False,True,False,5.5,0.2559117851666826,rdg_gene_only,0.04156147397852661,0.04156147397852661
worm_neuron_cell,3047,safe_rdg_calibrated_logistic_explore,0.3045966822152156,0.5131220053644091,0.537505972288581,,,,0.7803590207799823,False,,0.3045966822152156,0.5131220053644091,0.537505972288581,0.0,0.0,False,False,True,False,1.5,0.3045966822152156,pca_kmeans,0.0,0.0
worm_neuron_cell,3407,safe_rdg_calibrated_logistic_explore,0.1892287254206668,0.4998402193063002,0.5071667462971811,,,,0.7872938011503391,False,,0.18922872542066685,0.49984021930630024,0.5071667462971811,-5.551115123125783e-17,5.551115123125783e-17,False,False,True,False,6.0,0.25711884584253325,rdg_gene_only,0.0678901204218664,0.06789012042186646
