experiment_group,dataset,model_key,n_runs,n_scored,seeds,status_summary,acc_mean,acc_min,acc_max,nmi_mean,nmi_min,nmi_max,ari_mean,ari_min,ari_max,f1_macro_mean,f1_macro_min,f1_macro_max,macro_f1_mean,macro_f1_min,macro_f1_max,fmi_mean,fmi_min,fmi_max,v_measure_mean,v_measure_min,v_measure_max,homogeneity_mean,homogeneity_min,homogeneity_max,completeness_mean,completeness_min,completeness_max,silhouette_mean,silhouette_min,silhouette_max,n_pred_clusters_mean,n_pred_clusters_min,n_pred_clusters_max
canonical/formal_benchmark_20260607_08,Pollen,dec,3,3,2024;3407;42,success:3,0.7342192691029901,0.6611295681063123,0.7940199335548173,0.7617740387619402,0.7104231502730529,0.7886817629294286,0.6710078591416618,0.5455463094878872,0.7618117889790195,0.6706216812338132,0.6340656270548046,0.6896713742123725,0.6706216812338132,0.6340656270548046,0.6896713742123725,0.7137760016981057,0.6059894077885074,0.7879892903037049,0.7617740387619402,0.7104231502730531,0.7886817629294287,0.7489372474139756,0.6938902924712772,0.7871417737351665,0.7753512717606914,0.7277630720357555,0.8129959413759111,,,,,,
canonical/formal_benchmark_20260607_08,Pollen,leiden,3,3,2024;3407;42,success:3,0.627906976744186,0.627906976744186,0.627906976744186,0.6901298799636367,0.6893912317675892,0.6904992040616604,0.4573733312681316,0.4561234680086166,0.4579982628978891,0.38468473100804634,0.3846468737590074,0.3847604455061242,0.38468473100804634,0.3846468737590074,0.3847604455061242,0.5990322068500266,0.5981188424639852,0.5994888890430472,0.6901298799636368,0.6893912317675894,0.6904992040616604,0.5605790074056444,0.5598800295263612,0.5609284963452861,0.8975570663547295,0.8968502333965066,0.897910482833841,,,,,,
canonical/formal_benchmark_20260607_08,Pollen,louvain,3,3,2024;3407;42,success:3,0.627906976744186,0.627906976744186,0.627906976744186,0.691257900366763,0.6909951279258395,0.6913892865872246,0.45496332747070944,0.45407162934432577,0.4554091765339013,0.3849301766742564,0.38488497777715397,0.38502057446846133,0.3849301766742564,0.38488497777715397,0.38502057446846133,0.5975800382937585,0.5970323093607458,0.5978539027602647,0.691257900366763,0.6909951279258395,0.6913892865872246,0.5611808246414589,0.5608548567379955,0.5613438085931907,0.8998314493450232,0.8997790798853138,0.8998576340748781,,,,,,
canonical/formal_benchmark_20260607_08,Pollen,neighbormix_scmae,3,3,2024;3407;42,success:3,0.8881506090808416,0.8803986710963455,0.893687707641196,0.9268418861654867,0.9256227000364105,0.9280444230876792,0.9126790036104534,0.9096837857882644,0.9175564196565268,0.7636336875312031,0.7464440321583179,0.7777973837756446,0.7636336875312031,0.7464440321583179,0.7777973837756446,0.9230727089904261,0.9208308592477916,0.9271733520751226,0.9268418861654867,0.9256227000364105,0.9280444230876792,0.9117601432204246,0.9051490753394942,0.9165440535208348,0.9424838204332703,0.9379794359237212,0.9496349628510192,,,,11.0,11.0,11.0
canonical/formal_benchmark_20260607_08,Pollen,nm_scmae_nomix,3,3,2024;3407;42,success:3,0.8892580287929125,0.8770764119601329,0.9102990033222592,0.9275199521699408,0.9189663554222977,0.9431733868347528,0.9112045016223576,0.9009681076978678,0.9245773493167794,0.7527919658246206,0.7308505220269926,0.7670887106623784,0.7527919658246206,0.7308505220269926,0.7670887106623784,0.922061691773548,0.913107388002266,0.9343179762854388,0.9275199521699405,0.9189663554222977,0.9431733868347528,0.9085285020887991,0.8988614589442802,0.9192383067246094,0.9473892435121202,0.930741175074636,0.9683882301420986,,,,11.0,11.0,11.0
canonical/formal_benchmark_20260607_08,Pollen,sc3,3,3,2024;3407;42,success:3,0.0066445182724252485,0.0,0.009966777408637873,0.9523001351862997,0.9503659974295843,0.9532672040646575,0.9542458393616419,0.9519805986224644,0.9553784597312306,0.015810276679841896,0.0,0.023715415019762844,0.015810276679841896,0.0,0.023715415019762844,0.9592693140451751,0.9572509339964386,0.9602785040695434,0.9523001351862997,0.9503659974295843,0.9532672040646575,0.9556124856482887,0.9535429927734409,0.9566472320857126,0.9490106850251792,0.9472101018840808,0.9499109765957282,,,,,,
canonical/formal_benchmark_20260607_08,Pollen,scdcc,3,3,2024;3407;42,success:3,0.939091915836102,0.9368770764119602,0.9401993355481728,0.9549767364908578,0.9499133166245606,0.9599989478417691,0.9591611216618675,0.9565727626105985,0.9617053682155162,0.8911109325770378,0.8854972007464675,0.8965591966173363,0.8911109325770378,0.8854972007464675,0.8965591966173363,0.9636529319303518,0.961347279917343,0.9659199618601083,0.9549767364908579,0.9499133166245606,0.9599989478417693,0.9589285358459744,0.9538996213561589,0.9639837358085591,0.951057379966341,0.9459601904270243,0.9560469678325736,,,,,,
canonical/formal_benchmark_20260607_08,Pollen,scdsc,3,3,2024;3407;42,success:3,0.5813953488372093,0.5348837209302325,0.6179401993355482,0.614985690308558,0.5961971947134189,0.6315552196618495,0.442576373172023,0.39012162106743103,0.4903494055921492,0.3361714858246437,0.2634577299533311,0.4056194124735288,0.3361714858246437,0.2634577299533311,0.4056194124735288,0.5666511295895272,0.5413218893832054,0.5955601660140946,0.614985690308558,0.5961971947134189,0.6315552196618495,0.5163610584056696,0.4782763034053593,0.5526579435320799,0.7637032976521511,0.7367306594679258,0.7912937639221208,,,,,,
canonical/formal_benchmark_20260607_08,Pollen,scmae,3,3,2024;3407;42,success:3,0.8892580287929125,0.8770764119601329,0.9102990033222592,0.9275199521699408,0.9189663554222977,0.9431733868347528,0.9112045016223576,0.9009681076978678,0.9245773493167794,0.7527919658246206,0.7308505220269926,0.7670887106623784,0.7527919658246206,0.7308505220269926,0.7670887106623784,0.922061691773548,0.913107388002266,0.9343179762854388,0.9275199521699405,0.9189663554222977,0.9431733868347528,0.9085285020887991,0.8988614589442802,0.9192383067246094,0.9473892435121202,0.930741175074636,0.9683882301420986,,,,11.0,11.0,11.0
canonical/formal_benchmark_20260607_08,Quake_Smart-seq2_Lung,dec,3,3,2024;3407;42,success:3,0.6949085123309467,0.6628878281622912,0.7482100238663485,0.6391490813598221,0.6164157199230568,0.672193864711336,0.565821443861618,0.5221217275150254,0.6422320406218113,0.5697149869717764,0.5019836261938139,0.6459350151067924,0.5697149869717764,0.5019836261938139,0.6459350151067924,0.6733778163763806,0.6414576666154287,0.7261665441726515,0.6391490813598221,0.6164157199230568,0.672193864711336,0.6483570874119439,0.6198340485972635,0.6996601116349018,0.6306566308047747,0.6130348880041006,0.6468026208768122,,,,,,
canonical/formal_benchmark_20260607_08,Quake_Smart-seq2_Lung,leiden,3,3,2024;3407;42,success:3,0.6119729514717581,0.5960620525059666,0.619928400954654,0.6479330376912132,0.6464397177949633,0.6486796976393382,0.5054198806220455,0.49198817525049815,0.5121357333078191,0.45413313987705495,0.451464703136815,0.45947001335753473,0.45413313987705495,0.451464703136815,0.45947001335753473,0.617509502847209,0.6055075608298885,0.6235104738558692,0.6479330376912134,0.6464397177949635,0.6486796976393383,0.6942936609892735,0.6876580402092416,0.7075649025493371,0.6076006516089539,0.595035715277665,0.6138831197745983,,,,,,
canonical/formal_benchmark_20260607_08,Quake_Smart-seq2_Lung,louvain,3,3,2024;3407;42,success:3,0.6260938743038982,0.5704057279236276,0.6807875894988067,0.6456927117093927,0.623136749051937,0.6721215814394413,0.5133087116549602,0.4760895863211109,0.5652047378410177,0.44249044459431147,0.3923906026202842,0.4839717681679231,0.44249044459431147,0.3923906026202842,0.4839717681679231,0.62579784193088,0.5925301175864314,0.6736494766682624,0.6456927117093927,0.623136749051937,0.6721215814394413,0.6739287634017175,0.6663341660490366,0.6864258560407711,0.6210340492856344,0.5851991876548098,0.675245669412037,,,,,,
canonical/formal_benchmark_20260607_08,Quake_Smart-seq2_Lung,neighbormix_scmae,3,3,2024;3407;42,success:3,0.6815831344470963,0.6115751789976134,0.752983293556086,0.7715721487687087,0.731624641151736,0.8117530400162928,0.6338357022443712,0.5570675501331078,0.7318794093009326,0.6035091519826584,0.5074881327780124,0.7041361771034257,0.6035091519826584,0.5074881327780124,0.7041361771034257,0.7194529136211631,0.6583438903612372,0.7959228006393423,0.7715721487687087,0.731624641151736,0.8117530400162928,0.8253761259562987,0.7870416925450213,0.8511496464638074,0.7246292587337368,0.6834982721977343,0.7758421426928271,,,,11.0,11.0,11.0
canonical/formal_benchmark_20260607_08,Quake_Smart-seq2_Lung,nm_scmae_nomix,3,3,2024;3407;42,success:3,0.6354415274463007,0.6062052505966588,0.668854415274463,0.7671067090395299,0.76130606909004,0.77140154022512,0.5933590896137023,0.5762664895820648,0.6079699296307937,0.5413702793317104,0.5068203148176723,0.6060548981758461,0.5413702793317104,0.5068203148176723,0.6060548981758461,0.6888859296638709,0.6752204270816711,0.7005725228020785,0.7671067090395299,0.7613060690900397,0.77140154022512,0.8325610089310632,0.8289405756128003,0.839225534979317,0.7112120331176102,0.7038757865385311,0.71603978371652,,,,11.0,11.0,11.0
canonical/formal_benchmark_20260607_08,Quake_Smart-seq2_Lung,sc3,3,3,2024;3407;42,success:3,0.11853619729514718,0.07935560859188544,0.14439140811455847,0.7736243610666497,0.7731452100033153,0.7741366366963485,0.6106976923403883,0.6071290540746459,0.6125316047722928,0.058036397055539646,0.04493605254061528,0.07298626993913497,0.058036397055539646,0.04493605254061528,0.07298626993913497,0.7047304695616643,0.7019711301812078,0.7061551324267604,0.7736243610666497,0.7731452100033154,0.7741366366963487,0.8502960551600108,0.8494378636183921,0.8508073453492907,0.7096362897782572,0.7092246465698119,0.710256583483214,,,,,,
canonical/formal_benchmark_20260607_08,Quake_Smart-seq2_Lung,scdcc,3,3,2024;3407;42,success:3,0.6640811455847255,0.6342482100238663,0.6992840095465394,0.7693249541483088,0.7461532574027353,0.8088044006734372,0.6458924702919465,0.5741941818659045,0.7486262842171962,0.5735196423783089,0.5630939170691425,0.5854893278182114,0.5735196423783089,0.5630939170691425,0.5854893278182114,0.7309647639873358,0.6774005622820785,0.809826159656486,0.7693249541483088,0.7461532574027353,0.8088044006734372,0.8342923486745638,0.8188007756856773,0.8532041145204615,0.7143090887035841,0.6771123010460949,0.7687971248428215,,,,,,
canonical/formal_benchmark_20260607_08,Quake_Smart-seq2_Lung,scdsc,3,3,2024;3407;42,success:3,0.7225536992840095,0.6587112171837709,0.7905727923627685,0.6603448582970293,0.5866115577923439,0.7042202501856044,0.6434370414874263,0.515314707443392,0.718952472613355,0.4785799696986854,0.4293086995748188,0.5080973472643074,0.4785799696986854,0.4293086995748188,0.5080973472643074,0.7520693134964622,0.6722016158564393,0.7927470908009628,0.6603448582970294,0.586611557792344,0.7042202501856045,0.6074421608622832,0.5302898195686642,0.660684938612666,0.7249680653201115,0.6563187467304898,0.7961039300918359,,,,,,
canonical/formal_benchmark_20260607_08,Quake_Smart-seq2_Lung,scmae,3,3,2024;3407;42,success:3,0.6354415274463007,0.6062052505966588,0.668854415274463,0.7671067090395299,0.76130606909004,0.77140154022512,0.5933590896137023,0.5762664895820648,0.6079699296307937,0.5413702793317104,0.5068203148176723,0.6060548981758461,0.5413702793317104,0.5068203148176723,0.6060548981758461,0.6888859296638709,0.6752204270816711,0.7005725228020785,0.7671067090395299,0.7613060690900397,0.77140154022512,0.8325610089310632,0.8289405756128003,0.839225534979317,0.7112120331176102,0.7038757865385311,0.71603978371652,,,,11.0,11.0,11.0
canonical/formal_benchmark_20260607_08,SRP171040,dec,1,1,42,success:1,0.4676640358110496,0.4676640358110496,0.4676640358110496,0.47005370496888527,0.47005370496888527,0.47005370496888527,0.2905034269877988,0.2905034269877988,0.2905034269877988,0.3256011201872224,0.3256011201872224,0.3256011201872224,0.3256011201872224,0.3256011201872224,0.3256011201872224,0.4259217068158387,0.4259217068158387,0.4259217068158387,0.47005370496888527,0.47005370496888527,0.47005370496888527,0.41146743562025995,0.41146743562025995,0.41146743562025995,0.5480932706917784,0.5480932706917784,0.5480932706917784,,,,,,
canonical/formal_benchmark_20260607_08,SRP171040,leiden,1,1,42,success:1,0.6899222523265403,0.6899222523265403,0.6899222523265403,0.6763631389152958,0.6763631389152958,0.6763631389152958,0.5831596295450439,0.5831596295450439,0.5831596295450439,0.4678696586838283,0.4678696586838283,0.4678696586838283,0.4678696586838283,0.4678696586838283,0.4678696586838283,0.6476051735053424,0.6476051735053424,0.6476051735053424,0.6763631389152958,0.6763631389152958,0.6763631389152958,0.6233578354589995,0.6233578354589995,0.6233578354589995,0.7392204620851847,0.7392204620851847,0.7392204620851847,,,,,,
canonical/formal_benchmark_20260607_08,SRP171040,louvain,1,1,42,success:1,0.6770526563788432,0.6770526563788432,0.6770526563788432,0.6477258354985846,0.6477258354985846,0.6477258354985846,0.5224658678472514,0.5224658678472514,0.5224658678472514,0.4537734465830914,0.4537734465830914,0.4537734465830914,0.4537734465830914,0.4537734465830914,0.4537734465830914,0.6077842032675874,0.6077842032675874,0.6077842032675874,0.6477258354985846,0.6477258354985846,0.6477258354985846,0.5772899511657977,0.5772899511657977,0.5772899511657977,0.7377382177876411,0.7377382177876411,0.7377382177876411,,,,,,
canonical/formal_benchmark_20260607_08,SRP171040,neighbormix_scmae,1,1,42,success:1,0.6301095535398751,0.6301095535398751,0.6301095535398751,0.6882690525855558,0.6882690525855558,0.6882690525855558,0.5207634533336177,0.5207634533336177,0.5207634533336177,0.5471265029492176,0.5471265029492176,0.5471265029492176,0.5471265029492176,0.5471265029492176,0.5471265029492176,0.5784618700203816,0.5784618700203816,0.5784618700203816,0.6882690525855557,0.6882690525855557,0.6882690525855557,0.6855329169483843,0.6855329169483843,0.6855329169483843,0.6910271169676478,0.6910271169676478,0.6910271169676478,,,,12.0,12.0,12.0
canonical/formal_benchmark_20260607_08,SRP171040,nm_scmae_nomix,1,1,42,success:1,0.6787607492048533,0.6787607492048533,0.6787607492048533,0.6930726592273009,0.6930726592273009,0.6930726592273009,0.5541372703664404,0.5541372703664404,0.5541372703664404,0.5434923461215807,0.5434923461215807,0.5434923461215807,0.5434923461215807,0.5434923461215807,0.5434923461215807,0.6139262539724248,0.6139262539724248,0.6139262539724248,0.6930726592273009,0.6930726592273009,0.6930726592273009,0.6736825998913016,0.6736825998913016,0.6736825998913016,0.7136119733010494,0.7136119733010494,0.7136119733010494,,,,12.0,12.0,12.0
canonical/formal_benchmark_20260607_08,SRP171040,sc3,1,1,42,success:1,0.2445812227588644,0.2445812227588644,0.2445812227588644,0.6682198311446361,0.6682198311446361,0.6682198311446361,0.4692717900127006,0.4692717900127006,0.4692717900127006,0.052617595805306366,0.052617595805306366,0.052617595805306366,0.052617595805306366,0.052617595805306366,0.052617595805306366,0.5291080583264534,0.5291080583264534,0.5291080583264534,0.6682198311446361,0.6682198311446361,0.6682198311446361,0.6747688117262879,0.6747688117262879,0.6747688117262879,0.6617967511255209,0.6617967511255209,0.6617967511255209,,,,,,
canonical/formal_benchmark_20260607_08,SRP171040,scdcc,1,1,42,success:1,0.52721168571092,0.52721168571092,0.52721168571092,0.6236979523129823,0.6236979523129823,0.6236979523129823,0.4238944347493868,0.4238944347493868,0.4238944347493868,0.4814612391151027,0.4814612391151027,0.4814612391151027,0.4814612391151027,0.4814612391151027,0.4814612391151027,0.4868762618043665,0.4868762618043665,0.4868762618043665,0.6236979523129824,0.6236979523129824,0.6236979523129824,0.6349368496095972,0.6349368496095972,0.6349368496095972,0.6128500099943239,0.6128500099943239,0.6128500099943239,,,,,,
canonical/formal_benchmark_20260607_08,SRP171040,scdsc,1,0,42,failed:1,,,,,,,,,,,,,,,,,,,,,,,,,,,,,,,,,
canonical/formal_benchmark_20260607_08,SRP171040,scmae,1,1,42,success:1,0.6787607492048533,0.6787607492048533,0.6787607492048533,0.6930726592273009,0.6930726592273009,0.6930726592273009,0.5541372703664404,0.5541372703664404,0.5541372703664404,0.5434923461215807,0.5434923461215807,0.5434923461215807,0.5434923461215807,0.5434923461215807,0.5434923461215807,0.6139262539724248,0.6139262539724248,0.6139262539724248,0.6930726592273009,0.6930726592273009,0.6930726592273009,0.6736825998913016,0.6736825998913016,0.6736825998913016,0.7136119733010494,0.7136119733010494,0.7136119733010494,,,,12.0,12.0,12.0
canonical/formal_benchmark_20260607_08,SRP182008,dec,1,1,42,success:1,0.41268314340683737,0.41268314340683737,0.41268314340683737,0.4278648210493571,0.4278648210493571,0.4278648210493571,0.2822844970103361,0.2822844970103361,0.2822844970103361,0.24780671269519253,0.24780671269519253,0.24780671269519253,0.24780671269519253,0.24780671269519253,0.24780671269519253,0.3811747902822854,0.3811747902822854,0.3811747902822854,0.4278648210493571,0.4278648210493571,0.4278648210493571,0.3847019958400311,0.3847019958400311,0.3847019958400311,0.48193725569885615,0.48193725569885615,0.48193725569885615,,,,,,
canonical/formal_benchmark_20260607_08,SRP182008,leiden,1,1,42,success:1,0.6122539588574811,0.6122539588574811,0.6122539588574811,0.609219405132132,0.609219405132132,0.609219405132132,0.4170967291426764,0.4170967291426764,0.4170967291426764,0.6579466662800452,0.6579466662800452,0.6579466662800452,0.6579466662800452,0.6579466662800452,0.6579466662800452,0.4784570830885207,0.4784570830885207,0.4784570830885207,0.609219405132132,0.609219405132132,0.609219405132132,0.602002462666805,0.602002462666805,0.602002462666805,0.6166114838668498,0.6166114838668498,0.6166114838668498,,,,,,
canonical/formal_benchmark_20260607_08,SRP182008,louvain,1,1,42,success:1,0.5418824922302797,0.5418824922302797,0.5418824922302797,0.5625394773767334,0.5625394773767334,0.5625394773767334,0.2499521952625276,0.2499521952625276,0.2499521952625276,0.5701802740648378,0.5701802740648378,0.5701802740648378,0.5701802740648378,0.5701802740648378,0.5701802740648378,0.37275028787946674,0.37275028787946674,0.37275028787946674,0.5625394773767333,0.5625394773767333,0.5625394773767333,0.523031972150646,0.523031972150646,0.523031972150646,0.6085030901049581,0.6085030901049581,0.6085030901049581,,,,,,
canonical/formal_benchmark_20260607_08,SRP182008,neighbormix_scmae,1,1,42,success:1,0.5812490750332988,0.5812490750332988,0.5812490750332988,0.6163322139926459,0.6163322139926459,0.6163322139926459,0.423439700746849,0.423439700746849,0.423439700746849,0.4748342575499294,0.4748342575499294,0.4748342575499294,0.4748342575499294,0.4748342575499294,0.4748342575499294,0.5231084092639198,0.5231084092639198,0.5231084092639198,0.6163322139926459,0.6163322139926459,0.6163322139926459,0.5689495648265049,0.5689495648265049,0.5689495648265049,0.6723239807028283,0.6723239807028283,0.6723239807028283,,,,15.0,15.0,15.0
canonical/formal_benchmark_20260607_08,SRP182008,nm_scmae_nomix,1,1,42,success:1,0.5766612401953529,0.5766612401953529,0.5766612401953529,0.5946949777321986,0.5946949777321986,0.5946949777321986,0.3689650416644994,0.3689650416644994,0.3689650416644994,0.4784052318131277,0.4784052318131277,0.4784052318131277,0.4784052318131277,0.4784052318131277,0.4784052318131277,0.4627666483783463,0.4627666483783463,0.4627666483783463,0.5946949777321986,0.5946949777321986,0.5946949777321986,0.5484732462338304,0.5484732462338304,0.5484732462338304,0.6494241936284286,0.6494241936284286,0.6494241936284286,,,,15.0,15.0,15.0
canonical/formal_benchmark_20260607_08,SRP182008,sc3,1,1,42,success:1,0.15791031522865176,0.15791031522865176,0.15791031522865176,0.6258325866868395,0.6258325866868395,0.6258325866868395,0.4262616823848017,0.4262616823848017,0.4262616823848017,0.06313130675914015,0.06313130675914015,0.06313130675914015,0.06313130675914015,0.06313130675914015,0.06313130675914015,0.48760759781674673,0.48760759781674673,0.48760759781674673,0.6258325866868394,0.6258325866868394,0.6258325866868394,0.616270680303582,0.616270680303582,0.616270680303582,0.6356958899102692,0.6356958899102692,0.6356958899102692,,,,,,
canonical/formal_benchmark_20260607_08,SRP182008,scdcc,1,1,42,success:1,0.6869912683143407,0.6869912683143407,0.6869912683143407,0.6766764301971495,0.6766764301971495,0.6766764301971495,0.5656280743386937,0.5656280743386937,0.5656280743386937,0.6212894646298953,0.6212894646298953,0.6212894646298953,0.6212894646298953,0.6212894646298953,0.6212894646298953,0.6072592863463798,0.6072592863463798,0.6072592863463798,0.6766764301971494,0.6766764301971494,0.6766764301971494,0.6822696237277044,0.6822696237277044,0.6822696237277044,0.6711741961227109,0.6711741961227109,0.6711741961227109,,,,,,
canonical/formal_benchmark_20260607_08,SRP182008,scdsc,1,0,42,failed:1,,,,,,,,,,,,,,,,,,,,,,,,,,,,,,,,,
canonical/formal_benchmark_20260607_08,SRP182008,scmae,1,1,42,success:1,0.5766612401953529,0.5766612401953529,0.5766612401953529,0.5946949777321986,0.5946949777321986,0.5946949777321986,0.3689650416644994,0.3689650416644994,0.3689650416644994,0.4784052318131277,0.4784052318131277,0.4784052318131277,0.4784052318131277,0.4784052318131277,0.4784052318131277,0.4627666483783463,0.4627666483783463,0.4627666483783463,0.5946949777321986,0.5946949777321986,0.5946949777321986,0.5484732462338304,0.5484732462338304,0.5484732462338304,0.6494241936284286,0.6494241936284286,0.6494241936284286,,,,15.0,15.0,15.0
canonical/formal_benchmark_20260607_08,SRP235541,dec,1,1,42,success:1,0.3580833153464278,0.3580833153464278,0.3580833153464278,0.41387032893607417,0.41387032893607417,0.41387032893607417,0.2295433988166513,0.2295433988166513,0.2295433988166513,0.23322907445449065,0.23322907445449065,0.23322907445449065,0.23322907445449065,0.23322907445449065,0.23322907445449065,0.35216505464057174,0.35216505464057174,0.35216505464057174,0.4138703289360742,0.4138703289360742,0.4138703289360742,0.3470595588931752,0.3470595588931752,0.3470595588931752,0.5125362160842954,0.5125362160842954,0.5125362160842954,,,,,,
canonical/formal_benchmark_20260607_08,SRP235541,leiden,1,1,42,success:1,0.6567378948125765,0.6567378948125765,0.6567378948125765,0.673938140161645,0.673938140161645,0.673938140161645,0.5356867470280045,0.5356867470280045,0.5356867470280045,0.6355785142059732,0.6355785142059732,0.6355785142059732,0.6355785142059732,0.6355785142059732,0.6355785142059732,0.5730367286591064,0.5730367286591064,0.5730367286591064,0.6739381401616449,0.6739381401616449,0.6739381401616449,0.6629943156928491,0.6629943156928491,0.6629943156928491,0.6852493205196419,0.6852493205196419,0.6852493205196419,,,,,,
canonical/formal_benchmark_20260607_08,SRP235541,louvain,1,1,42,success:1,0.48021440391395065,0.48021440391395065,0.48021440391395065,0.4984171886814374,0.4984171886814374,0.4984171886814374,0.1705769674438836,0.1705769674438836,0.1705769674438836,0.49724561705292075,0.49724561705292075,0.49724561705292075,0.49724561705292075,0.49724561705292075,0.49724561705292075,0.32005601293314573,0.32005601293314573,0.32005601293314573,0.49841718868143736,0.49841718868143736,0.49841718868143736,0.43220369952216214,0.43220369952216214,0.43220369952216214,0.5885888385920531,0.5885888385920531,0.5885888385920531,,,,,,
canonical/formal_benchmark_20260607_08,SRP235541,neighbormix_scmae,1,1,42,success:1,0.5655083099503562,0.5655083099503562,0.5655083099503562,0.6520129285553359,0.6520129285553359,0.6520129285553359,0.3883695789187143,0.3883695789187143,0.3883695789187143,0.5367222268850493,0.5367222268850493,0.5367222268850493,0.5367222268850493,0.5367222268850493,0.5367222268850493,0.4579710866654186,0.4579710866654186,0.4579710866654186,0.652012928555336,0.652012928555336,0.652012928555336,0.6157967443864809,0.6157967443864809,0.6157967443864809,0.6927551858390655,0.6927551858390655,0.6927551858390655,,,,18.0,18.0,18.0
canonical/formal_benchmark_20260607_08,SRP235541,nm_scmae_nomix,1,1,42,success:1,0.5570904381610188,0.5570904381610188,0.5570904381610188,0.6561452082515004,0.6561452082515004,0.6561452082515004,0.3866147269786033,0.3866147269786033,0.3866147269786033,0.5429853807985282,0.5429853807985282,0.5429853807985282,0.5429853807985282,0.5429853807985282,0.5429853807985282,0.4521382030227303,0.4521382030227303,0.4521382030227303,0.6561452082515004,0.6561452082515004,0.6561452082515004,0.6271364066723034,0.6271364066723034,0.6271364066723034,0.6879678260194024,0.6879678260194024,0.6879678260194024,,,,18.0,18.0,18.0
canonical/formal_benchmark_20260607_08,SRP235541,sc3,1,1,42,success:1,0.14590977768184762,0.14590977768184762,0.14590977768184762,0.6372159425576492,0.6372159425576492,0.6372159425576492,0.3729320539620373,0.3729320539620373,0.3729320539620373,0.04952705085064028,0.04952705085064028,0.04952705085064028,0.04952705085064028,0.04952705085064028,0.04952705085064028,0.43311314575003096,0.43311314575003096,0.43311314575003096,0.6372159425576492,0.6372159425576492,0.6372159425576492,0.6187879068416714,0.6187879068416714,0.6187879068416714,0.6567752747399036,0.6567752747399036,0.6567752747399036,,,,,,
canonical/formal_benchmark_20260607_08,SRP235541,scdcc,1,1,42,success:1,0.5666954457155191,0.5666954457155191,0.5666954457155191,0.6152752261654508,0.6152752261654508,0.6152752261654508,0.3969576249489541,0.3969576249489541,0.3969576249489541,0.5182792204670805,0.5182792204670805,0.5182792204670805,0.5182792204670805,0.5182792204670805,0.5182792204670805,0.4487993509436764,0.4487993509436764,0.4487993509436764,0.6152752261654508,0.6152752261654508,0.6152752261654508,0.6036093545034196,0.6036093545034196,0.6036093545034196,0.6274009138929677,0.6274009138929677,0.6274009138929677,,,,,,
canonical/formal_benchmark_20260607_08,SRP235541,scdsc,1,0,42,failed:1,,,,,,,,,,,,,,,,,,,,,,,,,,,,,,,,,
canonical/formal_benchmark_20260607_08,SRP235541,scmae,1,1,42,success:1,0.5570904381610188,0.5570904381610188,0.5570904381610188,0.6561452082515004,0.6561452082515004,0.6561452082515004,0.3866147269786033,0.3866147269786033,0.3866147269786033,0.5429853807985282,0.5429853807985282,0.5429853807985282,0.5429853807985282,0.5429853807985282,0.5429853807985282,0.4521382030227303,0.4521382030227303,0.4521382030227303,0.6561452082515004,0.6561452082515004,0.6561452082515004,0.6271364066723034,0.6271364066723034,0.6271364066723034,0.6879678260194024,0.6879678260194024,0.6879678260194024,,,,18.0,18.0,18.0
canonical/formal_benchmark_20260607_08,Wang,dec,3,3,2024;3407;42,success:3,0.7670623664950801,0.7655215884021431,0.7681479146969219,0.008899321532502091,0.005968656884187346,0.010608141282590982,-0.01667517440121791,-0.017087030155163843,-0.01628010827687871,0.43525393643086274,0.4342347696879643,0.43709058306609383,0.43525393643086274,0.4342347696879643,0.43709058306609383,0.7958656994164081,0.7937169815479689,0.7972838562552577,0.008899321532502093,0.005968656884187346,0.010608141282590983,0.005041706917886056,0.003455690237523049,0.0059853786792786225,0.038204117469642064,0.021878978659081113,0.04659694229320652,,,,,,
canonical/formal_benchmark_20260607_08,Wang,leiden,3,3,2024;3407;42,success:3,0.4959904751899709,0.445950204853451,0.5216934551948734,0.1403434365869733,0.13695105726465975,0.1464334984812314,-0.057534011594191053,-0.07694368038163647,-0.019425189081032947,0.3338285374959374,0.3160061506467008,0.3430352539443458,0.3338285374959374,0.3160061506467008,0.3430352539443458,0.6028708254152826,0.5923946070383469,0.6083462824709711,0.1403434365869733,0.13695105726465975,0.1464334984812314,0.14972921033764386,0.14278517561529983,0.1627057236380102,0.13225963455390358,0.1315749808818018,0.13312013293074412,,,,,,
canonical/formal_benchmark_20260607_08,Wang,louvain,3,3,2024;3407;42,success:3,0.7651714115628393,0.7618447315894527,0.7718247715096124,0.011283368696980926,0.007204391537925265,0.013322857276508757,-0.019669304899130935,-0.023766288292920986,-0.01147533811155083,0.4337672049768135,0.43284575588215374,0.435610103166133,0.4337672049768135,0.43284575588215374,0.435610103166133,0.7940068921147331,0.7903551253421436,0.801310425659912,0.011283368696980926,0.007204391537925264,0.013322857276508757,0.006527653009938807,0.003930656835845542,0.007826151096985439,0.044209236234795356,0.04310707371712417,0.04476031749363095,,,,,,
canonical/formal_benchmark_20260607_08,Wang,neighbormix_scmae,3,3,2024;3407;42,success:3,0.9917358265924293,0.9909654375459608,0.9922260741674546,0.9123207804391716,0.9054421855492436,0.9166939241830668,0.9635944433110523,0.96025930224512,0.9657215093286872,0.9879284769735305,0.9868233849353604,0.988634609352714,0.9879284769735305,0.9868233849353604,0.988634609352714,0.9875379375010714,0.9863745028109918,0.9882768189575244,0.9123207804391714,0.9054421855492434,0.9166939241830668,0.9107744011525648,0.9049843798879332,0.9146011261271496,0.9138737073331296,0.9059004546265096,0.9187963217211323,,,,2.0,2.0,2.0
canonical/formal_benchmark_20260607_08,Wang,nm_scmae_nomix,3,3,2024;3407;42,success:3,0.9920159680638722,0.9917008089084988,0.9922260741674546,0.9146522069930615,0.9117960908948776,0.9165061441222088,0.964826321531307,0.963469918741496,0.9657384766968976,0.988343776681595,0.9878979791341804,0.9886463656042868,0.988343776681595,0.9878979791341804,0.9886463656042868,0.9879529747359385,0.9874731206204364,0.9882697695511202,0.9146522069930615,0.9117960908948772,0.9165061441222088,0.9134924307472563,0.9114504107682748,0.915113253188787,0.9158157009051021,0.9121420333288656,0.9179032817491104,,,,2.0,2.0,2.0
canonical/formal_benchmark_20260607_08,Wang,sc3,3,3,2024;3407;42,success:3,0.990440172287005,0.990440172287005,0.990440172287005,0.9056906346530162,0.9056906346530162,0.9056906346530162,0.9581848289115297,0.9581848289115297,0.9581848289115297,0.009521776693152958,0.009521776693152958,0.009521776693152958,0.009521776693152958,0.009521776693152958,0.009521776693152958,0.9855225780756808,0.9855225780756808,0.9855225780756808,0.9056906346530166,0.9056906346530165,0.9056906346530165,0.9123429601146115,0.9123429601146115,0.9123429601146115,0.8991346174853626,0.8991346174853626,0.8991346174853626,,,,,,
canonical/formal_benchmark_20260607_08,Wang,scdcc,3,3,2024;3407;42,success:3,0.9210701404209125,0.9186889379136464,0.9234163252442483,0.6212157056560487,0.6152822072481522,0.6285707656409422,0.6935741792035457,0.6855444455746924,0.7015520216477584,0.897231143972404,0.8944585369375482,0.9000037682219288,0.897231143972404,0.8944585369375482,0.9000037682219288,0.8842078059028523,0.8808651658779373,0.8874939348425029,0.6212157056560487,0.6152822072481522,0.628570765640942,0.6700260223727871,0.6648894588232701,0.6768408558006703,0.5790359953547486,0.5725633832137711,0.5867272826563193,,,,,,
canonical/formal_benchmark_20260607_08,Wang,scdsc,3,0,2024;3407;42,failed:3,,,,,,,,,,,,,,,,,,,,,,,,,,,,,,,,,
canonical/formal_benchmark_20260607_08,Wang,scmae,3,3,2024;3407;42,success:3,0.9920159680638722,0.9917008089084988,0.9922260741674546,0.9146522069930615,0.9117960908948776,0.9165061441222088,0.964826321531307,0.963469918741496,0.9657384766968976,0.988343776681595,0.9878979791341804,0.9886463656042868,0.988343776681595,0.9878979791341804,0.9886463656042868,0.9879529747359385,0.9874731206204364,0.9882697695511202,0.9146522069930615,0.9117960908948772,0.9165061441222088,0.9134924307472563,0.9114504107682748,0.915113253188787,0.9158157009051021,0.9121420333288656,0.9179032817491104,,,,2.0,2.0,2.0
canonical/formal_benchmark_20260607_08,hrvatin_geo_maintype_counts,dec,1,1,42,success:1,0.9174574234450752,0.9174574234450752,0.9174574234450752,0.8439728962530737,0.8439728962530737,0.8439728962530737,0.8533789953435962,0.8533789953435962,0.8533789953435962,0.7579934935871573,0.7579934935871573,0.7579934935871573,0.7579934935871573,0.7579934935871573,0.7579934935871573,0.8843289266257727,0.8843289266257727,0.8843289266257727,0.8439728962530735,0.8439728962530735,0.8439728962530735,0.8395589877217571,0.8395589877217571,0.8395589877217571,0.8484334615605799,0.8484334615605799,0.8484334615605799,,,,,,
canonical/formal_benchmark_20260607_08,hrvatin_geo_maintype_counts,leiden,1,1,42,success:1,0.45342477106037377,0.45342477106037377,0.45342477106037377,0.32317824280604807,0.32317824280604807,0.32317824280604807,0.17368735558726558,0.17368735558726558,0.17368735558726558,0.2831049128555976,0.2831049128555976,0.2831049128555976,0.2831049128555976,0.2831049128555976,0.2831049128555976,0.35435180587165754,0.35435180587165754,0.35435180587165754,0.32317824280604807,0.32317824280604807,0.32317824280604807,0.32448978439528026,0.32448978439528026,0.32448978439528026,0.3218772606664135,0.3218772606664135,0.3218772606664135,,,,,,
canonical/formal_benchmark_20260607_08,hrvatin_geo_maintype_counts,louvain,1,1,42,success:1,0.15615547176065966,0.15615547176065966,0.15615547176065966,0.011599808872507578,0.011599808872507578,0.011599808872507578,-0.0030239469285669087,-0.0030239469285669087,-0.0030239469285669087,0.04372814093918002,0.04372814093918002,0.04372814093918002,0.04372814093918002,0.04372814093918002,0.04372814093918002,0.44241191587503,0.44241191587503,0.44241191587503,0.011599808872507576,0.011599808872507576,0.011599808872507576,0.006295751157487257,0.006295751157487257,0.006295751157487257,0.073641215125969,0.073641215125969,0.073641215125969,,,,,,
canonical/formal_benchmark_20260607_08,hrvatin_geo_maintype_counts,neighbormix_scmae,1,1,42,success:1,0.927713089959806,0.927713089959806,0.927713089959806,0.940907608733028,0.940907608733028,0.940907608733028,0.909942390256022,0.909942390256022,0.909942390256022,0.8534514440508971,0.8534514440508971,0.8534514440508971,0.8534514440508971,0.8534514440508971,0.8534514440508971,0.9285052033300616,0.9285052033300616,0.9285052033300616,0.940907608733028,0.940907608733028,0.940907608733028,0.9536504136160012,0.9536504136160012,0.9536504136160012,0.9285008556210675,0.9285008556210675,0.9285008556210675,,,,8.0,8.0,8.0
canonical/formal_benchmark_20260607_08,hrvatin_geo_maintype_counts,nm_scmae_nomix,1,1,42,success:1,0.890689097915717,0.890689097915717,0.890689097915717,0.9079708384510564,0.9079708384510564,0.9079708384510564,0.8727070863811273,0.8727070863811273,0.8727070863811273,0.7150198619644821,0.7150198619644821,0.7150198619644821,0.7150198619644821,0.7150198619644821,0.7150198619644821,0.8988248029285079,0.8988248029285079,0.8988248029285079,0.9079708384510566,0.9079708384510566,0.9079708384510566,0.9289804886847792,0.9289804886847792,0.9289804886847792,0.8878904723958956,0.8878904723958956,0.8878904723958956,,,,8.0,8.0,8.0
canonical/formal_benchmark_20260607_08,hrvatin_geo_maintype_counts,sc3,1,1,42,success:1,0.042535117888368626,0.042535117888368626,0.042535117888368626,0.8802630371164308,0.8802630371164308,0.8802630371164308,0.8421167579800448,0.8421167579800448,0.8421167579800448,0.011778864156010623,0.011778864156010623,0.011778864156010623,0.011778864156010623,0.011778864156010623,0.011778864156010623,0.8746617238841069,0.8746617238841069,0.8746617238841069,0.8802630371164308,0.8802630371164308,0.8802630371164308,0.898244038543891,0.898244038543891,0.898244038543891,0.8629877933319715,0.8629877933319715,0.8629877933319715,,,,,,
canonical/formal_benchmark_20260607_08,hrvatin_geo_maintype_counts,scdcc,1,1,42,success:1,0.8649359797787263,0.8649359797787263,0.8649359797787263,0.8617524677662294,0.8617524677662294,0.8617524677662294,0.8530626072928215,0.8530626072928215,0.8530626072928215,0.6897498193479517,0.6897498193479517,0.6897498193479517,0.6897498193479517,0.6897498193479517,0.6897498193479517,0.884510644225683,0.884510644225683,0.884510644225683,0.8617524677662295,0.8617524677662295,0.8617524677662295,0.9120536626350711,0.9120536626350711,0.9120536626350711,0.8167096454935335,0.8167096454935335,0.8167096454935335,,,,,,
canonical/formal_benchmark_20260607_08,hrvatin_geo_maintype_counts,scdsc,1,0,42,failed:1,,,,,,,,,,,,,,,,,,,,,,,,,,,,,,,,,
canonical/formal_benchmark_20260607_08,hrvatin_geo_maintype_counts,scmae,1,1,42,success:1,0.890689097915717,0.890689097915717,0.890689097915717,0.9079708384510564,0.9079708384510564,0.9079708384510564,0.8727070863811273,0.8727070863811273,0.8727070863811273,0.7150198619644821,0.7150198619644821,0.7150198619644821,0.7150198619644821,0.7150198619644821,0.7150198619644821,0.8988248029285079,0.8988248029285079,0.8988248029285079,0.9079708384510566,0.9079708384510566,0.9079708384510566,0.9289804886847792,0.9289804886847792,0.9289804886847792,0.8878904723958956,0.8878904723958956,0.8878904723958956,,,,8.0,8.0,8.0
canonical/scmae_11datasets_20260609_12,Bach,dec,3,3,2024;3407;42,success:3,0.709785484242006,0.6747757073844031,0.7533643892339544,0.6847146938190539,0.6362893820863474,0.7172464461353815,0.6140921406587005,0.5359440744350823,0.689963758488994,0.42786741445376136,0.40709766435846484,0.4528283372379421,0.42786741445376136,0.40709766435846484,0.4528283372379421,0.7091416226495189,0.6565209244736746,0.7657312430307055,0.6847146938190539,0.6362893820863476,0.7172464461353815,0.6348077499071468,0.5775096304113807,0.6692435429887206,0.743534266011971,0.7083903606603201,0.7726676621312903,,,,,,
canonical/scmae_11datasets_20260609_12,Bach,desc,3,3,2024;3407;42,success:3,0.5507821486082355,0.5015527950310559,0.622627674258109,0.6442497107712751,0.6258762787667481,0.6760604441124947,0.4547696873175742,0.40476707159749725,0.5529342894490594,0.44164634843918105,0.42555985939924257,0.4680413931277461,0.44164634843918105,0.42555985939924257,0.4680413931277461,0.5639364934370734,0.5203708248209872,0.6419885154081091,0.6442497107712752,0.6258762787667481,0.6760604441124947,0.6767261408456697,0.6503626781137363,0.710450326677021,0.6149809430535128,0.58769342615754,0.644846179641965,,,,,,
canonical/scmae_11datasets_20260609_12,Bach,leiden,3,3,2024;3407;42,success:3,0.833620887968714,0.8163819875776398,0.8424344375431332,0.7302265403133075,0.7283457367514642,0.7336251065662074,0.718750714134408,0.718270965154205,0.719229198407624,0.5142880989288062,0.44857390211889026,0.5472666551153877,0.5142880989288062,0.44857390211889026,0.5472666551153877,0.7856240992596929,0.7794061449920138,0.7972905017502965,0.7302265403133075,0.7283457367514643,0.7336251065662073,0.6835541469173577,0.6492708311047833,0.7008473667826616,0.7868311251413123,0.7584450571507798,0.8431712221942489,,,,,,
canonical/scmae_11datasets_20260609_12,Bach,louvain,3,3,2024;3407;42,success:3,0.8340378421900162,0.8160369220151829,0.843944099378882,0.7255513849856067,0.7230902560726336,0.7273384255981163,0.7156846477669475,0.7118837635112905,0.7180195118613463,0.5160216429089105,0.45340705296322675,0.5477836294216157,0.5160216429089105,0.45340705296322675,0.5477836294216157,0.7837828958487689,0.7786830681602018,0.7929038308242277,0.7255513849856067,0.7230902560726337,0.7273384255981162,0.6786244225760826,0.6437290732861405,0.6979135436274893,0.7818215403984796,0.7569315589450858,0.824770913227859,,,,,,
canonical/scmae_11datasets_20260609_12,Bach,neighbormix_scmae,3,3,2024;3407;42,success:3,0.8386530940878768,0.8069789510006902,0.857487922705314,0.8497593980927193,0.8355835631000466,0.8618438726006021,0.85060716399501,0.8364132246615366,0.8639128396286818,0.7240645286506516,0.6444819407945452,0.7752653567707568,0.7240645286506516,0.6444819407945452,0.7752653567707568,0.8820302190107551,0.8707306798970336,0.8925724041977486,0.8497593980927193,0.8355835631000466,0.8618438726006021,0.8707550138304719,0.8598159478316292,0.8790401955802776,0.8297727647681025,0.8126796316852116,0.8453074502563002,,,,8.0,8.0,8.0
canonical/scmae_11datasets_20260609_12,Bach,nm_scmae_nomix,3,3,2024;3407;42,success:3,0.8596302047389003,0.822463768115942,0.9105417529330572,0.8555384764369109,0.8430073155690028,0.8780993679886564,0.8754472707485634,0.8469575586757716,0.9231887686193588,0.7162990183011623,0.6941642715034708,0.7351711628683668,0.7162990183011623,0.6941642715034708,0.7351711628683668,0.9017688696563543,0.8790712865644146,0.9396340390180477,0.8555384764369109,0.8430073155690028,0.8780993679886564,0.8679891755375314,0.8587698737562338,0.8743213508203145,0.8438092728592301,0.8168666951176384,0.8819101771230555,,,,8.0,8.0,8.0
canonical/scmae_11datasets_20260609_12,Bach,sc3,3,3,2024;3407;42,success:3,0.06388026224982747,0.013371290545203588,0.16468253968253968,0.8350424645607039,0.8258261469050795,0.8398440397944639,0.8122297292409143,0.7374968710689991,0.8497064979400639,0.18769388310728896,0.14594060596286368,0.208584923027655,0.18769388310728896,0.14594060596286368,0.208584923027655,0.8518210437014891,0.792724513695521,0.8814554523147655,0.8350424645607039,0.8258261469050796,0.8398440397944639,0.8681164996723316,0.8675134728503591,0.8685669539790447,0.8044725548138265,0.7879615917861564,0.8129600091825755,,,,,,
canonical/scmae_11datasets_20260609_12,Bach,scdcc,3,3,2024;3407;42,success:3,0.7100586611456178,0.6937543133195307,0.7292529330572809,0.7860618481610349,0.7746334414791199,0.7998343260231289,0.6671998829065849,0.6425281558900846,0.7053443547001081,0.6169660408769299,0.6062753040501836,0.629777026894649,0.6169660408769299,0.6062753040501836,0.629777026894649,0.7375947154505466,0.718203376420307,0.7678089871144148,0.7860618481610349,0.7746334414791199,0.7998343260231291,0.8451870062942944,0.8378840572442453,0.853360837865898,0.7347079108809251,0.7202619433741935,0.7526263221427314,,,,,,
canonical/scmae_11datasets_20260609_12,Bach,scdsc,3,0,2024;3407;42,no_score_marker:1;timeout:2,,,,,,,,,,,,,,,,,,,,,,,,,,,,,,,,,
canonical/scmae_11datasets_20260609_12,Bach,scmae,3,3,2024;3407;42,success:3,0.8596302047389003,0.822463768115942,0.9105417529330572,0.8555384764369109,0.8430073155690028,0.8780993679886564,0.8754472707485634,0.8469575586757716,0.9231887686193588,0.7162990183011623,0.6941642715034708,0.7351711628683668,0.7162990183011623,0.6941642715034708,0.7351711628683668,0.9017688696563543,0.8790712865644146,0.9396340390180477,0.8555384764369109,0.8430073155690028,0.8780993679886564,0.8679891755375314,0.8587698737562338,0.8743213508203145,0.8438092728592301,0.8168666951176384,0.8819101771230555,,,,8.0,8.0,8.0
canonical/scmae_11datasets_20260609_12,Bach,scname,3,3,2024;3407;42,success:3,0.8757188865884519,0.8526570048309179,0.9205055210489993,0.8687069239478499,0.8553214002182317,0.891041253327196,0.8700587090103316,0.8564068574901452,0.8951150097598186,0.7273862320030197,0.7211520684101221,0.7363247519003175,0.7273862320030197,0.7211520684101221,0.7363247519003175,0.8979337389059904,0.8865645880292572,0.9188858011724014,0.8687069239478499,0.8553214002182318,0.891041253327196,0.8648838575346777,0.8628986133602645,0.866932851098278,0.8732705742926917,0.8460290825701908,0.9210814734482142,,,,,,
canonical/scmae_11datasets_20260609_12,Bach,sczidesk,3,3,2024;3407;42,success:3,0.890901771336554,0.820479641131815,0.933531746031746,0.8683370815126344,0.8082818021247467,0.9062821668381332,0.8536866534738946,0.7604552585309737,0.9105777290368373,0.7035956824916104,0.5936992408701703,0.7920381118190818,0.7035956824916104,0.5936992408701703,0.7920381118190818,0.8910912354327764,0.8275561065898358,0.9310903563110094,0.8683370815126344,0.8082818021247467,0.9062821668381331,0.829384842156014,0.7415154274949926,0.8802267611397468,0.9126807118972841,0.8882612335562003,0.9339271462485923,,,,,,
canonical/scmae_11datasets_20260609_12,Baron,attentionae_sc,3,3,2024;3407;42,success:3,0.7170809507138133,0.6664721671140157,0.8034776520014004,0.6284539364363074,0.5382934669552496,0.7051966518081939,0.5715916635930067,0.48340309458826614,0.6868038983841788,0.2896248222836833,0.22960379325743357,0.3822877695375987,0.2896248222836833,0.22960379325743357,0.3822877695375987,0.690196037361789,0.6161892329010303,0.7661945485239738,0.6284539364363074,0.5382934669552496,0.7051966518081938,0.543825893141346,0.4666992773999916,0.645816103767839,0.7511679390440049,0.635833806715936,0.8410674500615535,,,,,,
canonical/scmae_11datasets_20260609_12,Baron,dec,3,3,2024;3407;42,success:3,0.798109464348232,0.7613490488971876,0.8205158128136305,0.7172126174111463,0.6785166685483542,0.7425572560969343,0.7079039741060305,0.6321412338174858,0.755762643962334,0.5701769965926934,0.5327008086205801,0.62085447606167,0.5701769965926934,0.5327008086205801,0.62085447606167,0.7695081435539647,0.7086418659716953,0.8119672014412006,0.7172126174111462,0.6785166685483541,0.7425572560969343,0.7052564016037645,0.6685483312143695,0.7308136459568346,0.7299299312859295,0.6887867695257155,0.7706886445138142,,,,,,
canonical/scmae_11datasets_20260609_12,Baron,desc,3,3,2024;3407;42,success:3,0.4481269693079706,0.41766833936281944,0.4777687011319874,0.6631496690689824,0.6514433638644538,0.6695206925103336,0.35305331562303427,0.33025714787368665,0.3689847915734205,0.33302022245142066,0.28487230332879904,0.36351114730707546,0.33302022245142066,0.28487230332879904,0.36351114730707546,0.46441462680749185,0.44304083294811075,0.4798740010930054,0.6631496690689825,0.6514433638644538,0.6695206925103336,0.7664889388475605,0.7500979197291677,0.7763180662476096,0.5843745825089867,0.5757229888657313,0.59044577278482,,,,,,
canonical/scmae_11datasets_20260609_12,Baron,leiden,3,3,2024;3407;42,success:3,0.8698797992764616,0.8695297000816898,0.8703465982028241,0.7534062697585373,0.7528471284492473,0.7537799812189889,0.7753037801760945,0.7741668030755904,0.7758933551755476,0.4981659996176966,0.4921078075740036,0.5013386752827472,0.4981659996176966,0.4921078075740036,0.5013386752827472,0.8260416316580863,0.8251970631920319,0.8265227279234574,0.7534062697585373,0.7528471284492473,0.7537799812189889,0.709405279591795,0.7089855574016194,0.710082876384784,0.8032272236381756,0.80228634393424,0.8041875154152064,,,,,,
canonical/scmae_11datasets_20260609_12,Baron,louvain,3,3,2024;3407;42,success:3,0.8618664177072392,0.8604271210176216,0.8634613140389777,0.7359663665303099,0.7331970840329889,0.739706485650799,0.7586812077371832,0.754149421563182,0.7619592587605689,0.497845673359353,0.4897816863645485,0.50264983873464,0.497845673359353,0.4897816863645485,0.50264983873464,0.8119688100134922,0.8091034590880096,0.8136594758909595,0.7359663665303099,0.7331970840329889,0.7397064856507991,0.6994810343517052,0.69423193521302,0.7027318929348512,0.7765361701011823,0.7664234645998607,0.7823402251341464,,,,,,
canonical/scmae_11datasets_20260609_12,Baron,neighbormix_scmae,3,3,2024;3407;42,success:3,0.7541136655385693,0.668806161745828,0.8537752363169565,0.8212760410990323,0.7921936393743519,0.8515138712026996,0.7714417866208855,0.6430089501885609,0.8946329039633989,0.6260093181366123,0.6191959985609058,0.6301907491031222,0.6260093181366123,0.6191959985609058,0.6301907491031222,0.8177389312829576,0.7166854638776946,0.9152224177887692,0.8212760410990323,0.7921936393743519,0.8515138712026997,0.8748037249968842,0.8711793384190539,0.8769484983456888,0.7752725762412481,0.7223776616382673,0.8327166373719836,,,,14.0,14.0,14.0
canonical/scmae_11datasets_20260609_12,Baron,nm_scmae_nomix,3,3,2024;3407;42,success:3,0.7344303108102852,0.7265725288831836,0.7415100945267826,0.8109900000488719,0.7991996866151893,0.8170875679577289,0.7681338575221317,0.7580314230970406,0.773942578764389,0.6085257343165162,0.5983534320862992,0.6228977671367534,0.6085257343165162,0.5983534320862992,0.6228977671367534,0.8139078180646373,0.8050706155927843,0.818922465679064,0.8109900000488719,0.7991996866151894,0.817087567957729,0.8636391747490619,0.8450944821486419,0.8729615482210381,0.7644223183996077,0.7580329665138833,0.7679357717081147,,,,14.0,14.0,14.0
canonical/scmae_11datasets_20260609_12,Baron,sc3,3,3,2024;3407;42,success:3,0.07488232777064613,0.00011669973159061734,0.22266308787489789,0.8036780877279085,0.802694055358593,0.8045020566257927,0.6363130555006592,0.6359213944535934,0.6367852871206503,0.06991826774129367,0.001158023848527907,0.12748567765438268,0.06991826774129367,0.001158023848527907,0.12748567765438268,0.7162582078981335,0.7161178222028655,0.7163643553226855,0.8036780877279085,0.802694055358593,0.8045020566257925,0.9061900761858516,0.9040689093729184,0.9076757752566484,0.722002844969469,0.7217616396001955,0.7223894678277893,,,,,,
canonical/scmae_11datasets_20260609_12,Baron,scdcc,3,3,2024;3407;42,success:3,0.659353483486988,0.6425487221379391,0.6880616174582799,0.825109034549134,0.8239462518663234,0.8260903231171828,0.6336470329716182,0.6283012542613129,0.6435686593827152,0.6091259300827679,0.6040499714715833,0.6147888250070508,0.6091259300827679,0.6040499714715833,0.6147888250070508,0.7162773683332153,0.7132863428088072,0.7219740887086072,0.8251090345491338,0.8239462518663232,0.8260903231171827,0.9349067028701786,0.925680572705716,0.9395679296862987,0.7384284676292591,0.7358563504857295,0.7423593361340147,,,,,,
canonical/scmae_11datasets_20260609_12,Baron,scmae,3,3,2024;3407;42,success:3,0.7344303108102852,0.7265725288831836,0.7415100945267826,0.8109900000488719,0.7991996866151893,0.8170875679577289,0.7681338575221317,0.7580314230970406,0.773942578764389,0.6085257343165162,0.5983534320862992,0.6228977671367534,0.6085257343165162,0.5983534320862992,0.6228977671367534,0.8139078180646373,0.8050706155927843,0.818922465679064,0.8109900000488719,0.7991996866151894,0.817087567957729,0.8636391747490619,0.8450944821486419,0.8729615482210381,0.7644223183996077,0.7580329665138833,0.7679357717081147,,,,14.0,14.0,14.0
canonical/scmae_11datasets_20260609_12,Baron,scname,3,3,2024;3407;42,success:3,0.6674057649667405,0.6293616524681993,0.7397595985529233,0.8007688349977355,0.7864286939017413,0.8289657405090443,0.6273399025961776,0.6059897011899809,0.6695885204579185,0.5602813507802843,0.45318229415563416,0.7044046088035205,0.5602813507802843,0.45318229415563416,0.7044046088035205,0.7057817042516946,0.6875952501155714,0.7399668819288202,0.8007688349977355,0.7864286939017412,0.8289657405090444,0.8911933678095303,0.874254624161208,0.9117837438273299,0.7271247051305272,0.705997992462722,0.7599398337627012,,,,,,
canonical/scmae_11datasets_20260609_12,Baron,sczidesk,3,3,2024;3407;42,success:3,0.6659275683665927,0.6038044112498542,0.731007118683627,0.8030090716909903,0.7841123860055186,0.8163420143733536,0.6657252939750404,0.609363036652163,0.7516440784099268,0.5370219550560749,0.4853514047843941,0.6003144308615961,0.5370219550560749,0.4853514047843941,0.6003144308615961,0.7359580136428875,0.6906898358337865,0.8021517229504105,0.8030090716909903,0.7841123860055187,0.8163420143733534,0.8893375512019187,0.8752315421372088,0.9039079326025079,0.7321202205249243,0.7101768478481821,0.7547547776026627,,,,,,
canonical/scmae_11datasets_20260609_12,Guo,attentionae_sc,3,3,2024;3407;42,success:3,0.754185927067283,0.7420647149460708,0.7779661016949152,0.7633984704258495,0.74514413646113,0.7736045732876395,0.7278303877669569,0.7103171964287839,0.7384701864360957,0.5725663185477307,0.5228765224872459,0.6164143223483415,0.5725663185477307,0.5228765224872459,0.6164143223483415,0.7741145135419171,0.7590407054351703,0.783627277045697,0.7633984704258495,0.74514413646113,0.7736045732876395,0.7236566491370495,0.7087486523575882,0.7367848298822163,0.8078221067094535,0.7854799047060282,0.8236884955149578,,,,,,
canonical/scmae_11datasets_20260609_12,Guo,dec,3,3,2024;3407;42,success:3,0.6935285053929121,0.6901386748844376,0.6996918335901386,0.7389507755877722,0.6973270949041381,0.7645132582248786,0.6608022825841994,0.5878052934993253,0.7002589631980423,0.5431118041272144,0.5196933657943413,0.5601647363944117,0.5431118041272144,0.5196933657943413,0.5601647363944117,0.7283291669679723,0.6778050204559548,0.7556778748499791,0.7389507755877723,0.6973270949041381,0.7645132582248787,0.6982117976406846,0.647565652747035,0.7293512184409228,0.7850012238730183,0.7553728585219788,0.8032373501980101,,,,,,
canonical/scmae_11datasets_20260609_12,Guo,desc,3,2,2024;3407;42,failed:1;success:2,0.3882126348228043,0.3802773497688752,0.3961479198767334,0.5171299609856916,0.4801471323480071,0.5541127896233763,0.13814315802903943,0.0787876550354411,0.19749866102263772,0.44174722290831503,0.4223745331532975,0.4611199126633325,0.44174722290831503,0.4223745331532975,0.4611199126633325,0.3563548706473735,0.2902235192893136,0.4224862220054334,0.5171299609856918,0.4801471323480071,0.5541127896233764,0.4395045308323341,0.4200241552188574,0.4589849064458108,0.6296697047522064,0.5603576923967729,0.69898171710764,,,,,,
canonical/scmae_11datasets_20260609_12,Guo,leiden,3,3,2024;3407;42,success:3,0.8256805341551104,0.7947611710323574,0.8721109399075501,0.8270748833034177,0.810312900239427,0.8455609197526873,0.7759197176759497,0.7468630503169965,0.8118403224849844,0.7437970224841558,0.7265379466395133,0.7560594975193613,0.7437970224841558,0.7265379466395133,0.7560594975193613,0.8096231170465807,0.7833206964714963,0.8434120098122593,0.8270748833034176,0.8103129002394269,0.8455609197526872,0.8177405908662685,0.8087999423408707,0.8264708630509913,0.837055098169344,0.8118315290868452,0.8750999370070494,,,,,,
canonical/scmae_11datasets_20260609_12,Guo,louvain,3,3,2024;3407;42,success:3,0.7518233179250129,0.6799691833590139,0.7992295839753467,0.7905313933664307,0.7511641109905483,0.8111718022125605,0.7208393342925911,0.6691955413698987,0.7479648858654382,0.6667153728335129,0.5300642948918254,0.7629699830029136,0.6667153728335129,0.5300642948918254,0.7629699830029136,0.7613742600120853,0.7184064330436862,0.7838075103489061,0.7905313933664306,0.7511641109905481,0.8111718022125604,0.7869625435478033,0.727849467808114,0.8227540465887869,0.7947604489151417,0.7760218222165329,0.812061435274855,,,,,,
canonical/scmae_11datasets_20260609_12,Guo,neighbormix_scmae,3,3,2024;3407;42,success:3,0.8710323574730353,0.8679506933744222,0.8741140215716486,0.8571300813634668,0.8563050401597051,0.8579917576243895,0.8337477013062583,0.8287753148329347,0.8397312341652575,0.8208235530790567,0.8074708815150043,0.8425672814835732,0.8208235530790567,0.8074708815150043,0.8425672814835732,0.8576823029564794,0.8534433268060366,0.8627924021491011,0.8571300813634668,0.8563050401597053,0.8579917576243893,0.8674629479909614,0.8596994202865151,0.8723718973274708,0.8470935304022283,0.8440780130560124,0.8529373589072001,,,,12.0,12.0,12.0
canonical/scmae_11datasets_20260609_12,Guo,nm_scmae_nomix,3,3,2024;3407;42,success:3,0.8650744735490498,0.8610169491525423,0.8684129429892141,0.8517442358122088,0.8509735731745321,0.852377859504368,0.8292382663622004,0.8200821532184521,0.8361628594101437,0.8107550275046845,0.8008169822538184,0.829958287807471,0.8107550275046845,0.8008169822538184,0.829958287807471,0.8537689995574159,0.8459329687327188,0.8596929464634389,0.8517442358122089,0.8509735731745323,0.8523778595043681,0.8624740617456698,0.8588344081817781,0.8645492063954116,0.8412940260567341,0.8382977980467629,0.8450398224611785,,,,12.0,12.0,12.0
canonical/scmae_11datasets_20260609_12,Guo,sc3,3,3,2024;3407;42,success:3,0.21705187467899334,0.09953775038520801,0.275808936825886,0.8535794553914234,0.8535794553914233,0.8535794553914235,0.8392380130661369,0.8392380130661368,0.8392380130661368,0.13351343856062725,0.07638469012474239,0.16207781277856967,0.13351343856062725,0.07638469012474239,0.16207781277856967,0.862352047413084,0.862352047413084,0.862352047413084,0.8535794553914234,0.8535794553914233,0.8535794553914234,0.8634757537607244,0.8634757537607244,0.8634757537607246,0.8439074296472318,0.8439074296472318,0.8439074296472318,,,,,,
canonical/scmae_11datasets_20260609_12,Guo,scdcc,3,3,2024;3407;42,success:3,0.8722136620441705,0.8489984591679507,0.884899845916795,0.8566670376242772,0.8506593790873891,0.8644123893300156,0.8391382154571362,0.833752802001529,0.8469180006460607,0.8276877951052678,0.7577596332809505,0.8703236412900041,0.8276877951052678,0.7577596332809505,0.8703236412900041,0.8622631015470255,0.857682703682878,0.86892102651139,0.8566670376242772,0.8506593790873891,0.8644123893300155,0.8645606325798574,0.8577299041166023,0.8709935295033124,0.8489215195797563,0.8437044699216835,0.8579299562126016,,,,,,
canonical/scmae_11datasets_20260609_12,Guo,scmae,3,3,2024;3407;42,success:3,0.8650744735490498,0.8610169491525423,0.8684129429892141,0.8517442358122088,0.8509735731745321,0.852377859504368,0.8292382663622004,0.8200821532184521,0.8361628594101437,0.8107550275046845,0.8008169822538184,0.829958287807471,0.8107550275046845,0.8008169822538184,0.829958287807471,0.8537689995574159,0.8459329687327188,0.8596929464634389,0.8517442358122089,0.8509735731745323,0.8523778595043681,0.8624740617456698,0.8588344081817781,0.8645492063954116,0.8412940260567341,0.8382977980467629,0.8450398224611785,,,,12.0,12.0,12.0
canonical/scmae_11datasets_20260609_12,Guo,scname,3,3,2024;3407;42,success:3,0.8193117616846429,0.8016949152542373,0.8368258859784283,0.8405613226812635,0.8247975547377027,0.8497191565511775,0.7999806764823426,0.7719743041986703,0.8188158142181589,0.7399345462114422,0.7180971072167018,0.7694442467719927,0.7399345462114422,0.7180971072167018,0.7694442467719927,0.8304893333573057,0.804992068094817,0.8499436010173974,0.8405613226812635,0.8247975547377027,0.8497191565511775,0.8333495488786026,0.8130609398087743,0.8562126425400218,0.849018494201725,0.818905448261009,0.8898390429008834,,,,,,
canonical/scmae_11datasets_20260609_12,Guo,sczidesk,3,3,2024;3407;42,success:3,0.787673343605547,0.7761171032357473,0.7967642526964561,0.8192017601063742,0.8044381693893188,0.8274939654996643,0.7790549863582198,0.7506578195038737,0.7955744734884969,0.6602970794987412,0.6133372677040132,0.68648580063557,0.6602970794987412,0.6133372677040132,0.68648580063557,0.813018695899172,0.7915900421442635,0.8252707580252859,0.8192017601063742,0.8044381693893189,0.8274939654996644,0.8101678663427738,0.7781973731488576,0.8281273389236558,0.8288482639081948,0.8268615601763277,0.8325103995409361,,,,,,
canonical/scmae_11datasets_20260609_12,Limb_Muscle,attentionae_sc,3,3,2024;3407;42,success:3,0.5303999317813592,0.12125863392171911,0.8398567408544385,0.5044209889286994,0.004210563503431505,0.7975099615039631,0.43797746434845,-0.0008613547661055125,0.7604177086053115,0.4236583825635647,0.03930561625957924,0.7204453700156551,0.4236583825635647,0.03930561625957924,0.7204453700156551,0.6546329080633072,0.4821514602919927,0.8193517658546788,0.5044209889286994,0.004210563503431505,0.797509961503963,0.48338393580854716,0.0021415145196964293,0.7617039412368599,0.5666616565842486,0.12443132806623058,0.8368483547131335,,,,,,
canonical/scmae_11datasets_20260609_12,Limb_Muscle,dec,3,3,2024;3407;42,success:3,0.6198516244563828,0.6055257099002302,0.6323867996930161,0.4999811176064581,0.46786407054042733,0.5180956930475877,0.34146893390231664,0.30315457533093015,0.3647228770117309,0.4201311516425566,0.3966573082706096,0.448833886745122,0.4201311516425566,0.3966573082706096,0.448833886745122,0.570829469670567,0.5458220026417215,0.587853887914066,0.4999811176064579,0.46786407054042733,0.5180956930475876,0.4183606941426956,0.39096043720431906,0.4331584967329182,0.6212372961440555,0.5824307555757842,0.649389986058729,,,,,,
canonical/scmae_11datasets_20260609_12,Limb_Muscle,desc,3,3,2024;3407;42,success:3,0.6162701458173446,0.5945254540803274,0.6331542594013815,0.6248187652403068,0.6146082988495513,0.6437042279424622,0.3517617952675382,0.33069683664442134,0.3868556119938744,0.6183795101573467,0.602557232717751,0.6322026936684408,0.6183795101573467,0.602557232717751,0.6322026936684408,0.5129010702785072,0.5002023043461774,0.5335487832792493,0.6248187652403067,0.6146082988495511,0.6437042279424622,0.6150026000516776,0.6010511030757192,0.6415373010331917,0.6350616993922745,0.6287911949241545,0.645885842964977,,,,,,
canonical/scmae_11datasets_20260609_12,Limb_Muscle,leiden,3,3,2024;3407;42,success:3,0.8670589238509422,0.8667178306472244,0.8674852903555896,0.8420477648604471,0.8412906114551396,0.8435524258161202,0.7692373578047157,0.76891960860201,0.7695427782643176,0.7917375433647096,0.7910515269293775,0.7926822599033212,0.7917375433647096,0.7910515269293775,0.7926822599033212,0.8301534897850926,0.8299018684471974,0.8303656105572578,0.8420477648604473,0.8412906114551398,0.8435524258161202,0.8094698288047035,0.8086502100397115,0.8109740524624482,0.8773579394311791,0.8765391551816933,0.8788578194728506,,,,,,
canonical/scmae_11datasets_20260609_12,Limb_Muscle,louvain,3,3,2024;3407;42,success:3,0.8642449049202695,0.8628805321053978,0.8654387311332822,0.8322141504445798,0.8284673072979222,0.8352115300723844,0.7623801418517505,0.7601464952268749,0.7652250642658529,0.7884838774128758,0.7855528820835335,0.7905859325818985,0.7884838774128758,0.7855528820835335,0.7905859325818985,0.8252351772068985,0.8235063508126349,0.827401124607545,0.8322141504445798,0.8284673072979223,0.8352115300723842,0.7993873028155069,0.7956657426412153,0.8021346468464483,0.8678526224311603,0.8640896693520658,0.8711336617456974,,,,,,
canonical/scmae_11datasets_20260609_12,Limb_Muscle,neighbormix_scmae,3,3,2024;3407;42,success:3,0.9902788436940394,0.981325147096444,0.9966743412637504,0.9715458297888478,0.953065917343571,0.9862787103241528,0.9806019716344355,0.9587980386650096,0.9932171043773076,0.9871849509368257,0.9777341949395622,0.9957383323741944,0.9871849509368257,0.9777341949395622,0.9957383323741944,0.985149025878799,0.9684478919739226,0.9948103043233408,0.9715458297888478,0.9530659173435712,0.9862787103241528,0.973476540148183,0.958569643356381,0.9865472095374718,0.9696361149422633,0.947625030946472,0.9860103572208464,,,,6.0,6.0,6.0
canonical/scmae_11datasets_20260609_12,Limb_Muscle,nm_scmae_nomix,3,3,2024;3407;42,success:3,0.9897672038884625,0.9833717063187516,0.9933486825275006,0.9664355493259666,0.9492577871298332,0.9762535942300088,0.9767043744903111,0.9525535565253136,0.9890875323678204,0.9876465744842954,0.9853798176615016,0.9895110940994812,0.9876465744842954,0.9853798176615016,0.9895110940994812,0.9821768690216136,0.9636957496937104,0.9916512271195012,0.9664355493259668,0.9492577871298334,0.9762535942300088,0.96627259149481,0.9492379054076004,0.9763014143760368,0.9665986920451761,0.9492776696849264,0.9762057787683014,,,,6.0,6.0,6.0
canonical/scmae_11datasets_20260609_12,Limb_Muscle,sc3,3,3,2024;3407;42,success:3,0.1930587533043404,0.003837298541826554,0.2934254284983372,0.8532708385406397,0.8341305573065092,0.8915514010089003,0.8061943683111803,0.7523772086036408,0.9138286877262591,0.17117220487909826,0.0020183836056328073,0.29096449709029165,0.17117220487909826,0.0020183836056328073,0.29096449709029165,0.8506982433818951,0.8086732194261523,0.9347482912933808,0.8532708385406397,0.8341305573065093,0.8915514010089003,0.8634334412885677,0.8613439372298572,0.8676124494059886,0.8446723421831533,0.8085840772725801,0.9168488720042993,,,,,,
canonical/scmae_11datasets_20260609_12,Limb_Muscle,scdcc,3,3,2024;3407;42,success:3,0.9843097126289759,0.9756971092350984,0.9943719621386544,0.9555565440877848,0.9382337517801878,0.9773349856858864,0.9644120336668901,0.944738449794008,0.9879151946528882,0.9817476697010358,0.9727484903966749,0.9926623008493233,0.9817476697010358,0.9727484903966749,0.9926623008493233,0.9727449570662068,0.9576732360942275,0.9907521042712896,0.9555565440877848,0.9382337517801875,0.9773349856858863,0.9599836030746868,0.9460276603932949,0.9780229546552238,0.9511882484669519,0.9305672150224532,0.9766479839098055,,,,,,
canonical/scmae_11datasets_20260609_12,Limb_Muscle,scmae,3,3,2024;3407;42,success:3,0.9897672038884625,0.9833717063187516,0.9933486825275006,0.9664355493259666,0.9492577871298332,0.9762535942300088,0.9767043744903111,0.9525535565253136,0.9890875323678204,0.9876465744842954,0.9853798176615016,0.9895110940994812,0.9876465744842954,0.9853798176615016,0.9895110940994812,0.9821768690216136,0.9636957496937104,0.9916512271195012,0.9664355493259668,0.9492577871298334,0.9762535942300088,0.96627259149481,0.9492379054076004,0.9763014143760368,0.9665986920451761,0.9492776696849264,0.9762057787683014,,,,6.0,6.0,6.0
canonical/scmae_11datasets_20260609_12,Limb_Muscle,scname,3,3,2024;3407;42,success:3,0.8141894772746653,0.7444359171143515,0.851880276285495,0.8452218417351087,0.7913741151536718,0.880739189577056,0.7595569059445727,0.6833625875888489,0.8255510417002865,0.7092788600536614,0.5713776673884201,0.7875426071381438,0.7092788600536614,0.5713776673884201,0.7875426071381438,0.8190337914724587,0.7641819768552326,0.8655881771831276,0.8452218417351087,0.7913741151536718,0.8807391895770561,0.8322519748075253,0.7582377086746004,0.8925798117741208,0.8595542850327722,0.8275391231013147,0.8819151310778567,,,,,,
canonical/scmae_11datasets_20260609_12,Limb_Muscle,sczidesk,3,3,2024;3407;42,success:3,0.8611750660868083,0.7196213865438731,0.9897672038884625,0.8741500130994448,0.7676983617374092,0.964198773021359,0.8260088596191361,0.6483181353838283,0.9828579692471856,0.7686686841215882,0.5582271054813213,0.9845384438602246,0.7686686841215882,0.5582271054813213,0.9845384438602246,0.8709796037271132,0.7355364710005704,0.9869052630178125,0.8741500130994448,0.7676983617374092,0.964198773021359,0.8522346069432521,0.7478042308226902,0.9625075408144848,0.8980505122946875,0.7886799248636116,0.9658959590538542,,,,,,
canonical/scmae_11datasets_20260609_12,Macosko,dec,3,3,2024;3407;42,success:3,0.6924061179551271,0.6753258346723799,0.7176620246384574,0.3848270236760125,0.34940634707135515,0.41993572638146826,0.4531169738037337,0.4301518689731105,0.4880952763252294,0.31201402247714044,0.29747041932276447,0.3215162248234336,0.31201402247714044,0.29747041932276447,0.3215162248234336,0.6890406387723528,0.6622944236836831,0.7054666797037877,0.3848270236760125,0.3494063470713552,0.4199357263814683,0.4039874935618541,0.3329671619620315,0.452234525354766,0.3701368471166282,0.350914461736088,0.3919429776331544,,,,,,
canonical/scmae_11datasets_20260609_12,Macosko,desc,3,2,2024;3407;42,failed:1;success:2,0.44864756293519015,0.44208623460096413,0.45520889126941616,0.5569065072330307,0.5447746463849407,0.5690383680811207,0.2884082282022088,0.2806112924702606,0.2962051639341569,0.4346667980251554,0.43352062821791576,0.43581296783239504,0.4346667980251554,0.43352062821791576,0.43581296783239504,0.5227426617648414,0.5155266341359542,0.5299586893937285,0.5569065072330308,0.5447746463849408,0.5690383680811207,0.7847096763664293,0.7740398678131781,0.7953794849196805,0.43163393229337654,0.4202882052503037,0.44297965933644934,,,,,,
canonical/scmae_11datasets_20260609_12,Macosko,leiden,3,3,2024;3407;42,success:3,0.6293295840028567,0.627187109444742,0.6304454561685413,0.5017398347707935,0.5006993462510169,0.5022762875827868,0.40705312506034885,0.40237775323531977,0.41019874414029245,0.42750839495954057,0.4252583722929739,0.4307882608617435,0.42750839495954057,0.4252583722929739,0.4307882608617435,0.6336780036620135,0.6304581202162538,0.6357231932982352,0.5017398347707935,0.5006993462510169,0.5022762875827868,0.6013113429909483,0.6003137328022328,0.6019517848357288,0.43045980573187537,0.4294393741992251,0.4310187896336903,,,,,,
canonical/scmae_11datasets_20260609_12,Macosko,louvain,3,3,2024;3407;42,success:3,0.451600904600369,0.14441617568291376,0.6264283163720764,0.3470218219273018,0.22634798967041475,0.4417390448311857,0.29206663988706366,0.23406697327541878,0.338240470209963,0.19823666760419575,0.06939538593943954,0.3075268251777947,0.19823666760419575,0.06939538593943954,0.3075268251777947,0.6253277162677504,0.5859028063363529,0.6853760441897824,0.34702182192730185,0.22634798967041475,0.44173904483118576,0.3475979749233485,0.17508201984772265,0.4723656142257029,0.36263848292126744,0.3200672547053166,0.41484210298724455,,,,,,
canonical/scmae_11datasets_20260609_12,Macosko,neighbormix_scmae,3,3,2024;3407;42,success:3,0.5608894245075283,0.5191706838064631,0.6442599535797179,0.6320480334322155,0.6118304787658506,0.6691165583212709,0.42142622578886774,0.3675041719921355,0.5230255586677349,0.5966026609442459,0.5675367352368745,0.6477009760825299,0.5966026609442459,0.5675367352368745,0.6477009760825299,0.6332296312698436,0.5919505170607053,0.710585784385875,0.6320480334322154,0.6118304787658505,0.6691165583212709,0.8170118751811755,0.815825310793857,0.8182379892917373,0.5163512446801177,0.4890339872422931,0.5671302917813299,,,,12.0,12.0,12.0
canonical/scmae_11datasets_20260609_12,Macosko,nm_scmae_nomix,3,3,2024;3407;42,success:3,0.6252306135809081,0.529682199607213,0.6871540796286377,0.6574652576981922,0.6126732483306647,0.6871812091315924,0.4942679711040445,0.3939576001469913,0.5528451418150978,0.629780453694449,0.572578726792391,0.6687410550815468,0.629780453694449,0.572578726792391,0.6687410550815468,0.6882038372591968,0.6135791821853799,0.7313435291622631,0.6574652576981923,0.6126732483306647,0.6871812091315925,0.8194604202418009,0.8034199098169352,0.8377839454336813,0.5496671774518266,0.4951221456539474,0.5824738386833709,,,,12.0,12.0,12.0
canonical/scmae_11datasets_20260609_12,Macosko,sc3,3,3,2024;3407;42,success:3,0.1410536808903172,0.07503124442063917,0.17595072308516335,0.5101529846012683,0.5098019478425008,0.5103925879682838,0.21357556301837685,0.2131996096082982,0.2141113253503416,0.09043250990617809,0.05387327430031832,0.1635264530818441,0.09043250990617809,0.05387327430031832,0.1635264530818441,0.44887804028907957,0.448482949513605,0.4494447035762859,0.5101529846012685,0.5098019478425008,0.5103925879682839,0.7546977757192028,0.7542673147068287,0.7551478909769871,0.38530317303366335,0.38501488268768286,0.38545920114347765,,,,,,
canonical/scmae_11datasets_20260609_12,Macosko,scdcc,3,3,2024;3407;42,success:3,0.5197955722192465,0.5079226923763613,0.5327396893411891,0.6277593491210957,0.611324795785299,0.6412372370935228,0.40292864521079325,0.3322135559049719,0.4442189818666325,0.48025295698332315,0.46473796799276496,0.49610928779255153,0.48025295698332315,0.46473796799276496,0.49610928779255153,0.6194960568335558,0.5620755817554135,0.6527293439067468,0.6277593491210957,0.611324795785299,0.6412372370935229,0.8409739221082515,0.8345051122372136,0.8506344030167741,0.501159632301032,0.47710148211534187,0.5206555913432379,,,,,,
canonical/scmae_11datasets_20260609_12,Macosko,scmae,3,3,2024;3407;42,success:3,0.6252306135809081,0.529682199607213,0.6871540796286377,0.6574652576981922,0.6126732483306647,0.6871812091315924,0.4942679711040445,0.3939576001469913,0.5528451418150978,0.629780453694449,0.572578726792391,0.6687410550815468,0.629780453694449,0.572578726792391,0.6687410550815468,0.6882038372591968,0.6135791821853799,0.7313435291622631,0.6574652576981923,0.6126732483306647,0.6871812091315925,0.8194604202418009,0.8034199098169352,0.8377839454336813,0.5496671774518266,0.4951221456539474,0.5824738386833709,,,,12.0,12.0,12.0
canonical/scmae_11datasets_20260609_12,Macosko,scname,1,1,2024,success:1,0.6561328334226031,0.6561328334226031,0.6561328334226031,0.0,0.0,0.0,0.0,0.0,0.0,0.06603061664510565,0.06603061664510565,0.06603061664510565,0.06603061664510565,0.06603061664510565,0.06603061664510565,0.6805487167810241,0.6805487167810241,0.6805487167810241,0.0,0.0,0.0,0.0,0.0,0.0,1.0,1.0,1.0,,,,,,
canonical/scmae_11datasets_20260609_12,Macosko,sczidesk,3,3,2024;3407;42,success:3,0.6561328334226031,0.6561328334226031,0.6561328334226031,0.0,0.0,0.0,0.0,0.0,0.0,0.06603061664510565,0.06603061664510565,0.06603061664510565,0.06603061664510565,0.06603061664510565,0.06603061664510565,0.6805487167810241,0.6805487167810241,0.6805487167810241,0.0,0.0,0.0,0.0,0.0,0.0,1.0,1.0,1.0,,,,,,
canonical/scmae_11datasets_20260609_12,Melanoma_5K,attentionae_sc,3,3,2024;3407;42,success:3,0.5128148312283034,0.4710835364502548,0.5956126744959007,0.5100157677767755,0.504965359018323,0.5125507246621762,0.3820470706376314,0.360315559806214,0.4114650040625793,0.23752993655992918,0.19902747576217597,0.31139383047466224,0.23752993655992918,0.19902747576217597,0.31139383047466224,0.546738191500663,0.5375384864796747,0.5547436370682458,0.5100157677767755,0.504965359018323,0.5125507246621763,0.45324512273156,0.4232053551255058,0.4990430026902481,0.5904473677411884,0.5268100235436174,0.6258806667535872,,,,,,
canonical/scmae_11datasets_20260609_12,Melanoma_5K,dec,3,3,2024;3407;42,success:3,0.48991801462441836,0.41901174385109685,0.5348991801462442,0.3536437019977429,0.33493466732540106,0.3741436504516108,0.251377195395256,0.2227894550588792,0.26591244696384553,0.383095209320435,0.3468767407104156,0.4038388307821941,0.383095209320435,0.3468767407104156,0.4038388307821941,0.4969431791748368,0.48675623046848426,0.5044925738722167,0.353643701997743,0.33493466732540106,0.3741436504516108,0.2938808551339829,0.2842340090553697,0.31092177812559557,0.4448098676748331,0.40310368659796153,0.4696384873353197,,,,,,
canonical/scmae_11datasets_20260609_12,Melanoma_5K,desc,3,3,2024;3407;42,success:3,0.6357190339020607,0.6279636605362287,0.6463549745180589,0.5642207210520703,0.552342837802508,0.5851566978313837,0.42430112045811635,0.4066767117171451,0.4528378733710397,0.4248457006512849,0.4056411036265193,0.45577716455125217,0.4248457006512849,0.4056411036265193,0.45577716455125217,0.5426862578609931,0.529187367081486,0.5650833857355656,0.5642207210520703,0.5523428378025079,0.5851566978313837,0.5749801316327442,0.561860045537424,0.5961676676442303,0.5538591741685494,0.5431426788914673,0.5745450881038232,,,,,,
canonical/scmae_11datasets_20260609_12,Melanoma_5K,leiden,3,3,2024;3407;42,success:3,0.5139227417091367,0.5131841347219145,0.5145136272989143,0.5570695730773894,0.5556090021872684,0.5586098826259447,0.395414336072123,0.3946536098412802,0.3962539160535561,0.46830007168390225,0.4678812914263168,0.46867203840233046,0.46830007168390225,0.4678812914263168,0.46867203840233046,0.561907129557738,0.5613383222474384,0.5625745995041216,0.5570695730773894,0.5556090021872684,0.5586098826259447,0.5199773075212436,0.5186275360709306,0.521412322401164,0.5998602396248663,0.5982694467960198,0.601522503996144,,,,,,
canonical/scmae_11datasets_20260609_12,Melanoma_5K,louvain,3,3,2024;3407;42,success:3,0.49634389541325064,0.4888101041435852,0.5111898958564148,0.5083716984615397,0.4911638141019045,0.537239334003852,0.35733907785120306,0.3430696749087241,0.383264782231993,0.4403720382917165,0.42799054064430836,0.46019809429286707,0.4403720382917165,0.42799054064430836,0.46019809429286707,0.5426218028331049,0.5353509295064542,0.5557448457717435,0.5083716984615397,0.4911638141019045,0.537239334003852,0.45641486255767144,0.43474738340795693,0.49348803416023374,0.5741430688994131,0.5644057972885184,0.5895030638623983,,,,,,
canonical/scmae_11datasets_20260609_12,Melanoma_5K,neighbormix_scmae,3,3,2024;3407;42,success:3,0.7901617549302017,0.7134943496565478,0.8415688012408598,0.7436230407716087,0.7118714292252087,0.7657510192420395,0.7100673672988038,0.6400456020640019,0.7627128248099153,0.6454136571152151,0.5727097330375646,0.6863092485021345,0.6454136571152151,0.5727097330375646,0.6863092485021345,0.7687273793204715,0.7111815898156637,0.812129041527338,0.7436230407716087,0.7118714292252087,0.7657510192420394,0.7573932075233362,0.7429300578741324,0.765814649314603,0.7308237373241003,0.6833054427307463,0.7680812190284687,,,,9.0,9.0,9.0
canonical/scmae_11datasets_20260609_12,Melanoma_5K,nm_scmae_nomix,3,3,2024;3407;42,success:3,0.7391978728118768,0.7374252160425437,0.7416352758697097,0.7354142539386092,0.733573052341879,0.7381156500051202,0.6680290590513426,0.6667527801390472,0.6699725520842812,0.6565123506329827,0.6562793051583954,0.6567875141636343,0.6565123506329827,0.6562793051583954,0.6567875141636343,0.7339813601245605,0.732959701772587,0.7355555309868657,0.7354142539386092,0.7335730523418789,0.7381156500051202,0.7630359506182098,0.7613596652652954,0.7657766657419884,0.7097225546683807,0.7077432270992658,0.7123832842667477,,,,9.0,9.0,9.0
canonical/scmae_11datasets_20260609_12,Melanoma_5K,sc3,3,3,2024;3407;42,success:3,0.39995568358076666,0.3846665189452692,0.43053401285176157,0.7216360912033205,0.7214857345250133,0.721711269542474,0.6346056466329398,0.6342511378167105,0.6347829010410545,0.14773105080739832,0.0827143411656793,0.1802394056282578,0.14773105080739832,0.0827143411656793,0.1802394056282578,0.7069400377733843,0.7066536372772019,0.7070832380214755,0.7216360912033205,0.7214857345250132,0.7217112695424741,0.749407529918626,0.7492496425784165,0.7494864735887307,0.6958494020521608,0.6957059220894304,0.6959211420335261,,,,,,
canonical/scmae_11datasets_20260609_12,Melanoma_5K,scdcc,3,3,2024;3407;42,success:3,0.6405938400177266,0.6202082871703967,0.6807001994238866,0.658044279735691,0.6508795153347284,0.6682180436100637,0.5080039708546513,0.4884684585249346,0.5324922916890399,0.4941490759162297,0.4593189290523782,0.5396875348137159,0.4941490759162297,0.4593189290523782,0.5396875348137159,0.6053122359772046,0.5896975117414478,0.6262743869050119,0.658044279735691,0.6508795153347284,0.6682180436100637,0.6894369702723094,0.6822559923428305,0.693543086523178,0.6294487276658463,0.6214067128921559,0.644677355218422,,,,,,
canonical/scmae_11datasets_20260609_12,Melanoma_5K,scmae,3,3,2024;3407;42,success:3,0.7391978728118768,0.7374252160425437,0.7416352758697097,0.7354142539386092,0.733573052341879,0.7381156500051202,0.6680290590513426,0.6667527801390472,0.6699725520842812,0.6565123506329827,0.6562793051583954,0.6567875141636343,0.6565123506329827,0.6562793051583954,0.6567875141636343,0.7339813601245605,0.732959701772587,0.7355555309868657,0.7354142539386092,0.7335730523418789,0.7381156500051202,0.7630359506182098,0.7613596652652954,0.7657766657419884,0.7097225546683807,0.7077432270992658,0.7123832842667477,,,,9.0,9.0,9.0
canonical/scmae_11datasets_20260609_12,Melanoma_5K,scname,2,2,2024;3407,success:2,0.6423664967870596,0.637934854863727,0.6467981387103922,0.6681722853564231,0.6636694374603722,0.6726751332524741,0.5700897952927598,0.5590954252147785,0.5810841653707411,0.5329021335532749,0.5059632096848148,0.559841057421735,0.5329021335532749,0.5059632096848148,0.559841057421735,0.6536922441516821,0.644241451192352,0.6631430371110122,0.6681722853564231,0.6636694374603722,0.6726751332524741,0.7241267462398137,0.7145589785373168,0.7336945139423106,0.6202862927959754,0.6195465053052845,0.6210260802866663,,,,,,
canonical/scmae_11datasets_20260609_12,Melanoma_5K,sczidesk,3,3,2024;3407;42,success:3,0.6345372627225053,0.6077996897850654,0.6811433636162199,0.6645877124096072,0.6516034052309223,0.6884515141362332,0.5505156869338629,0.504380900750027,0.6000852035278258,0.4933758186701091,0.4848832607733305,0.5031577879233166,0.4933758186701091,0.4848832607733305,0.5031577879233166,0.6373717515869888,0.598685865883261,0.6784653368611582,0.6645877124096072,0.6516034052309223,0.6884515141362331,0.7172347416118088,0.7046164363302772,0.7289526659746272,0.6193709620491381,0.599889612345952,0.65221401857522,,,,,,
canonical/scmae_11datasets_20260609_12,Quake_10x_Spleen,attentionae_sc,3,3,2024;3407;42,success:3,0.6904662199888331,0.6296063651591289,0.7208961474036851,0.016739154523417493,0.0,0.05021746357025248,-0.0291952486719138,-0.0875857460157414,0.0,0.1651215723253925,0.16023878924774348,0.16756296386421704,0.1651215723253925,0.16023878924774348,0.16756296386421704,0.7181818885627601,0.6533071119611726,0.7506192768635539,0.016739154523417493,0.0,0.050217463570252474,0.011586749569443007,0.0,0.03476024870832902,0.6968099684414543,0.09042990532436293,1.0,,,,,,
canonical/scmae_11datasets_20260609_12,Quake_10x_Spleen,dec,3,3,2024;3407;42,success:3,0.716464265773311,0.707286432160804,0.7224664991624791,0.11211300312612375,0.027538607313348826,0.19527763474219828,0.09459754689279103,0.03153638211576849,0.16524626430307812,0.24390036290959816,0.2209655994442154,0.25930960016839266,0.24390036290959816,0.2209655994442154,0.25930960016839266,0.745327491876131,0.733427781965051,0.7547904988333289,0.11211300312612377,0.027538607313348822,0.19527763474219828,0.07341532314069917,0.01658639235859048,0.1341263341427625,0.2496698378961402,0.08107060058096136,0.35891553612633514,,,,,,
canonical/scmae_11datasets_20260609_12,Quake_10x_Spleen,desc,3,0,2024;3407;42,failed:3,,,,,,,,,,,,,,,,,,,,,,,,,,,,,,,,,
canonical/scmae_11datasets_20260609_12,Quake_10x_Spleen,leiden,3,3,2024;3407;42,success:3,0.7146496370742602,0.710322445561139,0.7207914572864321,0.5090706609842516,0.5065016500174697,0.5130162000880258,0.4159144068510256,0.41035226042102335,0.4240185906900624,0.4959811752303536,0.495172571274834,0.4964890099414182,0.4959811752303536,0.495172571274834,0.4964890099414182,0.6948147251589963,0.6905983711411213,0.701136037110813,0.5090706609842516,0.5065016500174698,0.513016200088026,0.6250819140116937,0.6240416618520184,0.6268347312558543,0.4294004761708527,0.42622160528374,0.4353701182314227,,,,,,
canonical/scmae_11datasets_20260609_12,Quake_10x_Spleen,louvain,3,3,2024;3407;42,success:3,0.9120254048017867,0.9035804020100503,0.9270309882747069,0.680288314297953,0.6630546670774703,0.7117350388353944,0.7803047630965564,0.7548901546801603,0.8267723044363303,0.48528470487029146,0.3732418817450373,0.7084634515300428,0.48528470487029146,0.3732418817450373,0.7084634515300428,0.9106380718433549,0.9029267767286486,0.9237550715723711,0.6802883142979531,0.6630546670774704,0.7117350388353944,0.6092597435179874,0.5653127391069535,0.6943787344944087,0.7788921189623547,0.7299812436788158,0.8105491790720056,,,,,,
canonical/scmae_11datasets_20260609_12,Quake_10x_Spleen,neighbormix_scmae,3,3,2024;3407;42,success:3,0.9653126744835289,0.9597989949748744,0.9743509212730318,0.8656842349710073,0.8637695577000843,0.8674308674091857,0.9253768729435361,0.9158400223711765,0.9332668189938252,0.7483050451985921,0.7326002808681762,0.7790597962543464,0.7483050451985921,0.7326002808681762,0.7790597962543464,0.9669964526482931,0.9628571509032852,0.9704844381850471,0.8656842349710073,0.8637695577000843,0.8674308674091857,0.8778988041712545,0.869658396712213,0.8820337758899425,0.853914034925301,0.8462735763538178,0.8652147200694356,,,,5.0,5.0,5.0
canonical/scmae_11datasets_20260609_12,Quake_10x_Spleen,nm_scmae_nomix,3,3,2024;3407;42,success:3,0.9570421552205471,0.9520519262981576,0.9621021775544388,0.8517299934779107,0.8304622651850962,0.868038928109835,0.9222754183324536,0.9119236997588194,0.9321823921793438,0.7251795313226853,0.714761208652317,0.7351094854516965,0.7251795313226853,0.714761208652317,0.7351094854516965,0.9654769178164431,0.9606886999305696,0.9699960019292948,0.8517299934779107,0.8304622651850961,0.868038928109835,0.8726376059480928,0.8597944020772806,0.884132303479022,0.8318830857785576,0.8030654529445841,0.8525209567462411,,,,5.0,5.0,5.0
canonical/scmae_11datasets_20260609_12,Quake_10x_Spleen,sc3,3,3,2024;3407;42,success:3,0.33657872696817415,0.016959798994974875,0.7489530988274706,0.685560471394118,0.6854648047692826,0.6856213851148023,0.5298554337584567,0.5295041386693754,0.5300790964846278,0.19207203372679174,0.005898427450758948,0.4734171123450556,0.19207203372679174,0.005898427450758948,0.4734171123450556,0.752082137620854,0.7518525693043163,0.7522282899536805,0.685560471394118,0.6854648047692827,0.6856213851148024,0.8707688361389211,0.8707663514358475,0.8707704183939724,0.5653196862574975,0.565190636093695,0.5654018584753538,,,,,,
canonical/scmae_11datasets_20260609_12,Quake_10x_Spleen,scdcc,3,3,2024;3407;42,success:3,0.7450097710776102,0.6025963149078727,0.8434882747068677,0.6052743618956824,0.5751019391632476,0.6344417471012223,0.5747323503027296,0.4159233483502718,0.6840846715796908,0.5550630550453217,0.539153081348571,0.5683192840558604,0.5550630550453217,0.539153081348571,0.5683192840558604,0.7767045405123906,0.6727497709670504,0.8458802672450799,0.6052743618956824,0.5751019391632475,0.6344417471012223,0.7610380923503818,0.747453516292239,0.7876570253693731,0.5045549970056444,0.4528870201061241,0.5508167092499429,,,,,,
canonical/scmae_11datasets_20260609_12,Quake_10x_Spleen,scmae,3,3,2024;3407;42,success:3,0.9570421552205471,0.9520519262981576,0.9621021775544388,0.8517299934779107,0.8304622651850962,0.868038928109835,0.9222754183324536,0.9119236997588194,0.9321823921793438,0.7251795313226853,0.714761208652317,0.7351094854516965,0.7251795313226853,0.714761208652317,0.7351094854516965,0.9654769178164431,0.9606886999305696,0.9699960019292948,0.8517299934779107,0.8304622651850961,0.868038928109835,0.8726376059480928,0.8597944020772806,0.884132303479022,0.8318830857785576,0.8030654529445841,0.8525209567462411,,,,5.0,5.0,5.0
canonical/scmae_11datasets_20260609_12,Quake_10x_Spleen,scname,3,3,2024;3407;42,success:3,0.8205262423227246,0.8137562814070352,0.8251675041876047,0.694745327043651,0.6694535728143126,0.7093424755567568,0.6098979776548422,0.6048522797327122,0.6180089411949452,0.715792500287913,0.658084947706802,0.7522859711763609,0.715792500287913,0.658084947706802,0.7522859711763609,0.8028337815223058,0.7994043429940381,0.8069945726456695,0.6947453270436511,0.6694535728143126,0.7093424755567568,0.8432949051002159,0.7978351834100564,0.868281150461888,0.5908043198429039,0.5766615521414092,0.5995880195632362,,,,,,
canonical/scmae_11datasets_20260609_12,Quake_10x_Spleen,sczidesk,3,3,2024;3407;42,success:3,0.9295435510887772,0.9214824120603015,0.9377093802345059,0.7789360576346791,0.7496751402725214,0.7940040045875439,0.8652214324747153,0.8236689195064179,0.8868899041572118,0.5994774221149696,0.5591342644676087,0.6439309894342978,0.5994774221149696,0.5591342644676087,0.6439309894342978,0.939289649938956,0.9194296112129303,0.9496929307460898,0.778936057634679,0.7496751402725214,0.7940040045875438,0.796204494570599,0.7900208092013884,0.8011620535708696,0.7630374296619294,0.7132500848177988,0.7906067110638308,,,,,,
canonical/scmae_11datasets_20260609_12,Shekhar,dec,3,3,2024;3407;42,success:3,0.6224996894024102,0.5950428624673872,0.675624301155423,0.7541298555998717,0.7203319562828763,0.7995784770549641,0.5474561445352814,0.4966012852892037,0.6342639160430411,0.50245056776029,0.44089551278184885,0.5592772547018154,0.50245056776029,0.44089551278184885,0.5592772547018154,0.6385177049411941,0.5979676829684809,0.7126685304852602,0.7541298555998717,0.7203319562828763,0.7995784770549642,0.7914767473551048,0.7677010872114524,0.8389535016453659,0.7203353278728574,0.678410464828949,0.7637337774288198,,,,,,
canonical/scmae_11datasets_20260609_12,Shekhar,desc,3,3,2024;3407;42,success:3,0.9683811653621568,0.9677599701826314,0.9692135669027209,0.9487986810050678,0.9478512872787747,0.9499948795019858,0.97503479941417,0.9735674623774428,0.9775587144125704,0.8449013935182759,0.8443017863641602,0.8456063266787027,0.8449013935182759,0.8443017863641602,0.8456063266787027,0.9800241045835424,0.9788516140360238,0.9820410791893001,0.9487986810050678,0.9478512872787747,0.9499948795019858,0.9461443844504863,0.9459456229348822,0.9464047983793963,0.9514700396635257,0.9496264669843862,0.9540789519561268,,,,,,
canonical/scmae_11datasets_20260609_12,Shekhar,leiden,3,3,2024;3407;42,success:3,0.5030687041868555,0.501490868430861,0.5058143868803578,0.31750636622921885,0.3145156848494948,0.32309625890945803,0.2750109676946501,0.27291573280346293,0.2764089790832797,0.25003611355763283,0.23628013054033353,0.2762436520231897,0.25003611355763283,0.23628013054033353,0.2762436520231897,0.4382012509933692,0.4361567640804947,0.43989516865862255,0.31750636622921885,0.3145156848494948,0.323096258909458,0.29788647976906546,0.29542065592918937,0.30259687185344175,0.3398943106916241,0.3362497750354105,0.34657493427762726,,,,,,
canonical/scmae_11datasets_20260609_12,Shekhar,louvain,3,3,2024;3407;42,success:3,0.38725307491613864,0.2016772269847186,0.5001863585538576,0.2949180098054211,0.2761694187991635,0.307187940844063,0.26517348811354163,0.25407737486455784,0.2769198746940705,0.18829586728895817,0.16461145257022775,0.22140245956745963,0.18829586728895817,0.16461145257022775,0.22140245956745963,0.4589408378842342,0.4400242122361119,0.4956848017467317,0.2949180098054211,0.2761694187991635,0.307187940844063,0.25474370155999376,0.23974300820932132,0.2771269135018151,0.35195029615479295,0.32564821570665514,0.3856385274021316,,,,,,
canonical/scmae_11datasets_20260609_12,Shekhar,neighbormix_scmae,3,3,2024;3407;42,success:3,0.7456081500807553,0.7058516585911293,0.7813641446142378,0.8675600553312296,0.8529477122917348,0.8803783667581399,0.6631380198691196,0.6441470209151916,0.6776371657764072,0.768813518347628,0.6788098468742907,0.8179182042925016,0.768813518347628,0.6788098468742907,0.8179182042925016,0.7373015561132154,0.721808707318596,0.7491773593446863,0.8675600553312295,0.8529477122917347,0.8803783667581397,0.9173748087810564,0.9044551761469491,0.9284616590066986,0.8228836271665085,0.8069907139500894,0.8370301417289413,,,,18.0,18.0,18.0
canonical/scmae_11datasets_20260609_12,Shekhar,nm_scmae_nomix,3,3,2024;3407;42,success:3,0.7484656479065723,0.6932538203503541,0.7920983973164368,0.865316322047914,0.8469594127537479,0.8770121885757312,0.6356456330864403,0.5457841505027401,0.6898955933749097,0.7938680028239986,0.7512316940354303,0.8227414204674763,0.7938680028239986,0.7512316940354303,0.8227414204674763,0.716754305183477,0.6475703564591617,0.7576586385859723,0.8653163220479141,0.8469594127537478,0.8770121885757312,0.9236065826296218,0.9176710575902703,0.933571800660052,0.8142608021764178,0.7849715022664949,0.8398033707046395,,,,18.0,18.0,18.0
canonical/scmae_11datasets_20260609_12,Shekhar,sc3,3,3,2024;3407;42,success:3,0.026127469250838614,0.00044726052925829295,0.04424152068579948,0.779481975951494,0.7704265593031804,0.7867541777513166,0.472393069687087,0.45254395516011187,0.5024764271147014,0.07480809428017335,0.009776411981117483,0.1490249248907063,0.07480809428017335,0.009776411981117483,0.1490249248907063,0.5865590929768133,0.569806457574158,0.6095710050201971,0.7794819759514939,0.7704265593031805,0.7867541777513164,0.8644436239440053,0.8572860254236169,0.8761319686603724,0.7098506625310872,0.6995488818420086,0.7250676852740875,,,,,,
canonical/scmae_11datasets_20260609_12,Shekhar,scdcc,3,3,2024;3407;42,success:3,0.811343023978134,0.7796869176295192,0.8408125232948193,0.8831007288595543,0.8780786964656505,0.8873804504805979,0.7064266111464176,0.6902717452359541,0.7152806210539363,0.8165886136505945,0.8083767860437938,0.8254194943845763,0.8165886136505945,0.8083767860437938,0.8254194943845763,0.7729112243150552,0.7609724751869831,0.779786916900966,0.8831007288595544,0.8780786964656506,0.887380450480598,0.9442708290340174,0.9423812621036342,0.9469346687290738,0.8293900279688889,0.8211442051481616,0.8348739104669762,,,,,,
canonical/scmae_11datasets_20260609_12,Shekhar,scmae,3,3,2024;3407;42,success:3,0.7484656479065723,0.6932538203503541,0.7920983973164368,0.865316322047914,0.8469594127537479,0.8770121885757312,0.6356456330864403,0.5457841505027401,0.6898955933749097,0.7938680028239986,0.7512316940354303,0.8227414204674763,0.7938680028239986,0.7512316940354303,0.8227414204674763,0.716754305183477,0.6475703564591617,0.7576586385859723,0.8653163220479141,0.8469594127537478,0.8770121885757312,0.9236065826296218,0.9176710575902703,0.933571800660052,0.8142608021764178,0.7849715022664949,0.8398033707046395,,,,18.0,18.0,18.0
canonical/scmae_11datasets_20260609_12,Shekhar,scname,3,3,2024;3407;42,success:3,0.8612746925083862,0.8383525903838986,0.8849795005590757,0.863516939316142,0.8415817287485577,0.8765722584496807,0.9136205202393631,0.8756676299770314,0.9385691586440708,0.5258189090633757,0.4887718093057323,0.5998446744818076,0.5258189090633757,0.4887718093057323,0.5998446744818076,0.9310378135869772,0.9002489739587066,0.9511025615285423,0.863516939316142,0.8415817287485579,0.8765722584496807,0.8330217521164013,0.8169903334397023,0.8506200249818084,0.8964790166341917,0.8676994681604556,0.9175796601480315,,,,,,
canonical/scmae_11datasets_20260609_12,Shekhar,sczidesk,3,3,2024;3407;42,success:3,0.7124114796869176,0.6294446515095042,0.7613119642191577,0.7929911363517413,0.773824639200334,0.8223712550566595,0.7328735045038725,0.6097946842919488,0.846313805876486,0.5003808239874973,0.48408090885922156,0.5260818959720125,0.5003808239874973,0.48408090885922156,0.5260818959720125,0.7879075014571191,0.692466934835101,0.876670582667348,0.7929911363517416,0.7738246392003341,0.8223712550566596,0.8159078851197662,0.7970281564493731,0.831599146598041,0.7718895373792272,0.733295183675661,0.813345911669505,,,,,,
canonical/scmae_11datasets_20260609_12,Tosches,attentionae_sc,3,3,2024;3407;42,success:3,0.3573724817831119,0.3490141448778397,0.37408915559365624,0.07649211716584296,0.0,0.22947635149752887,0.008009738304873107,0.0,0.024029214914619318,0.04776953714832385,0.034495723780019596,0.07431716388493233,0.04776953714832385,0.034495723780019596,0.07431716388493233,0.3976856322360122,0.35666092389481674,0.4181979864066099,0.07649211716584296,0.0,0.2294763514975289,0.04812093359753012,0.0,0.14436280079259037,0.8530422960000322,0.5591268880000966,1.0,,,,,,
canonical/scmae_11datasets_20260609_12,Tosches,dec,3,3,2024;3407;42,success:3,0.551132304614945,0.4547792541791685,0.6034076296613802,0.6354582796222944,0.5902576267020124,0.6625308883560772,0.4339117868078795,0.3120047046500181,0.49805524303563997,0.38891260393967725,0.33749701113243835,0.41827044570768485,0.38891260393967725,0.33749701113243835,0.41827044570768485,0.559271612991328,0.44747478866197987,0.6198795516193182,0.6354582796222944,0.5902576267020125,0.6625308883560771,0.5767285460448717,0.559330254262593,0.5875103497430362,0.7091264741016348,0.6248053517129634,0.7595151073840763,,,,,,
canonical/scmae_11datasets_20260609_12,Tosches,desc,3,3,2024;3407;42,success:3,0.7271038719817117,0.662719674239177,0.7744856408058294,0.7597486970089754,0.7355109492146279,0.8050789474116118,0.6267678157579093,0.5556279146673306,0.6837696781131545,0.6267878297779581,0.5774569093306606,0.7011709039246762,0.6267878297779581,0.5774569093306606,0.7011709039246762,0.6909119990415501,0.6286790596478417,0.7411393787518897,0.7597486970089754,0.7355109492146278,0.8050789474116118,0.7940174394367703,0.7555848229953013,0.8556989786136898,0.7286402670096024,0.7033378875261098,0.7601134098947545,,,,,,
canonical/scmae_11datasets_20260609_12,Tosches,leiden,3,3,2024;3407;42,success:3,0.5771003000428633,0.5416845263609087,0.611605229318474,0.4724419372095709,0.4645069980360077,0.4855937805108624,0.33683746645261303,0.26227855682852175,0.3995641750821533,0.517616734410474,0.4888726135199627,0.5327665364328608,0.517616734410474,0.4888726135199627,0.5327665364328608,0.46272056093794767,0.42521964267346285,0.5000411057360722,0.4724419372095709,0.46450699803600765,0.48559378051086244,0.4576700878472626,0.4242085955776988,0.485940043644741,0.4900616712469239,0.47167149270640235,0.5132655105398283,,,,,,
canonical/scmae_11datasets_20260609_12,Tosches,louvain,3,3,2024;3407;42,success:3,0.5459172738962709,0.534558508358337,0.5524539219888556,0.3804073976424149,0.3583251286315952,0.3974072066440815,0.28286058981507345,0.2564984750261115,0.30651474303436416,0.40763261490828856,0.34887680856787917,0.4578942395705026,0.40763261490828856,0.34887680856787917,0.4578942395705026,0.4385493122795578,0.42262738760090746,0.4603062145749662,0.3804073976424149,0.3583251286315952,0.3974072066440816,0.35159255727059896,0.3087548282734887,0.38422969672835133,0.4169618481492572,0.4115206860743473,0.42685655060723227,,,,,,
canonical/scmae_11datasets_20260609_12,Tosches,neighbormix_scmae,3,3,2024;3407;42,success:3,0.6366623803400486,0.6236069438491213,0.6572546078011144,0.7446955563341948,0.7320616821342274,0.7665559018267081,0.5317925442805005,0.5227472871413511,0.5437607961547544,0.666626773968002,0.6518453545653694,0.6855417035037976,0.666626773968002,0.6518453545653694,0.6855417035037976,0.6104601996487183,0.6023428535369916,0.6186311725435322,0.7446955563341948,0.7320616821342275,0.766555901826708,0.7818158759434423,0.7755183716681417,0.7870051712946073,0.7115001240272266,0.6842891456528042,0.7508581053936318,,,,15.0,15.0,15.0
canonical/scmae_11datasets_20260609_12,Tosches,nm_scmae_nomix,3,3,2024;3407;42,success:3,0.6829547078154022,0.629661380197171,0.7737891127303901,0.7516582335449048,0.7368185509416818,0.7743481227902873,0.605910700333159,0.5275274606723767,0.7588060054720188,0.7009204929022524,0.6669426084890727,0.7610984769037229,0.7009204929022524,0.6669426084890727,0.7610984769037229,0.6716176921485456,0.606281705824831,0.7999952631920837,0.7516582335449048,0.7368185509416818,0.7743481227902875,0.7815115029932768,0.76566780632387,0.7947343916697607,0.724158069541978,0.7074282752460244,0.7549815801401706,,,,15.0,15.0,15.0
canonical/scmae_11datasets_20260609_12,Tosches,sc3,3,3,2024;3407;42,success:3,0.11339119874267752,0.10892627518216888,0.11621303043291899,0.6936675296447458,0.693499527026356,0.6939680384043256,0.4291738135867933,0.4288940930907024,0.42967727888325874,0.07329299735241618,0.010180770564846908,0.11648418805463871,0.07329299735241618,0.010180770564846908,0.11648418805463871,0.5243537736554725,0.5241005921539429,0.5248370592856437,0.6936675296447458,0.6934995270263561,0.6939680384043256,0.7576444993268968,0.7574143977003042,0.7580365916024887,0.6396539205004809,0.6394836638702723,0.6398855059356671,,,,,,
canonical/scmae_11datasets_20260609_12,Tosches,scdcc,3,3,2024;3407;42,success:3,0.6807401057293899,0.613641234462066,0.7161380197171024,0.7536624344546284,0.7386441372483626,0.766514323508219,0.5975851464869797,0.5123930993507599,0.6496912884486329,0.6634870970044923,0.644342240251114,0.6820287742994922,0.6634870970044923,0.644342240251114,0.6820287742994922,0.66501497465351,0.5933032187667071,0.7085818062456598,0.7536624344546284,0.7386441372483626,0.766514323508219,0.7904943886834458,0.7844071987728202,0.7961325542940247,0.7202156201775894,0.6979264450902839,0.7390208005900455,,,,,,
canonical/scmae_11datasets_20260609_12,Tosches,scmae,3,3,2024;3407;42,success:3,0.6829547078154022,0.629661380197171,0.7737891127303901,0.7516582335449048,0.7368185509416818,0.7743481227902873,0.605910700333159,0.5275274606723767,0.7588060054720188,0.7009204929022524,0.6669426084890727,0.7610984769037229,0.7009204929022524,0.6669426084890727,0.7610984769037229,0.6716176921485456,0.606281705824831,0.7999952631920837,0.7516582335449048,0.7368185509416818,0.7743481227902875,0.7815115029932768,0.76566780632387,0.7947343916697607,0.724158069541978,0.7074282752460244,0.7549815801401706,,,,15.0,15.0,15.0
canonical/scmae_11datasets_20260609_12,Tosches,scname,3,3,2024;3407;42,success:3,0.7192634662094585,0.6774539219888556,0.751553793399057,0.7604723286193654,0.7392896985612545,0.7847154484741381,0.6741829509641223,0.6169892669452759,0.7360608300147352,0.4957341851147261,0.46275621235253606,0.526283047707003,0.4957341851147261,0.46275621235253606,0.526283047707003,0.7649996179266124,0.7321027272159427,0.8029542731821141,0.7604723286193655,0.7392896985612546,0.7847154484741381,0.6619670696314325,0.6155842076066085,0.7030435794804091,0.8962604297669956,0.8757063515681953,0.9252180423219426,,,,,,
canonical/scmae_11datasets_20260609_12,Tosches,sczidesk,3,3,2024;3407;42,success:3,0.6696849549935705,0.5469352764680668,0.7569117016716674,0.740198610844569,0.7080003414477667,0.7680668624006485,0.6138331028383632,0.43605411634965413,0.7776410811102806,0.5347919371703328,0.5040986801425213,0.5514335102361105,0.5347919371703328,0.5040986801425213,0.5514335102361105,0.7013090987434533,0.5496123082441097,0.8215668025331023,0.7401986108445687,0.7080003414477667,0.7680668624006484,0.678114377462779,0.6492976421876974,0.722529401585491,0.8174720865460334,0.7601903009741661,0.8724955349361122,,,,,,
canonical/scmae_11datasets_20260609_12,Young,attentionae_sc,3,3,2024;3407;42,success:3,0.5759601289944297,0.5438874230430959,0.6353562005277045,0.542631076703548,0.5100871706514167,0.6045066818248848,0.3613777581246187,0.34803157593401685,0.38042694970916563,0.2818912995151453,0.19896429928914172,0.4433492806345218,0.2818912995151453,0.19896429928914172,0.4433492806345218,0.5555866769177767,0.5375104653940325,0.5668400866064478,0.5426310767035479,0.5100871706514167,0.6045066818248847,0.4235141489592909,0.3710131052199056,0.5244098094991336,0.7806910318003485,0.7134818893041501,0.8159429533246154,,,,,,
canonical/scmae_11datasets_20260609_12,Young,dec,3,3,2024;3407;42,success:3,0.4569920844327177,0.4293755496921724,0.5087071240105541,0.49454233375625006,0.4652532615799054,0.5259299876519083,0.31175526728379305,0.2731099287939184,0.3887097719997336,0.23306640761798827,0.2003359063240073,0.2646154747720318,0.23306640761798827,0.2003359063240073,0.2646154747720318,0.4816426322119156,0.46090856678441416,0.5220186362419472,0.4945423337562502,0.4652532615799054,0.5259299876519083,0.42143690425025815,0.3906305712198631,0.4660363246853948,0.6001331262883546,0.575119034494847,0.6217917144149072,,,,,,
canonical/scmae_11datasets_20260609_12,Young,desc,3,3,2024;3407;42,success:3,0.5513925535033715,0.4747581354441513,0.5908531222515392,0.5990447568187942,0.5702865601251577,0.6309512565057452,0.30346471347080584,0.24156781725228377,0.34272807365564717,0.4142722664832929,0.36311790870367805,0.47272702960581064,0.4142722664832929,0.36311790870367805,0.47272702960581064,0.4328747255884499,0.37799003761119443,0.4606238816199573,0.5990447568187941,0.5702865601251575,0.6309512565057452,0.5877560723071339,0.5665843905291483,0.6271748529923661,0.6112196135580257,0.574037429286397,0.6347734131758985,,,,,,
canonical/scmae_11datasets_20260609_12,Young,leiden,3,3,2024;3407;42,success:3,0.8167692758721783,0.7980650835532102,0.8309586631486368,0.6821858174812622,0.6664948444862745,0.6903958645484876,0.6379629616619358,0.62314932210878,0.645965875780315,0.785966281037922,0.7356385435492293,0.852863986825243,0.785966281037922,0.7356385435492293,0.852863986825243,0.7006106190493983,0.6884115112704746,0.7073716859930212,0.6821858174812623,0.6664948444862746,0.6903958645484877,0.6687389684537793,0.6543980054761832,0.6771997845891842,0.6961882529239493,0.6790473373910684,0.7054009721900232,,,,,,
canonical/scmae_11datasets_20260609_12,Young,louvain,3,3,2024;3407;42,success:3,0.7362063910876576,0.6832014072119613,0.7892700087950748,0.6494328820897677,0.6245763122048452,0.6712460391280852,0.5566238345802499,0.5134875256237231,0.5947807644527456,0.6631469689920451,0.5688400983271408,0.7644137859791499,0.6631469689920451,0.5688400983271408,0.7644137859791499,0.6476160284006344,0.620016584118753,0.6676936461387005,0.6494328820897678,0.6245763122048453,0.6712460391280852,0.6121737057777588,0.5788243584355837,0.629763941417709,0.6920157234773964,0.6768881778282878,0.7209772295986928,,,,,,
canonical/scmae_11datasets_20260609_12,Young,neighbormix_scmae,3,3,2024;3407;42,success:3,0.8363529756669598,0.8054529463500439,0.8967458223394899,0.8320468303249289,0.8098829042931162,0.8723168537414957,0.7509597686051492,0.7138731147267187,0.8237425426226582,0.8034255011506447,0.7639992564111016,0.8783153278965817,0.8034255011506447,0.7639992564111016,0.8783153278965817,0.7904985433691731,0.7589643135705718,0.8524440337995194,0.8320468303249289,0.809882904293116,0.8723168537414957,0.8435821787253698,0.8149306914737356,0.896833411074893,0.8209876764661589,0.8048972654641524,0.8491050375034286,,,,11.0,11.0,11.0
canonical/scmae_11datasets_20260609_12,Young,nm_scmae_nomix,3,3,2024;3407;42,success:3,0.822984462034594,0.8022867194371153,0.8564643799472296,0.823363392124065,0.8144044378907417,0.8367412944854559,0.7458080412855113,0.7217285626384216,0.7938762233479099,0.7378233524271977,0.7148334047356149,0.7675566115807407,0.7378233524271977,0.7148334047356149,0.7675566115807407,0.7861673082447037,0.7655606273093787,0.8272971808745483,0.8233633921240648,0.8144044378907416,0.8367412944854559,0.8371715812313495,0.8193311705998417,0.8674487257959242,0.8103016613723213,0.808133601244423,0.813234781815981,,,,11.0,11.0,11.0
canonical/scmae_11datasets_20260609_12,Young,sc3,3,3,2024;3407;42,success:3,0.09463500439753737,0.0040457343887423045,0.18153034300791557,0.743897772182641,0.7321224849422383,0.7537690587968924,0.6196370817013224,0.6007190866391235,0.6296469117303243,0.054042131349855915,0.0006310015164134518,0.15203118365408566,0.054042131349855915,0.0006310015164134518,0.15203118365408566,0.6795824584610263,0.662873977102321,0.6881860701339171,0.743897772182641,0.7321224849422382,0.7537690587968925,0.7859344199949989,0.7730712597231938,0.7971881013928142,0.7061302403309799,0.6952935157802754,0.7148353772246733,,,,,,
canonical/scmae_11datasets_20260609_12,Young,scdcc,3,3,2024;3407;42,success:3,0.8048666080328349,0.7748460861917327,0.8233948988566403,0.7948280477802476,0.7541783930688333,0.8247656783894138,0.6890189084437788,0.6110000160241714,0.7591404679775205,0.7260008851758578,0.7171638931088311,0.7422560088051878,0.7260008851758578,0.7171638931088311,0.7422560088051878,0.7386212980548509,0.6699807977060882,0.7983263998054941,0.7948280477802476,0.7541783930688333,0.8247656783894138,0.8293368782474895,0.7791766012866316,0.8581279053680255,0.7631876687217994,0.7307343504546194,0.7939004800341982,,,,,,
canonical/scmae_11datasets_20260609_12,Young,scmae,3,3,2024;3407;42,success:3,0.822984462034594,0.8022867194371153,0.8564643799472296,0.823363392124065,0.8144044378907417,0.8367412944854559,0.7458080412855113,0.7217285626384216,0.7938762233479099,0.7378233524271977,0.7148334047356149,0.7675566115807407,0.7378233524271977,0.7148334047356149,0.7675566115807407,0.7861673082447037,0.7655606273093787,0.8272971808745483,0.8233633921240648,0.8144044378907416,0.8367412944854559,0.8371715812313495,0.8193311705998417,0.8674487257959242,0.8103016613723213,0.808133601244423,0.813234781815981,,,,11.0,11.0,11.0
canonical/scmae_11datasets_20260609_12,Young,scname,3,3,2024;3407;42,success:3,0.7004983875696277,0.6372911169744943,0.7451187335092349,0.717212199075442,0.7022576481070991,0.7332246626588929,0.5749800529977853,0.4972598452999029,0.6190890647694591,0.5732819619681165,0.550735266295222,0.5890862066381304,0.5732819619681165,0.550735266295222,0.5890862066381304,0.6467800269122839,0.5896383601364393,0.6780415185010111,0.717212199075442,0.7022576481070991,0.7332246626588929,0.7125713186762201,0.689960382890247,0.7261374940968639,0.7222186424032464,0.7064418616844942,0.7452128456874234,,,,,,
canonical/scmae_11datasets_20260609_12,Young,sczidesk,3,3,2024;3407;42,success:3,0.49838756962767516,0.2635004397537379,0.6202286719437116,0.42276089599382055,0.0,0.6363774585634537,0.3012216966136719,0.0,0.4539984090627192,0.35192532322029213,0.037917810993127715,0.5279794690911335,0.35192532322029213,0.037917810993127715,0.5279794690911335,0.4941386407705786,0.39863336112131237,0.5466821337493109,0.4227608959938205,0.0,0.6363774585634537,0.4240218127502311,0.0,0.6491533813130544,0.7550855310515187,0.6240947129586084,1.0,,,,,,
canonical/scmae_11datasets_20260609_12,worm_neuron_cell,attentionae_sc,3,3,2024;3407;42,success:3,0.22901735945214208,0.20138557095078835,0.24319159101767798,0.0009324955522732216,0.0,0.0018395422495668106,-4.6777805536213765e-05,-0.00033550032989304064,0.00019516691328439934,0.037856660103942626,0.033960868304218815,0.04057815642214472,0.037856660103942626,0.033960868304218815,0.04057815642214472,0.3779120608680698,0.37725407737861794,0.37826610441598174,0.0009324955522732214,0.0,0.0018395422495668101,0.00046866421417454516,0.0,0.0009256757467755629,0.43842670709993703,0.14419378986957884,1.0,,,,,,
canonical/scmae_11datasets_20260609_12,worm_neuron_cell,dec,3,3,2024;3407;42,success:3,0.41304347826086957,0.356426182513139,0.4665551839464883,0.3379223444874331,0.24132692401749573,0.4016141730839473,0.1681325068426176,0.09134888104446846,0.23014901936312426,0.27360728384923233,0.18591460040938929,0.3296487288110187,0.27360728384923233,0.18591460040938929,0.3296487288110187,0.36928180568438435,0.33144922934275534,0.40786725876041796,0.337922344487433,0.2413269240174957,0.40161417308394726,0.2899619496484687,0.19557124401473872,0.37150018329383727,0.4101031143317769,0.3150313991447334,0.47823701556109305,,,,,,
canonical/scmae_11datasets_20260609_12,worm_neuron_cell,desc,3,3,2024;3407;42,success:3,0.7168338907469343,0.6966077400860009,0.730291447682752,0.6388853869537764,0.6199749519327058,0.6575551174793092,0.45248829210120567,0.41932716169839523,0.47027559572461414,0.699632023920776,0.6875342202061817,0.7119276758069784,0.699632023920776,0.6875342202061817,0.7119276758069784,0.5389054409602009,0.5120184968973461,0.5539428997587498,0.6388853869537764,0.6199749519327058,0.6575551174793093,0.6281872442808183,0.6075235545660002,0.6470520070910972,0.6499624581445148,0.6329474198771825,0.6684048322788976,,,,,,
canonical/scmae_11datasets_20260609_12,worm_neuron_cell,leiden,3,3,2024;3407;42,success:3,0.3293518076126772,0.32656473960821786,0.3325370281892021,0.14965253140673465,0.14719816005910785,0.1526760563760422,0.0531505899604415,0.05158247241094538,0.05437412220391676,0.2732968401069926,0.26990436618332975,0.27871608102066336,0.2732968401069926,0.26990436618332975,0.27871608102066336,0.3135451146069493,0.3113026404120172,0.31555139915974806,0.14965253140673468,0.14719816005910782,0.15267605637604223,0.11937648704650687,0.11784176211419042,0.12140312588657348,0.2005109125994584,0.19603344263971995,0.20565084110182294,,,,,,
canonical/scmae_11datasets_20260609_12,worm_neuron_cell,louvain,3,3,2024;3407;42,success:3,0.30442745660136966,0.27687529861442906,0.31868131868131866,0.1142053569927331,0.09078622938117129,0.12687339566919845,0.04187724038969387,0.03414756182453992,0.049171546125558144,0.22820490288141415,0.16740829044853048,0.2775868601632388,0.22820490288141415,0.16740829044853048,0.2775868601632388,0.28221902277567046,0.2676437134588212,0.3112408015306346,0.1142053569927331,0.09078622938117129,0.12687339566919845,0.09110436113440401,0.071909695595259,0.10499172772857981,0.15363030868400532,0.12310052609178584,0.17751308758570084,,,,,,
canonical/scmae_11datasets_20260609_12,worm_neuron_cell,neighbormix_scmae,3,3,2024;3407;42,success:3,0.6431756649147954,0.6039178213091256,0.677257525083612,0.6094854262451023,0.5963737296134507,0.6348952980088419,0.437068008075359,0.4292892235397925,0.4430304144851555,0.634732041535238,0.5860512913207583,0.7008210215994267,0.634732041535238,0.5860512913207583,0.7008210215994267,0.5250291516078766,0.524062307255791,0.5258067653320188,0.6094854262451024,0.5963737296134509,0.634895298008842,0.5932092537181094,0.5664280904353676,0.6228022149588711,0.6271394842551935,0.6024722298688526,0.6474673084237808,,,,10.0,10.0,10.0
canonical/scmae_11datasets_20260609_12,worm_neuron_cell,nm_scmae_nomix,3,3,2024;3407;42,success:3,0.7180283484631311,0.7059245102723364,0.7243191591017678,0.6430065354730097,0.6220898762635083,0.6782627956902316,0.4815982918266428,0.4460306263520959,0.5019703370708466,0.7066906021314706,0.6764616218098138,0.7265578546975126,0.7066906021314706,0.6764616218098138,0.7265578546975126,0.5785968419518746,0.5763324687856947,0.5808923640668064,0.6430065354730098,0.6220898762635083,0.6782627956902316,0.6133943542875925,0.600895945303081,0.6226811946634119,0.67774088600454,0.6347688712674635,0.7536202774392817,,,,10.0,10.0,10.0
canonical/scmae_11datasets_20260609_12,worm_neuron_cell,sc3,3,3,2024;3407;42,success:3,0.14222009874183786,0.07835642618251314,0.18490205446727187,0.5124679200085117,0.5066561473789251,0.5234062077109297,0.2807387750150654,0.27568828363396125,0.2907310351781901,0.08690365460282573,0.037519383774016105,0.16998657532377778,0.08690365460282573,0.037519383774016105,0.16998657532377778,0.4016793062280802,0.3928045661410286,0.41939855209119675,0.5124679200085117,0.5066561473789251,0.5234062077109297,0.490961534512313,0.4881572848160607,0.49591037699700297,0.5360225023191871,0.5266122729223105,0.5541300368405676,,,,,,
canonical/scmae_11datasets_20260609_12,worm_neuron_cell,scdcc,3,3,2024;3407;42,success:3,0.6767001114827202,0.6383182035355949,0.7247969421882465,0.6878532402763762,0.6850444196536707,0.6933412395186954,0.5198364686508624,0.47869239531836644,0.5662076028012548,0.6391500711882907,0.6330325576957974,0.6423098039058497,0.6391500711882907,0.6330325576957974,0.6423098039058497,0.5965884940780176,0.5540080563605764,0.63769244771809,0.6878532402763762,0.6850444196536707,0.6933412395186955,0.6745725759521876,0.664520432238301,0.6883626821694376,0.7021070714572302,0.6817579951297067,0.7174104950813859,,,,,,
canonical/scmae_11datasets_20260609_12,worm_neuron_cell,scmae,3,3,2024;3407;42,success:3,0.7180283484631311,0.7059245102723364,0.7243191591017678,0.6430065354730097,0.6220898762635083,0.6782627956902316,0.4815982918266428,0.4460306263520959,0.5019703370708466,0.7066906021314706,0.6764616218098138,0.7265578546975126,0.7066906021314706,0.6764616218098138,0.7265578546975126,0.5785968419518746,0.5763324687856947,0.5808923640668064,0.6430065354730098,0.6220898762635083,0.6782627956902316,0.6133943542875925,0.600895945303081,0.6226811946634119,0.67774088600454,0.6347688712674635,0.7536202774392817,,,,10.0,10.0,10.0
canonical/scmae_11datasets_20260609_12,worm_neuron_cell,scname,3,3,2024;3407;42,success:3,0.5723045070871158,0.49880554228380314,0.6435738174868609,0.49998143472697665,0.44554038125026496,0.5371124807369732,0.3207219717681528,0.22883491046362514,0.4090432906559068,0.5548804657171359,0.4671010634966031,0.6165761528800178,0.5548804657171359,0.4671010634966031,0.6165761528800178,0.4341012238794608,0.3731336368543757,0.4937063485484082,0.49998143472697665,0.44554038125026496,0.5371124807369732,0.49095269569158656,0.425065934886049,0.5400706573138867,0.5098342246847017,0.46808705585364985,0.5341865337880796,,,,,,
canonical/scmae_11datasets_20260609_12,worm_neuron_cell,sczidesk,3,3,2024;3407;42,success:3,0.521340977862717,0.4498327759197324,0.5645007166746298,0.48038023738288893,0.44584602452331307,0.5196854599524768,0.29126742524864896,0.25267699936315746,0.3143330750400471,0.5019818102500756,0.44203790231851314,0.5453242350307385,0.5019818102500756,0.44203790231851314,0.5453242350307385,0.3962483507815324,0.35659267612570483,0.42553688333086576,0.4803802373828889,0.445846024523313,0.5196854599524767,0.4795351286396256,0.4512511010409626,0.5089288112480878,0.48143382374825566,0.4405688992021975,0.5309066287567399,,,,,,
experiments/cutaware_neighbormix_20260615,Macosko,canm_cut_ot,1,1,42,completed_no_status_json:1,0.6561328334226031,0.6561328334226031,0.6561328334226031,0.0,0.0,0.0,0.0,0.0,0.0,0.0660306166451056,0.0660306166451056,0.0660306166451056,0.0660306166451056,0.0660306166451056,0.0660306166451056,0.6805487167810241,0.6805487167810241,0.6805487167810241,0.0,0.0,0.0,0.0,0.0,0.0,1.0,1.0,1.0,,,,1.0,1.0,1.0
experiments/cutaware_neighbormix_20260615,Macosko,canm_cut_ot_warm,1,1,42,completed_no_status_json:1,0.6561328334226031,0.6561328334226031,0.6561328334226031,0.0,0.0,0.0,0.0,0.0,0.0,0.0660306166451056,0.0660306166451056,0.0660306166451056,0.0660306166451056,0.0660306166451056,0.0660306166451056,0.6805487167810241,0.6805487167810241,0.6805487167810241,0.0,0.0,0.0,0.0,0.0,0.0,1.0,1.0,1.0,,,,1.0,1.0,1.0
experiments/cutaware_neighbormix_20260615,Macosko,canm_cut_reweighted_mix,1,1,42,completed_no_status_json:1,0.5819496518478843,0.5819496518478843,0.5819496518478843,0.6232832435020494,0.6232832435020494,0.6232832435020494,0.3732874256022652,0.3732874256022652,0.3732874256022652,0.6574832022135308,0.6574832022135308,0.6574832022135308,0.6574832022135308,0.6574832022135308,0.6574832022135308,0.596855356378469,0.596855356378469,0.596855356378469,0.6232832435020496,0.6232832435020496,0.6232832435020496,0.8194469352530362,0.8194469352530362,0.8194469352530362,0.50289700609868,0.50289700609868,0.50289700609868,,,,12.0,12.0,12.0
experiments/cutaware_neighbormix_20260615,Macosko,canm_diagnostic_only,1,1,42,completed_no_status_json:1,0.5176977325477593,0.5176977325477593,0.5176977325477593,0.6219937052585729,0.6219937052585729,0.6219937052585729,0.4100517814684983,0.4100517814684983,0.4100517814684983,0.5497593568636084,0.5497593568636084,0.5497593568636084,0.5497593568636084,0.5497593568636084,0.5497593568636084,0.6263767929627565,0.6263767929627565,0.6263767929627565,0.6219937052585729,0.6219937052585729,0.6219937052585729,0.813743563665959,0.813743563665959,0.813743563665959,0.5033781058967335,0.5033781058967335,0.5033781058967335,,,,12.0,12.0,12.0
experiments/cutaware_neighbormix_20260615,Macosko,canm_gated_cut_mix,1,1,42,completed_no_status_json:1,0.4431574718800214,0.4431574718800214,0.4431574718800214,0.5662881511847346,0.5662881511847346,0.5662881511847346,0.2923443703710783,0.2923443703710783,0.2923443703710783,0.4613750548175777,0.4613750548175777,0.4613750548175777,0.4613750548175777,0.4613750548175777,0.4613750548175777,0.526493378070134,0.526493378070134,0.526493378070134,0.5662881511847346,0.5662881511847346,0.5662881511847346,0.7921664528345014,0.7921664528345014,0.7921664528345014,0.4406431780432608,0.4406431780432608,0.4406431780432608,,,,12.0,12.0,12.0
experiments/cutaware_neighbormix_20260615,Macosko,canm_gated_cut_warm,1,1,42,completed_no_status_json:1,0.4383369041242635,0.4383369041242635,0.4383369041242635,0.5635115570660539,0.5635115570660539,0.5635115570660539,0.2907788767930447,0.2907788767930447,0.2907788767930447,0.458988323773603,0.458988323773603,0.458988323773603,0.458988323773603,0.458988323773603,0.458988323773603,0.525083221232941,0.525083221232941,0.525083221232941,0.5635115570660538,0.5635115570660538,0.5635115570660538,0.7881436223524653,0.7881436223524653,0.7881436223524653,0.4385255740675712,0.4385255740675712,0.4385255740675712,,,,12.0,12.0,12.0
experiments/cutaware_neighbormix_20260615,Macosko,canm_mix_plus_cut,1,1,42,completed_no_status_json:1,0.6561328334226031,0.6561328334226031,0.6561328334226031,0.0,0.0,0.0,0.0,0.0,0.0,0.0660306166451056,0.0660306166451056,0.0660306166451056,0.0660306166451056,0.0660306166451056,0.0660306166451056,0.6805487167810241,0.6805487167810241,0.6805487167810241,0.0,0.0,0.0,0.0,0.0,0.0,1.0,1.0,1.0,,,,1.0,1.0,1.0
experiments/cutaware_neighbormix_20260615,Macosko,canm_mix_plus_cut_warm,1,1,42,completed_no_status_json:1,0.6561328334226031,0.6561328334226031,0.6561328334226031,0.0,0.0,0.0,0.0,0.0,0.0,0.0660306166451056,0.0660306166451056,0.0660306166451056,0.0660306166451056,0.0660306166451056,0.0660306166451056,0.6805487167810241,0.6805487167810241,0.6805487167810241,0.0,0.0,0.0,0.0,0.0,0.0,1.0,1.0,1.0,,,,1.0,1.0,1.0
experiments/cutaware_neighbormix_20260615,Melanoma_5K,canm_cut_ot,1,1,42,completed_no_status_json:1,0.6705074230002216,0.6705074230002216,0.6705074230002216,0.6738938765810111,0.6738938765810111,0.6738938765810111,0.5484888723048812,0.5484888723048812,0.5484888723048812,0.5294217696795741,0.5294217696795741,0.5294217696795741,0.5294217696795741,0.5294217696795741,0.5294217696795741,0.6362650998256687,0.6362650998256687,0.6362650998256687,0.673893876581011,0.673893876581011,0.673893876581011,0.7146725487762968,0.7146725487762968,0.7146725487762968,0.6375176067112438,0.6375176067112438,0.6375176067112438,,,,9.0,9.0,9.0
experiments/cutaware_neighbormix_20260615,Melanoma_5K,canm_cut_ot_warm,1,1,42,completed_no_status_json:1,0.718147573676047,0.718147573676047,0.718147573676047,0.6844802694575401,0.6844802694575401,0.6844802694575401,0.6202892450318266,0.6202892450318266,0.6202892450318266,0.5913981894993184,0.5913981894993184,0.5913981894993184,0.5913981894993184,0.5913981894993184,0.5913981894993184,0.6948034753993578,0.6948034753993578,0.6948034753993578,0.6844802694575401,0.6844802694575401,0.6844802694575401,0.7230861912899256,0.7230861912899256,0.7230861912899256,0.6497877850228949,0.6497877850228949,0.6497877850228949,,,,9.0,9.0,9.0
experiments/cutaware_neighbormix_20260615,Melanoma_5K,canm_cut_reweighted_mix,1,1,42,completed_no_status_json:1,0.7349878129847108,0.7349878129847108,0.7349878129847108,0.7320136007131621,0.7320136007131621,0.7320136007131621,0.664733700215499,0.664733700215499,0.664733700215499,0.6517158276757967,0.6517158276757967,0.6517158276757967,0.6517158276757967,0.6517158276757967,0.6517158276757967,0.7312647597477174,0.7312647597477174,0.7312647597477174,0.7320136007131621,0.7320136007131621,0.7320136007131621,0.7604423598126911,0.7604423598126911,0.7604423598126911,0.7056338311749534,0.7056338311749534,0.7056338311749534,,,,9.0,9.0,9.0
experiments/cutaware_neighbormix_20260615,Melanoma_5K,canm_diagnostic_only,1,1,42,completed_no_status_json:1,0.7374252160425437,0.7374252160425437,0.7374252160425437,0.7353389707886173,0.7353389707886173,0.7353389707886173,0.6656458656897767,0.6656458656897767,0.6656458656897767,0.6515268801333248,0.6515268801333248,0.6515268801333248,0.6515268801333248,0.6515268801333248,0.6515268801333248,0.7319574158076804,0.7319574158076804,0.7319574158076804,0.7353389707886173,0.7353389707886173,0.7353389707886173,0.765722723941511,0.765722723941511,0.765722723941511,0.7072744361880594,0.7072744361880594,0.7072744361880594,,,,9.0,9.0,9.0
experiments/cutaware_neighbormix_20260615,Melanoma_5K,canm_gated_cut_mix,1,1,42,completed_no_status_json:1,0.7239087081763793,0.7239087081763793,0.7239087081763793,0.7247762485646302,0.7247762485646302,0.7247762485646302,0.6606284100119668,0.6606284100119668,0.6606284100119668,0.5273443987085328,0.5273443987085328,0.5273443987085328,0.5273443987085328,0.5273443987085328,0.5273443987085328,0.7279057830277426,0.7279057830277426,0.7279057830277426,0.7247762485646303,0.7247762485646303,0.7247762485646303,0.7531496815486586,0.7531496815486586,0.7531496815486586,0.698463027708251,0.698463027708251,0.698463027708251,,,,9.0,9.0,9.0
experiments/cutaware_neighbormix_20260615,Melanoma_5K,canm_gated_cut_warm,1,1,42,completed_no_status_json:1,0.7358741413693773,0.7358741413693773,0.7358741413693773,0.7334881948191488,0.7334881948191488,0.7334881948191488,0.6657070348309279,0.6657070348309279,0.6657070348309279,0.6528129657567683,0.6528129657567683,0.6528129657567683,0.6528129657567683,0.6528129657567683,0.6528129657567683,0.732056809986504,0.732056809986504,0.732056809986504,0.7334881948191488,0.7334881948191488,0.7334881948191488,0.7618500674326621,0.7618500674326621,0.7618500674326621,0.7071622211268747,0.7071622211268747,0.7071622211268747,,,,9.0,9.0,9.0
experiments/cutaware_neighbormix_20260615,Melanoma_5K,canm_mix_plus_cut,1,1,42,completed_no_status_json:1,0.6335032129403945,0.6335032129403945,0.6335032129403945,0.642015893197721,0.642015893197721,0.642015893197721,0.5434081694441121,0.5434081694441121,0.5434081694441121,0.5512921983150814,0.5512921983150814,0.5512921983150814,0.5512921983150814,0.5512921983150814,0.5512921983150814,0.6319810704378395,0.6319810704378395,0.6319810704378395,0.642015893197721,0.642015893197721,0.642015893197721,0.7013140393419709,0.7013140393419709,0.7013140393419709,0.5919636418819824,0.5919636418819824,0.5919636418819824,,,,9.0,9.0,9.0
experiments/cutaware_neighbormix_20260615,Melanoma_5K,canm_mix_plus_cut_warm,1,1,42,completed_no_status_json:1,0.7174828273875471,0.7174828273875471,0.7174828273875471,0.6850066140534029,0.6850066140534029,0.6850066140534029,0.6197965909381453,0.6197965909381453,0.6197965909381453,0.5914346785088255,0.5914346785088255,0.5914346785088255,0.5914346785088255,0.5914346785088255,0.5914346785088255,0.6943751774188648,0.6943751774188648,0.6943751774188648,0.6850066140534029,0.6850066140534029,0.6850066140534029,0.7242152620541237,0.7242152620541237,0.7242152620541237,0.6498253957881065,0.6498253957881065,0.6498253957881065,,,,9.0,9.0,9.0
experiments/cutaware_neighbormix_20260615,SRP182008,canm_cut_ot,1,1,42,completed_no_status_json:1,0.1900991564303685,0.1900991564303685,0.1900991564303685,0.0,0.0,0.0,0.0,0.0,0.0,0.0212978507326576,0.0212978507326576,0.0212978507326576,0.0212978507326576,0.0212978507326576,0.0212978507326576,0.3141022906880261,0.3141022906880261,0.3141022906880261,0.0,0.0,0.0,0.0,0.0,0.0,1.0,1.0,1.0,,,,1.0,1.0,1.0
experiments/cutaware_neighbormix_20260615,SRP182008,canm_cut_ot_warm,1,1,42,completed_no_status_json:1,0.1900991564303685,0.1900991564303685,0.1900991564303685,0.0,0.0,0.0,0.0,0.0,0.0,0.0212978507326576,0.0212978507326576,0.0212978507326576,0.0212978507326576,0.0212978507326576,0.0212978507326576,0.3141022906880261,0.3141022906880261,0.3141022906880261,0.0,0.0,0.0,0.0,0.0,0.0,1.0,1.0,1.0,,,,1.0,1.0,1.0
experiments/cutaware_neighbormix_20260615,SRP182008,canm_cut_reweighted_mix,1,1,42,completed_no_status_json:1,0.5947905875388486,0.5947905875388486,0.5947905875388486,0.6208814090020858,0.6208814090020858,0.6208814090020858,0.4443267937614685,0.4443267937614685,0.4443267937614685,0.5511933291375806,0.5511933291375806,0.5511933291375806,0.5511933291375806,0.5511933291375806,0.5511933291375806,0.5002686055751966,0.5002686055751966,0.5002686055751966,0.6208814090020858,0.6208814090020858,0.6208814090020858,0.6148978056866836,0.6148978056866836,0.6148978056866836,0.6269826101941565,0.6269826101941565,0.6269826101941565,,,,15.0,15.0,15.0
experiments/cutaware_neighbormix_20260615,SRP182008,canm_diagnostic_only,1,1,42,completed_no_status_json:1,0.6115879828326181,0.6115879828326181,0.6115879828326181,0.633153508835296,0.633153508835296,0.633153508835296,0.4600076264889612,0.4600076264889612,0.4600076264889612,0.5671453485179491,0.5671453485179491,0.5671453485179491,0.5671453485179491,0.5671453485179491,0.5671453485179491,0.5146255104868303,0.5146255104868303,0.5146255104868303,0.633153508835296,0.633153508835296,0.633153508835296,0.6245332319679,0.6245332319679,0.6245332319679,0.6420150833492351,0.6420150833492351,0.6420150833492351,,,,15.0,15.0,15.0
experiments/cutaware_neighbormix_20260615,SRP182008,canm_gated_cut_mix,1,1,42,completed_no_status_json:1,0.6089240787331656,0.6089240787331656,0.6089240787331656,0.6292471868145683,0.6292471868145683,0.6292471868145683,0.451480493789229,0.451480493789229,0.451480493789229,0.5678406654400341,0.5678406654400341,0.5678406654400341,0.5678406654400341,0.5678406654400341,0.5678406654400341,0.5061664110777105,0.5061664110777105,0.5061664110777105,0.6292471868145684,0.6292471868145684,0.6292471868145684,0.6250793253244191,0.6250793253244191,0.6250793253244191,0.6334710017551298,0.6334710017551298,0.6334710017551298,,,,15.0,15.0,15.0
experiments/cutaware_neighbormix_20260615,SRP182008,canm_gated_cut_warm,1,1,42,completed_no_status_json:1,0.5945685955305609,0.5945685955305609,0.5945685955305609,0.6250836428651136,0.6250836428651136,0.6250836428651136,0.4445743367560012,0.4445743367560012,0.4445743367560012,0.5661506632752006,0.5661506632752006,0.5661506632752006,0.5661506632752006,0.5661506632752006,0.5661506632752006,0.5003684676882806,0.5003684676882806,0.5003684676882806,0.6250836428651135,0.6250836428651135,0.6250836428651135,0.6190169412920163,0.6190169412920163,0.6190169412920163,0.6312704353219141,0.6312704353219141,0.6312704353219141,,,,15.0,15.0,15.0
experiments/cutaware_neighbormix_20260615,SRP182008,canm_mix_plus_cut,1,1,42,completed_no_status_json:1,0.1900991564303685,0.1900991564303685,0.1900991564303685,0.0,0.0,0.0,0.0,0.0,0.0,0.0212978507326576,0.0212978507326576,0.0212978507326576,0.0212978507326576,0.0212978507326576,0.0212978507326576,0.3141022906880261,0.3141022906880261,0.3141022906880261,0.0,0.0,0.0,0.0,0.0,0.0,1.0,1.0,1.0,,,,1.0,1.0,1.0
experiments/cutaware_neighbormix_20260615,SRP182008,canm_mix_plus_cut_warm,1,1,42,completed_no_status_json:1,0.1900991564303685,0.1900991564303685,0.1900991564303685,0.0,0.0,0.0,0.0,0.0,0.0,0.0212978507326576,0.0212978507326576,0.0212978507326576,0.0212978507326576,0.0212978507326576,0.0212978507326576,0.3141022906880261,0.3141022906880261,0.3141022906880261,0.0,0.0,0.0,0.0,0.0,0.0,1.0,1.0,1.0,,,,1.0,1.0,1.0
experiments/cutaware_neighbormix_20260615,Tosches,canm_cut_ot,1,1,42,completed_no_status_json:1,0.3490141448778397,0.3490141448778397,0.3490141448778397,0.0,0.0,0.0,0.0,0.0,0.0,0.0344957237800195,0.0344957237800195,0.0344957237800195,0.0344957237800195,0.0344957237800195,0.0344957237800195,0.4181979864066099,0.4181979864066099,0.4181979864066099,0.0,0.0,0.0,0.0,0.0,0.0,1.0,1.0,1.0,,,,1.0,1.0,1.0
experiments/cutaware_neighbormix_20260615,Tosches,canm_cut_ot_warm,1,1,42,completed_no_status_json:1,0.3490141448778397,0.3490141448778397,0.3490141448778397,0.0,0.0,0.0,0.0,0.0,0.0,0.0344957237800195,0.0344957237800195,0.0344957237800195,0.0344957237800195,0.0344957237800195,0.0344957237800195,0.4181979864066099,0.4181979864066099,0.4181979864066099,0.0,0.0,0.0,0.0,0.0,0.0,1.0,1.0,1.0,,,,1.0,1.0,1.0
experiments/cutaware_neighbormix_20260615,Tosches,canm_cut_reweighted_mix,1,1,42,completed_no_status_json:1,0.7430347192456065,0.7430347192456065,0.7430347192456065,0.770778720917153,0.770778720917153,0.770778720917153,0.7389076207884887,0.7389076207884887,0.7389076207884887,0.7118947534910398,0.7118947534910398,0.7118947534910398,0.7118947534910398,0.7118947534910398,0.7118947534910398,0.7834142510571392,0.7834142510571392,0.7834142510571392,0.770778720917153,0.770778720917153,0.770778720917153,0.7772888128137166,0.7772888128137166,0.7772888128137166,0.7643767723115459,0.7643767723115459,0.7643767723115459,,,,15.0,15.0,15.0
experiments/cutaware_neighbormix_20260615,Tosches,canm_diagnostic_only,1,1,42,completed_no_status_json:1,0.7628054007715388,0.7628054007715388,0.7628054007715388,0.7757439487476832,0.7757439487476832,0.7757439487476832,0.7444738515776234,0.7444738515776234,0.7444738515776234,0.7306590415484122,0.7306590415484122,0.7306590415484122,0.7306590415484122,0.7306590415484122,0.7306590415484122,0.7879357277451227,0.7879357277451227,0.7879357277451227,0.775743948747683,0.775743948747683,0.775743948747683,0.7824579282996339,0.7824579282996339,0.7824579282996339,0.7691442092516073,0.7691442092516073,0.7691442092516073,,,,15.0,15.0,15.0
experiments/cutaware_neighbormix_20260615,Tosches,canm_gated_cut_mix,1,1,42,completed_no_status_json:1,0.6284826403771967,0.6284826403771967,0.6284826403771967,0.7203884628716325,0.7203884628716325,0.7203884628716325,0.5211912275080864,0.5211912275080864,0.5211912275080864,0.6840303871385982,0.6840303871385982,0.6840303871385982,0.6840303871385982,0.6840303871385982,0.6840303871385982,0.6038678163092732,0.6038678163092732,0.6038678163092732,0.7203884628716325,0.7203884628716325,0.7203884628716325,0.7754360172322692,0.7754360172322692,0.7754360172322692,0.6726384237051257,0.6726384237051257,0.6726384237051257,,,,15.0,15.0,15.0
experiments/cutaware_neighbormix_20260615,Tosches,canm_gated_cut_warm,1,1,42,completed_no_status_json:1,0.6074796399485641,0.6074796399485641,0.6074796399485641,0.7317943970869679,0.7317943970869679,0.7317943970869679,0.5193145582809773,0.5193145582809773,0.5193145582809773,0.6416620540890886,0.6416620540890886,0.6416620540890886,0.6416620540890886,0.6416620540890886,0.6416620540890886,0.5992137036628086,0.5992137036628086,0.5992137036628086,0.7317943970869678,0.7317943970869678,0.7317943970869678,0.7740593977280141,0.7740593977280141,0.7740593977280141,0.693905917061394,0.693905917061394,0.693905917061394,,,,15.0,15.0,15.0
experiments/cutaware_neighbormix_20260615,Tosches,canm_mix_plus_cut,1,1,42,completed_no_status_json:1,0.3490141448778397,0.3490141448778397,0.3490141448778397,0.0,0.0,0.0,0.0,0.0,0.0,0.0344957237800195,0.0344957237800195,0.0344957237800195,0.0344957237800195,0.0344957237800195,0.0344957237800195,0.4181979864066099,0.4181979864066099,0.4181979864066099,0.0,0.0,0.0,0.0,0.0,0.0,1.0,1.0,1.0,,,,1.0,1.0,1.0
experiments/cutaware_neighbormix_20260615,Tosches,canm_mix_plus_cut_warm,1,1,42,completed_no_status_json:1,0.3490141448778397,0.3490141448778397,0.3490141448778397,0.0,0.0,0.0,0.0,0.0,0.0,0.0344957237800195,0.0344957237800195,0.0344957237800195,0.0344957237800195,0.0344957237800195,0.0344957237800195,0.4181979864066099,0.4181979864066099,0.4181979864066099,0.0,0.0,0.0,0.0,0.0,0.0,1.0,1.0,1.0,,,,1.0,1.0,1.0
experiments/cutaware_neighbormix_20260615,Wang,canm_cut_ot,1,1,42,completed_no_status_json:1,0.9325559407500787,0.9325559407500787,0.9325559407500787,0.6508291884605538,0.6508291884605538,0.6508291884605538,0.7330632097500518,0.7330632097500518,0.7330632097500518,0.910776510913091,0.910776510913091,0.910776510913091,0.910776510913091,0.910776510913091,0.910776510913091,0.9004645894083512,0.9004645894083512,0.9004645894083512,0.6508291884605539,0.6508291884605539,0.6508291884605539,0.6952069148544062,0.6952069148544062,0.6952069148544062,0.6117771070031992,0.6117771070031992,0.6117771070031992,,,,2.0,2.0,2.0
experiments/cutaware_neighbormix_20260615,Wang,canm_cut_ot_warm,1,1,42,completed_no_status_json:1,0.947053261897258,0.947053261897258,0.947053261897258,0.6967659908540387,0.6967659908540387,0.6967659908540387,0.7852678042917005,0.7852678042917005,0.7852678042917005,0.928520226600478,0.928520226600478,0.928520226600478,0.928520226600478,0.928520226600478,0.928520226600478,0.9212955467879874,0.9212955467879874,0.9212955467879874,0.6967659908540389,0.6967659908540389,0.6967659908540389,0.7347506938894985,0.7347506938894985,0.7347506938894985,0.6625156519241545,0.6625156519241545,0.6625156519241545,,,,2.0,2.0,2.0
experiments/cutaware_neighbormix_20260615,Wang,canm_cut_reweighted_mix,1,1,42,completed_no_status_json:1,0.9860279441117764,0.9860279441117764,0.9860279441117764,0.8693807179817733,0.8693807179817733,0.8693807179817733,0.9391771630721,0.9391771630721,0.9391771630721,0.9798526733492088,0.9798526733492088,0.9798526733492088,0.9798526733492088,0.9798526733492088,0.9798526733492088,0.978923124249948,0.978923124249948,0.978923124249948,0.8693807179817734,0.8693807179817734,0.8693807179817734,0.8761926711364075,0.8761926711364075,0.8761926711364075,0.8626738666680683,0.8626738666680683,0.8626738666680683,,,,2.0,2.0,2.0
experiments/cutaware_neighbormix_20260615,Wang,canm_diagnostic_only,1,1,42,completed_no_status_json:1,0.9359176384073956,0.9359176384073956,0.9359176384073956,0.6623453270241056,0.6623453270241056,0.6623453270241056,0.7449928105412928,0.7449928105412928,0.7449928105412928,0.9148719561533376,0.9148719561533376,0.9148719561533376,0.9148719561533376,0.9148719561533376,0.9148719561533376,0.9052514349066472,0.9052514349066472,0.9052514349066472,0.6623453270241055,0.6623453270241055,0.6623453270241055,0.7056807586301614,0.7056807586301614,0.7056807586301614,0.6240243654841531,0.6240243654841531,0.6240243654841531,,,,2.0,2.0,2.0
experiments/cutaware_neighbormix_20260615,Wang,canm_gated_cut_mix,1,1,42,completed_no_status_json:1,0.9859228910599852,0.9859228910599852,0.9859228910599852,0.8688984111855032,0.8688984111855032,0.8688984111855032,0.9387409999669464,0.9387409999669464,0.9387409999669464,0.9797113959086924,0.9797113959086924,0.9797113959086924,0.9797113959086924,0.9797113959086924,0.9797113959086924,0.9787626820516816,0.9787626820516816,0.9787626820516816,0.8688984111855032,0.8688984111855032,0.8688984111855032,0.8760256061517265,0.8760256061517265,0.8760256061517265,0.8618862515971266,0.8618862515971266,0.8618862515971266,,,,2.0,2.0,2.0
experiments/cutaware_neighbormix_20260615,Wang,canm_gated_cut_warm,1,1,42,completed_no_status_json:1,0.9860279441117764,0.9860279441117764,0.9860279441117764,0.8693807179817733,0.8693807179817733,0.8693807179817733,0.9391771630721,0.9391771630721,0.9391771630721,0.9798526733492088,0.9798526733492088,0.9798526733492088,0.9798526733492088,0.9798526733492088,0.9798526733492088,0.978923124249948,0.978923124249948,0.978923124249948,0.8693807179817734,0.8693807179817734,0.8693807179817734,0.8761926711364075,0.8761926711364075,0.8761926711364075,0.8626738666680683,0.8626738666680683,0.8626738666680683,,,,2.0,2.0,2.0
experiments/cutaware_neighbormix_20260615,Wang,canm_mix_plus_cut,1,1,42,completed_no_status_json:1,0.9329761529572436,0.9329761529572436,0.9329761529572436,0.6559951676971513,0.6559951676971513,0.6559951676971513,0.7346703091316307,0.7346703091316307,0.7346703091316307,0.9113810790949932,0.9113810790949932,0.9113810790949932,0.9113810790949932,0.9113810790949932,0.9113810790949932,0.9010336291680195,0.9010336291680195,0.9010336291680195,0.6559951676971514,0.6559951676971514,0.6559951676971514,0.7009641870758716,0.7009641870758716,0.7009641870758716,0.6164481155572814,0.6164481155572814,0.6164481155572814,,,,2.0,2.0,2.0
experiments/cutaware_neighbormix_20260615,Wang,canm_mix_plus_cut_warm,1,1,42,completed_no_status_json:1,0.947053261897258,0.947053261897258,0.947053261897258,0.6967659908540387,0.6967659908540387,0.6967659908540387,0.7852678042917005,0.7852678042917005,0.7852678042917005,0.928520226600478,0.928520226600478,0.928520226600478,0.928520226600478,0.928520226600478,0.928520226600478,0.9212955467879874,0.9212955467879874,0.9212955467879874,0.6967659908540389,0.6967659908540389,0.6967659908540389,0.7347506938894985,0.7347506938894985,0.7347506938894985,0.6625156519241545,0.6625156519241545,0.6625156519241545,,,,2.0,2.0,2.0
experiments/neighbormix_beta_mechanism_20260617,Guo,anchor_target_local_mix,3,3,0;1;2,completed_no_status_json:3,0.8801232665639445,0.8702619414483821,0.8975346687211094,0.8599568674702422,0.8528926275236677,0.8712022350330049,0.8490489579972259,0.8338649768105815,0.8681662989139378,0.8262221626400875,0.8053877850930684,0.8462778972098359,0.8262221626400875,0.8053877850930684,0.8462778972098359,0.8707792626974419,0.8577224326035491,0.8872213714537734,0.8599568674702422,0.8528926275236677,0.8712022350330049,0.8674688543633365,0.8573499577157586,0.8793482684253704,0.8525852080950377,0.8460684782391317,0.8632057414402607,,,,12.0,12.0,12.0
experiments/neighbormix_beta_mechanism_20260617,Guo,bernoulli_beta_0_or_0.1_p0.5,3,3,0;1;2,completed_no_status_json:3,0.873240883410375,0.8616332819722651,0.8946070878274268,0.8542104464352739,0.8456552970171036,0.8687237135120793,0.8398901135217276,0.8251864200536888,0.8614770984558482,0.8088434794187015,0.7791572746954979,0.8251819172273916,0.8088434794187015,0.7791572746954979,0.8251819172273916,0.8628985566189628,0.8502630330407391,0.8814205553423046,0.8542104464352739,0.8456552970171035,0.8687237135120793,0.8613417652655397,0.8510845526815183,0.8785472789209368,0.8472037070333576,0.8402948711060036,0.8591174052047085,,,,12.0,12.0,12.0
experiments/neighbormix_beta_mechanism_20260617,Guo,beta_distribution_mean0.05_lowvar,3,3,0;1;2,completed_no_status_json:3,0.8786851566512582,0.8633281972265023,0.9012326656394452,0.858506974931041,0.847192296145984,0.8745498787615843,0.8485060033143923,0.8305140470231107,0.872705218282756,0.8049818689966141,0.7795493227772424,0.8299199963044118,0.8049818689966141,0.7795493227772424,0.8299199963044118,0.8703185021405363,0.8548467990528612,0.8911159211658984,0.8585069749310411,0.8471922961459841,0.8745498787615844,0.865914023360021,0.8522092468198176,0.8823555844179846,0.8512326198092315,0.8422340692818924,0.8668810674893227,,,,12.0,12.0,12.0
experiments/neighbormix_beta_mechanism_20260617,Guo,fixed_beta_0.025,3,3,0;1;2,completed_no_status_json:3,0.8690292758089369,0.85115562403698,0.8899845916795069,0.851199150744493,0.8399083741687756,0.8639911295945496,0.8320287820844396,0.8058393788210518,0.8559688173701805,0.8073026050309483,0.7723722943147847,0.8281232588391566,0.8073026050309483,0.7723722943147847,0.8281232588391566,0.8561315718717065,0.8336342987229458,0.8766892831078654,0.8511991507444931,0.8399083741687756,0.8639911295945497,0.859259329765699,0.8470122308123447,0.8738766008867316,0.8432919769552089,0.8329226859567667,0.8543268095505258,,,,12.0,12.0,12.0
experiments/neighbormix_beta_mechanism_20260617,Guo,fixed_beta_0.05,9,9,0;1;2,completed_no_status_json:9,0.8721109399075501,0.8554699537750385,0.8902927580893683,0.8539703835461546,0.8420398985944252,0.8652364454756739,0.8376258966964562,0.814511246475964,0.8573362948622901,0.7998980932212754,0.7746218769312588,0.8205061522783232,0.7998980932212754,0.7746218769312588,0.8205061522783232,0.8609392613356938,0.8410853111973462,0.8778618505270728,0.8539703835461546,0.8420398985944253,0.8652364454756737,0.8632787768281069,0.8486209836938148,0.875100432651267,0.84486916678335,0.8355601010916538,0.8555923501755512,,,,12.0,12.0,12.0
experiments/neighbormix_beta_mechanism_20260617,Guo,fixed_beta_0.1,6,6,0;1;2,completed_no_status_json:6,0.8725218284540318,0.8531587057010785,0.8933744221879815,0.8548053152259941,0.8415747635719262,0.8673591097379149,0.8390592686398133,0.8142281336736836,0.8607677562585611,0.7999964928372177,0.7715007470641408,0.8234111177717888,0.7999964928372177,0.7715007470641408,0.8234111177717888,0.8621687594498816,0.8408409976680623,0.8808108786673082,0.8548053152259941,0.8415747635719262,0.8673591097379147,0.8636331577494737,0.8479444738782579,0.8765259916060979,0.8461634412506944,0.8353000375468758,0.8583819815094006,,,,12.0,12.0,12.0
experiments/neighbormix_beta_mechanism_20260617,Guo,fixed_beta_0.2,3,3,0;1;2,completed_no_status_json:3,0.8770929635336415,0.8648690292758089,0.8967642526964561,0.8573936161307261,0.8482540690941335,0.8708000547339251,0.8434751759304598,0.8260456583664642,0.8654106509395857,0.8205500086488269,0.8042084608036015,0.830823106395962,0.8205500086488269,0.8042084608036015,0.830823106395962,0.865963003085914,0.8509967220202281,0.8847929202213832,0.8573936161307262,0.8482540690941336,0.8708000547339251,0.8669131227804168,0.856509623686632,0.8804861498810311,0.8480828580817743,0.8401561392148904,0.86132475123916,,,,12.0,12.0,12.0
experiments/neighbormix_beta_mechanism_20260617,Guo,gaussian_noise_matched_anchor_target,6,6,0;1;2,completed_no_status_json:6,0.8759630200308166,0.8687211093990755,0.886748844375963,0.8520800581593327,0.849775828294044,0.856082296182423,0.8389117538200802,0.8359442001014544,0.843963566973413,0.7877558235564557,0.7822198923517852,0.7985368912173089,0.7877558235564557,0.7822198923517852,0.7985368912173089,0.8627118956223009,0.8602079782950105,0.8672655674659673,0.8520800581593327,0.849775828294044,0.856082296182423,0.8513780064650667,0.8496668049105369,0.8538605076540684,0.8527869163215415,0.8489465713893178,0.8583156772890714,,,,12.0,12.0,12.0
experiments/neighbormix_beta_mechanism_20260617,Guo,global_random_mix_anchor_target,3,3,0;1;2,completed_no_status_json:3,0.8799178222907037,0.8650231124807396,0.899537750385208,0.8562404249889615,0.847380802308022,0.8712722141290521,0.8456025543670043,0.8352556868928727,0.8645036473063582,0.7990700491490923,0.7793714299602553,0.8296356964903332,0.7990700491490923,0.7793714299602553,0.8296356964903332,0.8681395899581116,0.8590779260867306,0.884339699544126,0.8562404249889615,0.847380802308022,0.8712722141290521,0.8589751253433283,0.8499501991084559,0.8768925313355017,0.8535347495144602,0.8448268932452303,0.8657234833375838,,,,12.0,12.0,12.0
experiments/neighbormix_beta_mechanism_20260617,Guo,global_random_neighbor_control,3,3,0;1;2,completed_no_status_json:3,0.8663071391884952,0.8494607087827427,0.888597842835131,0.8474179294177904,0.8374210238347837,0.8605737838042863,0.8239311882120113,0.8061598736424783,0.8498359680536688,0.7974350663591814,0.7695833282104569,0.8210421616409737,0.7974350663591814,0.7695833282104569,0.8210421616409737,0.8491800895950963,0.8339098982501912,0.8714359697558021,0.8474179294177904,0.8374210238347838,0.8605737838042863,0.8567623914705186,0.8434560848640794,0.870336548809463,0.8382891354991467,0.8314717128731688,0.851027611583697,,,,12.0,12.0,12.0
experiments/neighbormix_beta_mechanism_20260617,Guo,mixed_target_local_mix,3,3,0;1;2,completed_no_status_json:3,0.8780174627632255,0.8657935285053929,0.8955315870570107,0.856928244254064,0.8488927427363823,0.866081767424295,0.8472758459789208,0.8324363959729799,0.8642145660700594,0.8291491821821199,0.8055767251516738,0.8540782999401677,0.8291491821821199,0.8055767251516738,0.8540782999401677,0.8692866015936583,0.8564864948763113,0.8839270896645108,0.8569282442540643,0.8488927427363824,0.8660817674242952,0.8639465379967035,0.856841151489097,0.8692527392048407,0.8500414897579031,0.8410904439845389,0.8629338465120522,,,,12.0,12.0,12.0
experiments/neighbormix_beta_mechanism_20260617,Guo,nm_scmae_nomix,6,6,0;1;2,completed_no_status_json:6,0.8705187467899332,0.8651771956856703,0.8736517719568567,0.8520198887545324,0.8475680580958956,0.8565963587218847,0.8372830688975778,0.8312158272070158,0.8419856832113954,0.8171517148652323,0.7820204092535549,0.8353301520712294,0.8171517148652323,0.7820204092535549,0.8353301520712294,0.860658854451798,0.8554414733893893,0.8646890367804623,0.8520198887545324,0.8475680580958955,0.8565963587218847,0.858236258709906,0.8531597439811285,0.8636491222800587,0.8458937013518756,0.8420491917716013,0.8496578512015498,,,,12.0,12.0,12.0
experiments/neighbormix_beta_mechanism_20260617,Guo,random_beta_uniform_0.05,3,3,0;1;2,completed_no_status_json:3,0.8772470467385722,0.864406779661017,0.8964560862865948,0.8550002789198946,0.8465669132466347,0.8670256670931997,0.845195586839074,0.8304816110347637,0.8649670932174773,0.8211685651026753,0.7809229780021737,0.8554682090757925,0.8211685651026753,0.7809229780021737,0.8554682090757925,0.8675335700402688,0.85483184356376,0.8845620157386209,0.8550002789198946,0.8465669132466347,0.8670256670931998,0.8592405627802034,0.8511292965190054,0.8704009716392905,0.8508026198362012,0.8420531814724979,0.8636764394299209,,,,12.0,12.0,12.0
experiments/neighbormix_beta_mechanism_20260617,Guo,random_beta_uniform_0.1,6,6,0;1;2,completed_no_status_json:6,0.8818181818181818,0.8705701078582434,0.901848998459168,0.8593330848067137,0.8528181168588098,0.8688892376168649,0.8491228838985219,0.8348123306456734,0.8675846315075598,0.8393304465834781,0.8068809678050997,0.8627802545706321,0.8393304465834781,0.8068809678050997,0.8627802545706321,0.8708870485589203,0.8585283563956544,0.8868354775288733,0.8593330848067137,0.8528181168588098,0.8688892376168649,0.8656267324055141,0.8593968003768474,0.8719806532963597,0.8531446970788134,0.8463393878490356,0.8658196643689645,,,,12.0,12.0,12.0
experiments/neighbormix_beta_mechanism_20260617,Guo,random_beta_uniform_0.2,3,3,0;1;2,completed_no_status_json:3,0.8802259887005649,0.8631741140215716,0.9029275808936826,0.8603345982092078,0.8473723950690768,0.8769511933847353,0.851021486564549,0.8311139167618891,0.8755043197197141,0.8063157433486396,0.7792130020215883,0.831970746860363,0.8063157433486396,0.7792130020215883,0.831970746860363,0.872475158041565,0.8553730349185268,0.8935035224271028,0.8603345982092078,0.8473723950690767,0.8769511933847354,0.8676816783419962,0.8520099859587777,0.8849615639283132,0.8531193499161319,0.842785016775177,0.8690845362855971,,,,12.0,12.0,12.0
experiments/neighbormix_beta_mechanism_20260617,Guo,snn_neighbormix,3,3,0;1;2,completed_no_status_json:3,0.8710837185413457,0.8554699537750385,0.8901386748844375,0.852784580211677,0.84337198463032,0.8645261442932788,0.8356797908761253,0.8138307555652498,0.8560563297518322,0.823902312853638,0.821238096923214,0.827341921672368,0.823902312853638,0.821238096923214,0.827341921672368,0.8592768304694727,0.8405164510850078,0.8767655813696948,0.852784580211677,0.84337198463032,0.8645261442932787,0.8613174805809328,0.8526979819926555,0.8741209648130729,0.8444228095957805,0.8342477780044033,0.8551396726167099,,,,12.0,12.0,12.0
experiments/neighbormix_beta_mechanism_20260617,Guo,truncated_normal_beta_mean0.05_std0.02,6,6,0;1;2,completed_no_status_json:6,0.8801232665639445,0.8702619414483821,0.8975346687211094,0.8599568674702422,0.8528926275236677,0.8712022350330049,0.8490489579972259,0.8338649768105815,0.8681662989139378,0.8262221626400875,0.8053877850930684,0.8462778972098359,0.8262221626400875,0.8053877850930684,0.8462778972098359,0.8707792626974419,0.8577224326035491,0.8872213714537734,0.8599568674702422,0.8528926275236677,0.8712022350330049,0.8674688543633365,0.8573499577157586,0.8793482684253704,0.8525852080950377,0.8460684782391317,0.8632057414402607,,,,12.0,12.0,12.0
experiments/neighbormix_beta_mechanism_20260617,Guo,uniform_beta_0.1,3,3,0;1;2,completed_no_status_json:3,0.8818181818181818,0.8705701078582434,0.901848998459168,0.8593330848067137,0.8528181168588098,0.8688892376168649,0.8491228838985219,0.8348123306456734,0.8675846315075598,0.8393304465834781,0.8068809678050997,0.8627802545706321,0.8393304465834781,0.8068809678050997,0.8627802545706321,0.8708870485589203,0.8585283563956544,0.8868354775288733,0.8593330848067137,0.8528181168588098,0.8688892376168649,0.8656267324055141,0.8593968003768474,0.8719806532963597,0.8531446970788134,0.8463393878490356,0.8658196643689645,,,,12.0,12.0,12.0
experiments/neighbormix_beta_mechanism_20260617,Macosko,anchor_target_local_mix,3,3,0;1;2,completed_no_status_json:3,0.685457953936797,0.676486341724692,0.690858775218711,0.6734418065192381,0.6562407550721688,0.6889166699784006,0.5459715084316382,0.5273288453864444,0.5597810625708065,0.6625333815762398,0.6529369924747571,0.679337225879182,0.6625333815762398,0.6529369924747571,0.679337225879182,0.7269937888102516,0.714689346973699,0.7361125687348063,0.6734418065192384,0.656240755072169,0.6889166699784006,0.8109554858752723,0.776542976097358,0.840129643524162,0.5759144257290056,0.5682130546220525,0.5838337890460962,,,,12.0,12.0,12.0
experiments/neighbormix_beta_mechanism_20260617,Macosko,bernoulli_beta_0_or_0.1_p0.5,3,3,0;1;2,completed_no_status_json:3,0.5371882997083853,0.4679521514015354,0.5887118371719335,0.6133191015513811,0.5809187030890346,0.631743236534985,0.36179028320140766,0.2984975924461564,0.4034684974021461,0.5900337001717726,0.5564544786283662,0.6508427050458422,0.5900337001717726,0.5564544786283662,0.6508427050458422,0.5861922247623055,0.5322318796684937,0.621326299828018,0.6133191015513811,0.5809187030890345,0.631743236534985,0.8086547319080498,0.798592144831361,0.8254286483057498,0.49449991262114823,0.4564920028794922,0.521139404725412,,,,12.0,12.0,12.0
experiments/neighbormix_beta_mechanism_20260617,Macosko,beta_distribution_mean0.05_lowvar,3,3,0;1;2,completed_no_status_json:3,0.6495119919062072,0.5376495268702017,0.7143813604713444,0.656858102409779,0.5994263452217766,0.6885277222994344,0.4951368803750184,0.3741535777968828,0.5630207936854285,0.6848442970141629,0.6487737798185821,0.7499286453799009,0.6848442970141629,0.6487737798185821,0.7499286453799009,0.6885157938396004,0.5982678261761266,0.7383859038422174,0.6568581024097792,0.5994263452217767,0.6885277222994345,0.8042736514327277,0.7686189978111805,0.8365083094715872,0.5558016226609724,0.4912825262185437,0.5910886628995866,,,,12.0,12.0,12.0
experiments/neighbormix_beta_mechanism_20260617,Macosko,fixed_beta_0.025,3,3,0;1;2,completed_no_status_json:3,0.5332455513896328,0.5275397250490984,0.5392117479021603,0.6197878829477842,0.6164387204779032,0.6253909157723676,0.38109314095036234,0.3772333551930399,0.3874916603244043,0.553189349524242,0.5366226666671734,0.575335285808835,0.553189349524242,0.5366226666671734,0.575335285808835,0.6030916503745045,0.5999676703716769,0.6082829867840196,0.6197878829477842,0.6164387204779032,0.6253909157723676,0.8246372335244812,0.8189158569270765,0.8325114239994688,0.49646180756035374,0.4942382083066,0.5007975089134911,,,,12.0,12.0,12.0
experiments/neighbormix_beta_mechanism_20260617,Macosko,fixed_beta_0.05,9,9,0;1;2,completed_no_status_json:9,0.5462863774326013,0.5135913229780397,0.5676218532404927,0.6175844388350786,0.6116448653837354,0.621260082606654,0.38316831000555396,0.3792751091819349,0.3880619270126847,0.5808532559776558,0.5340096335511161,0.6518629878583705,0.5808532559776558,0.5340096335511161,0.6518629878583705,0.6048949502664762,0.6017083073342447,0.6089579045379935,0.6175844388350787,0.6116448653837353,0.6212600826066541,0.8093806359898604,0.8042606284870664,0.8162237865154001,0.4993004196580136,0.4921931503660651,0.504231120573468,,,,12.0,12.0,12.0
experiments/neighbormix_beta_mechanism_20260617,Macosko,fixed_beta_0.05_bad0,3,3,0;1;2,completed_no_status_json:3,0.5462863774326013,0.5135913229780397,0.5676218532404927,0.6175844388350786,0.6116448653837354,0.621260082606654,0.383168310005554,0.3792751091819349,0.3880619270126847,0.5808532559776558,0.5340096335511161,0.6518629878583705,0.5808532559776558,0.5340096335511161,0.6518629878583705,0.6048949502664761,0.6017083073342447,0.6089579045379935,0.6175844388350787,0.6116448653837353,0.6212600826066541,0.8093806359898604,0.8042606284870664,0.8162237865154001,0.4993004196580136,0.4921931503660651,0.504231120573468,,,,12.0,12.0,12.0
experiments/neighbormix_beta_mechanism_20260617,Macosko,fixed_beta_0.05_bad0.1,3,3,0;1;2,completed_no_status_json:3,0.5495967981907993,0.4690680235672201,0.6668898410998036,0.6177584940215929,0.5668722515343179,0.6834898440495345,0.40500102250703685,0.294578557494974,0.5422149720900267,0.5652368001084281,0.486205549626929,0.6510459004244892,0.5652368001084281,0.486205549626929,0.6510459004244892,0.6178499679197241,0.5288550579513484,0.7239035067316693,0.6177584940215929,0.5668722515343179,0.6834898440495345,0.8034451115029272,0.7740278705162393,0.8362963357980766,0.5029409766640334,0.4471894670122009,0.5778975008610858,,,,12.0,12.0,12.0
experiments/neighbormix_beta_mechanism_20260617,Macosko,fixed_beta_0.05_bad0.2,3,3,0;1;2,completed_no_status_json:3,0.5890168422305541,0.5385645420460632,0.6694786645241921,0.6395095915121561,0.6168720525053876,0.6775186297567869,0.4389983754351132,0.383930042822336,0.5478130090754971,0.5930111460398577,0.563626094741748,0.637909583583825,0.5930111460398577,0.563626094741748,0.637909583583825,0.6466238604969142,0.6054541208759116,0.7277942653295262,0.6395095915121564,0.6168720525053877,0.6775186297567869,0.8213032726695092,0.8104825495331467,0.8354569596423981,0.5241352074694753,0.4951413874872679,0.5698010253165481,,,,12.0,12.0,12.0
experiments/neighbormix_beta_mechanism_20260617,Macosko,fixed_beta_0.05_bad0.4,3,3,0;1;2,completed_no_status_json:3,0.5487561744926501,0.5200187466523835,0.5665282985181218,0.621502015622135,0.61537369027841,0.6257635428448304,0.3850668902176366,0.381942706950958,0.3873911455765955,0.6132404588200293,0.5294565772740112,0.6561339393028899,0.6132404588200293,0.5294565772740112,0.6561339393028899,0.606447887019372,0.6038887549319485,0.6084762456536074,0.6215020156221348,0.6153736902784099,0.6257635428448303,0.8156697617239436,0.8105812283954328,0.8200747767718933,0.5020605610831727,0.4924515299163308,0.5073217769038116,,,,12.0,12.0,12.0
experiments/neighbormix_beta_mechanism_20260617,Macosko,fixed_beta_0.1,6,6,0;1;2,completed_no_status_json:6,0.5643263107778372,0.508391358685949,0.6615113372612034,0.6351934525513571,0.6128796636932126,0.6749428595859188,0.43058203253507,0.3769024644167392,0.5359461830707533,0.5567379007106955,0.5516889325728304,0.5623962687799303,0.5567379007106955,0.5516889325728304,0.5623962687799303,0.6402366136104336,0.599693249477332,0.7196223460363959,0.6351934525513571,0.6128796636932125,0.6749428595859189,0.8214311504745768,0.8131298423927428,0.8312615155421125,0.5184853349956203,0.4917708401310606,0.5681098512868232,,,,12.0,12.0,12.0
experiments/neighbormix_beta_mechanism_20260617,Macosko,fixed_beta_0.1_bad0,3,3,0;1;2,completed_no_status_json:3,0.5643263107778372,0.508391358685949,0.6615113372612034,0.6351934525513571,0.6128796636932126,0.6749428595859188,0.43058203253507,0.3769024644167392,0.5359461830707533,0.5567379007106955,0.5516889325728304,0.5623962687799303,0.5567379007106955,0.5516889325728304,0.5623962687799303,0.6402366136104336,0.599693249477332,0.7196223460363959,0.6351934525513571,0.6128796636932125,0.6749428595859189,0.8214311504745768,0.8131298423927428,0.8312615155421125,0.5184853349956203,0.4917708401310606,0.5681098512868232,,,,12.0,12.0,12.0
experiments/neighbormix_beta_mechanism_20260617,Macosko,fixed_beta_0.1_bad0.1,3,3,0;1;2,completed_no_status_json:3,0.5643560673689222,0.512185324049277,0.6631181931797894,0.6340799128286628,0.6156153266694834,0.668554260656391,0.4269814785494055,0.3665437402226893,0.5389249214137706,0.573096735081297,0.5601359661909192,0.5868373447262084,0.573096735081297,0.5601359661909192,0.5868373447262084,0.6371549248561506,0.591136598903443,0.72175741214152,0.6340799128286628,0.6156153266694835,0.6685542606563909,0.8214052449829724,0.8177075508557752,0.8284653367448582,0.5172708484008973,0.492895518605865,0.5654193901357338,,,,12.0,12.0,12.0
experiments/neighbormix_beta_mechanism_20260617,Macosko,fixed_beta_0.1_bad0.2,3,3,0;1;2,completed_no_status_json:3,0.6185948937689698,0.5205320478485984,0.6693224424209963,0.6604850841572225,0.6164716611386754,0.6864763849558445,0.4794545578621725,0.3628987821792756,0.5451760400130813,0.6235027818718065,0.5627021739984456,0.6649128414726613,0.6235027818718065,0.5627021739984456,0.6649128414726613,0.6766012445065245,0.5881166442814463,0.7259816394988611,0.6604850841572225,0.6164716611386754,0.6864763849558445,0.8326731804533699,0.8263798598820445,0.8410939181239756,0.5483326669661368,0.4916005358864959,0.5798779471430501,,,,12.0,12.0,12.0
experiments/neighbormix_beta_mechanism_20260617,Macosko,fixed_beta_0.1_bad0.4,3,3,0;1;2,completed_no_status_json:3,0.5612911384871749,0.5156668452062132,0.6517362970898054,0.63569506978337,0.6157323828212219,0.6697717498881326,0.43264476091781706,0.3772276923860634,0.5423122004782871,0.5326887553045502,0.4796526307267332,0.5718802334372848,0.5326887553045502,0.4796526307267332,0.5718802334372848,0.6416517622614256,0.6000005635094936,0.7240529167629854,0.6356950697833701,0.615732382821222,0.6697717498881327,0.8250843745535826,0.8179100025731115,0.8293259831250416,0.5176900962933036,0.4936964862585126,0.5623071675033238,,,,12.0,12.0,12.0
experiments/neighbormix_beta_mechanism_20260617,Macosko,fixed_beta_0.2,3,3,0;1;2,completed_no_status_json:3,0.5105859072784621,0.4895331190858775,0.547625424031423,0.5910739831674864,0.5704197100338091,0.6203306837271193,0.3291538417687223,0.2936597362104234,0.3785995849223039,0.5881197540809872,0.566531824112592,0.6311977331216837,0.5881197540809872,0.566531824112592,0.6311977331216837,0.5588203446242233,0.5279266083203097,0.6013290846513617,0.5910739831674864,0.5704197100338091,0.6203306837271193,0.7967895146144177,0.7848263273118251,0.811132574517159,0.4700084411145034,0.4480240653353075,0.5021989381204617,,,,12.0,12.0,12.0
experiments/neighbormix_beta_mechanism_20260617,Macosko,gaussian_noise_matched_anchor_target,6,6,0;1;2,completed_no_status_json:6,0.7669240611795513,0.7024415282985181,0.8829673272629888,0.7088534805443495,0.6719016580702944,0.7816673575415697,0.6617620636164331,0.544148724769666,0.8718883587272666,0.7210252216693908,0.6813569017446995,0.7446374570264047,0.7210252216693908,0.6813569017446995,0.7446374570264047,0.8008745547522057,0.7269577623526124,0.93253093271152,0.7088534805443496,0.6719016580702944,0.7816673575415697,0.7952576610074583,0.7910334366831776,0.8016201022062319,0.6448212896216733,0.5783180326104138,0.7705412836968066,,,,12.0,12.0,12.0
experiments/neighbormix_beta_mechanism_20260617,Macosko,global_random_mix_anchor_target,3,3,0;1;2,completed_no_status_json:3,0.5550199369160269,0.5246607748616319,0.6110515979289413,0.6303928151271706,0.6021375178275368,0.672663913877433,0.39965641763723836,0.3586460034738633,0.4795538927471979,0.6775300365535474,0.6471369336676567,0.7382317511264046,0.6775300365535474,0.6471369336676567,0.7382317511264046,0.6172549862511728,0.5853705950470545,0.6796618452742459,0.6303928151271706,0.6021375178275367,0.672663913877433,0.800913389895857,0.7822545125204794,0.8140819347435785,0.5204592962894731,0.4894417456750551,0.5731068193426462,,,,12.0,12.0,12.0
experiments/neighbormix_beta_mechanism_20260617,Macosko,global_random_neighbor_control,3,3,0;1;2,completed_no_status_json:3,0.5132268047372494,0.5000446348866274,0.528298518121764,0.6126140618749499,0.6066393268242696,0.6233678103653653,0.38789454740360824,0.3839439600934746,0.3922207902415417,0.5331618715150247,0.4890896979733774,0.5697692473274206,0.5331618715150247,0.4890896979733774,0.5697692473274206,0.6086909260763028,0.605551165648166,0.6121450148151072,0.6126140618749499,0.6066393268242696,0.6233678103653653,0.8087955904328455,0.7988171183851035,0.8243721934677347,0.4930308323386757,0.4873702832685794,0.501169132307501,,,,12.0,12.0,12.0
experiments/neighbormix_beta_mechanism_20260617,Macosko,mixed_target_local_mix,3,3,0;1;2,completed_no_status_json:3,0.6213027435576981,0.5195500803427959,0.6917961078378861,0.6572831072153751,0.6128647866861026,0.6847768246604616,0.49308002994884753,0.3817817764681001,0.559664633081978,0.5927562344750207,0.5432453123252622,0.6697167448856609,0.5927562344750207,0.5432453123252622,0.6697167448856609,0.6869489460729478,0.6037703293635227,0.7360631812544953,0.6572831072153751,0.6128647866861026,0.6847768246604616,0.823120811733709,0.807721722819452,0.8322204908405777,0.5477983269687476,0.4937509859570819,0.581714969411853,,,,12.0,12.0,12.0
experiments/neighbormix_beta_mechanism_20260617,Macosko,nm_scmae_nomix,6,6,0;1;2,completed_no_status_json:6,0.5017630780217818,0.442822710230316,0.549879485806106,0.594594733960115,0.5729016167749271,0.6106231305014275,0.35814745974830303,0.3038171975678505,0.3878266965764106,0.5205064901928967,0.4604124327872176,0.6174183150854969,0.5205064901928967,0.4604124327872176,0.6174183150854969,0.5834712142654509,0.5369454424652917,0.6085756764772327,0.594594733960115,0.5729016167749272,0.6106231305014275,0.7943265040823935,0.7782492263071837,0.8104306285952423,0.47546838952684617,0.4480226339302482,0.4898525153756968,,,,12.0,12.0,12.0
experiments/neighbormix_beta_mechanism_20260617,Macosko,random_beta_uniform_0.05,3,3,0;1;2,completed_no_status_json:3,0.698067309409034,0.6605293697554008,0.7173495804320656,0.6774249692782056,0.6575107524548992,0.6896165918433895,0.5407601040690538,0.5133071613392165,0.5575422294873753,0.6820064974055947,0.6488145313475181,0.7479605238441067,0.6820064974055947,0.6488145313475181,0.7479605238441067,0.7235596367226954,0.704732178250089,0.7350390982531224,0.6774249692782056,0.6575107524548991,0.6896165918433896,0.8100995454957074,0.7961698478605946,0.817257897460576,0.5821506489524166,0.5599850534362453,0.5964600288243387,,,,12.0,12.0,12.0
experiments/neighbormix_beta_mechanism_20260617,Macosko,random_beta_uniform_0.1,6,6,0;1;2,completed_no_status_json:6,0.6372299589359044,0.5642742367434387,0.686194429566149,0.6577096020219454,0.6194858127555044,0.6852154288053748,0.4899582615149411,0.3768237487651865,0.5580397388951099,0.640225871183519,0.6337488684502359,0.6529239886708077,0.640225871183519,0.6337488684502359,0.6529239886708077,0.6846738032440095,0.5998319046925275,0.7349595784459397,0.6577096020219455,0.6194858127555045,0.6852154288053749,0.8167188654019298,0.80790574424964,0.8339429168370701,0.5512194319101432,0.5023318768059518,0.5815078489476153,,,,12.0,12.0,12.0
experiments/neighbormix_beta_mechanism_20260617,Macosko,random_beta_uniform_0.1_bad0,3,3,0;1;2,completed_no_status_json:3,0.6372299589359044,0.5642742367434387,0.686194429566149,0.6577096020219454,0.6194858127555044,0.6852154288053748,0.4899582615149411,0.3768237487651865,0.5580397388951099,0.640225871183519,0.6337488684502359,0.6529239886708077,0.640225871183519,0.6337488684502359,0.6529239886708077,0.6846738032440095,0.5998319046925275,0.7349595784459397,0.6577096020219455,0.6194858127555045,0.6852154288053749,0.8167188654019298,0.80790574424964,0.8339429168370701,0.5512194319101432,0.5023318768059518,0.5815078489476153,,,,12.0,12.0,12.0
experiments/neighbormix_beta_mechanism_20260617,Macosko,random_beta_uniform_0.1_bad0.1,3,3,0;1;2,completed_no_status_json:3,0.6883294649764923,0.6618460989109087,0.7044277807534369,0.6706092355652141,0.6667852294004718,0.6780344584806896,0.5449655493796968,0.5295028133183619,0.556252155628113,0.6507192012215696,0.5420173155541307,0.7462485928224853,0.6507192012215696,0.5420173155541307,0.7462485928224853,0.7264640461349972,0.7160236312560346,0.7338376616350774,0.6706092355652141,0.6667852294004718,0.6780344584806896,0.800712059304313,0.7877023970866326,0.8094475268535941,0.5769771734526778,0.5668754182572622,0.5856702804550962,,,,12.0,12.0,12.0
experiments/neighbormix_beta_mechanism_20260617,Macosko,random_beta_uniform_0.1_bad0.2,3,3,0;1;2,completed_no_status_json:3,0.5934505743022079,0.540550794500982,0.6909926798785931,0.6331729588434541,0.597904577570281,0.685061960078933,0.4391225941533841,0.3715498095854983,0.5640160095029139,0.6460174840826051,0.6334822380972568,0.6524516421446332,0.6460174840826051,0.6334822380972568,0.6524516421446332,0.6464453073472879,0.5961298886372168,0.7390425513102319,0.6331729588434541,0.597904577570281,0.6850619600789329,0.7986672746620297,0.7679874576317849,0.8317056659646962,0.5249606049357833,0.4894976399784009,0.5823787801456455,,,,12.0,12.0,12.0
experiments/neighbormix_beta_mechanism_20260617,Macosko,random_beta_uniform_0.1_bad0.4,3,3,0;1;2,completed_no_status_json:3,0.6325432958400286,0.5112926263167291,0.6992947687912873,0.6576954420063731,0.6213454759235131,0.6811582125376456,0.49207942040064473,0.3878735253184062,0.557529042997847,0.6529614377473284,0.5560020141381489,0.7505725753083552,0.6529614377473284,0.5560020141381489,0.7505725753083552,0.6868312685123225,0.6086548015661288,0.7346654600293477,0.6576954420063731,0.6213454759235132,0.6811582125376455,0.8130447359858958,0.7910049570368445,0.8268580323416437,0.553598725819751,0.4997010131652788,0.5819819135092941,,,,12.0,12.0,12.0
experiments/neighbormix_beta_mechanism_20260617,Macosko,random_beta_uniform_0.2,3,3,0;1;2,completed_no_status_json:3,0.540907873594001,0.467037136225674,0.6681842528119979,0.6243393155371714,0.5871129299342867,0.678229050261732,0.40491460386586525,0.3360284048561459,0.5382832039944357,0.5858125086584415,0.5494854738684046,0.6486793449139335,0.5858125086584415,0.5494854738684046,0.6486793449139335,0.6188923371715577,0.5659964273423757,0.7214317733629483,0.6243393155371714,0.5871129299342868,0.678229050261732,0.8058383173606655,0.7714432810541016,0.828485326062643,0.5105072897389901,0.4738824233805364,0.5741074199577983,,,,12.0,12.0,12.0
experiments/neighbormix_beta_mechanism_20260617,Macosko,snn_neighbormix,3,3,0;1;2,completed_no_status_json:3,0.5795170505266917,0.5186797000535619,0.6704606320299946,0.642453937480196,0.6184822298843032,0.6855864374088196,0.4345147251960233,0.3816182885678859,0.5377214709113876,0.5881630193656656,0.5465961116429964,0.6519169503583494,0.5881630193656656,0.5465961116429964,0.6519169503583494,0.6433754932853138,0.6036338577504743,0.7208616896829608,0.642453937480196,0.6184822298843033,0.6855864374088196,0.8275530254640812,0.811911617235336,0.8411549204113427,0.5257429125276267,0.499163403556703,0.5785801790331365,,,,12.0,12.0,12.0
experiments/neighbormix_beta_mechanism_20260617,Macosko,truncated_normal_beta_mean0.05_std0.02,6,6,0;1;2,completed_no_status_json:6,0.685457953936797,0.676486341724692,0.690858775218711,0.6734418065192381,0.6562407550721688,0.6889166699784006,0.5459715084316382,0.5273288453864444,0.5597810625708065,0.6625333815762398,0.6529369924747571,0.679337225879182,0.6625333815762398,0.6529369924747571,0.679337225879182,0.7269937888102516,0.714689346973699,0.7361125687348063,0.6734418065192384,0.656240755072169,0.6889166699784006,0.8109554858752723,0.776542976097358,0.840129643524162,0.5759144257290056,0.5682130546220525,0.5838337890460962,,,,12.0,12.0,12.0
experiments/neighbormix_beta_mechanism_20260617,Macosko,uniform_beta_0.1,3,3,0;1;2,completed_no_status_json:3,0.6372299589359044,0.5642742367434387,0.686194429566149,0.6577096020219454,0.6194858127555044,0.6852154288053748,0.4899582615149411,0.3768237487651865,0.5580397388951099,0.640225871183519,0.6337488684502359,0.6529239886708077,0.640225871183519,0.6337488684502359,0.6529239886708077,0.6846738032440095,0.5998319046925275,0.7349595784459397,0.6577096020219455,0.6194858127555045,0.6852154288053749,0.8167188654019298,0.80790574424964,0.8339429168370701,0.5512194319101432,0.5023318768059518,0.5815078489476153,,,,12.0,12.0,12.0
experiments/neighbormix_beta_mechanism_20260617,Melanoma_5K,anchor_target_local_mix,3,3,0;1;2,completed_no_status_json:3,0.7355786985744884,0.7345446487923776,0.7367604697540439,0.7324887788011348,0.7306368471310641,0.733558457528846,0.6598318073606328,0.6567315111663948,0.6619387347706249,0.653468533221972,0.6508344890564367,0.6550672647538958,0.653468533221972,0.6508344890564367,0.6550672647538958,0.7272635463269315,0.7247761473376464,0.728977038885434,0.7324887788011348,0.730636847131064,0.7335584575288461,0.7622313020980039,0.7597871040355368,0.7636706008044242,0.7049806948682701,0.7036407218970304,0.706102312781264,,,,9.0,9.0,9.0
experiments/neighbormix_beta_mechanism_20260617,Melanoma_5K,bernoulli_beta_0_or_0.1_p0.5,3,3,0;1;2,completed_no_status_json:3,0.7355786985744884,0.7352093950808775,0.7358741413693773,0.7326054753943608,0.7313804001981618,0.733380769318141,0.6610891187509966,0.6597747529261504,0.6618867782495792,0.6513470947097292,0.648712086659565,0.653114708903001,0.6513470947097292,0.648712086659565,0.653114708903001,0.7282689222144025,0.7272296004293326,0.7288932847986221,0.7326054753943608,0.7313804001981619,0.7333807693181411,0.7627446061860947,0.7614281709569725,0.7640836243973773,0.7047580213028425,0.7036141101009535,0.7056099174091747,,,,9.0,9.0,9.0
experiments/neighbormix_beta_mechanism_20260617,Melanoma_5K,beta_distribution_mean0.05_lowvar,3,3,0;1;2,completed_no_status_json:3,0.7352093950808775,0.7347662308885442,0.7358741413693773,0.732206798013609,0.7308178715234988,0.732975828872368,0.6588295673161532,0.6572914370250665,0.6596125788718227,0.6532379728862457,0.6503711056570978,0.6546979074170971,0.6532379728862457,0.6503711056570978,0.6546979074170971,0.7264506471510287,0.725225880213575,0.7270933407765628,0.7322067980136091,0.7308178715234989,0.732975828872368,0.7619580846560593,0.7600903993978245,0.7633911570779012,0.7046919799105597,0.703716413149775,0.7054682508281914,,,,9.0,9.0,9.0
experiments/neighbormix_beta_mechanism_20260617,Melanoma_5K,fixed_beta_0.025,3,3,0;1;2,completed_no_status_json:3,0.7361695841642661,0.7354309771770441,0.7372036339463771,0.7322814354286163,0.7308311003395035,0.7333198764435261,0.6630532099181249,0.6613824725356379,0.6650276980559741,0.651123943771677,0.6477549632428415,0.6528299532655905,0.651123943771677,0.6477549632428415,0.6528299532655905,0.729846703203783,0.7285019924748418,0.7314601242148483,0.7322814354286163,0.7308311003395035,0.733319876443526,0.7627176540775342,0.7608786715125744,0.7644643875982892,0.7041815898464168,0.7030665651429229,0.7048645039491986,,,,9.0,9.0,9.0
experiments/neighbormix_beta_mechanism_20260617,Melanoma_5K,fixed_beta_0.05,9,9,0;1;2,completed_no_status_json:9,0.7349878129847108,0.734323066696211,0.7356525592732107,0.7322329363567042,0.7311071498119441,0.733473067579326,0.6626199889890252,0.6602314717992628,0.6660934704374768,0.6506352469043165,0.6475876256645573,0.6527968656196983,0.6506352469043165,0.6475876256645573,0.6527968656196983,0.7295012574806797,0.7275335416048757,0.7323554628741523,0.7322329363567042,0.7311071498119442,0.733473067579326,0.7622211075895362,0.7614393260207305,0.7632039754016755,0.7045176844162423,0.703098979736165,0.7069877445028829,,,,9.0,9.0,9.0
experiments/neighbormix_beta_mechanism_20260617,Melanoma_5K,fixed_beta_0.1,6,6,0;1;2,completed_no_status_json:6,0.7366127483565994,0.7356525592732107,0.7374252160425437,0.733710673960672,0.7307388877394358,0.7357030066603475,0.664068566090911,0.6612296095332062,0.6656074013919019,0.6516629490165718,0.6493684009149558,0.6535076277183821,0.6516629490165718,0.6493684009149558,0.6535076277183821,0.730672061004708,0.7283744790706652,0.7319345216398566,0.7337106739606719,0.7307388877394357,0.7357030066603475,0.7641371433779742,0.7609014841685959,0.7658066267500058,0.7056148093185802,0.702876439289845,0.7078765979675794,,,,9.0,9.0,9.0
experiments/neighbormix_beta_mechanism_20260617,Melanoma_5K,fixed_beta_0.2,3,3,0;1;2,completed_no_status_json:3,0.7365388876578772,0.7356525592732107,0.7374252160425437,0.7336896603229679,0.7325429861452994,0.7345077064621659,0.6656232037342803,0.6645923386659875,0.6673101035380153,0.6520740554018355,0.6500576070247086,0.6536488372793424,0.6520740554018355,0.6500576070247086,0.6536488372793424,0.7319530917788436,0.7310873735105747,0.7333626994902906,0.7336896603229679,0.7325429861452994,0.7345077064621658,0.7634099246060003,0.7608792838196746,0.7651877289107941,0.7061987881381547,0.7061618200680152,0.7062414829801021,,,,9.0,9.0,9.0
experiments/neighbormix_beta_mechanism_20260617,Melanoma_5K,gaussian_noise_matched_anchor_target,6,6,0;1;2,completed_no_status_json:6,0.7321811064332668,0.7287835142920452,0.7376467981387104,0.726434934905293,0.7253841217334175,0.7283703677878641,0.6445125721709539,0.6392097214379324,0.6498111833831393,0.6541617297800449,0.6506963682403365,0.6573087241462439,0.6541617297800449,0.6506963682403365,0.6573087241462439,0.7149376647981948,0.7106118664894643,0.7192992840297158,0.726434934905293,0.7253841217334175,0.728370367787864,0.7544121121100155,0.7541401384176413,0.754817991123579,0.7004614818958181,0.6986220532467339,0.7037133692208892,,,,9.0,9.0,9.0
experiments/neighbormix_beta_mechanism_20260617,Melanoma_5K,global_random_mix_anchor_target,3,3,0;1;2,completed_no_status_json:3,0.7663047492429279,0.730113006869045,0.8366939951251939,0.7389897995359931,0.7268981160005396,0.7623271203230694,0.6823313525547419,0.6460012648500766,0.752185272899616,0.6624114690064992,0.6529523500931316,0.6805320769185996,0.6624114690064992,0.6529523500931316,0.6805320769185996,0.7460575248467526,0.7160994885798129,0.8036992220311172,0.7389897995359931,0.7268981160005396,0.7623271203230695,0.7577100595451801,0.7557121273798859,0.7607056651443047,0.7216894110021542,0.7002006618925217,0.7639555025775452,,,,9.0,9.0,9.0
experiments/neighbormix_beta_mechanism_20260617,Melanoma_5K,global_random_neighbor_control,3,3,0;1;2,completed_no_status_json:3,0.7351355343821552,0.7323288278307113,0.7385331265233769,0.7295148558026116,0.7276853308460943,0.7324668867832551,0.6537337188661378,0.6506454431299864,0.6579294293488366,0.6525013713619766,0.649529702124003,0.6558013236892433,0.6525013713619766,0.649529702124003,0.6558013236892433,0.7223743809970452,0.7198613932618368,0.7257077571522956,0.7295148558026116,0.7276853308460943,0.7324668867832551,0.7582157038818919,0.75527217829153,0.7626814577012105,0.7029114226794606,0.7008191504777187,0.7045550649340421,,,,9.0,9.0,9.0
experiments/neighbormix_beta_mechanism_20260617,Melanoma_5K,mixed_target_local_mix,3,3,0;1;2,completed_no_status_json:3,0.7353571164783218,0.7338799025038777,0.7367604697540439,0.7330045194083962,0.7321531648562973,0.7337513146059103,0.6611711133454431,0.6605630761495731,0.6621892864217934,0.653441869132874,0.6508762338502536,0.6548792379941001,0.653441869132874,0.6508762338502536,0.6548792379941001,0.7283629429698211,0.7279287282436955,0.7291757865623076,0.7330045194083962,0.7321531648562974,0.7337513146059104,0.7622528071597595,0.7597473864419231,0.7635145691485732,0.7059208725239299,0.7050325227190419,0.7064931508805659,,,,9.0,9.0,9.0
experiments/neighbormix_beta_mechanism_20260617,Melanoma_5K,nm_scmae_nomix,6,6,0;1;2,completed_no_status_json:6,0.7361695841642661,0.7358741413693773,0.7365388876578772,0.7325388404589511,0.7324219572324416,0.732759177503414,0.6622983014820482,0.6606235067505558,0.6632890209426363,0.6506733444285223,0.6492363677351997,0.653429330393209,0.6506733444285223,0.6492363677351997,0.653429330393209,0.7292402022310686,0.7279039781294432,0.7300468685947541,0.7325388404589512,0.7324219572324416,0.732759177503414,0.7627743115233523,0.7620876043766427,0.7635816796095881,0.7046094545656261,0.7043284720618377,0.7050042369685868,,,,9.0,9.0,9.0
experiments/neighbormix_beta_mechanism_20260617,Melanoma_5K,random_beta_uniform_0.05,3,3,0;1;2,completed_no_status_json:3,0.7352832557795996,0.7349878129847108,0.7356525592732107,0.7322168438408528,0.731787167414896,0.7324899845425326,0.6589359043254882,0.6579734194941972,0.6595726888785923,0.6530488930754993,0.6506048251939502,0.6545190242871021,0.6530488930754993,0.6506048251939502,0.6545190242871021,0.7265338267536582,0.7257740836819838,0.7270507954335301,0.7322168438408528,0.7317871674148961,0.7324899845425326,0.7620189541456667,0.7611632595742651,0.762771068236593,0.7046583634821407,0.7045213440527541,0.7048594659917728,,,,9.0,9.0,9.0
experiments/neighbormix_beta_mechanism_20260617,Melanoma_5K,random_beta_uniform_0.1,6,6,0;1;2,completed_no_status_json:6,0.7697762020828717,0.7349878129847108,0.8393529802791935,0.7426658632657824,0.7319986620816552,0.7629319934302364,0.6917664892618771,0.6578141902800557,0.7579288397856164,0.6631798912170397,0.6506056480425438,0.6834516053615586,0.6631798912170397,0.6506056480425438,0.6834516053615586,0.7536500291613583,0.7256585919202952,0.8082777660663347,0.7426658632657824,0.7319986620816552,0.7629319934302363,0.7618270615049713,0.7609929939251425,0.7634012592450742,0.7249947016848015,0.7050511932196855,0.764880899263756,,,,9.0,9.0,9.0
experiments/neighbormix_beta_mechanism_20260617,Melanoma_5K,random_beta_uniform_0.2,3,3,0;1;2,completed_no_status_json:3,0.7352093950808775,0.734323066696211,0.7358741413693773,0.7323905666009294,0.7306909045178928,0.7337048398820433,0.659138895859411,0.656405002362007,0.6611133714413598,0.653407948991418,0.6504611217894325,0.6550970788957609,0.653407948991418,0.6504611217894325,0.6550970788957609,0.7267007959953347,0.7245101878229118,0.7282687290553745,0.7323905666009295,0.7306909045178928,0.7337048398820434,0.7621414194146613,0.7598968519317467,0.7641883607124001,0.704875676850937,0.7036468740685919,0.7055600076697128,,,,9.0,9.0,9.0
experiments/neighbormix_beta_mechanism_20260617,Melanoma_5K,snn_neighbormix,3,3,0;1;2,completed_no_status_json:3,0.7316640815422114,0.7232439618878794,0.7369820518502105,0.7267110689367767,0.7213789527970443,0.7345467778451625,0.6606987528137415,0.6585471607341504,0.664731469158731,0.6035741764613946,0.5266687643166059,0.6533014778022337,0.6035741764613946,0.5266687643166059,0.6533014778022337,0.7279401357450584,0.7262115578097317,0.7312211036531935,0.7267110689367767,0.7213789527970443,0.7345467778451625,0.7566529839079162,0.7497254410448154,0.7646559116916923,0.6990517428048993,0.6950978864356832,0.7067189721624156,,,,9.0,9.0,9.0
experiments/neighbormix_beta_mechanism_20260617,Melanoma_5K,truncated_normal_beta_mean0.05_std0.02,6,6,0;1;2,completed_no_status_json:6,0.7355786985744884,0.7345446487923776,0.7367604697540439,0.7324887788011348,0.7306368471310641,0.733558457528846,0.6598318073606328,0.6567315111663948,0.6619387347706249,0.653468533221972,0.6508344890564367,0.6550672647538958,0.653468533221972,0.6508344890564367,0.6550672647538958,0.7272635463269315,0.7247761473376464,0.728977038885434,0.7324887788011348,0.730636847131064,0.7335584575288461,0.7622313020980039,0.7597871040355368,0.7636706008044242,0.7049806948682701,0.7036407218970304,0.706102312781264,,,,9.0,9.0,9.0
experiments/neighbormix_beta_mechanism_20260617,Melanoma_5K,uniform_beta_0.1,3,3,0;1;2,completed_no_status_json:3,0.7697762020828717,0.7349878129847108,0.8393529802791935,0.7426658632657824,0.7319986620816552,0.7629319934302364,0.6917664892618771,0.6578141902800557,0.7579288397856164,0.6631798912170397,0.6506056480425438,0.6834516053615586,0.6631798912170397,0.6506056480425438,0.6834516053615586,0.7536500291613583,0.7256585919202952,0.8082777660663347,0.7426658632657824,0.7319986620816552,0.7629319934302363,0.7618270615049713,0.7609929939251425,0.7634012592450742,0.7249947016848015,0.7050511932196855,0.764880899263756,,,,9.0,9.0,9.0
experiments/neighbormix_beta_mechanism_20260617,Pollen,fixed_beta_0.05,3,3,0;1;2,completed_no_status_json:3,0.8803986710963455,0.8770764119601329,0.8837209302325582,0.9255362185584959,0.915462044941003,0.9326978141586804,0.9078867570966468,0.9007142898244723,0.9139044285681596,0.7540799315915142,0.7471811134601832,0.7612327970536925,0.7540799315915142,0.7471811134601832,0.7612327970536925,0.9189150625524429,0.9126943801832236,0.924080404661744,0.9255362185584958,0.915462044941003,0.9326978141586802,0.9110553224756518,0.8986919590100724,0.9200311418064626,0.9404928286873747,0.9328699102279414,0.9457181362159056,,,,11.0,11.0,11.0
experiments/neighbormix_beta_mechanism_20260617,Pollen,fixed_beta_0.1,3,3,0;1;2,completed_no_status_json:3,0.8803986710963455,0.8770764119601329,0.8870431893687708,0.9231000134330295,0.917703765587354,0.9278341875956972,0.9079690837289188,0.905287513612575,0.9106583361832092,0.7674832966157892,0.7541862550789209,0.7808794466403163,0.7674832966157892,0.7541862550789209,0.7808794466403163,0.9188761144025518,0.9165749607718636,0.9210327178851672,0.9231000134330293,0.9177037655873538,0.9278341875956972,0.9110457490568847,0.9093124240147972,0.9137369263164616,0.9354927122864786,0.9262514240998948,0.942373254151642,,,,11.0,11.0,11.0
experiments/neighbormix_beta_mechanism_20260617,Pollen,gaussian_noise_matched_anchor_target,3,3,0;1;2,completed_no_status_json:3,0.8947951273532669,0.8870431893687708,0.903654485049834,0.9291742003538322,0.9253305780665448,0.9319440568892242,0.9111059908834109,0.9039391192601204,0.915968562819824,0.7542662094846642,0.7476515579282378,0.7615277968219144,0.7542662094846642,0.7476515579282378,0.7615277968219144,0.9221438880752505,0.9160081717071892,0.926587426955536,0.9291742003538322,0.9253305780665448,0.9319440568892242,0.9094747621483452,0.9023720938712112,0.91734985148118,0.9497793465820442,0.9470101304764792,0.9528401118716618,,,,11.0,11.0,11.0
experiments/neighbormix_beta_mechanism_20260617,Pollen,global_random_neighbor_control,3,3,0;1;2,completed_no_status_json:3,0.8837209302325583,0.8803986710963455,0.8870431893687708,0.9265292807788338,0.9205413170394326,0.9313830681818762,0.9077730587322147,0.90217305672212,0.9109989315735116,0.7452940572563916,0.7388609414301114,0.7496776648136797,0.7452940572563916,0.7388609414301114,0.7496776648136797,0.9189658130763539,0.9142996287457976,0.9216980060803432,0.9265292807788336,0.9205413170394326,0.9313830681818762,0.9095910457488635,0.8983141878189089,0.9167976478338,0.9441459438255828,0.9421014673934934,0.9464400726655898,,,,11.0,11.0,11.0
experiments/neighbormix_beta_mechanism_20260617,Pollen,nm_scmae_nomix,3,3,0;1;2,completed_no_status_json:3,0.8759689922480619,0.8637873754152824,0.8903654485049833,0.9222907487236137,0.9195521622173656,0.9238157738046444,0.9134035450527566,0.910607240445616,0.9149502753877962,0.7581808702974664,0.7475385386970753,0.7713381694705973,0.7581808702974664,0.7475385386970753,0.7713381694705973,0.9234116723958831,0.920800659695286,0.9247339988229214,0.9222907487236137,0.9195521622173656,0.9238157738046444,0.9139269550804988,0.910736660501766,0.9171506242007468,0.9308315967457438,0.9252812532829676,0.936635029958763,,,,11.0,11.0,11.0
experiments/neighbormix_beta_mechanism_20260617,Pollen,random_beta_uniform_0.1,3,3,0;1;2,completed_no_status_json:3,0.8815060908084164,0.8704318936877077,0.8903654485049833,0.9245997244276261,0.919320447130934,0.9313937964016326,0.9115220590253514,0.902585506212634,0.9192071685633736,0.7567764913213241,0.7330172763576569,0.7780303030303031,0.7567764913213241,0.7330172763576569,0.7780303030303031,0.9219655598425653,0.9141984590981548,0.9286351110096018,0.9245997244276261,0.919320447130934,0.9313937964016328,0.911884485876053,0.9054069076094576,0.9198715710404636,0.9376771394197375,0.9336682839538716,0.9432083358992184,,,,11.0,11.0,11.0
experiments/neighbormix_beta_mechanism_20260617,Pollen,snn_neighbormix,3,3,0;1;2,completed_no_status_json:3,0.8870431893687708,0.8704318936877077,0.903654485049834,0.9261274279514936,0.9199855131550078,0.9367542433126528,0.9127780035558167,0.9041079541837655,0.9226069311912568,0.7614945034298332,0.7357208448117539,0.7767776064113466,0.7614945034298332,0.7357208448117539,0.7767776064113466,0.9231523190405819,0.9154904912957542,0.9320490648397876,0.9261274279514935,0.9199855131550077,0.9367542433126528,0.9125219561718118,0.9083782954565538,0.9198671671541708,0.9401564460788453,0.9318932033063332,0.9542729465557758,,,,11.0,11.0,11.0
experiments/neighbormix_beta_mechanism_20260617,Pollen,truncated_normal_beta_mean0.05_std0.02,3,3,0;1;2,completed_no_status_json:3,0.883720930232558,0.8770764119601329,0.893687707641196,0.9278674773733009,0.9269616578009842,0.928582436539922,0.9144581949381726,0.9128442070173244,0.9153450726642576,0.754012086785608,0.7414572371732714,0.7708882377784818,0.754012086785608,0.7414572371732714,0.7708882377784818,0.9245678564962381,0.923442908128384,0.925259522151222,0.9278674773733009,0.9269616578009844,0.928582436539922,0.9145131882646345,0.9097496086699174,0.9173887130158134,0.9416491511629865,0.9367364965718448,0.9471191292385364,,,,11.0,11.0,11.0
experiments/neighbormix_beta_mechanism_20260617,Shekhar,anchor_target_local_mix,3,3,0;1;2,completed_no_status_json:3,0.9343769412349361,0.9108833395452852,0.9608647036898994,0.9274608768125353,0.91780255471476,0.937887122915754,0.9591989452010492,0.9514476762161592,0.9713241800766192,0.8668342255881898,0.816412409105015,0.8947592346934419,0.8668342255881898,0.816412409105015,0.8947592346934419,0.9673653262647627,0.961126513430552,0.977137740643081,0.9274608768125351,0.9178025547147598,0.937887122915754,0.9275015000848207,0.9209384156838892,0.9327945174869136,0.9275140176924611,0.9146879769352314,0.9471833840487688,,,,18.0,18.0,18.0
experiments/neighbormix_beta_mechanism_20260617,Shekhar,bernoulli_beta_0_or_0.1_p0.5,3,3,0;1;2,completed_no_status_json:3,0.7798360044726053,0.7611256056653001,0.8106969809914275,0.8742411466258413,0.8675464823122976,0.8861179641031004,0.6755478742269082,0.662980221713437,0.6922177336872043,0.8447547877108043,0.8151367209656017,0.8944755280002293,0.8447547877108043,0.8151367209656017,0.8944755280002293,0.7474283011051499,0.737955494835199,0.760512602041994,0.8742411466258413,0.8675464823122977,0.8861179641031002,0.9272004641509964,0.920522326123378,0.932501336755052,0.8270590434511709,0.8167105693008817,0.8441302413941806,,,,18.0,18.0,18.0
experiments/neighbormix_beta_mechanism_20260617,Shekhar,beta_distribution_mean0.05_lowvar,3,3,0;1;2,completed_no_status_json:3,0.8686669151447385,0.7477450614983228,0.9362281028699218,0.9041143433859258,0.8618488383515721,0.9264111691804654,0.8576528858216217,0.6613797991307218,0.95583782971607,0.8160235232134715,0.7373067318116681,0.8996074429956692,0.8160235232134715,0.7373067318116681,0.8996074429956692,0.88826723815694,0.7355933624186067,0.9646524157292252,0.9041143433859257,0.861848838351572,0.9264111691804652,0.9256380693618064,0.9154298328293484,0.931970274209677,0.8846167834597735,0.8141933152685907,0.923328884988394,,,,18.0,18.0,18.0
experiments/neighbormix_beta_mechanism_20260617,Shekhar,fixed_beta_0.025,3,3,0;1;2,completed_no_status_json:3,0.7758355075164616,0.7535967200894521,0.8113306000745434,0.8721565375003489,0.8625270666161193,0.8853222812664209,0.6752570909047217,0.6622718134879815,0.6920480123062304,0.8192844257470907,0.740749646973706,0.894637172042497,0.8192844257470907,0.740749646973706,0.894637172042497,0.7468881731269409,0.7358784922092928,0.7606497193336261,0.8721565375003489,0.8625270666161193,0.8853222812664209,0.9232878454775516,0.9145304972356838,0.9324820067984118,0.8264107041508982,0.8161196253731613,0.8427030722086764,,,,18.0,18.0,18.0
experiments/neighbormix_beta_mechanism_20260617,Shekhar,fixed_beta_0.05,9,9,0;1;2,completed_no_status_json:9,0.7909429742825195,0.7360417443160641,0.8224375698844577,0.8794868437689871,0.8582321125271546,0.8922134966736751,0.6830960591775026,0.6553202858345654,0.6997587604617636,0.8172104520535,0.7485650173319004,0.8894172880762358,0.8172104520535,0.7485650173319004,0.8894172880762358,0.7541434436455591,0.7317085629158673,0.7670121810270967,0.8794868437689872,0.8582321125271547,0.8922134966736752,0.9346234030948715,0.9195463384626078,0.9473099379937032,0.8305476733071799,0.8045834701384739,0.8438858333610615,,,,18.0,18.0,18.0
experiments/neighbormix_beta_mechanism_20260617,Shekhar,fixed_beta_0.1,6,6,0;1;2,completed_no_status_json:6,0.7891539321654863,0.7569139023481177,0.808460678345136,0.8835090619758343,0.8733091226825894,0.890484741400923,0.6775671359064749,0.6600108301028441,0.6865146241009232,0.863900334936197,0.8145569310729801,0.8916184443012364,0.863900334936197,0.8145569310729801,0.8916184443012364,0.7504365559175108,0.7367814599335858,0.7575138043175614,0.8835090619758343,0.8733091226825894,0.8904847414009232,0.9396230578434751,0.936186546105288,0.9459919940078982,0.833770549007489,0.8183462482714926,0.8418350244658216,,,,18.0,18.0,18.0
experiments/neighbormix_beta_mechanism_20260617,Shekhar,fixed_beta_0.2,3,3,0;1;2,completed_no_status_json:3,0.7721331842464902,0.7588520313082371,0.7791651136787179,0.8668349760183585,0.8617548896734554,0.869997354739545,0.6521047488268045,0.6055054862633691,0.6869349943807558,0.8180758266208437,0.8097420971257475,0.8227113604927154,0.8180758266208437,0.8097420971257475,0.8227113604927154,0.7304832968239864,0.6958996133116279,0.75586551273137,0.8668349760183585,0.8617548896734554,0.869997354739545,0.929444527004334,0.9205819904432978,0.9350321049051512,0.8122520063833337,0.7991282757302284,0.8224483579905099,,,,18.0,18.0,18.0
experiments/neighbormix_beta_mechanism_20260617,Shekhar,gaussian_noise_matched_anchor_target,6,6,0;1;2,completed_no_status_json:6,0.9380171449869549,0.8957137532612747,0.9603056280283264,0.922405686692163,0.9016787141748366,0.9337459982672356,0.9466805709846072,0.9187829071606184,0.9607459872059152,0.8457871831241154,0.7666441252824008,0.8868034770070493,0.8457871831241154,0.7666441252824008,0.8868034770070493,0.9578096464643693,0.9357604651830532,0.9689257884958896,0.922405686692163,0.9016787141748368,0.9337459982672356,0.9110272016812678,0.8907577029318383,0.922719472004805,0.9340725849723999,0.9128708404729272,0.9450392465263298,,,,18.0,18.0,18.0
experiments/neighbormix_beta_mechanism_20260617,Shekhar,global_random_mix_anchor_target,3,3,0;1;2,completed_no_status_json:3,0.8566033047583551,0.725232948192322,0.9306000745434216,0.8981121974822805,0.8590683319664311,0.920998766802724,0.8473404454025854,0.6461392598004913,0.949138974722442,0.8422437289874672,0.8105949017681172,0.8968466880429212,0.8422437289874672,0.8105949017681172,0.8968466880429212,0.8798716675959274,0.7228100641034793,0.9593479243760236,0.8981121974822805,0.8590683319664311,0.920998766802724,0.9156883378744912,0.9103328686458864,0.9231744824932008,0.8823618424182232,0.8132698098714682,0.9188332823496212,,,,18.0,18.0,18.0
experiments/neighbormix_beta_mechanism_20260617,Shekhar,global_random_neighbor_control,3,3,0;1;2,completed_no_status_json:3,0.7668157535097527,0.7440551621319419,0.7948192322027581,0.8762282407673209,0.8666276483949686,0.8875879226081257,0.6673663166173586,0.6512539862011063,0.6796442745781719,0.8377793574277419,0.8140520168429525,0.8842190476271935,0.8377793574277419,0.8140520168429525,0.8842190476271935,0.7409882132855955,0.7282655427035628,0.7517635633577989,0.8762282407673209,0.8666276483949688,0.8875879226081256,0.9278399739480769,0.9164037374421066,0.9420269236648758,0.8301391689129298,0.8151158750721146,0.8390971527202129,,,,18.0,18.0,18.0
experiments/neighbormix_beta_mechanism_20260617,Shekhar,mixed_target_local_mix,3,3,0;1;2,completed_no_status_json:3,0.8821220027332588,0.7585165859112933,0.9813641446142378,0.9097599646532807,0.8648156509916479,0.9471767396143818,0.8633628139757973,0.6640172030942811,0.9766348462293002,0.8679888788924485,0.8154500594930689,0.9667239971486676,0.8679888788924485,0.8154500594930689,0.9667239971486676,0.8928237300881824,0.7376101783391067,0.9813330368611572,0.9097599646532807,0.8648156509916478,0.9471767396143818,0.9266908068376494,0.9173654180282966,0.945158651075906,0.8947301397005439,0.8179601509551001,0.9492034645778208,,,,18.0,18.0,18.0
experiments/neighbormix_beta_mechanism_20260617,Shekhar,nm_scmae_nomix,6,6,0;1;2,completed_no_status_json:6,0.7614610510622438,0.6920611256056654,0.8112933283637719,0.8689453626883722,0.8470238547149882,0.8874270538781082,0.6385987698210357,0.5458699179711232,0.6929122403288671,0.8483986260025276,0.8198057388396296,0.8934769037671914,0.8483986260025276,0.8198057388396296,0.8934769037671914,0.7197065422835572,0.648011051571043,0.7617253887177124,0.8689453626883723,0.8470238547149882,0.8874270538781082,0.9265019090251304,0.920048853297748,0.9365854831245828,0.8183487941180362,0.7847385416207027,0.8431716245602214,,,,18.0,18.0,18.0
experiments/neighbormix_beta_mechanism_20260617,Shekhar,random_beta_uniform_0.05,3,3,0;1;2,completed_no_status_json:3,0.9164244005466519,0.903615355944838,0.9254565784569512,0.9203680823314825,0.912741248616666,0.924605215423966,0.9514508264030418,0.9432952497038902,0.9556511580265016,0.8353302026869939,0.8092222931515204,0.8757462358307151,0.8353302026869939,0.8092222931515204,0.8757462358307151,0.9611527841782269,0.9546845789754512,0.9644858969370352,0.9203680823314825,0.912741248616666,0.924605215423966,0.9234034864581068,0.9080547388399288,0.9323534726127582,0.9174174872032688,0.9169846794967365,0.9177913982020076,,,,18.0,18.0,18.0
experiments/neighbormix_beta_mechanism_20260617,Shekhar,random_beta_uniform_0.1,6,6,0;1;2,completed_no_status_json:6,0.9263014039011056,0.9262020126723816,0.9263883712262392,0.9258663509276488,0.924520761021142,0.9270620157833774,0.9544032229784344,0.95279864731223,0.9562747655462384,0.8935703521129198,0.8915301818793857,0.8964325115340197,0.8935703521129198,0.8915301818793857,0.8964325115340197,0.9634894879429999,0.9622098030269284,0.9649837674086058,0.9258663509276489,0.924520761021142,0.9270620157833775,0.9322280296469434,0.9293443572798072,0.9345234479393952,0.9195934856738156,0.919314691614488,0.9197469782478964,,,,18.0,18.0,18.0
experiments/neighbormix_beta_mechanism_20260617,Shekhar,random_beta_uniform_0.2,3,3,0;1;2,completed_no_status_json:3,0.7180270841098273,0.664815505031681,0.7799478196049199,0.8584805289833426,0.8308150737903991,0.8870719528174766,0.6149517613842445,0.5237474127497562,0.6767938159501365,0.7915465648159888,0.7416641918434101,0.8824152478426925,0.7915465648159888,0.7416641918434101,0.8824152478426925,0.7005434571524826,0.6300935751064157,0.749596632718472,0.8584805289833426,0.8308150737903992,0.8870719528174766,0.9212445658598262,0.9078501204021612,0.9419276564667388,0.804110845970407,0.7615392811979548,0.8382539667771951,,,,18.0,18.0,18.0
experiments/neighbormix_beta_mechanism_20260617,Shekhar,snn_neighbormix,3,3,0;1;2,completed_no_status_json:3,0.7822959373835259,0.74278792396571,0.832985464032799,0.876512148232461,0.8652330574646864,0.893498096486999,0.6767639480759174,0.6585061046181647,0.7040486083611476,0.815172625798468,0.7385841888223452,0.8895028405937906,0.815172625798468,0.7385841888223452,0.8895028405937906,0.7490752957019519,0.7340890396762926,0.7710892918381343,0.8765121482324613,0.8652330574646865,0.8934980964869991,0.9327642062925263,0.9205783120935114,0.947391880704378,0.8266721739253762,0.8161651329760015,0.845405933283532,,,,18.0,18.0,18.0
experiments/neighbormix_beta_mechanism_20260617,Shekhar,truncated_normal_beta_mean0.05_std0.02,6,6,0;1;2,completed_no_status_json:6,0.9343769412349361,0.9108833395452852,0.9608647036898994,0.9274608768125353,0.91780255471476,0.937887122915754,0.9591989452010492,0.9514476762161592,0.9713241800766192,0.8668342255881898,0.816412409105015,0.8947592346934419,0.8668342255881898,0.816412409105015,0.8947592346934419,0.9673653262647627,0.961126513430552,0.977137740643081,0.9274608768125351,0.9178025547147598,0.937887122915754,0.9275015000848207,0.9209384156838892,0.9327945174869136,0.9275140176924611,0.9146879769352314,0.9471833840487688,,,,18.0,18.0,18.0
experiments/neighbormix_beta_mechanism_20260617,Shekhar,uniform_beta_0.1,3,3,0;1;2,completed_no_status_json:3,0.9263014039011056,0.9262020126723816,0.9263883712262392,0.9258663509276488,0.924520761021142,0.9270620157833774,0.9544032229784344,0.95279864731223,0.9562747655462384,0.8935703521129198,0.8915301818793857,0.8964325115340197,0.8935703521129198,0.8915301818793857,0.8964325115340197,0.9634894879429999,0.9622098030269284,0.9649837674086058,0.9258663509276489,0.924520761021142,0.9270620157833775,0.9322280296469434,0.9293443572798072,0.9345234479393952,0.9195934856738156,0.919314691614488,0.9197469782478964,,,,18.0,18.0,18.0
experiments/neighbormix_beta_mechanism_20260617,Tosches,anchor_target_local_mix,3,3,0;1;2,completed_no_status_json:3,0.6569688526932419,0.6398949849978568,0.6815795113587655,0.7578438764823915,0.7544736002366558,0.7599521117329502,0.5428940220308801,0.5374675047649584,0.5505166578362749,0.6798917864145411,0.638030783972509,0.7384991455038422,0.6798917864145411,0.638030783972509,0.7384991455038422,0.6183532412482516,0.6130752753372767,0.6261004952328911,0.7578438764823915,0.7544736002366557,0.7599521117329503,0.7832421753435582,0.7774267164185241,0.7927598732925992,0.7342227651993215,0.7197150222694986,0.7416287320380219,,,,15.0,15.0,15.0
experiments/neighbormix_beta_mechanism_20260617,Tosches,bernoulli_beta_0_or_0.1_p0.5,3,3,0;1;2,completed_no_status_json:3,0.6332154593513359,0.6129447063866267,0.6534504929275611,0.7451142258477198,0.7341557902141842,0.7654693795000723,0.5317387634900298,0.5219901350427156,0.5469136650542432,0.6619369309594386,0.642981991838805,0.6771555145205587,0.6619369309594386,0.642981991838805,0.6771555145205587,0.6096620368670199,0.6020220083862966,0.6212095989175854,0.7451142258477198,0.7341557902141841,0.7654693795000722,0.7794880408513004,0.7772776152326676,0.7831191858540606,0.7139699000019343,0.6949359187784793,0.7485976144223184,,,,15.0,15.0,15.0
experiments/neighbormix_beta_mechanism_20260617,Tosches,beta_distribution_mean0.05_lowvar,3,3,0;1;2,completed_no_status_json:3,0.646145877982569,0.6249464209172739,0.6599335619374196,0.7547868433393408,0.7368566985929805,0.7669074939775296,0.5366304916625867,0.5262515468252434,0.5445303263293222,0.652580491290465,0.6376731286372302,0.6681763364497226,0.652580491290465,0.6376731286372302,0.6681763364497226,0.6131741445814102,0.6056862157774668,0.6193396687538513,0.7547868433393408,0.7368566985929804,0.7669074939775296,0.7798842450505271,0.7782256545378035,0.7830702133097759,0.7315635533990709,0.6996639304709568,0.7513984851858373,,,,15.0,15.0,15.0
experiments/neighbormix_beta_mechanism_20260617,Tosches,fixed_beta_0.025,3,3,0;1;2,completed_no_status_json:3,0.6549149878554079,0.6432168881268753,0.6662558936990999,0.7573795430935597,0.7518958466492791,0.7606307106968037,0.53726353818309,0.5354183337487297,0.5404530957778303,0.6782991186524431,0.6467556812882455,0.7361269588742835,0.6782991186524431,0.6467556812882455,0.7361269588742835,0.6136475228360663,0.6113576016825352,0.6178270883724417,0.7573795430935597,0.7518958466492791,0.7606307106968037,0.783320024854618,0.7779015160717115,0.7923411685159958,0.7333327055684363,0.7153790804923232,0.7424561482679719,,,,15.0,15.0,15.0
experiments/neighbormix_beta_mechanism_20260617,Tosches,fixed_beta_0.05,9,9,0;1;2,completed_no_status_json:9,0.6477889698528361,0.6377518216888127,0.663201885983712,0.7474321693174908,0.738418956169582,0.757495030724133,0.5352883414633248,0.5315622630043562,0.5372238871891293,0.6751880030068951,0.6353138003261232,0.6994878033087902,0.6751880030068951,0.6353138003261232,0.6994878033087902,0.613875905233339,0.6128696083935464,0.614922380465111,0.7474321693174909,0.7384189561695821,0.7574950307241332,0.7869060489980598,0.7773823584782562,0.7959111885312132,0.7122265821814499,0.6886730175325897,0.7385998535861182,,,,15.0,15.0,15.0
experiments/neighbormix_beta_mechanism_20260617,Tosches,fixed_beta_0.05_bad0,3,3,0;1;2,completed_no_status_json:3,0.6477889698528362,0.6377518216888127,0.663201885983712,0.7474321693174909,0.738418956169582,0.757495030724133,0.5352883414633248,0.5315622630043562,0.5372238871891293,0.6751880030068951,0.6353138003261232,0.6994878033087902,0.6751880030068951,0.6353138003261232,0.6994878033087902,0.613875905233339,0.6128696083935464,0.614922380465111,0.7474321693174909,0.7384189561695821,0.7574950307241332,0.7869060489980599,0.7773823584782562,0.7959111885312132,0.7122265821814499,0.6886730175325897,0.7385998535861182,,,,15.0,15.0,15.0
experiments/neighbormix_beta_mechanism_20260617,Tosches,fixed_beta_0.05_bad0.1,3,3,0;1;2,completed_no_status_json:3,0.6410380054293471,0.6149271324474925,0.6660415773681955,0.747657033526048,0.7373166538350922,0.7581070665892037,0.5319260363761886,0.5202532975695765,0.5385923921252048,0.6614729990084116,0.6356194915999677,0.6928082048687835,0.6614729990084116,0.6356194915999677,0.6928082048687835,0.6098494587810342,0.600710108292477,0.6162133451365385,0.747657033526048,0.7373166538350922,0.7581070665892038,0.7823396468150641,0.7779118352669551,0.78845972641489,0.7161667600660332,0.6985432143841973,0.7392856768719496,,,,15.0,15.0,15.0
experiments/neighbormix_beta_mechanism_20260617,Tosches,fixed_beta_0.05_bad0.2,3,3,0;1;2,completed_no_status_json:3,0.6281075867981141,0.6090334333476211,0.6463780540077154,0.7452031506404486,0.7351328894882544,0.7617907366058324,0.5275289041752397,0.5181847494109566,0.5404356375499112,0.6536955632777527,0.6363127774312004,0.6677385846781689,0.6536955632777527,0.6363127774312004,0.6677385846781689,0.6060462798386442,0.598641770809796,0.6156727942620175,0.7452031506404485,0.7351328894882544,0.7617907366058323,0.779914228081831,0.7772943772354888,0.7817243003370425,0.7137343276930247,0.6973098685823005,0.7437540224154812,,,,15.0,15.0,15.0
experiments/neighbormix_beta_mechanism_20260617,Tosches,fixed_beta_0.05_bad0.4,3,3,0;1;2,completed_no_status_json:3,0.6331261608801257,0.607908272610373,0.6668988426918131,0.7393821635538659,0.7332310172597817,0.7490211484049082,0.5266193484522327,0.519136789670218,0.5391747442776607,0.6641256848207057,0.6406383092530973,0.694186568920282,0.6641256848207057,0.6406383092530973,0.694186568920282,0.606065517780964,0.5996818020034639,0.6167019606508836,0.7393821635538659,0.7332310172597816,0.7490211484049082,0.7822565927748512,0.7761813988273695,0.7898995757123218,0.7009705587942765,0.694784759011428,0.7121655667025865,,,,15.0,15.0,15.0
experiments/neighbormix_beta_mechanism_20260617,Tosches,fixed_beta_0.1,6,6,0;1;2,completed_no_status_json:6,0.6511465923703387,0.6280004286326618,0.6688276896699529,0.7499396231235327,0.7391664052241632,0.7616784845742699,0.5340585141353897,0.5239444078235469,0.5408463687560828,0.6799311200208215,0.6700781547673363,0.6915478571896249,0.6799311200208215,0.6700781547673363,0.6915478571896249,0.611616665648684,0.6037434347599933,0.6181003564723794,0.7499396231235328,0.7391664052241631,0.76167848457427,0.7838760370685328,0.7805013479336604,0.7895569643537225,0.7190761389117547,0.7011273471975671,0.7437421205352821,,,,15.0,15.0,15.0
experiments/neighbormix_beta_mechanism_20260617,Tosches,fixed_beta_0.1_bad0,3,3,0;1;2,completed_no_status_json:3,0.6511465923703387,0.6280004286326618,0.6688276896699529,0.7499396231235327,0.7391664052241632,0.7616784845742699,0.5340585141353897,0.5239444078235469,0.5408463687560828,0.6799311200208215,0.6700781547673363,0.6915478571896249,0.6799311200208215,0.6700781547673363,0.6915478571896249,0.611616665648684,0.6037434347599933,0.6181003564723794,0.7499396231235328,0.7391664052241631,0.76167848457427,0.7838760370685328,0.7805013479336604,0.7895569643537225,0.7190761389117547,0.7011273471975671,0.7437421205352821,,,,15.0,15.0,15.0
experiments/neighbormix_beta_mechanism_20260617,Tosches,fixed_beta_0.1_bad0.1,3,3,0;1;2,completed_no_status_json:3,0.6326439491355907,0.6254822117445349,0.6450921560222889,0.7447725603342531,0.7337792985053064,0.7633844799353697,0.5278963695811919,0.5209246117536519,0.5404680206107977,0.6539650854006142,0.6333908682582756,0.6689717596940057,0.6539650854006142,0.6333908682582756,0.6689717596940057,0.6064414169044153,0.6012018582254375,0.6157152391782125,0.744772560334253,0.7337792985053064,0.7633844799353696,0.7794078380779644,0.7765179313782797,0.7819603386500481,0.7133816472209543,0.6954998077852439,0.7456706997328775,,,,15.0,15.0,15.0
experiments/neighbormix_beta_mechanism_20260617,Tosches,fixed_beta_0.1_bad0.2,3,3,0;1;2,completed_no_status_json:3,0.6377161023003286,0.6231247321045864,0.6571474496356622,0.7433559009271411,0.7303332638509291,0.7611941357559225,0.5269706784138153,0.5149106823444699,0.5368918744358685,0.6629053762210968,0.6542080511743255,0.672961990196533,0.6629053762210968,0.6542080511743255,0.672961990196533,0.6050727910011188,0.594508421568661,0.6126100732875592,0.7433559009271411,0.7303332638509291,0.7611941357559224,0.7730138871157809,0.7600332363059372,0.780117876821154,0.7161071747548879,0.7011703581070523,0.7442839852556071,,,,15.0,15.0,15.0
experiments/neighbormix_beta_mechanism_20260617,Tosches,fixed_beta_0.1_bad0.4,3,3,0;1;2,completed_no_status_json:3,0.6342334619231319,0.6263930561508787,0.6425203600514359,0.7360936194221336,0.7342557569824778,0.7388504304360927,0.5273355183297791,0.5236232429967715,0.5302505545444363,0.6826414199657216,0.6712939942104089,0.6989775684930802,0.6826414199657216,0.6712939942104089,0.6989775684930802,0.6078212575490309,0.6035315293979895,0.6125532487458557,0.7360936194221335,0.7342557569824777,0.7388504304360926,0.7832571391408477,0.7765610587200755,0.7925234918855212,0.6943857255666392,0.6855655707644568,0.7012698914924165,,,,15.0,15.0,15.0
experiments/neighbormix_beta_mechanism_20260617,Tosches,fixed_beta_0.2,3,3,0;1;2,completed_no_status_json:3,0.6189812830404343,0.6103193313330476,0.6282683240462923,0.7299744331635605,0.7202177315267175,0.7354130353941387,0.5194754787493423,0.5170462318238345,0.523926105232025,0.6835201591719754,0.6659021933956614,0.7048822077465945,0.6835201591719754,0.6659021933956614,0.7048822077465945,0.6005354310514089,0.5978584492648662,0.6032078277406958,0.7299744331635605,0.7202177315267176,0.7354130353941385,0.7754707938571085,0.7746790611983115,0.7762490083059244,0.689639523235409,0.6717307977621646,0.6992794601761696,,,,15.0,15.0,15.0
experiments/neighbormix_beta_mechanism_20260617,Tosches,gaussian_noise_matched_anchor_target,6,6,0;1;2,completed_no_status_json:6,0.6913487641091584,0.645145735105015,0.7775932276039434,0.7701893978499693,0.7490972131937707,0.7998859464899621,0.6004228194976168,0.5144203291976905,0.7487652795848513,0.660390784801212,0.6332242859449715,0.6947646558325048,0.660390784801212,0.6332242859449715,0.6947646558325048,0.6683603510713124,0.5962828688875361,0.7951383536542402,0.7701893978499695,0.7490972131937709,0.799885946489962,0.766387918688984,0.7439257131992488,0.7788708636016782,0.7745876360533254,0.747355279312932,0.8220665115716672,,,,15.0,15.0,15.0
experiments/neighbormix_beta_mechanism_20260617,Tosches,global_random_mix_anchor_target,3,3,0;1;2,completed_no_status_json:3,0.648806972424632,0.6450921560222889,0.6514144877839692,0.7614134317062146,0.7608178144513703,0.762306199230332,0.5416964637369591,0.5397224258585162,0.5438150601530266,0.6374809327066618,0.6363420370686566,0.6388395916130754,0.6374809327066618,0.6363420370686566,0.6388395916130754,0.616782738850025,0.6150607410780972,0.6186452413361638,0.7614134317062146,0.7608178144513703,0.762306199230332,0.7788011872518344,0.778600793124285,0.7790004409178981,0.7447860885124021,0.7438290115054865,0.7464943981286113,,,,15.0,15.0,15.0
experiments/neighbormix_beta_mechanism_20260617,Tosches,global_random_neighbor_control,3,3,0;1;2,completed_no_status_json:3,0.6153557651093013,0.6071045863694814,0.6200171453064723,0.7307515736824773,0.7262547497957951,0.7343119537471804,0.5188269286465487,0.5138700507994542,0.5215144273413265,0.6677170348174973,0.65463641391459,0.6855850738118331,0.6677170348174973,0.65463641391459,0.6855850738118331,0.5988460788149765,0.5945662632755526,0.6013784673306375,0.7307515736824773,0.7262547497957951,0.7343119537471804,0.7713655903096014,0.7672119053439851,0.7737301957447412,0.6942024124656682,0.6894489251306426,0.6987153948029436,,,,15.0,15.0,15.0
experiments/neighbormix_beta_mechanism_20260617,Tosches,mixed_target_local_mix,3,3,0;1;2,completed_no_status_json:3,0.6816688098299757,0.6255357908272611,0.784076296613802,0.7606936828361842,0.7375968138320915,0.8062883912338136,0.6020086797015012,0.5263551341362349,0.7498524492676473,0.6919848198320132,0.6682177637421809,0.7094045516101318,0.6919848198320132,0.6682177637421809,0.7094045516101318,0.670300997220919,0.6057827703168421,0.7964095171725657,0.7606936828361842,0.7375968138320914,0.8062883912338136,0.7805993024650654,0.7789815908943273,0.7837267702826634,0.7439854183654099,0.7003002404071333,0.8301875057378162,,,,15.0,15.0,15.0
experiments/neighbormix_beta_mechanism_20260617,Tosches,nm_scmae_nomix,6,6,0;1;2,completed_no_status_json:6,0.6251428775539363,0.6111230175739392,0.6326618088298328,0.7343636982805372,0.7290809183971846,0.7397764555036311,0.5251720719378349,0.5220412382701718,0.5278987630197263,0.670738337169755,0.6391057283098266,0.7135889686074948,0.670738337169755,0.6391057283098266,0.7135889686074948,0.6048269197888079,0.6020410916243718,0.6072563682712575,0.7343636982805374,0.7290809183971847,0.7397764555036312,0.7772195012879193,0.7735611726161564,0.781745584043096,0.6959907725007559,0.6894378104411811,0.7020840691989619,,,,15.0,15.0,15.0
experiments/neighbormix_beta_mechanism_20260617,Tosches,random_beta_uniform_0.05,3,3,0;1;2,completed_no_status_json:3,0.6439134162023147,0.6306258036862409,0.6599335619374196,0.7539879847128056,0.7342855995312041,0.7694717879622185,0.5384260956860628,0.527464198603653,0.5496488778468541,0.660298735290668,0.6355796585207634,0.681631227790805,0.660298735290668,0.6355796585207634,0.681631227790805,0.6147086159320295,0.6067572463079842,0.6236944505846822,0.7539879847128056,0.7342855995312042,0.7694717879622185,0.7791588478376635,0.7757925330924909,0.7845515476269819,0.7307119767909255,0.6969945638236495,0.7549607882984041,,,,15.0,15.0,15.0
experiments/neighbormix_beta_mechanism_20260617,Tosches,random_beta_uniform_0.1,6,6,0;1;2,completed_no_status_json:6,0.648806972424632,0.6268216888126875,0.672524646378054,0.7573698631451528,0.7406748235864192,0.771425359881691,0.5399102367431668,0.5283399566809455,0.550200140199793,0.6815480024375877,0.6361913361415623,0.7117287973173775,0.6815480024375877,0.6361913361415623,0.7117287973173775,0.6159531742281431,0.6073798143817299,0.6241693639218251,0.7573698631451528,0.7406748235864192,0.7714253598816911,0.7812411217390901,0.7783561988602303,0.7842729381120225,0.7352441035816786,0.704232780246053,0.7589919229587291,,,,15.0,15.0,15.0
experiments/neighbormix_beta_mechanism_20260617,Tosches,random_beta_uniform_0.1_bad0,3,3,0;1;2,completed_no_status_json:3,0.648806972424632,0.6268216888126875,0.672524646378054,0.7573698631451528,0.7406748235864192,0.771425359881691,0.5399102367431668,0.5283399566809455,0.550200140199793,0.6815480024375877,0.6361913361415623,0.7117287973173775,0.6815480024375877,0.6361913361415623,0.7117287973173775,0.6159531742281431,0.6073798143817299,0.6241693639218251,0.7573698631451528,0.7406748235864192,0.7714253598816911,0.7812411217390901,0.7783561988602303,0.7842729381120225,0.7352441035816786,0.704232780246053,0.7589919229587291,,,,15.0,15.0,15.0
experiments/neighbormix_beta_mechanism_20260617,Tosches,random_beta_uniform_0.1_bad0.1,3,3,0;1;2,completed_no_status_json:3,0.6508786969567081,0.6452528932704672,0.6559151307329618,0.7622783561465253,0.7600818814563923,0.7658289650996325,0.541435739680833,0.5373659279734299,0.5456258666682857,0.6425687805449363,0.6352897662990925,0.6525559912318356,0.6425687805449363,0.6352897662990925,0.6525559912318356,0.6165567946021916,0.6129958257100472,0.6202862275275091,0.7622783561465253,0.7600818814563923,0.7658289650996324,0.7795456068013079,0.7778378724268687,0.7817237812336363,0.7457635873632897,0.7419926411421413,0.7505676476848602,,,,15.0,15.0,15.0
experiments/neighbormix_beta_mechanism_20260617,Tosches,random_beta_uniform_0.1_bad0.2,3,3,0;1;2,completed_no_status_json:3,0.6481997428204029,0.638394770681526,0.6603086155165023,0.7619597421931914,0.7594108011464403,0.7662808852110862,0.5422020772559208,0.537822607160966,0.5479683889589584,0.6365778184136256,0.6301507234171595,0.6433118334375608,0.6365778184136256,0.6301507234171595,0.6433118334375608,0.6172054699951546,0.6133928602511655,0.6222466488183459,0.7619597421931914,0.7594108011464402,0.7662808852110862,0.7794160081031629,0.7775891515364899,0.7818527388133604,0.745272849051342,0.7420629758082516,0.7513171960093508,,,,15.0,15.0,15.0
experiments/neighbormix_beta_mechanism_20260617,Tosches,random_beta_uniform_0.1_bad0.4,3,3,0;1;2,completed_no_status_json:3,0.6435205029289899,0.6125696528075439,0.663201885983712,0.7556287168128256,0.7359464323131393,0.7659153628050289,0.5382085965727422,0.5255228593613295,0.5447845574989223,0.6609585805275338,0.6396724267857771,0.6983499327393478,0.6609585805275338,0.6396724267857771,0.6983499327393478,0.614528520900205,0.60500852698567,0.6193737729094696,0.7556287168128256,0.7359464323131394,0.7659153628050289,0.7804421080374085,0.779369605278047,0.7816660554512377,0.7327458156784267,0.6971066052409043,0.7507868901446111,,,,15.0,15.0,15.0
experiments/neighbormix_beta_mechanism_20260617,Tosches,random_beta_uniform_0.2,3,3,0;1;2,completed_no_status_json:3,0.6364480640091442,0.6197492498928419,0.6454136305186455,0.7528452919086238,0.7358537829666506,0.7633057500671595,0.5349967576932254,0.5286297122454114,0.5390859201352572,0.657328039759427,0.6326714198942841,0.6933303907980778,0.657328039759427,0.6326714198942841,0.6933303907980778,0.6116746045043576,0.6076187891670854,0.614490939781377,0.7528452919086237,0.7358537829666505,0.7633057500671595,0.7792662021821126,0.7789512022043309,0.7794980981744302,0.7284830809949555,0.6972752875407763,0.7477724324621459,,,,15.0,15.0,15.0
experiments/neighbormix_beta_mechanism_20260617,Tosches,snn_neighbormix,3,3,0;1;2,completed_no_status_json:3,0.6434669238462637,0.6098906986712388,0.6662558936990999,0.7487271400998147,0.7357016319065235,0.7602706171497823,0.5316484223844143,0.5191165930121476,0.5399022330070197,0.6639796660871463,0.6454096632431475,0.6937512978418556,0.6639796660871463,0.6454096632431475,0.6937512978418556,0.6095159356986085,0.5994597859705441,0.617318175981631,0.7487271400998147,0.7357016319065235,0.7602706171497822,0.7830431087987618,0.7784438538642052,0.7908370551808349,0.7175878499386693,0.6962853076549959,0.7429265530368121,,,,15.0,15.0,15.0
experiments/neighbormix_beta_mechanism_20260617,Tosches,truncated_normal_beta_mean0.05_std0.02,6,6,0;1;2,completed_no_status_json:6,0.6569688526932419,0.6398949849978568,0.6815795113587655,0.7578438764823915,0.7544736002366558,0.7599521117329502,0.5428940220308801,0.5374675047649584,0.5505166578362749,0.6798917864145411,0.638030783972509,0.7384991455038422,0.6798917864145411,0.638030783972509,0.7384991455038422,0.6183532412482516,0.6130752753372767,0.6261004952328911,0.7578438764823915,0.7544736002366557,0.7599521117329503,0.7832421753435582,0.7774267164185241,0.7927598732925992,0.7342227651993215,0.7197150222694986,0.7416287320380219,,,,15.0,15.0,15.0
experiments/neighbormix_beta_mechanism_20260617,Tosches,uniform_beta_0.1,3,3,0;1;2,completed_no_status_json:3,0.648806972424632,0.6268216888126875,0.672524646378054,0.7573698631451528,0.7406748235864192,0.771425359881691,0.5399102367431668,0.5283399566809455,0.550200140199793,0.6815480024375877,0.6361913361415623,0.7117287973173775,0.6815480024375877,0.6361913361415623,0.7117287973173775,0.6159531742281431,0.6073798143817299,0.6241693639218251,0.7573698631451528,0.7406748235864192,0.7714253598816911,0.7812411217390901,0.7783561988602303,0.7842729381120225,0.7352441035816786,0.704232780246053,0.7589919229587291,,,,15.0,15.0,15.0
experiments/neighbormix_beta_mechanism_20260617,Wang,fixed_beta_0.05,3,3,0;1;2,completed_no_status_json:3,0.9851875196974472,0.9841369891795356,0.9860279441117764,0.8664038476070594,0.8568155474440035,0.8770326676568423,0.9356958800229159,0.931176215802471,0.9393971414737704,0.9787243114574613,0.9771947029707831,0.9800062648859146,0.9787243114574613,0.9771947029707831,0.9800062648859146,0.9776431043954309,0.976086567532464,0.9788684440920308,0.8664038476070594,0.8568155474440036,0.8770326676568423,0.875730039541649,0.8654096542760746,0.8887904337869457,0.8572803692463081,0.8483904528645738,0.865581925769046,,,,2.0,2.0,2.0
experiments/neighbormix_beta_mechanism_20260617,Wang,fixed_beta_0.1,3,3,0;1;2,completed_no_status_json:3,0.984977413593865,0.984347095283118,0.9855026788528208,0.8646994613420218,0.8581806829389279,0.8700923971639624,0.9347984107660324,0.9320625589203868,0.9369492832764328,0.9784243042664915,0.9774892553340832,0.9791127639990476,0.9784243042664915,0.9774892553340832,0.9791127639990476,0.977329230460915,0.9764015136120344,0.9781347320759932,0.8646994613420218,0.8581806829389279,0.8700923971639623,0.8739987989666789,0.8665800112249611,0.8822774243942949,0.8556050402548636,0.849942612667732,0.8586331513071364,,,,2.0,2.0,2.0
experiments/neighbormix_beta_mechanism_20260617,Wang,gaussian_noise_matched_anchor_target,3,3,0;1;2,completed_no_status_json:3,0.9766081871345028,0.9637566971320516,0.9892845887173022,0.8217665619320941,0.76131748364094,0.8917293677872071,0.9007715214603937,0.8487642441132088,0.9530148370442472,0.9670913278630294,0.9498703741941404,0.9844200219513604,0.9670913278630294,0.9498703741941404,0.9844200219513604,0.964884430834379,0.945704188045306,0.9838416296904304,0.821766561932094,0.7613174836409398,0.8917293677872071,0.8367107675972907,0.7900280120189548,0.89330056657347,0.8076631538651656,0.7346205271154119,0.8901636863626974,,,,2.0,2.0,2.0
experiments/neighbormix_beta_mechanism_20260617,Wang,global_random_neighbor_control,3,3,0;1;2,completed_no_status_json:3,0.9855026788528206,0.9793045487971426,0.9897048009244668,0.8688248151884945,0.8275532794392144,0.8957029349977728,0.937139643646452,0.9109851263955454,0.9548748944399406,0.9791848491036496,0.9704824409416408,0.9850564861881002,0.9791848491036496,0.9704824409416408,0.9850564861881002,0.9781370496285918,0.9688552150452946,0.9844563725717832,0.8688248151884945,0.8275532794392144,0.8957029349977726,0.8768898716137188,0.8406198824477805,0.8984018849101109,0.8609511117269398,0.8148866736593551,0.8930201527114043,,,,2.0,2.0,2.0
experiments/neighbormix_beta_mechanism_20260617,Wang,nm_scmae_nomix,3,3,0;1;2,completed_no_status_json:3,0.9714605875967365,0.9614455299926464,0.9860279441117764,0.7941449238834298,0.7493814049279532,0.869850201189799,0.8798632518896352,0.8396856828233105,0.939196511138032,0.9601189628540933,0.9468036772518296,0.9798661765420356,0.9601189628540933,0.9468036772518296,0.9798661765420356,0.9572307044064661,0.9423172744164044,0.9789177083980396,0.7941449238834298,0.7493814049279532,0.869850201189799,0.8138806639775376,0.7789258765698724,0.8770915561087658,0.775583250864091,0.7219962599862175,0.8627274378564411,,,,2.0,2.0,2.0
experiments/neighbormix_beta_mechanism_20260617,Wang,random_beta_uniform_0.1,3,3,0;1;2,completed_no_status_json:3,0.9857828203242639,0.984347095283118,0.9866582624225234,0.8697411243798837,0.8645964090356414,0.8733045554521839,0.9382027988729088,0.9322644670473432,0.9418375297963172,0.9795501057031611,0.9776305086507382,0.9807292214375152,0.9795501057031611,0.9776305086507382,0.9807292214375152,0.9785418868201415,0.9763515506860116,0.9798750609754716,0.8697411243798836,0.8645964090356414,0.8733045554521839,0.8779014930635768,0.8770140692150268,0.8790750612408099,0.8617512901764753,0.8525254832468443,0.8676093141804349,,,,2.0,2.0,2.0
experiments/neighbormix_beta_mechanism_20260617,Wang,snn_neighbormix,3,3,0;1;2,completed_no_status_json:3,0.9853275904331688,0.9841369891795356,0.9860279441117764,0.8669626854064857,0.8568155474440035,0.8761202698856023,0.9362799863423846,0.931176215802471,0.9393782313050978,0.978914773655234,0.9771947029707831,0.9799930552413624,0.978914773655234,0.9771947029707831,0.9799930552413624,0.9778556118024904,0.976086567532464,0.97887254278378,0.8669626854064857,0.8568155474440036,0.8761202698856024,0.8759403007905764,0.8654096542760746,0.8874457479048007,0.8581737279212421,0.8483904528645738,0.8650802181209696,,,,2.0,2.0,2.0
experiments/neighbormix_beta_mechanism_20260617,Wang,truncated_normal_beta_mean0.05_std0.02,3,3,0;1;2,completed_no_status_json:3,0.9857828203242639,0.9844521483349092,0.9865532093707322,0.8697149938035541,0.8652509987679194,0.8725715739909169,0.9382011827046136,0.9327066623882422,0.9413904859505328,0.9795494404601338,0.9777769827532684,0.9805807516059027,0.9795494404601338,0.9777769827532684,0.9805807516059027,0.9785418707425605,0.9765092698256514,0.9797172936030888,0.8697149938035541,0.8652509987679194,0.872571573990917,0.8778782609167867,0.87757483302413,0.8784446009913365,0.861721376343567,0.8532684997588752,0.8667765561696789,,,,2.0,2.0,2.0
experiments/neighbormix_beta_mechanism_20260617,worm_neuron_cell,anchor_target_local_mix,3,3,0;1;2,completed_no_status_json:3,0.6688963210702341,0.6194457716196846,0.7314859053989489,0.6285283040370867,0.5908685847221202,0.6495136269614742,0.4064365126835326,0.3651668824220654,0.4744430929551595,0.6340074263633441,0.5835164492061649,0.6761926275427231,0.6340074263633441,0.5835164492061649,0.6761926275427231,0.5295451498450641,0.4840092845263547,0.57081189113252,0.6285283040370867,0.5908685847221202,0.6495136269614742,0.5857513009209743,0.5623791299427624,0.6237125474831808,0.6820532776555871,0.6119833636171197,0.7566350262176793,,,,10.0,10.0,10.0
experiments/neighbormix_beta_mechanism_20260617,worm_neuron_cell,bernoulli_beta_0_or_0.1_p0.5,3,3,0;1;2,completed_no_status_json:3,0.6935021500238893,0.6643573817486861,0.7142857142857143,0.6245851784521115,0.6205976822737752,0.6300254487364382,0.4420837517023348,0.398552302490102,0.501130529672596,0.7006303592409822,0.6675649060309605,0.7282595844786917,0.7006303592409822,0.6675649060309605,0.7282595844786917,0.5346808269208756,0.4952833709173571,0.5774225336053241,0.6245851784521115,0.6205976822737752,0.6300254487364383,0.6062986183810106,0.6000502981430168,0.6174407546327557,0.6440837117000316,0.6410559661505465,0.6480613493670809,,,,10.0,10.0,10.0
experiments/neighbormix_beta_mechanism_20260617,worm_neuron_cell,beta_distribution_mean0.05_lowvar,3,3,0;1;2,completed_no_status_json:3,0.6536868928173276,0.6330625895843287,0.6693741041567128,0.6326203513810374,0.600600466801796,0.6543624119062018,0.4135075360268081,0.4019879335347537,0.4249944728410076,0.6405933555405979,0.5757361476233618,0.6917749513793771,0.6405933555405979,0.5757361476233618,0.6917749513793771,0.5203699517015493,0.5144571904104559,0.5295891594051907,0.6326203513810374,0.600600466801796,0.6543624119062019,0.5954280032382673,0.5649635815666493,0.6155652160636383,0.674769540881854,0.6410358539755929,0.6983791149075337,,,,10.0,10.0,10.0
experiments/neighbormix_beta_mechanism_20260617,worm_neuron_cell,fixed_beta_0.025,3,3,0;1;2,completed_no_status_json:3,0.7372989329511069,0.6978021978021978,0.7577639751552795,0.6595023224408361,0.6495914983864285,0.6683982948565467,0.5250896319261934,0.5021622120738609,0.5659199402407924,0.7196371339179245,0.6909567501931545,0.7757872621089075,0.7196371339179245,0.6909567501931545,0.7757872621089075,0.6040059385177429,0.5808495224019741,0.635883510895235,0.6595023224408361,0.6495914983864284,0.6683982948565467,0.6391371943180464,0.6276315528539029,0.6525951061782738,0.6812509434846813,0.6731438553906564,0.6856231198506687,,,,10.0,10.0,10.0
experiments/neighbormix_beta_mechanism_20260617,worm_neuron_cell,fixed_beta_0.05,9,9,0;1;2,completed_no_status_json:9,0.6721611721611721,0.626134734830387,0.7159579550883899,0.6312595724748792,0.6239678915166925,0.6431604095965684,0.4529191034956116,0.3881553294268426,0.513435442518769,0.6354908730324592,0.608360919149779,0.6652614788857705,0.6354908730324592,0.608360919149779,0.6652614788857705,0.5517196345924813,0.5270858546447116,0.5890385117116929,0.6312595724748792,0.6239678915166925,0.6431604095965685,0.6078239937605492,0.5716336064587416,0.6362222936293815,0.6587287132653574,0.6325494296174367,0.6933851934707107,,,,10.0,10.0,10.0
experiments/neighbormix_beta_mechanism_20260617,worm_neuron_cell,fixed_beta_0.05_bad0,3,3,0;1;2,completed_no_status_json:3,0.6721611721611721,0.626134734830387,0.7159579550883899,0.6312595724748792,0.6239678915166925,0.6431604095965684,0.45291910349561165,0.3881553294268426,0.513435442518769,0.6354908730324592,0.608360919149779,0.6652614788857705,0.6354908730324592,0.608360919149779,0.6652614788857705,0.5517196345924812,0.5270858546447116,0.5890385117116929,0.6312595724748792,0.6239678915166925,0.6431604095965685,0.6078239937605492,0.5716336064587416,0.6362222936293815,0.6587287132653573,0.6325494296174367,0.6933851934707107,,,,10.0,10.0,10.0
experiments/neighbormix_beta_mechanism_20260617,worm_neuron_cell,fixed_beta_0.05_bad0.1,3,3,0;1;2,completed_no_status_json:3,0.7223283962414397,0.6712852365026278,0.7577639751552795,0.6582829359006124,0.6496103917135947,0.6683794877842744,0.5156626301944361,0.4426649293395768,0.5618964404850783,0.6893459607675801,0.6749884241927827,0.701610195993023,0.6893459607675801,0.6749884241927827,0.701610195993023,0.5943125401149536,0.5331291191234736,0.633152344577542,0.6582829359006124,0.6496103917135949,0.6683794877842744,0.6413885644545464,0.6296110725110095,0.6517239155936906,0.6761145662689146,0.6709219322321118,0.6859086922000426,,,,10.0,10.0,10.0
experiments/neighbormix_beta_mechanism_20260617,worm_neuron_cell,fixed_beta_0.05_bad0.2,3,3,0;1;2,completed_no_status_json:3,0.6996336996336997,0.6495461060678452,0.7398471094123268,0.6329918308604087,0.6267364118116193,0.645283752791829,0.4918695190872831,0.4448809889809436,0.5303850983096001,0.6777233000245309,0.6461070584458114,0.7018036185037873,0.6777233000245309,0.6461070584458114,0.7018036185037873,0.5677925794365953,0.5240454707118337,0.6029250045253607,0.6329918308604087,0.6267364118116193,0.645283752791829,0.6248690959620178,0.6166200366180289,0.6311023891122973,0.6414493735598211,0.6265880317588475,0.6601170996832152,,,,10.0,10.0,10.0
experiments/neighbormix_beta_mechanism_20260617,worm_neuron_cell,fixed_beta_0.05_bad0.4,3,3,0;1;2,completed_no_status_json:3,0.6943780856824335,0.6512183468705208,0.7508361204013378,0.6389271519622609,0.6175341657221313,0.6742927713867047,0.4888230857616997,0.4331916228286562,0.574245845968848,0.6868204700754393,0.652840214129778,0.7434176476829623,0.6868204700754393,0.652840214129778,0.7434176476829623,0.5632077012848383,0.5156743006986649,0.6385011126746427,0.6389271519622609,0.6175341657221313,0.6742927713867047,0.6357506736973781,0.6207652905231543,0.6623345925282049,0.6422620526442088,0.6143365031885937,0.6866906895672534,,,,10.0,10.0,10.0
experiments/neighbormix_beta_mechanism_20260617,worm_neuron_cell,fixed_beta_0.1,6,6,0;1;2,completed_no_status_json:6,0.713489409141583,0.6939799331103679,0.7269469660774008,0.6394411978657014,0.629527413096551,0.6483067790493061,0.47398355646593227,0.4414672795597398,0.4956056446833552,0.682936812465789,0.6251383246223852,0.7312413448265997,0.682936812465789,0.6251383246223852,0.7312413448265997,0.5654663918343479,0.5574957917715254,0.5712375005007921,0.6394411978657014,0.629527413096551,0.6483067790493061,0.6196109403762179,0.5979076521649227,0.6454268830751637,0.6616749574811424,0.6442109925150173,0.6896013895140609,,,,10.0,10.0,10.0
experiments/neighbormix_beta_mechanism_20260617,worm_neuron_cell,fixed_beta_0.1_bad0,3,3,0;1;2,completed_no_status_json:3,0.713489409141583,0.6939799331103679,0.7269469660774008,0.6394411978657014,0.629527413096551,0.6483067790493061,0.47398355646593227,0.4414672795597398,0.4956056446833552,0.682936812465789,0.6251383246223852,0.7312413448265997,0.682936812465789,0.6251383246223852,0.7312413448265997,0.5654663918343479,0.5574957917715254,0.5712375005007921,0.6394411978657014,0.629527413096551,0.6483067790493061,0.6196109403762179,0.5979076521649227,0.6454268830751637,0.6616749574811424,0.6442109925150173,0.6896013895140609,,,,10.0,10.0,10.0
experiments/neighbormix_beta_mechanism_20260617,worm_neuron_cell,fixed_beta_0.1_bad0.1,3,3,0;1;2,completed_no_status_json:3,0.7193820672081541,0.7016244624940277,0.754897276636407,0.6504507371127914,0.635774320426742,0.6784920495826929,0.489194542698092,0.4739432480756405,0.5182141164743397,0.7228160226392664,0.6864315288502933,0.753060838712446,0.7228160226392664,0.6864315288502933,0.753060838712446,0.5699429098038735,0.5494812936474207,0.606464265731781,0.6504507371127914,0.635774320426742,0.6784920495826929,0.6378170641847275,0.6242896256656859,0.6496075182407931,0.664173800959046,0.6320390056842513,0.7100647886064425,,,,10.0,10.0,10.0
experiments/neighbormix_beta_mechanism_20260617,worm_neuron_cell,fixed_beta_0.1_bad0.2,3,3,0;1;2,completed_no_status_json:3,0.7139671922280618,0.68561872909699,0.7486860965121834,0.6466047941305427,0.6311248460405272,0.6551561318348955,0.4870817139609566,0.4516357477709412,0.514874785206836,0.6794662334122288,0.6569424631009587,0.7000594660995699,0.6794662334122288,0.6569424631009587,0.7000594660995699,0.5765258732461083,0.5549751425963774,0.6000940038148784,0.6466047941305427,0.6311248460405272,0.6551561318348955,0.6254880343530654,0.6222866954063863,0.6309769424160098,0.6695331968120292,0.6392533492299969,0.6880839741188198,,,,10.0,10.0,10.0
experiments/neighbormix_beta_mechanism_20260617,worm_neuron_cell,fixed_beta_0.1_bad0.4,3,3,0;1;2,completed_no_status_json:3,0.5763656633221851,0.5520783564261825,0.6051122790253225,0.6036452167272987,0.5686222802819378,0.6290041823917856,0.3480198400382171,0.3215106582709157,0.3933216119667886,0.5668981039373996,0.5534286180078405,0.580639183540358,0.5668981039373996,0.5534286180078405,0.580639183540358,0.47067766258895866,0.4515388495797758,0.4954689785130641,0.6036452167272988,0.5686222802819378,0.6290041823917856,0.565298817473213,0.5320446586468154,0.6030845210801363,0.6481891409704263,0.6106005534419391,0.6767149947669976,,,,10.0,10.0,10.0
experiments/neighbormix_beta_mechanism_20260617,worm_neuron_cell,fixed_beta_0.2,3,3,0;1;2,completed_no_status_json:3,0.7253543557891384,0.6870520783564262,0.7553750597228858,0.6483478764776205,0.6284521325829809,0.6586725795218231,0.5204287028233511,0.4788295320715598,0.5531460368496002,0.6696981815076839,0.6359482162863719,0.7163830400980195,0.6696981815076839,0.6359482162863719,0.7163830400980195,0.5950088485339516,0.5594117165658636,0.6175374402819538,0.6483478764776205,0.6284521325829812,0.658672579521823,0.6385728318827587,0.6186187085025067,0.6611043051100808,0.6587565551285149,0.6386032260671706,0.6814077618181505,,,,10.0,10.0,10.0
experiments/neighbormix_beta_mechanism_20260617,worm_neuron_cell,gaussian_noise_matched_anchor_target,6,6,0;1;2,completed_no_status_json:6,0.5629081063863672,0.540133779264214,0.5955566172957477,0.5394102272859179,0.5333639534912634,0.5431934808219617,0.2712349700256749,0.2456884199375862,0.3094016316603121,0.4953765611362697,0.4621340833613593,0.5549855926640697,0.4953765611362697,0.4621340833613593,0.5549855926640697,0.44719080941439393,0.4293373240856104,0.456348993903075,0.5394102272859179,0.5333639534912634,0.5431934808219618,0.4685572520298831,0.4530306638872662,0.4778815663217236,0.6370336465453418,0.6084741451780185,0.6734429698967503,,,,10.0,10.0,10.0
experiments/neighbormix_beta_mechanism_20260617,worm_neuron_cell,global_random_mix_anchor_target,3,3,0;1;2,completed_no_status_json:3,0.6084567606306737,0.554945054945055,0.6982799808886765,0.6020898764381976,0.5566105238896751,0.649178055137434,0.3856709595755228,0.330804061521665,0.4884255629130597,0.6065715847312217,0.5106361035513924,0.6960972109442294,0.6065715847312217,0.5106361035513924,0.6960972109442294,0.5019644617664797,0.4582915335832666,0.5788086990591745,0.6020898764381976,0.5566105238896751,0.6491780551374339,0.5620973434437753,0.5037219242043742,0.6209751225133958,0.6490418919506831,0.6219081617917313,0.680064667671437,,,,10.0,10.0,10.0
experiments/neighbormix_beta_mechanism_20260617,worm_neuron_cell,global_random_neighbor_control,3,3,0;1;2,completed_no_status_json:3,0.6075808249721293,0.5719063545150501,0.6665074056378404,0.5939379044391796,0.5597485530447892,0.6232190088553377,0.36742836074469915,0.3418490235005483,0.4181752903883561,0.5596156312686967,0.524643985193134,0.6102967798052306,0.5596156312686967,0.524643985193134,0.6102967798052306,0.4855297560042923,0.4605336703671817,0.5213518378908848,0.5939379044391796,0.5597485530447893,0.6232190088553378,0.556065542632601,0.5060834361516237,0.59847187148181,0.6383292575716101,0.6261450057330108,0.6501010404447689,,,,10.0,10.0,10.0
experiments/neighbormix_beta_mechanism_20260617,worm_neuron_cell,mixed_target_local_mix,3,3,0;1;2,completed_no_status_json:3,0.6682592769549291,0.619684663162924,0.7150023889154324,0.6245997419583754,0.6053742053261054,0.644660094232668,0.42207858095744627,0.3735711295273689,0.4654628566847659,0.6514541467989668,0.6098025336164619,0.7035871439067687,0.6514541467989668,0.6098025336164619,0.7035871439067687,0.5222599322766941,0.4830640547873278,0.5702230979768546,0.6245997419583753,0.6053742053261052,0.644660094232668,0.6019127176326425,0.5974357352389936,0.6055156244358704,0.6496659383526261,0.6135264823672076,0.6892154664143122,,,,10.0,10.0,10.0
experiments/neighbormix_beta_mechanism_20260617,worm_neuron_cell,nm_scmae_nomix,6,6,0;1;2,completed_no_status_json:6,0.747093486223921,0.7429526994744386,0.7505972288580984,0.6494057673269783,0.6456213172150971,0.6566065038543063,0.5167114271092027,0.5116519893983323,0.5235360674895352,0.7183475183677253,0.6823775970888761,0.7470473079960098,0.7183475183677253,0.6823775970888761,0.7470473079960098,0.5998218493049081,0.5949333142383071,0.6037027554648882,0.6494057673269782,0.645621317215097,0.6566065038543063,0.6294961634600499,0.6265468181882675,0.6311319209616738,0.6706785131003636,0.6619177906982184,0.6842240620987198,,,,10.0,10.0,10.0
experiments/neighbormix_beta_mechanism_20260617,worm_neuron_cell,random_beta_uniform_0.05,3,3,0;1;2,completed_no_status_json:3,0.6741519350215003,0.6309125656951744,0.732202580028667,0.6176698641675901,0.5910003251965079,0.6410037994323117,0.4325649972360203,0.3768560255930621,0.5253498410684491,0.6541959752087556,0.5685881104166784,0.7375368506546074,0.6541959752087556,0.5685881104166784,0.7375368506546074,0.529505462885706,0.476005909188772,0.6026424438647988,0.6176698641675901,0.5910003251965078,0.6410037994323116,0.5926699974207396,0.5509842337796893,0.6218512121220031,0.6454482055287669,0.6372840777041896,0.6613736505145212,,,,10.0,10.0,10.0
experiments/neighbormix_beta_mechanism_20260617,worm_neuron_cell,random_beta_uniform_0.1,6,6,0;1;2,completed_no_status_json:6,0.6492275840101928,0.6404682274247492,0.6605351170568562,0.6148623845669138,0.6065009770714143,0.6231872409856692,0.4120750737507568,0.3933934934142766,0.4233153895660316,0.5955374210137937,0.5865048252510348,0.6052950525200739,0.5955374210137937,0.5865048252510348,0.6052950525200739,0.5291646137188025,0.5262569104267996,0.5347943907250537,0.6148623845669138,0.6065009770714141,0.6231872409856692,0.5716999636453953,0.5575706422179662,0.5905629825034854,0.6653856204298686,0.6596267651796187,0.6716847537427646,,,,10.0,10.0,10.0
experiments/neighbormix_beta_mechanism_20260617,worm_neuron_cell,random_beta_uniform_0.1_bad0,3,3,0;1;2,completed_no_status_json:3,0.6492275840101928,0.6404682274247492,0.6605351170568562,0.6148623845669138,0.6065009770714143,0.6231872409856692,0.4120750737507568,0.3933934934142766,0.4233153895660316,0.5955374210137937,0.5865048252510348,0.6052950525200739,0.5955374210137937,0.5865048252510348,0.6052950525200739,0.5291646137188025,0.5262569104267996,0.5347943907250537,0.6148623845669138,0.6065009770714141,0.6231872409856692,0.5716999636453953,0.5575706422179662,0.5905629825034854,0.6653856204298686,0.6596267651796187,0.6716847537427646,,,,10.0,10.0,10.0
experiments/neighbormix_beta_mechanism_20260617,worm_neuron_cell,random_beta_uniform_0.1_bad0.1,3,3,0;1;2,completed_no_status_json:3,0.6577480490523969,0.6029622551361682,0.6951743908265647,0.6165031134128459,0.6071301872668432,0.627881835394633,0.4104418138092339,0.389270843038748,0.4318234913980949,0.6041279561417201,0.5237369546021845,0.6880319323928666,0.6041279561417201,0.5237369546021845,0.6880319323928666,0.5270304602287031,0.5148711597030805,0.5462252241111546,0.6165031134128459,0.6071301872668432,0.6278818353946329,0.5743545506336672,0.5634611215007157,0.5867034256741124,0.6655628019398728,0.6457118789532051,0.6756996596806952,,,,10.0,10.0,10.0
experiments/neighbormix_beta_mechanism_20260617,worm_neuron_cell,random_beta_uniform_0.1_bad0.2,3,3,0;1;2,completed_no_status_json:3,0.6485905398948878,0.6149068322981367,0.6851409460105112,0.6038561434324461,0.5725087945859383,0.6433984315473297,0.38940390250533014,0.3175744722013265,0.4501651042640531,0.6232714290740495,0.5809972291258355,0.6903775235820542,0.6232714290740495,0.5809972291258355,0.6903775235820542,0.5135080585160329,0.4896336906251148,0.5426490590867017,0.603856143432446,0.5725087945859384,0.6433984315473296,0.5614026225249154,0.5019531090847671,0.6151748580127293,0.6559187288767184,0.62727646532193,0.6743362681702925,,,,10.0,10.0,10.0
experiments/neighbormix_beta_mechanism_20260617,worm_neuron_cell,random_beta_uniform_0.1_bad0.4,3,3,0;1;2,completed_no_status_json:3,0.6650740563784042,0.6278069756330625,0.7154801720019112,0.6323654844441483,0.6000589407504217,0.652095196405855,0.4314014139988229,0.4003371276370885,0.4871581106948859,0.6477845255007719,0.6052501467568157,0.6910704248215963,0.6477845255007719,0.6052501467568157,0.6910704248215963,0.5329409193429252,0.5106518389884769,0.576814508842306,0.6323654844441482,0.6000589407504217,0.6520951964058549,0.6011567341710027,0.5633602047977436,0.620489124436916,0.6671291998703984,0.6418721470040231,0.6870939412700972,,,,10.0,10.0,10.0
experiments/neighbormix_beta_mechanism_20260617,worm_neuron_cell,random_beta_uniform_0.2,3,3,0;1;2,completed_no_status_json:3,0.6817964644051601,0.6278069756330625,0.7680363115145724,0.6341469304828363,0.6018828778578461,0.6714713810465575,0.420834712128552,0.3383480393106606,0.5433508306484421,0.6902702002080033,0.6038080067310087,0.783909621245494,0.6902702002080033,0.6038080067310087,0.783909621245494,0.5423758268862526,0.5025759936156178,0.6180555754654669,0.6341469304828363,0.6018828778578461,0.6714713810465576,0.5921523578678779,0.5290232455669638,0.6565824486824712,0.6858936733547125,0.6726126159320002,0.6980171680261413,,,,10.0,10.0,10.0
experiments/neighbormix_beta_mechanism_20260617,worm_neuron_cell,snn_neighbormix,3,3,0;1;2,completed_no_status_json:3,0.6958910654562828,0.5824175824175825,0.7599139990444338,0.6439250256163437,0.6123273513027622,0.6696736798864011,0.4712604289610398,0.3462383418431318,0.56091813633032,0.6972072618982001,0.6141334884718952,0.7601588758803197,0.6972072618982001,0.6141334884718952,0.7601588758803197,0.5578138381647691,0.4596116389995591,0.6239832975282948,0.6439250256163438,0.6123273513027622,0.6696736798864013,0.6318734957690999,0.5930867723948129,0.6710553596246257,0.6567724572189585,0.6328581709787598,0.6691615225592524,,,,10.0,10.0,10.0
experiments/neighbormix_beta_mechanism_20260617,worm_neuron_cell,truncated_normal_beta_mean0.05_std0.02,6,6,0;1;2,completed_no_status_json:6,0.6688963210702341,0.6194457716196846,0.7314859053989489,0.6285283040370867,0.5908685847221202,0.6495136269614742,0.4064365126835326,0.3651668824220654,0.4744430929551595,0.6340074263633441,0.5835164492061649,0.6761926275427231,0.6340074263633441,0.5835164492061649,0.6761926275427231,0.5295451498450641,0.4840092845263547,0.57081189113252,0.6285283040370867,0.5908685847221202,0.6495136269614742,0.5857513009209743,0.5623791299427624,0.6237125474831808,0.6820532776555871,0.6119833636171197,0.7566350262176793,,,,10.0,10.0,10.0
experiments/neighbormix_beta_mechanism_20260617,worm_neuron_cell,uniform_beta_0.1,3,3,0;1;2,completed_no_status_json:3,0.6492275840101928,0.6404682274247492,0.6605351170568562,0.6148623845669138,0.6065009770714143,0.6231872409856692,0.4120750737507568,0.3933934934142766,0.4233153895660316,0.5955374210137937,0.5865048252510348,0.6052950525200739,0.5955374210137937,0.5865048252510348,0.6052950525200739,0.5291646137188025,0.5262569104267996,0.5347943907250537,0.6148623845669138,0.6065009770714141,0.6231872409856692,0.5716999636453953,0.5575706422179662,0.5905629825034854,0.6653856204298686,0.6596267651796187,0.6716847537427646,,,,10.0,10.0,10.0
experiments/neighbormix_ra_rg,Macosko,gate_max_0p05,1,1,42,completed_no_status_json:1,0.5695188359221568,0.5695188359221568,0.5695188359221568,0.6317425832558726,0.6317425832558726,0.6317425832558726,0.3953823233806945,0.3953823233806945,0.3953823233806945,0.6409983800950586,0.6409983800950586,0.6409983800950586,0.6409983800950586,0.6409983800950586,0.6409983800950586,0.6147812152737085,0.6147812152737085,0.6147812152737085,0.6317425832558726,0.6317425832558726,0.6317425832558726,0.8202391425179866,0.8202391425179866,0.8202391425179866,0.5136925300328623,0.5136925300328623,0.5136925300328623,,,,12.0,12.0,12.0
experiments/neighbormix_ra_rg,Macosko,gate_max_0p1,1,1,42,completed_no_status_json:1,0.7194920549901803,0.7194920549901803,0.7194920549901803,0.6924783438619452,0.6924783438619452,0.6924783438619452,0.5520970350028693,0.5520970350028693,0.5520970350028693,0.7535156021320946,0.7535156021320946,0.7535156021320946,0.7535156021320946,0.7535156021320946,0.7535156021320946,0.731330556949802,0.731330556949802,0.731330556949802,0.6924783438619453,0.6924783438619453,0.6924783438619453,0.8241678043737737,0.8241678043737737,0.8241678043737737,0.5970748742547775,0.5970748742547775,0.5970748742547775,,,,12.0,12.0,12.0
experiments/neighbormix_ra_rg,Macosko,gate_max_0p15,1,1,42,completed_no_status_json:1,0.5028789501874665,0.5028789501874665,0.5028789501874665,0.601592133253014,0.601592133253014,0.601592133253014,0.3446655686846679,0.3446655686846679,0.3446655686846679,0.6157032255567024,0.6157032255567024,0.6157032255567024,0.6157032255567024,0.6157032255567024,0.6157032255567024,0.5730954794837229,0.5730954794837229,0.5730954794837229,0.601592133253014,0.601592133253014,0.601592133253014,0.7930550254231882,0.7930550254231882,0.7930550254231882,0.4845982546438682,0.4845982546438682,0.4845982546438682,,,,12.0,12.0,12.0
experiments/neighbormix_ra_rg,Macosko,gate_max_0p2,1,1,42,completed_no_status_json:1,0.5436529191215854,0.5436529191215854,0.5436529191215854,0.6009995676753337,0.6009995676753337,0.6009995676753337,0.3695373177080046,0.3695373177080046,0.3695373177080046,0.5716513727707858,0.5716513727707858,0.5716513727707858,0.5716513727707858,0.5716513727707858,0.5716513727707858,0.5938302471422562,0.5938302471422562,0.5938302471422562,0.6009995676753336,0.6009995676753336,0.6009995676753336,0.7949218725113254,0.7949218725113254,0.7949218725113254,0.4831374979590656,0.4831374979590656,0.4831374979590656,,,,12.0,12.0,12.0
experiments/neighbormix_ra_rg,Macosko,neighbor_k_10,1,1,42,completed_no_status_json:1,0.7194920549901803,0.7194920549901803,0.7194920549901803,0.6924783438619452,0.6924783438619452,0.6924783438619452,0.5520970350028693,0.5520970350028693,0.5520970350028693,0.7535156021320946,0.7535156021320946,0.7535156021320946,0.7535156021320946,0.7535156021320946,0.7535156021320946,0.731330556949802,0.731330556949802,0.731330556949802,0.6924783438619453,0.6924783438619453,0.6924783438619453,0.8241678043737737,0.8241678043737737,0.8241678043737737,0.5970748742547775,0.5970748742547775,0.5970748742547775,,,,12.0,12.0,12.0
experiments/neighbormix_ra_rg,Macosko,neighbor_k_15,1,1,42,completed_no_status_json:1,0.6899883949294768,0.6899883949294768,0.6899883949294768,0.6848444524434122,0.6848444524434122,0.6848444524434122,0.5563503619552946,0.5563503619552946,0.5563503619552946,0.6704623635330456,0.6704623635330456,0.6704623635330456,0.6704623635330456,0.6704623635330456,0.6704623635330456,0.7338257603771543,0.7338257603771543,0.7338257603771543,0.6848444524434123,0.6848444524434123,0.6848444524434123,0.8323712880685762,0.8323712880685762,0.8323712880685762,0.5817389024668703,0.5817389024668703,0.5817389024668703,,,,12.0,12.0,12.0
experiments/neighbormix_ra_rg,Macosko,neighbor_k_5,1,1,42,completed_no_status_json:1,0.5586725584717015,0.5586725584717015,0.5586725584717015,0.6194983573219581,0.6194983573219581,0.6194983573219581,0.375446531018292,0.375446531018292,0.375446531018292,0.6530800015601599,0.6530800015601599,0.6530800015601599,0.6530800015601599,0.6530800015601599,0.6530800015601599,0.5987394587780941,0.5987394587780941,0.5987394587780941,0.6194983573219581,0.6194983573219581,0.6194983573219581,0.8072377685989393,0.8072377685989393,0.8072377685989393,0.502606976049088,0.502606976049088,0.502606976049088,,,,12.0,12.0,12.0
experiments/neighbormix_ra_rg,Macosko,pseudo_weight_0p1,1,1,42,completed_no_status_json:1,0.7106543474379575,0.7106543474379575,0.7106543474379575,0.690885913363048,0.690885913363048,0.690885913363048,0.5666507231933178,0.5666507231933178,0.5666507231933178,0.6606351638437037,0.6606351638437037,0.6606351638437037,0.6606351638437037,0.6606351638437037,0.6606351638437037,0.740974628722843,0.740974628722843,0.740974628722843,0.690885913363048,0.690885913363048,0.690885913363048,0.8256353816126148,0.8256353816126148,0.8256353816126148,0.5939492431728147,0.5939492431728147,0.5939492431728147,,,,12.0,12.0,12.0
experiments/neighbormix_ra_rg,Macosko,pseudo_weight_0p3,1,1,42,completed_no_status_json:1,0.7194920549901803,0.7194920549901803,0.7194920549901803,0.6924783438619452,0.6924783438619452,0.6924783438619452,0.5520970350028693,0.5520970350028693,0.5520970350028693,0.7535156021320946,0.7535156021320946,0.7535156021320946,0.7535156021320946,0.7535156021320946,0.7535156021320946,0.731330556949802,0.731330556949802,0.731330556949802,0.6924783438619453,0.6924783438619453,0.6924783438619453,0.8241678043737737,0.8241678043737737,0.8241678043737737,0.5970748742547775,0.5970748742547775,0.5970748742547775,,,,12.0,12.0,12.0
experiments/neighbormix_ra_rg,Macosko,ra,5,5,42,completed_no_status_json:5,0.6255311551508659,0.5060926620246384,0.7147161221210498,0.6627282025404646,0.613598189551707,0.6912535458606262,0.49084325468739554,0.39540067734432,0.5573338743202628,0.6367222334555949,0.5518396172797474,0.6679424880469859,0.6367222334555949,0.5518396172797474,0.6679424880469859,0.6856018001640093,0.6146980338353798,0.7344901276728412,0.6627282025404646,0.6135981895517069,0.6912535458606263,0.8274393077349742,0.8047136306481836,0.8534983209584509,0.5534966583411121,0.4958389354994788,0.5902729186044561,,,,12.0,12.0,12.0
experiments/neighbormix_ra_rg,Macosko,ra_cell,1,1,42,completed_no_status_json:1,0.5155106231030173,0.5155106231030173,0.5155106231030173,0.6222204376326038,0.6222204376326038,0.6222204376326038,0.3970513398536728,0.3970513398536728,0.3970513398536728,0.5636474695199333,0.5636474695199333,0.5636474695199333,0.5636474695199333,0.5636474695199333,0.5636474695199333,0.6159894332084372,0.6159894332084372,0.6159894332084372,0.6222204376326037,0.6222204376326037,0.6222204376326037,0.8214028230406466,0.8214028230406466,0.8214028230406466,0.5007848632275204,0.5007848632275204,0.5007848632275204,,,,12.0,12.0,12.0
experiments/neighbormix_ra_rg,Macosko,ra_gene_gate,1,1,42,completed_no_status_json:1,0.6853240492769148,0.6853240492769148,0.6853240492769148,0.6839818774191384,0.6839818774191384,0.6839818774191384,0.5573338743202628,0.5573338743202628,0.5573338743202628,0.6634575776379588,0.6634575776379588,0.6634575776379588,0.6634575776379588,0.6634575776379588,0.6634575776379588,0.7344901276728412,0.7344901276728412,0.7344901276728412,0.6839818774191383,0.6839818774191383,0.6839818774191383,0.8316951060970579,0.8316951060970579,0.8316951060970579,0.5808245242667592,0.5808245242667592,0.5808245242667592,,,,12.0,12.0,12.0
experiments/neighbormix_ra_rg,Macosko,ra_intersection,1,1,42,completed_no_status_json:1,0.5191930012497769,0.5191930012497769,0.5191930012497769,0.6152717794570001,0.6152717794570001,0.6152717794570001,0.3963480994166908,0.3963480994166908,0.3963480994166908,0.5797575986465984,0.5797575986465984,0.5797575986465984,0.5797575986465984,0.5797575986465984,0.5797575986465984,0.6154576184859307,0.6154576184859307,0.6154576184859307,0.6152717794570001,0.6152717794570001,0.6152717794570001,0.8068025625007588,0.8068025625007588,0.8068025625007588,0.497231561497686,0.497231561497686,0.497231561497686,,,,12.0,12.0,12.0
experiments/neighbormix_ra_rg,Macosko,ra_nomix,1,1,42,completed_no_status_json:1,0.5176977325477593,0.5176977325477593,0.5176977325477593,0.6219937052585729,0.6219937052585729,0.6219937052585729,0.4100517814684983,0.4100517814684983,0.4100517814684983,0.5497593568636084,0.5497593568636084,0.5497593568636084,0.5497593568636084,0.5497593568636084,0.5497593568636084,0.6263767929627565,0.6263767929627565,0.6263767929627565,0.6219937052585729,0.6219937052585729,0.6219937052585729,0.813743563665959,0.813743563665959,0.813743563665959,0.5033781058967335,0.5033781058967335,0.5033781058967335,,,,12.0,12.0,12.0
experiments/neighbormix_ra_rg,Macosko,ra_rec_only,1,1,42,completed_no_status_json:1,0.5277628994822353,0.5277628994822353,0.5277628994822353,0.6219337605828763,0.6219337605828763,0.6219337605828763,0.4000110968236744,0.4000110968236744,0.4000110968236744,0.5706788031458973,0.5706788031458973,0.5706788031458973,0.5706788031458973,0.5706788031458973,0.5706788031458973,0.6184007750050927,0.6184007750050927,0.6184007750050927,0.6219337605828763,0.6219337605828763,0.6219337605828763,0.8174659969328557,0.8174659969328557,0.8174659969328557,0.5018860694094913,0.5018860694094913,0.5018860694094913,,,,12.0,12.0,12.0
experiments/neighbormix_ra_rg,Macosko,rg_far,3,3,2024;3407;42,completed_no_status_json:3,0.540647503422008,0.5173183360114265,0.5715274058203892,0.623708128407033,0.609275684585939,0.6355194741593285,0.3933535793055311,0.387694143358529,0.4042522757032014,0.5963383864824858,0.53933365457141,0.6735885456270624,0.5963383864824858,0.53933365457141,0.6735885456270624,0.6130355612518961,0.6085280228507857,0.6217906837259609,0.623708128407033,0.609275684585939,0.6355194741593285,0.8178581700563184,0.8019732851114949,0.8332030657900011,0.5041454099852423,0.4912407001769185,0.5194447177643108,,,,12.0,12.0,12.0
experiments/neighbormix_ra_rg,Macosko,rg_fixed,5,5,2024;3407;42,completed_no_status_json:5,0.5488171755043743,0.4949339403677915,0.6187511158721657,0.6334540019463648,0.6106716477768285,0.6546264542357543,0.421986056557912,0.382827177660729,0.5152400518168067,0.5842213124772404,0.5334120840272527,0.6376811728374813,0.5842213124772404,0.5334120840272527,0.6376811728374813,0.6348397883953799,0.6045905939062496,0.7050843339057293,0.6334540019463648,0.6106716477768284,0.6546264542357543,0.8199557701445552,0.8049417477250967,0.8361477496459552,0.5163677247527725,0.4919428293331552,0.5480343148996978,,,,12.0,12.0,12.0
experiments/neighbormix_ra_rg,Macosko,rg_mutual,3,3,2024;3407;42,completed_no_status_json:3,0.4897711718145569,0.4803383324406356,0.5072978039635779,0.6070495499224929,0.5937409875712427,0.6141212451064697,0.34373778932693755,0.3406931098347117,0.3464766397971179,0.5788996718194315,0.5403412313599754,0.6478251372823948,0.5788996718194315,0.5403412313599754,0.6478251372823948,0.5722541474408409,0.5699515064302076,0.5743537715465789,0.6070495499224929,0.5937409875712427,0.6141212451064698,0.805863019920242,0.780506374833731,0.8266161549164892,0.48697852534631464,0.4790986814244779,0.4943572444761374,,,,12.0,12.0,12.0
experiments/neighbormix_ra_rg,Macosko,rg_none,5,5,2024;3407;42,completed_no_status_json:5,0.5412694161756829,0.4954695590073201,0.6698580610605249,0.6320272386939474,0.6020612673655473,0.6796276697780523,0.43236837354829893,0.3867095035698226,0.5511416249249574,0.5281553758268823,0.4755649815708822,0.5497593568636084,0.5281553758268823,0.4755649815708822,0.5497593568636084,0.6424037763854056,0.607691008368657,0.7301714001036251,0.6320272386939473,0.6020612673655473,0.6796276697780522,0.8217712824512405,0.8037841867630787,0.8414864600289531,0.5139419646989233,0.4812768832820829,0.5724895920900648,,,,12.0,12.0,12.0
experiments/neighbormix_ra_rg,Macosko,rg_random,3,3,2024;3407;42,completed_no_status_json:3,0.5970139260846278,0.5086591680057133,0.6586323870737368,0.6528571650436151,0.6246110682772734,0.6748597128947086,0.4622745352114607,0.3918639951550074,0.5053563731115414,0.6160528085635596,0.5354161763075976,0.6639561658490791,0.6160528085635596,0.5354161763075976,0.6639561658490791,0.6657247907588961,0.611850818932344,0.6982050941913371,0.6528571650436151,0.6246110682772734,0.6748597128947086,0.8172503273076615,0.8068010425850126,0.8269765473373175,0.5444309976119386,0.5018144517818524,0.5743676146277543,,,,12.0,12.0,12.0
experiments/neighbormix_ra_rg,Macosko,rg_reliability,5,5,2024;3407;42,completed_no_status_json:5,0.5288073558293162,0.5028789501874665,0.612747723620782,0.6246800558433065,0.601592133253014,0.6725671541470379,0.3875944779448007,0.3446655686846679,0.5058188394971617,0.6040040421625241,0.5590817258711106,0.6518893898144178,0.6040040421625241,0.5590817258711106,0.6518893898144178,0.6068742706996301,0.5730954794837229,0.6982588814158556,0.6246800558433065,0.601592133253014,0.672567154147038,0.8141421296894954,0.7930550254231882,0.8361008465220114,0.5070698000226687,0.4845982546438682,0.5625395532508594,,,,12.0,12.0,12.0
experiments/neighbormix_ra_rg,Melanoma_5K,gate_max_0p05,1,1,42,completed_no_status_json:1,0.7409705295812098,0.7409705295812098,0.7409705295812098,0.7321616977811642,0.7321616977811642,0.7321616977811642,0.6621241729036316,0.6621241729036316,0.6621241729036316,0.6553126543545261,0.6553126543545261,0.6553126543545261,0.6553126543545261,0.6553126543545261,0.6553126543545261,0.7292080465730197,0.7292080465730197,0.7292080465730197,0.7321616977811644,0.7321616977811644,0.7321616977811644,0.7595178467336258,0.7595178467336258,0.7595178467336258,0.7067076548573988,0.7067076548573988,0.7067076548573988,,,,9.0,9.0,9.0
experiments/neighbormix_ra_rg,Melanoma_5K,gate_max_0p1,1,1,42,completed_no_status_json:1,0.7345446487923776,0.7345446487923776,0.7345446487923776,0.7310747392438397,0.7310747392438397,0.7310747392438397,0.6581767508992941,0.6581767508992941,0.6581767508992941,0.6533052764246897,0.6533052764246897,0.6533052764246897,0.6533052764246897,0.6533052764246897,0.6533052764246897,0.7259306659963639,0.7259306659963639,0.7259306659963639,0.7310747392438396,0.7310747392438396,0.7310747392438396,0.7605918211632928,0.7605918211632928,0.7605918211632928,0.7037630700760726,0.7037630700760726,0.7037630700760726,,,,9.0,9.0,9.0
experiments/neighbormix_ra_rg,Melanoma_5K,gate_max_0p15,1,1,42,completed_no_status_json:1,0.7345446487923776,0.7345446487923776,0.7345446487923776,0.7302366307244191,0.7302366307244191,0.7302366307244191,0.6579231820466342,0.6579231820466342,0.6579231820466342,0.6527022968723094,0.6527022968723094,0.6527022968723094,0.6527022968723094,0.6527022968723094,0.6527022968723094,0.7257240789432433,0.7257240789432433,0.7257240789432433,0.7302366307244191,0.7302366307244191,0.7302366307244191,0.7598085036878012,0.7598085036878012,0.7598085036878012,0.702880408659967,0.702880408659967,0.702880408659967,,,,9.0,9.0,9.0
experiments/neighbormix_ra_rg,Melanoma_5K,gate_max_0p2,1,1,42,completed_no_status_json:1,0.7356525592732107,0.7356525592732107,0.7356525592732107,0.7323797923470259,0.7323797923470259,0.7323797923470259,0.6607014561475762,0.6607014561475762,0.6607014561475762,0.6530927076434709,0.6530927076434709,0.6530927076434709,0.6530927076434709,0.6530927076434709,0.6530927076434709,0.7279769800651587,0.7279769800651587,0.7279769800651587,0.7323797923470261,0.7323797923470261,0.7323797923470261,0.7619938954829796,0.7619938954829796,0.7619938954829796,0.7049814199921582,0.7049814199921582,0.7049814199921582,,,,9.0,9.0,9.0
experiments/neighbormix_ra_rg,Melanoma_5K,neighbor_k_10,1,1,42,completed_no_status_json:1,0.7345446487923776,0.7345446487923776,0.7345446487923776,0.7302366307244191,0.7302366307244191,0.7302366307244191,0.6579231820466342,0.6579231820466342,0.6579231820466342,0.6527022968723094,0.6527022968723094,0.6527022968723094,0.6527022968723094,0.6527022968723094,0.6527022968723094,0.7257240789432433,0.7257240789432433,0.7257240789432433,0.7302366307244191,0.7302366307244191,0.7302366307244191,0.7598085036878012,0.7598085036878012,0.7598085036878012,0.702880408659967,0.702880408659967,0.702880408659967,,,,9.0,9.0,9.0
experiments/neighbormix_ra_rg,Melanoma_5K,neighbor_k_15,1,1,42,completed_no_status_json:1,0.7347662308885442,0.7347662308885442,0.7347662308885442,0.7307759351393306,0.7307759351393306,0.7307759351393306,0.6587082159385944,0.6587082159385944,0.6587082159385944,0.652716326603858,0.652716326603858,0.652716326603858,0.652716326603858,0.652716326603858,0.652716326603858,0.7263558276989933,0.7263558276989933,0.7263558276989933,0.7307759351393307,0.7307759351393307,0.7307759351393307,0.7604078543000214,0.7604078543000214,0.7604078543000214,0.7033668170644622,0.7033668170644622,0.7033668170644622,,,,9.0,9.0,9.0
experiments/neighbormix_ra_rg,Melanoma_5K,neighbor_k_5,1,1,42,completed_no_status_json:1,0.7409705295812098,0.7409705295812098,0.7409705295812098,0.7319406947724449,0.7319406947724449,0.7319406947724449,0.6624923971347235,0.6624923971347235,0.6624923971347235,0.6550635689325955,0.6550635689325955,0.6550635689325955,0.6550635689325955,0.6550635689325955,0.6550635689325955,0.7294974177669068,0.7294974177669068,0.7294974177669068,0.731940694772445,0.731940694772445,0.731940694772445,0.7594194583327475,0.7594194583327475,0.7594194583327475,0.7063810674505915,0.7063810674505915,0.7063810674505915,,,,9.0,9.0,9.0
experiments/neighbormix_ra_rg,Melanoma_5K,pseudo_weight_0p1,1,1,42,completed_no_status_json:1,0.7354309771770441,0.7354309771770441,0.7354309771770441,0.7332620012736941,0.7332620012736941,0.7332620012736941,0.6649137592226879,0.6649137592226879,0.6649137592226879,0.6532607936506893,0.6532607936506893,0.6532607936506893,0.6532607936506893,0.6532607936506893,0.6532607936506893,0.7314267244810341,0.7314267244810341,0.7314267244810341,0.733262001273694,0.733262001273694,0.733262001273694,0.7614056013788545,0.7614056013788545,0.7614056013788545,0.7071247668906202,0.7071247668906202,0.7071247668906202,,,,9.0,9.0,9.0
experiments/neighbormix_ra_rg,Melanoma_5K,pseudo_weight_0p3,1,1,42,completed_no_status_json:1,0.7345446487923776,0.7345446487923776,0.7345446487923776,0.7302366307244191,0.7302366307244191,0.7302366307244191,0.6579231820466342,0.6579231820466342,0.6579231820466342,0.6527022968723094,0.6527022968723094,0.6527022968723094,0.6527022968723094,0.6527022968723094,0.6527022968723094,0.7257240789432433,0.7257240789432433,0.7257240789432433,0.7302366307244191,0.7302366307244191,0.7302366307244191,0.7598085036878012,0.7598085036878012,0.7598085036878012,0.702880408659967,0.702880408659967,0.702880408659967,,,,9.0,9.0,9.0
experiments/neighbormix_ra_rg,Melanoma_5K,rg_far,3,3,2024;3407;42,completed_no_status_json:3,0.7286357928946008,0.7281187680035454,0.7292266784843785,0.7200825973870163,0.7176929217668157,0.7233958661462843,0.6454283910587862,0.6443509980736111,0.6475531305979609,0.6488292136107239,0.6469955087280403,0.6511234133276914,0.6488292136107239,0.6469955087280403,0.6511234133276914,0.7155573947419237,0.714652465831869,0.7172856892433008,0.7200825973870163,0.7176929217668155,0.7233958661462843,0.7495444491945259,0.7478555216811535,0.7528949086575573,0.6928501221724904,0.6898457294170086,0.6961212618679038,,,,9.0,9.0,9.0
experiments/neighbormix_ra_rg,Melanoma_5K,rg_fixed,3,3,2024;3407;42,completed_no_status_json:3,0.7391978728118769,0.7352093950808775,0.7451805894083758,0.7344683246720773,0.7306772768582283,0.7399091595446884,0.6660049989153447,0.6609022725742038,0.6717647735066379,0.6531949604907686,0.6515688996834716,0.6554984865322196,0.6531949604907686,0.6515688996834716,0.6554984865322196,0.7322691616392275,0.7281033472804463,0.7369788400924236,0.7344683246720773,0.7306772768582283,0.7399091595446883,0.7640265072168962,0.7609237409149082,0.7682785499178965,0.7071141769409192,0.7027434595169662,0.7135602910844683,,,,9.0,9.0,9.0
experiments/neighbormix_ra_rg,Melanoma_5K,rg_mutual,3,3,2024;3407;42,completed_no_status_json:3,0.7351355343821552,0.7329935741192112,0.737868380234877,0.733130501552156,0.7269141925824417,0.7397468375290578,0.661913612922338,0.6545277527410199,0.6681838654873113,0.6531773089923917,0.6517379321758933,0.6547657524809978,0.6531773089923917,0.6517379321758933,0.6547657524809978,0.7289746623173007,0.7229454338676022,0.7340726913236227,0.733130501552156,0.7269141925824419,0.7397468375290577,0.7618597467233098,0.7567192180133411,0.7681186384457767,0.7064911441954055,0.6993680664756027,0.7133963015201817,,,,9.0,9.0,9.0
experiments/neighbormix_ra_rg,Melanoma_5K,rg_none,3,3,2024;3407;42,completed_no_status_json:3,0.739271733510599,0.7358741413693773,0.744515843119876,0.7343401826584577,0.7295473493602889,0.7381342278264668,0.6658287971495144,0.6615668914463204,0.6702736343124462,0.6530495514544099,0.6503142724420955,0.6573075017878094,0.6530495514544099,0.6503142724420955,0.6573075017878094,0.7321256043961456,0.7286353672937382,0.7357840300870184,0.7343401826584577,0.7295473493602889,0.7381342278264668,0.7639035266341624,0.7600497108108945,0.7659381451500816,0.7069837998001288,0.7013987710106544,0.7122781922016727,,,,9.0,9.0,9.0
experiments/neighbormix_ra_rg,Melanoma_5K,rg_random,3,3,2024;3407;42,completed_no_status_json:3,0.7334367383115444,0.7325504099268779,0.7349878129847108,0.7326322165282292,0.7305119176805424,0.7347514469229791,0.6577876196783761,0.6556164208981509,0.6609274642670157,0.6523055329826054,0.6508553313877004,0.6533269552669979,0.6523055329826054,0.6508553313877004,0.6533269552669979,0.7256896341367352,0.7239264384058327,0.7282262562943281,0.7326322165282292,0.7305119176805422,0.7347514469229791,0.760307541434487,0.7582363962961215,0.7625726468246349,0.706900945692043,0.7047433804840371,0.708888812784895,,,,9.0,9.0,9.0
experiments/neighbormix_ra_rg,Melanoma_5K,rg_reliability,3,3,2024;3407;42,completed_no_status_json:3,0.7372774946450994,0.7329935741192112,0.7442942610237093,0.7318547824438859,0.7265483502498176,0.7387793663574209,0.6604309347222942,0.6548574906922361,0.6685121314280122,0.6536099711311674,0.651783090825788,0.6563445256954046,0.6536099711311674,0.651783090825788,0.6563445256954046,0.7277614730165545,0.7232049527308748,0.7343553873755452,0.7318547824438859,0.7265483502498176,0.738779366357421,0.7610239174200658,0.7564307435383189,0.7668325050340773,0.7048413166456035,0.6989372084178345,0.7127063328590085,,,,9.0,9.0,9.0
experiments/neighbormix_ra_rg,Pollen,rg_far,3,3,2024;3407;42,completed_no_status_json:3,0.8892580287929125,0.8803986710963455,0.9069767441860463,0.9287640789373759,0.927932022046436,0.9302967477625264,0.9116814156725545,0.9049908785890574,0.917166464012113,0.7682828086631049,0.7637116941929776,0.7736849643445697,0.7682828086631049,0.7637116941929776,0.7736849643445697,0.9224085378665956,0.9164356272393372,0.9277247786424248,0.9287640789373759,0.927932022046436,0.9302967477625262,0.9121856314485023,0.9072150473554096,0.9159022746807144,0.9460096084894546,0.9402819800996378,0.9545836168142208,,,,11.0,11.0,11.0
experiments/neighbormix_ra_rg,Pollen,rg_fixed,3,3,2024;3407;42,completed_no_status_json:3,0.8870431893687707,0.8770764119601329,0.8970099667774086,0.9283691472437868,0.924560044425854,0.931276010494987,0.9139561485585107,0.9098009628619684,0.920977755390616,0.7653103333212697,0.7435785904685427,0.7822843822843825,0.7653103333212697,0.7435785904685427,0.7822843822843825,0.9241553289703234,0.92063976853977,0.9303688262692764,0.9283691472437866,0.9245600444258542,0.9312760104949868,0.916141489810182,0.9155190073562424,0.9168375201663618,0.9409436098924697,0.9332110665668872,0.946176535901392,,,,11.0,11.0,11.0
experiments/neighbormix_ra_rg,Pollen,rg_mutual,3,3,2024;3407;42,completed_no_status_json:3,0.883720930232558,0.8770764119601329,0.8903654485049833,0.9286203974371166,0.922958920036802,0.9318734066970976,0.913315468409269,0.9105606031023148,0.916285695168521,0.7637056502087218,0.7529172730018395,0.7801484230055657,0.7637056502087218,0.7529172730018395,0.7801484230055657,0.9235253718380193,0.9209977220720088,0.9261206804532446,0.9286203974371166,0.922958920036802,0.9318734066970976,0.9163931348820844,0.9110949113949268,0.9194254394143048,0.9411784639333444,0.9351359844258128,0.9446630624875648,,,,11.0,11.0,11.0
experiments/neighbormix_ra_rg,Pollen,rg_none,3,3,2024;3407;42,completed_no_status_json:3,0.8803986710963455,0.8737541528239202,0.8903654485049833,0.9224743532474927,0.9164274666799866,0.9285437723659112,0.9107046548551256,0.9069185825513504,0.917157206096666,0.7512607607229612,0.7362057492516937,0.7788345262607446,0.7512607607229612,0.7362057492516937,0.7788345262607446,0.921188130059362,0.9178133509416652,0.9268382045671796,0.9224743532474927,0.9164274666799868,0.9285437723659112,0.9107368168435142,0.906806336778634,0.9168023616996588,0.9345251459209128,0.9262549444788954,0.9405898270990108,,,,11.0,11.0,11.0
experiments/neighbormix_ra_rg,Pollen,rg_random,3,3,2024;3407;42,completed_no_status_json:3,0.8859357696567,0.8704318936877077,0.903654485049834,0.9298366518431384,0.9149578544637176,0.9405478959778985,0.9132821902559188,0.9029947205672676,0.9201505491206,0.7543298932864907,0.7296443866211308,0.7795146030440148,0.7543298932864907,0.7296443866211308,0.7795146030440148,0.9236835748470814,0.9144467835940652,0.9299075323179918,0.9298366518431384,0.9149578544637176,0.9405478959778985,0.9152493126668229,0.9015240229586016,0.9266252300953342,0.9449001507257752,0.9287981037643336,0.95489532373334,,,,11.0,11.0,11.0
experiments/neighbormix_ra_rg,Pollen,rg_reliability,3,3,2024;3407;42,completed_no_status_json:3,0.883720930232558,0.8737541528239202,0.8903654485049833,0.9253906996309983,0.9227914130908956,0.9271454216103612,0.9114054240742687,0.9110248710472784,0.9117169509043688,0.7526532715719384,0.7472943722943722,0.7621709840961177,0.7526532715719384,0.7472943722943722,0.7621709840961177,0.9219554303444181,0.9216780843981908,0.9223663818740376,0.9253906996309983,0.9227914130908956,0.9271454216103612,0.911165941994765,0.9101167112021225,0.9122546658194944,0.9400778326538543,0.9347589391195544,0.9448235125452892,,,,11.0,11.0,11.0
experiments/neighbormix_ra_rg,Quake_Smart-seq2_Lung,rg_far,3,3,2024;3407;42,completed_no_status_json:3,0.683969769291965,0.6772076372315036,0.6974940334128878,0.7907751122400568,0.7781492902280301,0.7990284035895283,0.6285463807679169,0.6057991969908166,0.640997333007672,0.6063474104532666,0.5992438550589196,0.6165188943062729,0.6063474104532666,0.5992438550589196,0.6165188943062729,0.7183578465508269,0.6988881690356593,0.7285415967344906,0.7907751122400567,0.77814929022803,0.7990284035895283,0.8621136538911207,0.8471260218704828,0.8734858552478336,0.73034488765391,0.7195595801065378,0.7362676685324359,,,,11.0,11.0,11.0
experiments/neighbormix_ra_rg,Quake_Smart-seq2_Lung,rg_fixed,3,3,2024;3407;42,completed_no_status_json:3,0.6660700079554495,0.636038186157518,0.6831742243436754,0.7721725624973447,0.7658435780388512,0.7760049241902299,0.6073976141399003,0.599062764578334,0.6133050541859473,0.5672726551434475,0.5023898517845526,0.6014755137147438,0.5672726551434475,0.5023898517845526,0.6014755137147438,0.7009457849499641,0.6960871868740276,0.70462940268299,0.7721725624973447,0.7658435780388513,0.7760049241902298,0.8440775033062389,0.8425696562014223,0.8466739450753002,0.711627481190405,0.6991016592175301,0.7191876257931878,,,,11.0,11.0,11.0
experiments/neighbormix_ra_rg,Quake_Smart-seq2_Lung,rg_mutual,3,3,2024;3407;42,completed_no_status_json:3,0.6982895783611774,0.6706443914081146,0.7410501193317423,0.8016320492728136,0.7843762975372477,0.8283090409797859,0.6700119344750225,0.6158819571836193,0.7619966173537662,0.613066182036153,0.6082095088335177,0.6222662009956671,0.613066182036153,0.6082095088335177,0.6222662009956671,0.7496015173049205,0.7071886182842735,0.8201488281056725,0.8016320492728136,0.7843762975372476,0.8283090409797857,0.8638068367022953,0.8546775968461999,0.8735037375112906,0.7481015434339894,0.7247612370280568,0.7875609844312979,,,,11.0,11.0,11.0
experiments/neighbormix_ra_rg,Quake_Smart-seq2_Lung,rg_none,3,3,2024;3407;42,completed_no_status_json:3,0.6543357199681782,0.5996420047732697,0.7243436754176611,0.7719753721236048,0.7421417589593391,0.8212833453341,0.6365538789193362,0.5756522568384737,0.7532659616812462,0.5071236598794178,0.4117906164672603,0.6045348754506278,0.5071236598794178,0.4117906164672603,0.6045348754506278,0.7224095961503895,0.674586398155973,0.8141535938071792,0.7719753721236048,0.7421417589593392,0.8212833453340999,0.8351355736605276,0.8042134627754873,0.8778210313435186,0.7178054484767175,0.6889652701675892,0.7715878065213283,,,,11.0,11.0,11.0
experiments/neighbormix_ra_rg,Quake_Smart-seq2_Lung,rg_random,3,3,2024;3407;42,completed_no_status_json:3,0.6984884645982499,0.6533412887828163,0.7243436754176611,0.783716304207644,0.7727702972412283,0.7961808843007355,0.6744050675003058,0.5997327904415449,0.7184516832991257,0.603946268352352,0.6011529118061307,0.6075340585666513,0.603946268352352,0.6011529118061307,0.6075340585666513,0.7511811411351799,0.6928954503209193,0.7856200030853169,0.783716304207644,0.7727702972412283,0.7961808843007355,0.831592729143463,0.8237621469990315,0.8417237541762814,0.741133687933099,0.7234614122183083,0.7553133914545408,,,,11.0,11.0,11.0
experiments/neighbormix_ra_rg,Quake_Smart-seq2_Lung,rg_reliability,3,3,2024;3407;42,completed_no_status_json:3,0.6951073985680191,0.610381861575179,0.7583532219570406,0.803903375798737,0.7598177981060674,0.8299431376563757,0.6925007690089863,0.5811434992397251,0.7561986182942864,0.611837489223793,0.5119681034397314,0.7092065778757775,0.611837489223793,0.5119681034397314,0.7092065778757775,0.7655032796375787,0.6788912455974185,0.8151952592767123,0.8039033757987369,0.7598177981060673,0.8299431376563757,0.8515255728041856,0.8254253827260334,0.8665275118054827,0.761710705970906,0.7038717082172937,0.7963227737316877,,,,11.0,11.0,11.0
experiments/neighbormix_ra_rg,SRP182008,gate_max_0p05,1,1,42,completed_no_status_json:1,0.6288293621429628,0.6288293621429628,0.6288293621429628,0.6078939170796471,0.6078939170796471,0.6078939170796471,0.448559613923014,0.448559613923014,0.448559613923014,0.5178395490561362,0.5178395490561362,0.5178395490561362,0.5178395490561362,0.5178395490561362,0.5178395490561362,0.521165075406692,0.521165075406692,0.521165075406692,0.607893917079647,0.607893917079647,0.607893917079647,0.5770484676573697,0.5770484676573697,0.5770484676573697,0.6422232057276269,0.6422232057276269,0.6422232057276269,,,,15.0,15.0,15.0
experiments/neighbormix_ra_rg,SRP182008,gate_max_0p1,1,1,42,completed_no_status_json:1,0.6067041586502886,0.6067041586502886,0.6067041586502886,0.6269853399915944,0.6269853399915944,0.6269853399915944,0.4502794186734164,0.4502794186734164,0.4502794186734164,0.5613471375173836,0.5613471375173836,0.5613471375173836,0.5613471375173836,0.5613471375173836,0.5613471375173836,0.506985566227184,0.506985566227184,0.506985566227184,0.6269853399915943,0.6269853399915943,0.6269853399915943,0.616993335853707,0.616993335853707,0.616993335853707,0.6373063059998268,0.6373063059998268,0.6373063059998268,,,,15.0,15.0,15.0
experiments/neighbormix_ra_rg,SRP182008,gate_max_0p15,1,1,42,completed_no_status_json:1,0.572887376054462,0.572887376054462,0.572887376054462,0.6057040023724489,0.6057040023724489,0.6057040023724489,0.3647035697385781,0.3647035697385781,0.3647035697385781,0.507072595830549,0.507072595830549,0.507072595830549,0.507072595830549,0.507072595830549,0.507072595830549,0.4534799130149914,0.4534799130149914,0.4534799130149914,0.6057040023724489,0.6057040023724489,0.6057040023724489,0.5727321175475485,0.5727321175475485,0.5727321175475485,0.642704139458257,0.642704139458257,0.642704139458257,,,,15.0,15.0,15.0
experiments/neighbormix_ra_rg,SRP182008,gate_max_0p2,1,1,42,completed_no_status_json:1,0.6744857185141335,0.6744857185141335,0.6744857185141335,0.6450282493792179,0.6450282493792179,0.6450282493792179,0.5175433351307301,0.5175433351307301,0.5175433351307301,0.5531201117290702,0.5531201117290702,0.5531201117290702,0.5531201117290702,0.5531201117290702,0.5531201117290702,0.5790445322225202,0.5790445322225202,0.5790445322225202,0.6450282493792179,0.6450282493792179,0.6450282493792179,0.6180417161153885,0.6180417161153885,0.6180417161153885,0.6744790973085112,0.6744790973085112,0.6744790973085112,,,,15.0,15.0,15.0
experiments/neighbormix_ra_rg,SRP182008,neighbor_k_10,1,1,42,completed_no_status_json:1,0.6067041586502886,0.6067041586502886,0.6067041586502886,0.6269853399915944,0.6269853399915944,0.6269853399915944,0.4502794186734164,0.4502794186734164,0.4502794186734164,0.5613471375173836,0.5613471375173836,0.5613471375173836,0.5613471375173836,0.5613471375173836,0.5613471375173836,0.506985566227184,0.506985566227184,0.506985566227184,0.6269853399915943,0.6269853399915943,0.6269853399915943,0.616993335853707,0.616993335853707,0.616993335853707,0.6373063059998268,0.6373063059998268,0.6373063059998268,,,,15.0,15.0,15.0
experiments/neighbormix_ra_rg,SRP182008,neighbor_k_15,1,1,42,completed_no_status_json:1,0.5845789551576144,0.5845789551576144,0.5845789551576144,0.6213127057962352,0.6213127057962352,0.6213127057962352,0.4292965680340929,0.4292965680340929,0.4292965680340929,0.5421027696306423,0.5421027696306423,0.5421027696306423,0.5421027696306423,0.5421027696306423,0.5421027696306423,0.4909230226581402,0.4909230226581402,0.4909230226581402,0.6213127057962352,0.6213127057962352,0.6213127057962352,0.609224804001532,0.609224804001532,0.609224804001532,0.6338900007912527,0.6338900007912527,0.6338900007912527,,,,15.0,15.0,15.0
experiments/neighbormix_ra_rg,SRP182008,neighbor_k_5,1,1,42,completed_no_status_json:1,0.5924226727837798,0.5924226727837798,0.5924226727837798,0.6243451470953126,0.6243451470953126,0.6243451470953126,0.4390959768266327,0.4390959768266327,0.4390959768266327,0.5365874501010178,0.5365874501010178,0.5365874501010178,0.5365874501010178,0.5365874501010178,0.5365874501010178,0.4977956342584334,0.4977956342584334,0.4977956342584334,0.6243451470953125,0.6243451470953125,0.6243451470953125,0.6122346308715204,0.6122346308715204,0.6122346308715204,0.6369444442216781,0.6369444442216781,0.6369444442216781,,,,15.0,15.0,15.0
experiments/neighbormix_ra_rg,SRP182008,pseudo_weight_0p1,1,1,42,completed_no_status_json:1,0.56245375166494,0.56245375166494,0.56245375166494,0.6004908515428156,0.6004908515428156,0.6004908515428156,0.3566339173823635,0.3566339173823635,0.3566339173823635,0.4985609562258574,0.4985609562258574,0.4985609562258574,0.4985609562258574,0.4985609562258574,0.4985609562258574,0.4458883707078577,0.4458883707078577,0.4458883707078577,0.6004908515428156,0.6004908515428156,0.6004908515428156,0.5694532669425608,0.5694532669425608,0.5694532669425608,0.635106829898717,0.635106829898717,0.635106829898717,,,,15.0,15.0,15.0
experiments/neighbormix_ra_rg,SRP182008,pseudo_weight_0p3,1,1,42,completed_no_status_json:1,0.6067041586502886,0.6067041586502886,0.6067041586502886,0.6269853399915944,0.6269853399915944,0.6269853399915944,0.4502794186734164,0.4502794186734164,0.4502794186734164,0.5613471375173836,0.5613471375173836,0.5613471375173836,0.5613471375173836,0.5613471375173836,0.5613471375173836,0.506985566227184,0.506985566227184,0.506985566227184,0.6269853399915943,0.6269853399915943,0.6269853399915943,0.616993335853707,0.616993335853707,0.616993335853707,0.6373063059998268,0.6373063059998268,0.6373063059998268,,,,15.0,15.0,15.0
experiments/neighbormix_ra_rg,SRP182008,rg_far,3,3,2024;3407;42,completed_no_status_json:3,0.636155098416457,0.5936066301613142,0.662942134083173,0.6249987610578077,0.612589411968742,0.6318510238754224,0.46636602694069246,0.4188589339347245,0.494206207022808,0.5495715659689581,0.5443823895639031,0.5545702619236664,0.5495715659689581,0.5443823895639031,0.5545702619236664,0.5280839719515559,0.4797073591293044,0.5561601374516982,0.6249987610578077,0.612589411968742,0.6318510238754224,0.6053585627052653,0.6005409679080346,0.6085557746079525,0.6460619997232132,0.6251312013087911,0.6588485547525208,,,,15.0,15.0,15.0
experiments/neighbormix_ra_rg,SRP182008,rg_fixed,3,3,2024;3407;42,completed_no_status_json:3,0.5703714666272014,0.5346307532928815,0.5902767500369986,0.6103302945107355,0.6018842591817384,0.6153971842404836,0.4136929810183672,0.3952918059536193,0.4255418880788106,0.5189365053423166,0.4844704210044426,0.5420772507551092,0.5189365053423166,0.4844704210044426,0.5420772507551092,0.4819239470708932,0.4805296737789405,0.4844762567781111,0.6103302945107356,0.6018842591817384,0.6153971842404836,0.5918241578862125,0.5638020164937719,0.6064675507058108,0.6308453158351095,0.6224585129082999,0.6454837271307844,,,,15.0,15.0,15.0
experiments/neighbormix_ra_rg,SRP182008,rg_mutual,3,3,2024;3407;42,completed_no_status_json:3,0.5813230723693947,0.549874204528637,0.6021903211484386,0.6201054918545011,0.612216164070248,0.6247784397838507,0.42442140991943694,0.39402991835452,0.4404825291760332,0.5334484334067651,0.5274438127901581,0.5454489260538419,0.5334484334067651,0.5274438127901581,0.5454489260538419,0.4933928891955411,0.4741211210163933,0.5080918835683388,0.6201054918545011,0.612216164070248,0.6247784397838507,0.5982324360028867,0.5815727955860628,0.6131954402203468,0.6439440198704899,0.6337883790876819,0.6517753047097116,,,,15.0,15.0,15.0
experiments/neighbormix_ra_rg,SRP182008,rg_none,3,3,2024;3407;42,completed_no_status_json:3,0.5997237432785752,0.5872428592570668,0.6115879828326181,0.6213711984080365,0.6098507941195784,0.633153508835296,0.42350970958560946,0.3731431311779085,0.4600076264889612,0.5379951179937534,0.5099855269438018,0.5671453485179491,0.5379951179937534,0.5099855269438018,0.5671453485179491,0.49170747153226996,0.4652894499504283,0.5146255104868303,0.6213711984080365,0.6098507941195785,0.633153508835296,0.6007219974952971,0.5700003565744486,0.6245332319679,0.6443016157771018,0.635197557630632,0.6556922063514383,,,,15.0,15.0,15.0
experiments/neighbormix_ra_rg,SRP182008,rg_random,3,3,2024;3407;42,completed_no_status_json:3,0.6134132504563169,0.6068521533224804,0.6254994820186474,0.6224773868787294,0.6221188456950438,0.6230963088292589,0.445790937646557,0.4394104026830752,0.4572285820461838,0.546711270240369,0.5172164129461636,0.5666724698820856,0.546711270240369,0.5172164129461636,0.5666724698820856,0.5072038458089354,0.4966865417025209,0.5268870292627443,0.6224773868787294,0.6221188456950437,0.6230963088292589,0.6060523146162278,0.5930695196674455,0.613237406770032,0.6401761359583898,0.6312613226889274,0.6563257254952347,,,,15.0,15.0,15.0
experiments/neighbormix_ra_rg,SRP182008,rg_reliability,3,3,2024;3407;42,completed_no_status_json:3,0.6128952691036456,0.572887376054462,0.6385230131715258,0.6133762429627408,0.6057040023724489,0.6231260666338492,0.43063334185253627,0.3647035697385781,0.4681781929308581,0.5154843328409454,0.507072595830549,0.5233114446651845,0.5154843328409454,0.507072595830549,0.5233114446651845,0.5062182598756985,0.4534799130149914,0.536173052867906,0.6133762429627408,0.6057040023724489,0.6231260666338491,0.5824836933171214,0.5727321175475485,0.5921314336819612,0.647745071718456,0.642704139458257,0.6575447033957612,,,,15.0,15.0,15.0
experiments/neighbormix_ra_rg,Tosches,gate_max_0p05,1,1,42,completed_no_status_json:1,0.6635233604800685,0.6635233604800685,0.6635233604800685,0.7670182955946283,0.7670182955946283,0.7670182955946283,0.5462565876451978,0.5462565876451978,0.5462565876451978,0.6964579828493389,0.6964579828493389,0.6964579828493389,0.6964579828493389,0.6964579828493389,0.6964579828493389,0.6206403279405736,0.6206403279405736,0.6206403279405736,0.7670182955946283,0.7670182955946283,0.7670182955946283,0.7816174487898513,0.7816174487898513,0.7816174487898513,0.7529545124820846,0.7529545124820846,0.7529545124820846,,,,15.0,15.0,15.0
experiments/neighbormix_ra_rg,Tosches,gate_max_0p1,1,1,42,completed_no_status_json:1,0.6321795970852979,0.6321795970852979,0.6321795970852979,0.7371057720010311,0.7371057720010311,0.7371057720010311,0.527713026141747,0.527713026141747,0.527713026141747,0.6589701263227095,0.6589701263227095,0.6589701263227095,0.6589701263227095,0.6589701263227095,0.6589701263227095,0.6069438064508755,0.6069438064508755,0.6069438064508755,0.7371057720010313,0.7371057720010313,0.7371057720010313,0.7789030613521787,0.7789030613521787,0.7789030613521787,0.6995658547726236,0.6995658547726236,0.6995658547726236,,,,15.0,15.0,15.0
experiments/neighbormix_ra_rg,Tosches,gate_max_0p15,1,1,42,completed_no_status_json:1,0.6329297042434634,0.6329297042434634,0.6329297042434634,0.741236275959622,0.741236275959622,0.741236275959622,0.5311731834994952,0.5311731834994952,0.5311731834994952,0.7113747001298525,0.7113747001298525,0.7113747001298525,0.7113747001298525,0.7113747001298525,0.7113747001298525,0.6096113175663338,0.6096113175663338,0.6096113175663338,0.7412362759596222,0.7412362759596222,0.7412362759596222,0.7810573185840866,0.7810573185840866,0.7810573185840866,0.7052786935276394,0.7052786935276394,0.7052786935276394,,,,15.0,15.0,15.0
experiments/neighbormix_ra_rg,Tosches,gate_max_0p2,1,1,42,completed_no_status_json:1,0.6178204029147021,0.6178204029147021,0.6178204029147021,0.7295074660407923,0.7295074660407923,0.7295074660407923,0.5212693145068252,0.5212693145068252,0.5212693145068252,0.6548147453267334,0.6548147453267334,0.6548147453267334,0.6548147453267334,0.6548147453267334,0.6548147453267334,0.6011609896948604,0.6011609896948604,0.6011609896948604,0.7295074660407923,0.7295074660407923,0.7295074660407923,0.7707929457975673,0.7707929457975673,0.7707929457975673,0.6924198341398659,0.6924198341398659,0.6924198341398659,,,,15.0,15.0,15.0
experiments/neighbormix_ra_rg,Tosches,neighbor_k_10,1,1,42,completed_no_status_json:1,0.6329297042434634,0.6329297042434634,0.6329297042434634,0.741236275959622,0.741236275959622,0.741236275959622,0.5311731834994952,0.5311731834994952,0.5311731834994952,0.7113747001298525,0.7113747001298525,0.7113747001298525,0.7113747001298525,0.7113747001298525,0.7113747001298525,0.6096113175663338,0.6096113175663338,0.6096113175663338,0.7412362759596222,0.7412362759596222,0.7412362759596222,0.7810573185840866,0.7810573185840866,0.7810573185840866,0.7052786935276394,0.7052786935276394,0.7052786935276394,,,,15.0,15.0,15.0
experiments/neighbormix_ra_rg,Tosches,neighbor_k_15,1,1,42,completed_no_status_json:1,0.6459494213459066,0.6459494213459066,0.6459494213459066,0.763762234487284,0.763762234487284,0.763762234487284,0.5434157955104577,0.5434157955104577,0.5434157955104577,0.6778371427058313,0.6778371427058313,0.6778371427058313,0.6778371427058313,0.6778371427058313,0.6778371427058313,0.6182761865510238,0.6182761865510238,0.6182761865510238,0.763762234487284,0.763762234487284,0.763762234487284,0.7811384868878719,0.7811384868878719,0.7811384868878719,0.7471422214712264,0.7471422214712264,0.7471422214712264,,,,15.0,15.0,15.0
experiments/neighbormix_ra_rg,Tosches,neighbor_k_5,1,1,42,completed_no_status_json:1,0.6519502786112302,0.6519502786112302,0.6519502786112302,0.7653233034863594,0.7653233034863594,0.7653233034863594,0.544713585910838,0.544713585910838,0.544713585910838,0.6798795126827201,0.6798795126827201,0.6798795126827201,0.6798795126827201,0.6798795126827201,0.6798795126827201,0.6193833563663098,0.6193833563663098,0.6193833563663098,0.7653233034863594,0.7653233034863594,0.7653233034863594,0.7819882367191288,0.7819882367191288,0.7819882367191288,0.7493538411040204,0.7493538411040204,0.7493538411040204,,,,15.0,15.0,15.0
experiments/neighbormix_ra_rg,Tosches,pseudo_weight_0p1,1,1,42,completed_no_status_json:1,0.6486283754822117,0.6486283754822117,0.6486283754822117,0.7646825454502267,0.7646825454502267,0.7646825454502267,0.543983752412749,0.543983752412749,0.543983752412749,0.6790080409043368,0.6790080409043368,0.6790080409043368,0.6790080409043368,0.6790080409043368,0.6790080409043368,0.6187063844118526,0.6187063844118526,0.6187063844118526,0.7646825454502266,0.7646825454502266,0.7646825454502266,0.7825557499404083,0.7825557499404083,0.7825557499404083,0.7476075415673059,0.7476075415673059,0.7476075415673059,,,,15.0,15.0,15.0
experiments/neighbormix_ra_rg,Tosches,pseudo_weight_0p3,1,1,42,completed_no_status_json:1,0.6329297042434634,0.6329297042434634,0.6329297042434634,0.741236275959622,0.741236275959622,0.741236275959622,0.5311731834994952,0.5311731834994952,0.5311731834994952,0.7113747001298525,0.7113747001298525,0.7113747001298525,0.7113747001298525,0.7113747001298525,0.7113747001298525,0.6096113175663338,0.6096113175663338,0.6096113175663338,0.7412362759596222,0.7412362759596222,0.7412362759596222,0.7810573185840866,0.7810573185840866,0.7810573185840866,0.7052786935276394,0.7052786935276394,0.7052786935276394,,,,15.0,15.0,15.0
experiments/neighbormix_ra_rg,Tosches,rg_far,3,3,2024;3407;42,completed_no_status_json:3,0.6748464066295186,0.622910415773682,0.7786112301757394,0.7510442195982968,0.7253786170626163,0.7986735353695595,0.5930423986999663,0.5220581279080319,0.7346989753223881,0.690930970830487,0.6642774940821432,0.7096366929538237,0.690930970830487,0.6642774940821432,0.7096366929538237,0.662509787595967,0.601429992033277,0.7842639582343521,0.7510442195982968,0.7253786170626165,0.7986735353695594,0.7698181837954924,0.7642308194441236,0.7768412289588584,0.7352191743418652,0.6902856614560244,0.8217684748140585,,,,15.0,15.0,15.0
experiments/neighbormix_ra_rg,Tosches,rg_fixed,3,3,2024;3407;42,completed_no_status_json:3,0.6179454207743963,0.6121410201457351,0.6240355765109301,0.7367878135131157,0.7346856665058459,0.7392519558498941,0.5237211010915519,0.5225135227855318,0.5250816224991306,0.6535994168442979,0.6436776952653281,0.6727302562700187,0.6535994168442979,0.6436776952653281,0.6727302562700187,0.603410343315128,0.6024013948959255,0.6045876570091442,0.7367878135131157,0.7346856665058459,0.7392519558498941,0.7798295873713691,0.7782622825179889,0.7809457097161422,0.6982509741658155,0.695730203049188,0.7017845227193159,,,,15.0,15.0,15.0
experiments/neighbormix_ra_rg,Tosches,rg_mutual,3,3,2024;3407;42,completed_no_status_json:3,0.6802221745963709,0.645681525932276,0.7446420917273896,0.7676543341361981,0.7654416181722365,0.7714840261929958,0.6090867372104837,0.5398209587674154,0.7428398365359908,0.6699008517551078,0.6634410587426436,0.6795979983568097,0.6699008517551078,0.6634410587426436,0.6795979983568097,0.6737121990850632,0.6152021556074029,0.786647151777103,0.7676543341361981,0.7654416181722365,0.7714840261929959,0.7818269247722992,0.7791788916295663,0.7842898856931471,0.7540378792569017,0.7486150787644222,0.763939657462041,,,,15.0,15.0,15.0
experiments/neighbormix_ra_rg,Tosches,rg_none,3,3,2024;3407;42,completed_no_status_json:3,0.6662023146163737,0.6107479639948564,0.7628054007715388,0.7481701126910166,0.7340664183320901,0.7757439487476832,0.5963633827548575,0.5210879628259498,0.7444738515776234,0.6810610392778266,0.6428271858639665,0.7306590415484122,0.6810610392778266,0.6428271858639665,0.7306590415484122,0.6641974414670554,0.6012114438565981,0.7879357277451227,0.7481701126910166,0.73406641833209,0.775743948747683,0.7791045075097921,0.7768452239214494,0.7824579282996339,0.7202859046318816,0.6948211968398871,0.7691442092516073,,,,15.0,15.0,15.0
experiments/neighbormix_ra_rg,Tosches,rg_random,3,3,2024;3407;42,completed_no_status_json:3,0.6171060151450207,0.609515645092156,0.6233390484354908,0.7333605516680999,0.7307650782655947,0.736053280663611,0.5193605903687802,0.5169902718532671,0.5226241151305799,0.6546785753088581,0.6382318785463028,0.6676700906891039,0.6546785753088581,0.6382318785463028,0.6676700906891039,0.5991144382901478,0.5970990154643876,0.6019634919481432,0.7333605516680999,0.7307650782655946,0.7360532806636109,0.7737849823480746,0.7707725592745263,0.7756391046580257,0.6969519103991876,0.6947058901527743,0.700311886362746,,,,15.0,15.0,15.0
experiments/neighbormix_ra_rg,Tosches,rg_reliability,3,3,2024;3407;42,completed_no_status_json:3,0.6303579082726104,0.6277861123017574,0.6329297042434634,0.7392685356889573,0.7374713058211313,0.741236275959622,0.5279365727125118,0.5250948995613949,0.5311731834994952,0.6814505164362835,0.6640882908558652,0.7113747001298525,0.6814505164362835,0.6640882908558652,0.7113747001298525,0.6068930698862881,0.6045169201012073,0.6096113175663338,0.7392685356889576,0.7374713058211314,0.7412362759596222,0.7797596952967991,0.7784514066022062,0.7810573185840866,0.702775667704186,0.7005900678367527,0.7052786935276394,,,,15.0,15.0,15.0
experiments/neighbormix_ra_rg,Wang,gate_max_0p05,1,1,42,completed_no_status_json:1,0.9876037398886438,0.9876037398886438,0.9876037398886438,0.8800099371942489,0.8800099371942489,0.8800099371942489,0.9458684612510618,0.9458684612510618,0.9458684612510618,0.98206767666318,0.98206767666318,0.98206767666318,0.98206767666318,0.98206767666318,0.98206767666318,0.9812955967627142,0.9812955967627142,0.9812955967627142,0.8800099371942489,0.8800099371942489,0.8800099371942489,0.8848478543371633,0.8848478543371633,0.8848478543371633,0.8752246351274253,0.8752246351274253,0.8752246351274253,,,,2.0,2.0,2.0
experiments/neighbormix_ra_rg,Wang,gate_max_0p1,1,1,42,completed_no_status_json:1,0.987078474629688,0.987078474629688,0.987078474629688,0.8764542747177129,0.8764542747177129,0.8764542747177129,0.9436364081059152,0.9436364081059152,0.9436364081059152,0.9813298883271432,0.9813298883271432,0.9813298883271432,0.9813298883271432,0.9813298883271432,0.9813298883271432,0.9805036007929432,0.9805036007929432,0.9805036007929432,0.8764542747177129,0.8764542747177129,0.8764542747177129,0.8820297505426249,0.8820297505426249,0.8820297505426249,0.8709488433895,0.8709488433895,0.8709488433895,,,,2.0,2.0,2.0
experiments/neighbormix_ra_rg,Wang,gate_max_0p15,1,1,42,completed_no_status_json:1,0.9868683685261056,0.9868683685261056,0.9868683685261056,0.8749763216904289,0.8749763216904289,0.8749763216904289,0.942741283722221,0.942741283722221,0.942741283722221,0.9810326982652708,0.9810326982652708,0.9810326982652708,0.9810326982652708,0.9810326982652708,0.9810326982652708,0.9801879444778496,0.9801879444778496,0.9801879444778496,0.8749763216904288,0.8749763216904288,0.8749763216904288,0.8807578739538441,0.8807578739538441,0.8807578739538441,0.8692701780226975,0.8692701780226975,0.8692701780226975,,,,2.0,2.0,2.0
experiments/neighbormix_ra_rg,Wang,gate_max_0p2,1,1,42,completed_no_status_json:1,0.9868683685261056,0.9868683685261056,0.9868683685261056,0.8749763216904289,0.8749763216904289,0.8749763216904289,0.942741283722221,0.942741283722221,0.942741283722221,0.9810326982652708,0.9810326982652708,0.9810326982652708,0.9810326982652708,0.9810326982652708,0.9810326982652708,0.9801879444778496,0.9801879444778496,0.9801879444778496,0.8749763216904288,0.8749763216904288,0.8749763216904288,0.8807578739538441,0.8807578739538441,0.8807578739538441,0.8692701780226975,0.8692701780226975,0.8692701780226975,,,,2.0,2.0,2.0
experiments/neighbormix_ra_rg,Wang,neighbor_k_10,1,1,42,completed_no_status_json:1,0.987078474629688,0.987078474629688,0.987078474629688,0.8764542747177129,0.8764542747177129,0.8764542747177129,0.9436364081059152,0.9436364081059152,0.9436364081059152,0.9813298883271432,0.9813298883271432,0.9813298883271432,0.9813298883271432,0.9813298883271432,0.9813298883271432,0.9805036007929432,0.9805036007929432,0.9805036007929432,0.8764542747177129,0.8764542747177129,0.8764542747177129,0.8820297505426249,0.8820297505426249,0.8820297505426249,0.8709488433895,0.8709488433895,0.8709488433895,,,,2.0,2.0,2.0
experiments/neighbormix_ra_rg,Wang,neighbor_k_15,1,1,42,completed_no_status_json:1,0.9874986868368526,0.9874986868368526,0.9874986868368526,0.8794394381916439,0.8794394381916439,0.8794394381916439,0.9454286675432152,0.9454286675432152,0.9454286675432152,0.9819248625708508,0.9819248625708508,0.9819248625708508,0.9819248625708508,0.9819248625708508,0.9819248625708508,0.9811350810901556,0.9811350810901556,0.9811350810901556,0.8794394381916438,0.8794394381916438,0.8794394381916438,0.8846001153492696,0.8846001153492696,0.8846001153492696,0.8743386256379644,0.8743386256379644,0.8743386256379644,,,,2.0,2.0,2.0
experiments/neighbormix_ra_rg,Wang,neighbor_k_5,1,1,42,completed_no_status_json:1,0.9873936337850616,0.9873936337850616,0.9873936337850616,0.8785024501301905,0.8785024501301905,0.8785024501301905,0.944971524788352,0.944971524788352,0.944971524788352,0.9817698950535304,0.9817698950535304,0.9817698950535304,0.9817698950535304,0.9817698950535304,0.9817698950535304,0.9809798244037868,0.9809798244037868,0.9809798244037868,0.8785024501301905,0.8785024501301905,0.8785024501301905,0.8835491653542983,0.8835491653542983,0.8835491653542983,0.8735130598050831,0.8735130598050831,0.8735130598050831,,,,2.0,2.0,2.0
experiments/neighbormix_ra_rg,Wang,pseudo_weight_0p1,1,1,42,completed_no_status_json:1,0.98634310326715,0.98634310326715,0.98634310326715,0.8713224086518259,0.8713224086518259,0.8713224086518259,0.940506399775066,0.940506399775066,0.940506399775066,0.9802905870212304,0.9802905870212304,0.9802905870212304,0.9802905870212304,0.9802905870212304,0.9802905870212304,0.9793990487989412,0.9793990487989412,0.9793990487989412,0.8713224086518258,0.8713224086518258,0.8713224086518258,0.8776153487348936,0.8776153487348936,0.8776153487348936,0.8651190731021471,0.8651190731021471,0.8651190731021471,,,,2.0,2.0,2.0
experiments/neighbormix_ra_rg,Wang,pseudo_weight_0p3,1,1,42,completed_no_status_json:1,0.987078474629688,0.987078474629688,0.987078474629688,0.8764542747177129,0.8764542747177129,0.8764542747177129,0.9436364081059152,0.9436364081059152,0.9436364081059152,0.9813298883271432,0.9813298883271432,0.9813298883271432,0.9813298883271432,0.9813298883271432,0.9813298883271432,0.9805036007929432,0.9805036007929432,0.9805036007929432,0.8764542747177129,0.8764542747177129,0.8764542747177129,0.8820297505426249,0.8820297505426249,0.8820297505426249,0.8709488433895,0.8709488433895,0.8709488433895,,,,2.0,2.0,2.0
experiments/neighbormix_ra_rg,Wang,ra,7,7,42,completed_no_status_json:7,0.9638167274473608,0.936758062821725,0.9919109150120812,0.7705564953120418,0.6650521802680869,0.9136462698868284,0.8515857342960993,0.7479882483225994,0.9643754841869572,0.9505738693395417,0.9158949357063728,0.9881962474056804,0.9505738693395417,0.9158949357063728,0.9881962474056804,0.9461379275163715,0.9064530906721316,0.9877922123947238,0.7705564953120418,0.6650521802680868,0.9136462698868284,0.7939282353426618,0.7080701670080173,0.9128372641646386,0.7492738240289304,0.6269618366388153,0.9144567108502016,,,,2.0,2.0,2.0
experiments/neighbormix_ra_rg,Wang,ra_cell,1,1,42,completed_no_status_json:1,0.9915957558567076,0.9915957558567076,0.9915957558567076,0.910924491785134,0.910924491785134,0.910924491785134,0.9630265887501268,0.9630265887501268,0.9630265887501268,0.987755298930084,0.987755298930084,0.987755298930084,0.987755298930084,0.987755298930084,0.987755298930084,0.9873101911140648,0.9873101911140648,0.9873101911140648,0.910924491785134,0.910924491785134,0.910924491785134,0.9111544467184156,0.9111544467184156,0.9111544467184156,0.9106946528934948,0.9106946528934948,0.9106946528934948,,,,2.0,2.0,2.0
experiments/neighbormix_ra_rg,Wang,ra_gene_gate,1,1,42,completed_no_status_json:1,0.9665931295304128,0.9665931295304128,0.9665931295304128,0.7617287226775474,0.7617287226775474,0.7617287226775474,0.8594575420370136,0.8594575420370136,0.8594575420370136,0.9532679787802824,0.9532679787802824,0.9532679787802824,0.9532679787802824,0.9532679787802824,0.9532679787802824,0.9499921906608094,0.9499921906608094,0.9499921906608094,0.7617287226775475,0.7617287226775475,0.7617287226775475,0.7843620554685038,0.7843620554685038,0.7843620554685038,0.7403649578684629,0.7403649578684629,0.7403649578684629,,,,2.0,2.0,2.0
experiments/neighbormix_ra_rg,Wang,ra_intersection,1,1,42,completed_no_status_json:1,0.9915957558567076,0.9915957558567076,0.9915957558567076,0.910924491785134,0.910924491785134,0.910924491785134,0.9630265887501268,0.9630265887501268,0.9630265887501268,0.987755298930084,0.987755298930084,0.987755298930084,0.987755298930084,0.987755298930084,0.987755298930084,0.9873101911140648,0.9873101911140648,0.9873101911140648,0.910924491785134,0.910924491785134,0.910924491785134,0.9111544467184156,0.9111544467184156,0.9111544467184156,0.9106946528934948,0.9106946528934948,0.9106946528934948,,,,2.0,2.0,2.0
experiments/neighbormix_ra_rg,Wang,ra_nomix,1,1,42,completed_no_status_json:1,0.9888643765101376,0.9888643765101376,0.9888643765101376,0.8894319852340836,0.8894319852340836,0.8894319852340836,0.9512720827481952,0.9512720827481952,0.9512720827481952,0.9838640272910044,0.9838640272910044,0.9838640272910044,0.9838640272910044,0.9838640272910044,0.9838640272910044,0.9831889295282265,0.9831889295282265,0.9831889295282265,0.8894319852340835,0.8894319852340835,0.8894319852340835,0.893219554920413,0.893219554920413,0.893219554920413,0.8856764012114912,0.8856764012114912,0.8856764012114912,,,,2.0,2.0,2.0
experiments/neighbormix_ra_rg,Wang,ra_rec_only,1,1,42,completed_no_status_json:1,0.9664880764786216,0.9664880764786216,0.9664880764786216,0.7612387403640483,0.7612387403640483,0.7612387403640483,0.8590411739190521,0.8590411739190521,0.8590411739190521,0.95312837826042,0.95312837826042,0.95312837826042,0.95312837826042,0.95312837826042,0.95312837826042,0.9498372425125516,0.9498372425125516,0.9498372425125516,0.7612387403640483,0.7612387403640483,0.7612387403640483,0.7839424586450116,0.7839424586450116,0.7839424586450116,0.7398130516294363,0.7398130516294363,0.7398130516294363,,,,2.0,2.0,2.0
experiments/neighbormix_ra_rg,Wang,rg_far,3,3,2024;3407;42,completed_no_status_json:3,0.9364078859824211,0.9304548797142556,0.9479987393633784,0.6641675733803346,0.6503300834725714,0.6914009979613769,0.7470851501087806,0.7258885650869691,0.7884089416229884,0.915529354339618,0.9083981363252605,0.929438666536423,0.915529354339618,0.9083981363252605,0.929438666536423,0.906022596720967,0.8974337950013429,0.9227452667842486,0.6641675733803346,0.6503300834725713,0.6914009979613769,0.7066575634912322,0.696263051051064,0.7266819952693226,0.6265808539620135,0.610082507509255,0.6593872164714409,,,,2.0,2.0,2.0
experiments/neighbormix_ra_rg,Wang,rg_fixed,6,6,2024;3407;42,completed_no_status_json:6,0.9828238260321461,0.9614455299926464,0.9917008089084988,0.856773027072895,0.7535214716826302,0.9119496766775516,0.9264357844529977,0.8398193549820253,0.9634338269849304,0.9756222096789969,0.94690047217222,0.9878729578559882,0.9756222096789969,0.94690047217222,0.9878729578559882,0.9741664557729416,0.9422891030893285,0.9874874765030812,0.856773027072895,0.7535214716826302,0.9119496766775516,0.8661513602741714,0.78419056652245,0.9102159620518055,0.847851224848247,0.7251609789810518,0.9136900084197292,,,,2.0,2.0,2.0
experiments/neighbormix_ra_rg,Wang,rg_mutual,3,3,2024;3407;42,completed_no_status_json:3,0.9867633154743145,0.98634310326715,0.9871835276814792,0.8742528308377017,0.8713224086518259,0.8773962061121227,0.9422947714365849,0.940506399775066,0.9440931736240324,0.9808843747230145,0.9802905870212304,0.981484796500134,0.9808843747230145,0.9802905870212304,0.981484796500134,0.9800302383742832,0.9793990487989412,0.9806588239639008,0.8742528308377017,0.8713224086518258,0.8773962061121228,0.8801362436023791,0.8776153487348936,0.8830857373795243,0.8684477557237864,0.8651190731021471,0.8717795183793797,,,,2.0,2.0,2.0
experiments/neighbormix_ra_rg,Wang,rg_none,6,6,2024;3407;42,completed_no_status_json:6,0.9662604615330741,0.9359176384073956,0.9888643765101376,0.7881587212330724,0.6623453270241056,0.8900482289859163,0.8622213013680454,0.7449928105412928,0.9512720827481952,0.9541444028023305,0.9148719561533376,0.9838640272910044,0.9541444028023305,0.9148719561533376,0.9838640272910044,0.949801688197789,0.9052514349066472,0.9831889295282265,0.7881587212330722,0.6623453270241055,0.8900482289859162,0.8108014457371007,0.7056807586301614,0.8994074595964092,0.7675865344333596,0.6240243654841531,0.8856764012114912,,,,2.0,2.0,2.0
experiments/neighbormix_ra_rg,Wang,rg_random,3,3,2024;3407;42,completed_no_status_json:3,0.9895647301887452,0.988444164302973,0.9909654375459608,0.894945161089741,0.8855797579807383,0.9058361000393648,0.9542872140105415,0.9494302716589508,0.9603177507241816,0.984863568109967,0.983238068002964,0.9868639400766372,0.984863568109967,0.983238068002964,0.9868639400766372,0.9842442027487106,0.9825696290359744,0.9863532505229065,0.894945161089741,0.8855797579807383,0.9058361000393648,0.8980037211794464,0.8886899347556514,0.9074321544392178,0.8919104587743943,0.8824912748554359,0.9042456502832898,,,,2.0,2.0,2.0
experiments/neighbormix_ra_rg,Wang,rg_reliability,6,6,2024;3407;42,completed_no_status_json:6,0.9790944426935603,0.9349721609412752,0.9917008089084988,0.8458317523942601,0.6602560809313924,0.911857892407676,0.912977777036951,0.7416643024442139,0.9634458834842046,0.9710590208751496,0.913747484284974,0.987881316019646,0.9710590208751496,0.913747484284974,0.987881316019646,0.9687933032297135,0.903893940188639,0.9874825601400682,0.8458317523942601,0.6602560809313924,0.911857892407676,0.8567173764670667,0.7041263548886049,0.9105878584580084,0.8358528791734061,0.6215318219770833,0.9131314740415308,,,,2.0,2.0,2.0
experiments/neighbormix_ra_rg,worm_neuron_cell,rg_far,3,3,2024;3407;42,completed_no_status_json:3,0.68307055263577,0.6256569517439082,0.7353081700907788,0.6303762864728576,0.5755474568691439,0.6579824506300773,0.39721959585216343,0.3139582898662116,0.4778652568478279,0.632871415278601,0.5885178913754071,0.6824545428484453,0.632871415278601,0.5885178913754071,0.6824545428484453,0.535768082761492,0.4876019116588715,0.5781065621422483,0.6303762864728575,0.5755474568691439,0.6579824506300772,0.5749071207048719,0.5040207546933568,0.6258061685480688,0.6998196731928505,0.6707326074992523,0.735079603203177,,,,10.0,10.0,10.0
experiments/neighbormix_ra_rg,worm_neuron_cell,rg_fixed,3,3,2024;3407;42,completed_no_status_json:3,0.6789297658862875,0.6172957477305303,0.7200191113234592,0.6270801979083299,0.6221926413749814,0.6344985489576345,0.45720614174535684,0.396597012707509,0.4885031371135919,0.6729709136616621,0.6545332017439283,0.6965085115293566,0.6729709136616621,0.6545332017439283,0.6965085115293566,0.5460315249278079,0.4979363998924418,0.5714699867815752,0.6270801979083299,0.6221926413749814,0.6344985489576344,0.605305687034967,0.5953877501356467,0.6104241593195107,0.6505896289544588,0.6396941758790614,0.6605498345251729,,,,10.0,10.0,10.0
experiments/neighbormix_ra_rg,worm_neuron_cell,rg_mutual,3,3,2024;3407;42,completed_no_status_json:3,0.6375218983914636,0.6256569517439082,0.6600573339703775,0.6162382863949091,0.6073402264604867,0.6299459004205847,0.37760503848332255,0.3555586122167036,0.393641465250908,0.6218418764934214,0.6004811696874485,0.6514977923967418,0.6218418764934214,0.6004811696874485,0.6514977923967418,0.49184105852021515,0.4786339357566023,0.5022164485343873,0.6162382863949091,0.6073402264604867,0.6299459004205846,0.5845039580061298,0.5675584328064716,0.6075548169149537,0.6520101646429979,0.639330716169533,0.6626492200352413,,,,10.0,10.0,10.0
experiments/neighbormix_ra_rg,worm_neuron_cell,rg_none,3,3,2024;3407;42,completed_no_status_json:3,0.6658703615225354,0.6414237935977066,0.6880076445293837,0.6418301395976198,0.6224490822168349,0.6581047180737287,0.40513635714643687,0.3662145771190266,0.427479833008908,0.6813207619144998,0.6210678588269848,0.7153158440796036,0.6813207619144998,0.6210678588269848,0.7153158440796036,0.5305109740675004,0.520096292896516,0.542278041872605,0.6418301395976197,0.622449082216835,0.6581047180737286,0.5978210537293834,0.546920512406912,0.6300756148992027,0.696156913299021,0.6605155810876235,0.7221807167889805,,,,10.0,10.0,10.0
experiments/neighbormix_ra_rg,worm_neuron_cell,rg_random,3,3,2024;3407;42,completed_no_status_json:3,0.6709667144449752,0.6528905876731964,0.6817964644051601,0.6319666888591354,0.6168899839956717,0.6552548515088273,0.44214995451393285,0.4142619736883788,0.4806394211134326,0.5884775813587159,0.5577508567629954,0.6102835193599098,0.5884775813587159,0.5577508567629954,0.6102835193599098,0.552443150873493,0.5281721736912807,0.5730062312134214,0.6319666888591357,0.6168899839956717,0.6552548515088275,0.5935899396901761,0.5876607389010031,0.6039737797822708,0.6759763660198675,0.6491790449434216,0.7160520549993628,,,,10.0,10.0,10.0
experiments/neighbormix_ra_rg,worm_neuron_cell,rg_reliability,3,3,2024;3407;42,completed_no_status_json:3,0.6699315177576047,0.5413282369804109,0.7365026278069756,0.6111612699878193,0.5595041340915172,0.6377547698366243,0.4386879063758815,0.3200631050734612,0.5164871944321361,0.630643059255813,0.4630308794138281,0.7567184584007833,0.630643059255813,0.4630308794138281,0.7567184584007833,0.5372116070777301,0.4502967754088786,0.5948594028812215,0.6111612699878193,0.5595041340915172,0.6377547698366244,0.5859129190599058,0.5135348063586498,0.6222591714928662,0.6399101860516169,0.6145125341631835,0.6540418249475872,,,,10.0,10.0,10.0
experiments/neighbormix_stochastic_regularization_20260616,Guo,consensus_neighbormix_threshold0.4,3,3,0;1;2,completed_no_status_json:3,0.8711350796096559,0.8539291217257319,0.8919876733436055,0.8525854601378223,0.8416094043196255,0.8651004495545688,0.8362985215144523,0.8139259164612469,0.857373793419489,0.806777799384018,0.7723654290469696,0.8257073931876473,0.806777799384018,0.7723654290469696,0.8257073931876473,0.8598079413693501,0.8405811094039389,0.8779047208736418,0.8525854601378223,0.8416094043196256,0.8651004495545687,0.8597647846870355,0.8479115943671244,0.8740648658894615,0.8455281651868654,0.8354002064483699,0.8563180447607265,,,,12.0,12.0,12.0
experiments/neighbormix_stochastic_regularization_20260616,Guo,global_random_neighbor_control,3,3,0;1;2,completed_no_status_json:3,0.8663071391884952,0.8494607087827427,0.888597842835131,0.8474179294177904,0.8374210238347837,0.8605737838042863,0.8239311882120113,0.8061598736424783,0.8498359680536688,0.7974350663591814,0.7695833282104569,0.8210421616409737,0.7974350663591814,0.7695833282104569,0.8210421616409737,0.8491800895950963,0.8339098982501912,0.8714359697558021,0.8474179294177904,0.8374210238347838,0.8605737838042863,0.8567623914705186,0.8434560848640794,0.870336548809463,0.8382891354991467,0.8314717128731688,0.851027611583697,,,,12.0,12.0,12.0
experiments/neighbormix_stochastic_regularization_20260616,Guo,mutual_knn_neighbormix,3,3,0;1;2,completed_no_status_json:3,0.8717514124293785,0.8560862865947612,0.8899845916795069,0.8534112985240775,0.8442431700162124,0.8642740339260689,0.836987839077477,0.8157136632471845,0.8563671512317559,0.8236463750688782,0.8205540497429896,0.8269812118144535,0.8236463750688782,0.8205540497429896,0.8269812118144535,0.8604017149265584,0.8421323429610343,0.8770323295735492,0.8534112985240774,0.8442431700162124,0.8642740339260689,0.8617426616249944,0.853438185773847,0.8737675512790981,0.8452439699392428,0.8352441780486037,0.8549845941100968,,,,12.0,12.0,12.0
experiments/neighbormix_stochastic_regularization_20260616,Guo,neighbormix_scmae,3,3,0;1;2,completed_no_status_json:3,0.8725218284540318,0.8531587057010785,0.8933744221879815,0.8548053152259941,0.8415747635719262,0.8673591097379149,0.8390592686398133,0.8142281336736836,0.8607677562585611,0.7999964928372177,0.7715007470641408,0.8234111177717888,0.7999964928372177,0.7715007470641408,0.8234111177717888,0.8621687594498816,0.8408409976680623,0.8808108786673082,0.8548053152259941,0.8415747635719262,0.8673591097379147,0.8636331577494737,0.8479444738782579,0.8765259916060979,0.8461634412506944,0.8353000375468758,0.8583819815094006,,,,12.0,12.0,12.0
experiments/neighbormix_stochastic_regularization_20260616,Guo,nm_scmae_nomix,3,3,0;1;2,completed_no_status_json:3,0.8705187467899332,0.8651771956856703,0.8736517719568567,0.8520198887545324,0.8475680580958956,0.8565963587218847,0.8372830688975778,0.8312158272070158,0.8419856832113954,0.8171517148652323,0.7820204092535549,0.8353301520712294,0.8171517148652323,0.7820204092535549,0.8353301520712294,0.860658854451798,0.8554414733893893,0.8646890367804623,0.8520198887545324,0.8475680580958955,0.8565963587218847,0.858236258709906,0.8531597439811285,0.8636491222800587,0.8458937013518756,0.8420491917716013,0.8496578512015498,,,,12.0,12.0,12.0
experiments/neighbormix_stochastic_regularization_20260616,Guo,random_beta_uniform_0.1,3,3,0;1;2,completed_no_status_json:3,0.8818181818181818,0.8705701078582434,0.901848998459168,0.8593330848067137,0.8528181168588098,0.8688892376168649,0.8491228838985219,0.8348123306456734,0.8675846315075598,0.8393304465834781,0.8068809678050997,0.8627802545706321,0.8393304465834781,0.8068809678050997,0.8627802545706321,0.8708870485589203,0.8585283563956544,0.8868354775288733,0.8593330848067137,0.8528181168588098,0.8688892376168649,0.8656267324055141,0.8593968003768474,0.8719806532963597,0.8531446970788134,0.8463393878490356,0.8658196643689645,,,,12.0,12.0,12.0
experiments/neighbormix_stochastic_regularization_20260616,Guo,random_edge_dropout_keep0.5,3,3,0;1;2,completed_no_status_json:3,0.8696969696969697,0.8533127889060093,0.8858243451463791,0.8520150094617991,0.8403218735114186,0.8628499465428232,0.8357609035612491,0.8148043535682341,0.85305408717701,0.8064269827275883,0.7712209825381598,0.830514357465992,0.8064269827275883,0.7712209825381598,0.830514357465992,0.8593417227088015,0.8413364698147313,0.8741871710802392,0.8520150094617991,0.8403218735114185,0.8628499465428233,0.8597134605118022,0.8468488129749067,0.8728891351424067,0.8444587587583623,0.8338947750350648,0.8530390557677129,,,,12.0,12.0,12.0
experiments/neighbormix_stochastic_regularization_20260616,Guo,random_pseudo_gate_p0.5,3,3,0;1;2,completed_no_status_json:3,0.8745249101181304,0.8588597842835131,0.8935285053929122,0.8550314640099135,0.8441878837512424,0.866454594636755,0.8410496146349424,0.8212113460949836,0.8589837862013646,0.8017628903716144,0.7765588356362586,0.8239426827960878,0.8017628903716144,0.7765588356362586,0.8239426827960878,0.863880218885171,0.8468432163508212,0.8792797689938046,0.8550314640099134,0.8441878837512423,0.866454594636755,0.8637592088538781,0.8498980910984975,0.8761283411274986,0.846488306032116,0.83855389461741,0.856992139974006,,,,12.0,12.0,12.0
experiments/neighbormix_stochastic_regularization_20260616,Guo,snn_neighbormix,3,3,0;1;2,completed_no_status_json:3,0.8710837185413457,0.8554699537750385,0.8901386748844375,0.852784580211677,0.84337198463032,0.8645261442932788,0.8356797908761253,0.8138307555652498,0.8560563297518322,0.823902312853638,0.821238096923214,0.827341921672368,0.823902312853638,0.821238096923214,0.827341921672368,0.8592768304694727,0.8405164510850078,0.8767655813696948,0.852784580211677,0.84337198463032,0.8645261442932787,0.8613174805809328,0.8526979819926555,0.8741209648130729,0.8444228095957805,0.8342477780044033,0.8551396726167099,,,,12.0,12.0,12.0
experiments/neighbormix_stochastic_regularization_20260616,Macosko,consensus_neighbormix_threshold0.4,3,3,0;1;2,completed_no_status_json:3,0.5162322204368267,0.4983261917514729,0.5494108194965185,0.6126710768347676,0.6011086399271741,0.6234985239749075,0.37296211540592156,0.3692802116200728,0.3799223323411339,0.5430230590169296,0.4658183668295772,0.6482411046179445,0.5430230590169296,0.4658183668295772,0.6482411046179445,0.5965513710880591,0.5937286198907944,0.6021601976398736,0.6126710768347676,0.6011086399271741,0.6234985239749075,0.811934945729226,0.8003520033562401,0.8317973994773519,0.49199821800178806,0.4801064947947073,0.4986311972229393,,,,12.0,12.0,12.0
experiments/neighbormix_stochastic_regularization_20260616,Macosko,global_random_neighbor_control,3,3,0;1;2,completed_no_status_json:3,0.5132268047372494,0.5000446348866274,0.528298518121764,0.6126140618749499,0.6066393268242696,0.6233678103653653,0.38789454740360824,0.3839439600934746,0.3922207902415417,0.5331618715150247,0.4890896979733774,0.5697692473274206,0.5331618715150247,0.4890896979733774,0.5697692473274206,0.6086909260763028,0.605551165648166,0.6121450148151072,0.6126140618749499,0.6066393268242696,0.6233678103653653,0.8087955904328455,0.7988171183851035,0.8243721934677347,0.4930308323386757,0.4873702832685794,0.501169132307501,,,,12.0,12.0,12.0
experiments/neighbormix_stochastic_regularization_20260616,Macosko,mutual_knn_neighbormix,3,3,0;1;2,completed_no_status_json:3,0.5755445456168542,0.5193492233529727,0.6640108909123371,0.6446772239807644,0.6167061003213079,0.6864720844137316,0.4324157943260827,0.3754426172779733,0.5374272044036649,0.6114714440011156,0.5633950794714138,0.6369095586156419,0.6114714440011156,0.5633950794714138,0.6369095586156419,0.6416391763725008,0.598518623687121,0.7205561840027053,0.6446772239807644,0.6167061003213079,0.6864720844137316,0.8300596534562615,0.8211284283376156,0.8444234221322893,0.5276325721762051,0.4937784968375526,0.578299783611056,,,,12.0,12.0,12.0
experiments/neighbormix_stochastic_regularization_20260616,Macosko,neighbormix_scmae,3,3,0;1;2,completed_no_status_json:3,0.5643263107778372,0.508391358685949,0.6615113372612034,0.6351934525513571,0.6128796636932126,0.6749428595859188,0.43058203253507,0.3769024644167392,0.5359461830707533,0.5567379007106955,0.5516889325728304,0.5623962687799303,0.5567379007106955,0.5516889325728304,0.5623962687799303,0.6402366136104336,0.599693249477332,0.7196223460363959,0.6351934525513571,0.6128796636932125,0.6749428595859189,0.8214311504745768,0.8131298423927428,0.8312615155421125,0.5184853349956203,0.4917708401310606,0.5681098512868232,,,,12.0,12.0,12.0
experiments/neighbormix_stochastic_regularization_20260616,Macosko,nm_scmae_nomix,3,3,0;1;2,completed_no_status_json:3,0.5017630780217818,0.442822710230316,0.549879485806106,0.594594733960115,0.5729016167749271,0.6106231305014275,0.35814745974830303,0.3038171975678505,0.3878266965764106,0.5205064901928967,0.4604124327872176,0.6174183150854969,0.5205064901928967,0.4604124327872176,0.6174183150854969,0.5834712142654509,0.5369454424652917,0.6085756764772327,0.594594733960115,0.5729016167749272,0.6106231305014275,0.7943265040823935,0.7782492263071837,0.8104306285952423,0.47546838952684617,0.4480226339302482,0.4898525153756968,,,,12.0,12.0,12.0
experiments/neighbormix_stochastic_regularization_20260616,Macosko,random_beta_uniform_0.1,3,3,0;1;2,completed_no_status_json:3,0.6372299589359044,0.5642742367434387,0.686194429566149,0.6577096020219454,0.6194858127555044,0.6852154288053748,0.4899582615149411,0.3768237487651865,0.5580397388951099,0.640225871183519,0.6337488684502359,0.6529239886708077,0.640225871183519,0.6337488684502359,0.6529239886708077,0.6846738032440095,0.5998319046925275,0.7349595784459397,0.6577096020219455,0.6194858127555045,0.6852154288053749,0.8167188654019298,0.80790574424964,0.8339429168370701,0.5512194319101432,0.5023318768059518,0.5815078489476153,,,,12.0,12.0,12.0
experiments/neighbormix_stochastic_regularization_20260616,Macosko,random_edge_dropout_keep0.5,3,3,0;1;2,completed_no_status_json:3,0.561328334226031,0.5127878950187467,0.6474067130869487,0.629895650034279,0.6103337739550224,0.6624489678628642,0.42950763091142274,0.3742094189170434,0.5395218282835764,0.548426784334416,0.4987080658552863,0.5749854492545468,0.548426784334416,0.4987080658552863,0.5749854492545468,0.6391899842098057,0.5974966754271304,0.7220725539384774,0.629895650034279,0.6103337739550223,0.6624489678628643,0.8152816835954688,0.8078447684467852,0.821731194117738,0.5138840356694915,0.4904283284305253,0.5574091642375509,,,,12.0,12.0,12.0
experiments/neighbormix_stochastic_regularization_20260616,Macosko,random_pseudo_gate_p0.5,3,3,0;1;2,completed_no_status_json:3,0.5514342676902934,0.4838198535975718,0.6394170683806463,0.6205034612741872,0.5989599020323072,0.6484237716226968,0.43010559296712025,0.3724069689116014,0.5383371644671376,0.5056485162065548,0.4568709536440431,0.5710724524776357,0.5056485162065548,0.4568709536440431,0.5710724524776357,0.6397625715152288,0.5960131832097113,0.7213159863651173,0.6205034612741871,0.5989599020323072,0.6484237716226968,0.8078271615934659,0.8044579981127029,0.8141143479222952,0.5043440895884044,0.4769296180280297,0.5430858010995834,,,,12.0,12.0,12.0
experiments/neighbormix_stochastic_regularization_20260616,Macosko,snn_neighbormix,3,3,0;1;2,completed_no_status_json:3,0.5795170505266917,0.5186797000535619,0.6704606320299946,0.642453937480196,0.6184822298843032,0.6855864374088196,0.4345147251960233,0.3816182885678859,0.5377214709113876,0.5881630193656656,0.5465961116429964,0.6519169503583494,0.5881630193656656,0.5465961116429964,0.6519169503583494,0.6433754932853138,0.6036338577504743,0.7208616896829608,0.642453937480196,0.6184822298843033,0.6855864374088196,0.8275530254640812,0.811911617235336,0.8411549204113427,0.5257429125276267,0.499163403556703,0.5785801790331365,,,,12.0,12.0,12.0
experiments/neighbormix_stochastic_regularization_20260616,Melanoma_5K,consensus_neighbormix_threshold0.4,3,3,0;1;2,completed_no_status_json:3,0.7366127483565994,0.7358741413693773,0.7376467981387104,0.7341415467090441,0.7317608977695609,0.7362114361616848,0.6638738187989293,0.6624532561227346,0.6663769279286944,0.6521754004096257,0.6505038279640156,0.6535728927315082,0.6521754004096257,0.6505038279640156,0.6535728927315082,0.7305160993639301,0.7293548815104277,0.7325564392774687,0.7341415467090441,0.7317608977695609,0.7362114361616848,0.7644799564033123,0.7620011240431548,0.7663555538539136,0.7061192977271168,0.7038292389160151,0.7083489712155999,,,,9.0,9.0,9.0
experiments/neighbormix_stochastic_regularization_20260616,Melanoma_5K,global_random_neighbor_control,3,3,0;1;2,completed_no_status_json:3,0.7351355343821552,0.7323288278307113,0.7385331265233769,0.7295148558026116,0.7276853308460943,0.7324668867832551,0.6537337188661378,0.6506454431299864,0.6579294293488366,0.6525013713619766,0.649529702124003,0.6558013236892433,0.6525013713619766,0.649529702124003,0.6558013236892433,0.7223743809970452,0.7198613932618368,0.7257077571522956,0.7295148558026116,0.7276853308460943,0.7324668867832551,0.7582157038818919,0.75527217829153,0.7626814577012105,0.7029114226794606,0.7008191504777187,0.7045550649340421,,,,9.0,9.0,9.0
experiments/neighbormix_stochastic_regularization_20260616,Melanoma_5K,mutual_knn_neighbormix,3,3,0;1;2,completed_no_status_json:3,0.7612083610310952,0.7354309771770441,0.8127631287391979,0.7380787210781484,0.7301121983895426,0.7519554785508141,0.6822917104904228,0.6607211756191479,0.7238388747002601,0.6588255769901691,0.6486666709621562,0.6757868654188397,0.6588255769901691,0.6486666709621562,0.6757868654188397,0.7456838535585675,0.7279589547799804,0.7798578952512021,0.7380787210781484,0.7301121983895424,0.7519554785508141,0.76298450822674,0.7602906054073546,0.7656710355973475,0.7148998449633325,0.702238084736346,0.7387226511454429,,,,9.0,9.0,9.0
experiments/neighbormix_stochastic_regularization_20260616,Melanoma_5K,neighbormix_scmae,3,3,0;1;2,completed_no_status_json:3,0.7366127483565994,0.7356525592732107,0.7374252160425437,0.733710673960672,0.7307388877394358,0.7357030066603475,0.664068566090911,0.6612296095332062,0.6656074013919019,0.6516629490165718,0.6493684009149558,0.6535076277183821,0.6516629490165718,0.6493684009149558,0.6535076277183821,0.730672061004708,0.7283744790706652,0.7319345216398566,0.7337106739606719,0.7307388877394357,0.7357030066603475,0.7641371433779742,0.7609014841685959,0.7658066267500058,0.7056148093185802,0.702876439289845,0.7078765979675794,,,,9.0,9.0,9.0
experiments/neighbormix_stochastic_regularization_20260616,Melanoma_5K,nm_scmae_nomix,3,3,0;1;2,completed_no_status_json:3,0.7361695841642661,0.7358741413693773,0.7365388876578772,0.7325388404589511,0.7324219572324416,0.732759177503414,0.6622983014820482,0.6606235067505558,0.6632890209426363,0.6506733444285223,0.6492363677351997,0.653429330393209,0.6506733444285223,0.6492363677351997,0.653429330393209,0.7292402022310686,0.7279039781294432,0.7300468685947541,0.7325388404589512,0.7324219572324416,0.732759177503414,0.7627743115233523,0.7620876043766427,0.7635816796095881,0.7046094545656261,0.7043284720618377,0.7050042369685868,,,,9.0,9.0,9.0
experiments/neighbormix_stochastic_regularization_20260616,Melanoma_5K,random_beta_uniform_0.1,3,3,0;1;2,completed_no_status_json:3,0.7697762020828717,0.7349878129847108,0.8393529802791935,0.7426658632657824,0.7319986620816552,0.7629319934302364,0.6917664892618771,0.6578141902800557,0.7579288397856164,0.6631798912170397,0.6506056480425438,0.6834516053615586,0.6631798912170397,0.6506056480425438,0.6834516053615586,0.7536500291613583,0.7256585919202952,0.8082777660663347,0.7426658632657824,0.7319986620816552,0.7629319934302363,0.7618270615049713,0.7609929939251425,0.7634012592450742,0.7249947016848015,0.7050511932196855,0.764880899263756,,,,9.0,9.0,9.0
experiments/neighbormix_stochastic_regularization_20260616,Melanoma_5K,random_edge_dropout_keep0.5,3,3,0;1;2,completed_no_status_json:3,0.736095723465544,0.7354309771770441,0.7372036339463771,0.7323097022690899,0.730010282499833,0.734386190130395,0.6627796562906236,0.6609418934798199,0.6651582950643621,0.6516765833679282,0.6485103873989413,0.653454162584382,0.6516765833679282,0.6485103873989413,0.653454162584382,0.729626344094843,0.7281402934349699,0.7315666804767585,0.7323097022690899,0.730010282499833,0.734386190130395,0.7626548637889058,0.7600517564026288,0.7644920291860126,0.7042872446076012,0.7022533241950343,0.7065616598511233,,,,9.0,9.0,9.0
experiments/neighbormix_stochastic_regularization_20260616,Melanoma_5K,random_pseudo_gate_p0.5,3,3,0;1;2,completed_no_status_json:3,0.7355786985744884,0.7341014846000443,0.7367604697540439,0.7316491952918583,0.7272290815752291,0.7347198929170374,0.6622153879664728,0.6588973572619466,0.6644675030504897,0.6507880896873885,0.6492673797894224,0.6537541858624526,0.6507880896873885,0.6492673797894224,0.6537541858624526,0.7291719655235749,0.726482719168274,0.7310187989789872,0.7316491952918583,0.727229081575229,0.7347198929170375,0.7619003377584687,0.7572444311975413,0.7646158116720874,0.7037089228184376,0.6995024839885192,0.7070738237840392,,,,9.0,9.0,9.0
experiments/neighbormix_stochastic_regularization_20260616,Melanoma_5K,snn_neighbormix,3,3,0;1;2,completed_no_status_json:3,0.7316640815422114,0.7232439618878794,0.7369820518502105,0.7267110689367767,0.7213789527970443,0.7345467778451625,0.6606987528137415,0.6585471607341504,0.664731469158731,0.6035741764613946,0.5266687643166059,0.6533014778022337,0.6035741764613946,0.5266687643166059,0.6533014778022337,0.7279401357450584,0.7262115578097317,0.7312211036531935,0.7267110689367767,0.7213789527970443,0.7345467778451625,0.7566529839079162,0.7497254410448154,0.7646559116916923,0.6990517428048993,0.6950978864356832,0.7067189721624156,,,,9.0,9.0,9.0
experiments/neighbormix_stochastic_regularization_20260616,Pollen,consensus_neighbormix_threshold0.4,3,3,0;1;2,completed_no_status_json:3,0.8770764119601329,0.8737541528239202,0.8803986710963455,0.9225184755553272,0.9132732364121884,0.9278341875956972,0.90954524040623,0.906905112596266,0.9137692072314514,0.7597710573904276,0.7541862550789209,0.7708850289495449,0.7597710573904276,0.7541862550789209,0.7708850289495449,0.9201604578629426,0.9176608936253552,0.9237998154128482,0.9225184755553272,0.9132732364121884,0.9278341875956972,0.9113646232903747,0.9052341771118032,0.9151227664428594,0.9339622262975132,0.9214563590788404,0.942373254151642,,,,11.0,11.0,11.0
experiments/neighbormix_stochastic_regularization_20260616,Pollen,global_random_neighbor_control,3,3,0;1;2,completed_no_status_json:3,0.8837209302325583,0.8803986710963455,0.8870431893687708,0.9265292807788338,0.9205413170394326,0.9313830681818762,0.9077730587322147,0.90217305672212,0.9109989315735116,0.7452940572563916,0.7388609414301114,0.7496776648136797,0.7452940572563916,0.7388609414301114,0.7496776648136797,0.9189658130763539,0.9142996287457976,0.9216980060803432,0.9265292807788336,0.9205413170394326,0.9313830681818762,0.9095910457488635,0.8983141878189089,0.9167976478338,0.9441459438255828,0.9421014673934934,0.9464400726655898,,,,11.0,11.0,11.0
experiments/neighbormix_stochastic_regularization_20260616,Pollen,mutual_knn_neighbormix,3,3,0;1;2,completed_no_status_json:3,0.8815060908084164,0.8770764119601329,0.8870431893687708,0.9249990479439392,0.921540383193948,0.929694673521832,0.910818682286939,0.905287513612575,0.9138880051999057,0.7700074965143425,0.761938061938062,0.7807002394768351,0.7700074965143425,0.761938061938062,0.7807002394768351,0.9212777252140437,0.9165749607718636,0.923956789918691,0.9249990479439391,0.921540383193948,0.929694673521832,0.9148202857433018,0.9100878968393954,0.9208176015630394,0.9354214179679077,0.9296662262504968,0.9387445690453274,,,,11.0,11.0,11.0
experiments/neighbormix_stochastic_regularization_20260616,Pollen,neighbormix_scmae,3,3,0;1;2,completed_no_status_json:3,0.8803986710963455,0.8770764119601329,0.8870431893687708,0.9231000134330295,0.917703765587354,0.9278341875956972,0.9079690837289188,0.905287513612575,0.9106583361832092,0.7674832966157892,0.7541862550789209,0.7808794466403163,0.7674832966157892,0.7541862550789209,0.7808794466403163,0.9188761144025518,0.9165749607718636,0.9210327178851672,0.9231000134330293,0.9177037655873538,0.9278341875956972,0.9110457490568847,0.9093124240147972,0.9137369263164616,0.9354927122864786,0.9262514240998948,0.942373254151642,,,,11.0,11.0,11.0
experiments/neighbormix_stochastic_regularization_20260616,Pollen,nm_scmae_nomix,3,3,0;1;2,completed_no_status_json:3,0.8759689922480619,0.8637873754152824,0.8903654485049833,0.9222907487236137,0.9195521622173656,0.9238157738046444,0.9134035450527566,0.910607240445616,0.9149502753877962,0.7581808702974664,0.7475385386970753,0.7713381694705973,0.7581808702974664,0.7475385386970753,0.7713381694705973,0.9234116723958831,0.920800659695286,0.9247339988229214,0.9222907487236137,0.9195521622173656,0.9238157738046444,0.9139269550804988,0.910736660501766,0.9171506242007468,0.9308315967457438,0.9252812532829676,0.936635029958763,,,,11.0,11.0,11.0
experiments/neighbormix_stochastic_regularization_20260616,Pollen,random_beta_uniform_0.1,3,3,0;1;2,completed_no_status_json:3,0.8815060908084164,0.8704318936877077,0.8903654485049833,0.9245997244276261,0.919320447130934,0.9313937964016326,0.9115220590253514,0.902585506212634,0.9192071685633736,0.7567764913213241,0.7330172763576569,0.7780303030303031,0.7567764913213241,0.7330172763576569,0.7780303030303031,0.9219655598425653,0.9141984590981548,0.9286351110096018,0.9245997244276261,0.919320447130934,0.9313937964016328,0.911884485876053,0.9054069076094576,0.9198715710404636,0.9376771394197375,0.9336682839538716,0.9432083358992184,,,,11.0,11.0,11.0
experiments/neighbormix_stochastic_regularization_20260616,Pollen,random_edge_dropout_keep0.5,3,3,0;1;2,completed_no_status_json:3,0.8826135105204873,0.8704318936877077,0.8970099667774086,0.9272238128136036,0.9200309943627836,0.9322659309252578,0.9110900681106076,0.9052226130045654,0.9155695371821708,0.7528194028194027,0.7369146005509641,0.7652499016135379,0.7528194028194027,0.7369146005509641,0.7652499016135379,0.9217233244048146,0.916486643384824,0.9259170390578848,0.9272238128136036,0.9200309943627836,0.9322659309252578,0.9137698686780965,0.9067300290862872,0.9231529908816756,0.9411106948353104,0.9337279970740416,0.9480435052214868,,,,11.0,11.0,11.0
experiments/neighbormix_stochastic_regularization_20260616,Pollen,random_pseudo_gate_p0.5,3,3,0;1;2,completed_no_status_json:3,0.8737541528239202,0.8704318936877077,0.8770764119601329,0.9179540609795228,0.9147060412051649,0.9225249205956334,0.9031870397590004,0.899031053107319,0.9066337627120872,0.7429124316687558,0.7363969363969364,0.7540038128273422,0.7429124316687558,0.7363969363969364,0.7540038128273422,0.9147266119120091,0.9111811849217816,0.9175334128455984,0.9179540609795228,0.9147060412051649,0.9225249205956334,0.9043873322018522,0.9014474168555796,0.9070850988948006,0.9319385542128197,0.9283605073422768,0.9384994573905756,,,,11.0,11.0,11.0
experiments/neighbormix_stochastic_regularization_20260616,Pollen,snn_neighbormix,3,3,0;1;2,completed_no_status_json:3,0.8870431893687708,0.8704318936877077,0.903654485049834,0.9261274279514936,0.9199855131550078,0.9367542433126528,0.9127780035558167,0.9041079541837655,0.9226069311912568,0.7614945034298332,0.7357208448117539,0.7767776064113466,0.7614945034298332,0.7357208448117539,0.7767776064113466,0.9231523190405819,0.9154904912957542,0.9320490648397876,0.9261274279514935,0.9199855131550077,0.9367542433126528,0.9125219561718118,0.9083782954565538,0.9198671671541708,0.9401564460788453,0.9318932033063332,0.9542729465557758,,,,11.0,11.0,11.0
experiments/neighbormix_stochastic_regularization_20260616,Shekhar,consensus_neighbormix_threshold0.4,3,3,0;1;2,completed_no_status_json:3,0.7939992545657845,0.6746925083861349,0.9387998509131568,0.8809342632067135,0.8362265034535216,0.9323178392967556,0.7174247697802273,0.5263479070512365,0.9608884247668096,0.8168640116735942,0.7459754800550865,0.8882026646586613,0.8168640116735942,0.7459754800550865,0.8882026646586613,0.7807387196542638,0.6327760034858976,0.9687126231320964,0.8809342632067135,0.8362265034535216,0.9323178392967558,0.9346227052456095,0.9205040847144316,0.9469411927532678,0.8346866068204352,0.7660867412705398,0.9181392661041524,,,,18.0,18.0,18.0
experiments/neighbormix_stochastic_regularization_20260616,Shekhar,global_random_neighbor_control,3,3,0;1;2,completed_no_status_json:3,0.7668157535097527,0.7440551621319419,0.7948192322027581,0.8762282407673209,0.8666276483949686,0.8875879226081257,0.6673663166173586,0.6512539862011063,0.6796442745781719,0.8377793574277419,0.8140520168429525,0.8842190476271935,0.8377793574277419,0.8140520168429525,0.8842190476271935,0.7409882132855955,0.7282655427035628,0.7517635633577989,0.8762282407673209,0.8666276483949688,0.8875879226081256,0.9278399739480769,0.9164037374421066,0.9420269236648758,0.8301391689129298,0.8151158750721146,0.8390971527202129,,,,18.0,18.0,18.0
experiments/neighbormix_stochastic_regularization_20260616,Shekhar,mutual_knn_neighbormix,3,3,0;1;2,completed_no_status_json:3,0.7990060877127593,0.70611256056653,0.9368617219530376,0.8822895531085365,0.8484358127150704,0.9294392128203744,0.723153030304292,0.5527571260863835,0.9597649989410236,0.8366458756435203,0.8144267235197186,0.8732128059176085,0.8366458756435203,0.8144267235197186,0.8732128059176085,0.7849938856560366,0.6534422075363118,0.967795384712496,0.8822895531085365,0.8484358127150704,0.9294392128203744,0.9309927112218195,0.9207784892806478,0.9425920887813256,0.8396937617125594,0.7866325608091465,0.9166483542436128,,,,18.0,18.0,18.0
experiments/neighbormix_stochastic_regularization_20260616,Shekhar,neighbormix_scmae,3,3,0;1;2,completed_no_status_json:3,0.7891539321654863,0.7569139023481177,0.808460678345136,0.8835090619758343,0.8733091226825894,0.890484741400923,0.6775671359064749,0.6600108301028441,0.6865146241009232,0.863900334936197,0.8145569310729801,0.8916184443012364,0.863900334936197,0.8145569310729801,0.8916184443012364,0.7504365559175108,0.7367814599335858,0.7575138043175614,0.8835090619758343,0.8733091226825894,0.8904847414009232,0.9396230578434751,0.936186546105288,0.9459919940078982,0.833770549007489,0.8183462482714926,0.8418350244658216,,,,18.0,18.0,18.0
experiments/neighbormix_stochastic_regularization_20260616,Shekhar,nm_scmae_nomix,3,3,0;1;2,completed_no_status_json:3,0.7614610510622438,0.6920611256056654,0.8112933283637719,0.8689453626883722,0.8470238547149882,0.8874270538781082,0.6385987698210357,0.5458699179711232,0.6929122403288671,0.8483986260025276,0.8198057388396296,0.8934769037671914,0.8483986260025276,0.8198057388396296,0.8934769037671914,0.7197065422835572,0.648011051571043,0.7617253887177124,0.8689453626883723,0.8470238547149882,0.8874270538781082,0.9265019090251304,0.920048853297748,0.9365854831245828,0.8183487941180362,0.7847385416207027,0.8431716245602214,,,,18.0,18.0,18.0
experiments/neighbormix_stochastic_regularization_20260616,Shekhar,random_beta_uniform_0.1,3,3,0;1;2,completed_no_status_json:3,0.9263014039011056,0.9262020126723816,0.9263883712262392,0.9258663509276488,0.924520761021142,0.9270620157833774,0.9544032229784344,0.95279864731223,0.9562747655462384,0.8935703521129198,0.8915301818793857,0.8964325115340197,0.8935703521129198,0.8915301818793857,0.8964325115340197,0.9634894879429999,0.9622098030269284,0.9649837674086058,0.9258663509276489,0.924520761021142,0.9270620157833775,0.9322280296469434,0.9293443572798072,0.9345234479393952,0.9195934856738156,0.919314691614488,0.9197469782478964,,,,18.0,18.0,18.0
experiments/neighbormix_stochastic_regularization_20260616,Shekhar,random_edge_dropout_keep0.5,3,3,0;1;2,completed_no_status_json:3,0.7544788172443782,0.699850913156914,0.7941856131196422,0.8693489522246063,0.8488079660696543,0.8852891903068232,0.6341839472552449,0.5501871194741628,0.6846204010247738,0.8154154391522651,0.8103603963331076,0.8216027195393147,0.8154154391522651,0.8103603963331076,0.8216027195393147,0.7165267713069489,0.6514709677555176,0.7552881876560625,0.8693489522246062,0.8488079660696541,0.8852891903068232,0.9310096751347485,0.921597455192406,0.9360614832976066,0.8155137468971608,0.7866749115612972,0.8402985442485356,,,,18.0,18.0,18.0
experiments/neighbormix_stochastic_regularization_20260616,Shekhar,random_pseudo_gate_p0.5,3,3,0;1;2,completed_no_status_json:3,0.7819853397937632,0.7603801714498696,0.8169959001118151,0.8770793622373819,0.8707936961995846,0.8879344211419403,0.6757739112901824,0.664707439094183,0.6972397587552324,0.8409599524134612,0.8104723864348992,0.8932876803846325,0.8409599524134612,0.8104723864348992,0.8932876803846325,0.7484426028331773,0.7395526992722757,0.7649211919469285,0.8770793622373819,0.8707936961995846,0.8879344211419403,0.9338138400008585,0.9301767698831784,0.9362749759909388,0.8269118872495759,0.817857422877514,0.8443405093630864,,,,18.0,18.0,18.0
experiments/neighbormix_stochastic_regularization_20260616,Shekhar,snn_neighbormix,3,3,0;1;2,completed_no_status_json:3,0.7822959373835259,0.74278792396571,0.832985464032799,0.876512148232461,0.8652330574646864,0.893498096486999,0.6767639480759174,0.6585061046181647,0.7040486083611476,0.815172625798468,0.7385841888223452,0.8895028405937906,0.815172625798468,0.7385841888223452,0.8895028405937906,0.7490752957019519,0.7340890396762926,0.7710892918381343,0.8765121482324613,0.8652330574646865,0.8934980964869991,0.9327642062925263,0.9205783120935114,0.947391880704378,0.8266721739253762,0.8161651329760015,0.845405933283532,,,,18.0,18.0,18.0
experiments/neighbormix_stochastic_regularization_20260616,Tosches,consensus_neighbormix_threshold0.4,3,3,0;1;2,completed_no_status_json:3,0.6229818545506501,0.6117123874839263,0.6313223317616803,0.7360146692808754,0.7326983177907428,0.7381247533991974,0.5238885286323126,0.5221459887989723,0.5264330019103637,0.656015722035521,0.6415966249454923,0.6665501269144423,0.656015722035521,0.6415966249454923,0.6665501269144423,0.6037178507330762,0.6022027971029695,0.6059032134879674,0.7360146692808754,0.7326983177907427,0.7381247533991975,0.7790352937629907,0.7767567014495164,0.7813406058123394,0.6974989357693492,0.6933697233520774,0.6996882083850002,,,,15.0,15.0,15.0
experiments/neighbormix_stochastic_regularization_20260616,Tosches,global_random_neighbor_control,3,3,0;1;2,completed_no_status_json:3,0.6153557651093013,0.6071045863694814,0.6200171453064723,0.7307515736824773,0.7262547497957951,0.7343119537471804,0.5188269286465487,0.5138700507994542,0.5215144273413265,0.6677170348174973,0.65463641391459,0.6855850738118331,0.6677170348174973,0.65463641391459,0.6855850738118331,0.5988460788149765,0.5945662632755526,0.6013784673306375,0.7307515736824773,0.7262547497957951,0.7343119537471804,0.7713655903096014,0.7672119053439851,0.7737301957447412,0.6942024124656682,0.6894489251306426,0.6987153948029436,,,,15.0,15.0,15.0
experiments/neighbormix_stochastic_regularization_20260616,Tosches,mutual_knn_neighbormix,3,3,0;1;2,completed_no_status_json:3,0.6445742248892699,0.628643377625375,0.6660415773681955,0.7421601964084422,0.737838234362532,0.7465796921301393,0.5305072749148992,0.5236738490169655,0.5344889055839941,0.69615054820492,0.6698571940065973,0.7115722477311012,0.69615054820492,0.6698571940065973,0.7115722477311012,0.6094035498535664,0.6034697048276904,0.6128555914078911,0.7421601964084422,0.7378382343625319,0.7465796921301393,0.7844818437628168,0.7800697729574568,0.7900577777293661,0.7041724673247355,0.6999445286934178,0.70763732961264,,,,15.0,15.0,15.0
experiments/neighbormix_stochastic_regularization_20260616,Tosches,neighbormix_scmae,3,3,0;1;2,completed_no_status_json:3,0.6511465923703387,0.6280004286326618,0.6688276896699529,0.7499396231235327,0.7391664052241632,0.7616784845742699,0.5340585141353897,0.5239444078235469,0.5408463687560828,0.6799311200208215,0.6700781547673363,0.6915478571896249,0.6799311200208215,0.6700781547673363,0.6915478571896249,0.611616665648684,0.6037434347599933,0.6181003564723794,0.7499396231235328,0.7391664052241631,0.76167848457427,0.7838760370685328,0.7805013479336604,0.7895569643537225,0.7190761389117547,0.7011273471975671,0.7437421205352821,,,,15.0,15.0,15.0
experiments/neighbormix_stochastic_regularization_20260616,Tosches,nm_scmae_nomix,3,3,0;1;2,completed_no_status_json:3,0.6251428775539363,0.6111230175739392,0.6326618088298328,0.7343636982805372,0.7290809183971846,0.7397764555036311,0.5251720719378349,0.5220412382701718,0.5278987630197263,0.670738337169755,0.6391057283098266,0.7135889686074948,0.670738337169755,0.6391057283098266,0.7135889686074948,0.6048269197888079,0.6020410916243718,0.6072563682712575,0.7343636982805374,0.7290809183971847,0.7397764555036312,0.7772195012879193,0.7735611726161564,0.781745584043096,0.6959907725007559,0.6894378104411811,0.7020840691989619,,,,15.0,15.0,15.0
experiments/neighbormix_stochastic_regularization_20260616,Tosches,random_beta_uniform_0.1,3,3,0;1;2,completed_no_status_json:3,0.648806972424632,0.6268216888126875,0.672524646378054,0.7573698631451528,0.7406748235864192,0.771425359881691,0.5399102367431668,0.5283399566809455,0.550200140199793,0.6815480024375877,0.6361913361415623,0.7117287973173775,0.6815480024375877,0.6361913361415623,0.7117287973173775,0.6159531742281431,0.6073798143817299,0.6241693639218251,0.7573698631451528,0.7406748235864192,0.7714253598816911,0.7812411217390901,0.7783561988602303,0.7842729381120225,0.7352441035816786,0.704232780246053,0.7589919229587291,,,,15.0,15.0,15.0
experiments/neighbormix_stochastic_regularization_20260616,Tosches,random_edge_dropout_keep0.5,3,3,0;1;2,completed_no_status_json:3,0.6256965280754393,0.6192134590655808,0.6291791684526361,0.7375046217274187,0.735309965569095,0.7407342567537218,0.525446731658525,0.5240304500982534,0.5276619210326318,0.6747602447462019,0.6433714639786601,0.7119344600188672,0.6747602447462019,0.6433714639786601,0.7119344600188672,0.6050589767906817,0.6038355656501573,0.6070474842871307,0.7375046217274187,0.7353099655690949,0.7407342567537221,0.7800660121812301,0.777262230428978,0.7821390197973657,0.699350833987823,0.6969051673505102,0.7034928531778316,,,,15.0,15.0,15.0
experiments/neighbormix_stochastic_regularization_20260616,Tosches,random_pseudo_gate_p0.5,3,3,0;1;2,completed_no_status_json:3,0.6428418345477925,0.622910415773682,0.6592370338619803,0.7561937406061713,0.7387186431842236,0.7674273431048126,0.537169011117577,0.5241011478037468,0.5447636270068871,0.676819229561986,0.6325043660240534,0.7064862378444712,0.676819229561986,0.6325043660240534,0.7064862378444712,0.6136158088554885,0.6040023725665172,0.619303035669776,0.7561937406061713,0.7387186431842236,0.7674273431048125,0.782499166674253,0.7807771151411559,0.7837593411369763,0.7318933210096166,0.7009597301940845,0.751762104345408,,,,15.0,15.0,15.0
experiments/neighbormix_stochastic_regularization_20260616,Tosches,snn_neighbormix,3,3,0;1;2,completed_no_status_json:3,0.6434669238462637,0.6098906986712388,0.6662558936990999,0.7487271400998147,0.7357016319065235,0.7602706171497823,0.5316484223844143,0.5191165930121476,0.5399022330070197,0.6639796660871463,0.6454096632431475,0.6937512978418556,0.6639796660871463,0.6454096632431475,0.6937512978418556,0.6095159356986085,0.5994597859705441,0.617318175981631,0.7487271400998147,0.7357016319065235,0.7602706171497822,0.7830431087987618,0.7784438538642052,0.7908370551808349,0.7175878499386693,0.6962853076549959,0.7429265530368121,,,,15.0,15.0,15.0
experiments/neighbormix_stochastic_regularization_20260616,Wang,consensus_neighbormix_threshold0.4,3,3,0;1;2,completed_no_status_json:3,0.9850474489617257,0.984347095283118,0.985712784956403,0.8651714188788552,0.8581806829389279,0.8700923971639624,0.9350952950208934,0.9320625589203868,0.9378399360410156,0.9785229099075607,0.9774892553340832,0.979408580922255,0.9785229099075607,0.9774892553340832,0.979408580922255,0.9774343353179534,0.9764015136120344,0.978450046647108,0.8651714188788552,0.8581806829389279,0.8700923971639623,0.8744040711818649,0.8665800112249611,0.8822774243942949,0.8561414535237869,0.849942612667732,0.8602423911139061,,,,2.0,2.0,2.0
experiments/neighbormix_stochastic_regularization_20260616,Wang,global_random_neighbor_control,3,3,0;1;2,completed_no_status_json:3,0.9855026788528206,0.9793045487971426,0.9897048009244668,0.8688248151884945,0.8275532794392144,0.8957029349977728,0.937139643646452,0.9109851263955454,0.9548748944399406,0.9791848491036496,0.9704824409416408,0.9850564861881002,0.9791848491036496,0.9704824409416408,0.9850564861881002,0.9781370496285918,0.9688552150452946,0.9844563725717832,0.8688248151884945,0.8275532794392144,0.8957029349977726,0.8768898716137188,0.8406198824477805,0.8984018849101109,0.8609511117269398,0.8148866736593551,0.8930201527114043,,,,2.0,2.0,2.0
experiments/neighbormix_stochastic_regularization_20260616,Wang,mutual_knn_neighbormix,3,3,0;1;2,completed_no_status_json:3,0.9849423959099345,0.9842420422313268,0.9855026788528208,0.8644716319003268,0.857497194613843,0.8700923971639624,0.934650659373769,0.931619304743597,0.9369492832764328,0.9783752041413609,0.9773419549586914,0.9791127639990476,0.9783752041413609,0.9773419549586914,0.9791127639990476,0.9772767370753673,0.9762440334553912,0.9781347320759932,0.8644716319003268,0.857497194613843,0.8700923971639623,0.8738034657088992,0.8659940114516224,0.8822774243942949,0.8553460003823173,0.8491654930500934,0.8586331513071364,,,,2.0,2.0,2.0
experiments/neighbormix_stochastic_regularization_20260616,Wang,neighbormix_scmae,3,3,0;1;2,completed_no_status_json:3,0.9850124312777954,0.9844521483349092,0.9855026788528208,0.8649279097779118,0.8588660282465979,0.8700923971639624,0.9349462172634443,0.9325059784126228,0.9369492832764328,0.9784734205335303,0.9776366041351991,0.9791127639990476,0.9784734205335303,0.9776366041351991,0.9791127639990476,0.9773817285879023,0.9765590079929958,0.9781347320759932,0.8649279097779118,0.8588660282465977,0.8700923971639623,0.8741946848139839,0.8671676687668765,0.8822774243942949,0.8558647788295506,0.8507218283917928,0.8586331513071364,,,,2.0,2.0,2.0
experiments/neighbormix_stochastic_regularization_20260616,Wang,nm_scmae_nomix,3,3,0;1;2,completed_no_status_json:3,0.9714605875967365,0.9614455299926464,0.9860279441117764,0.7941449238834298,0.7493814049279532,0.869850201189799,0.8798632518896352,0.8396856828233105,0.939196511138032,0.9601189628540933,0.9468036772518296,0.9798661765420356,0.9601189628540933,0.9468036772518296,0.9798661765420356,0.9572307044064661,0.9423172744164044,0.9789177083980396,0.7941449238834298,0.7493814049279532,0.869850201189799,0.8138806639775376,0.7789258765698724,0.8770915561087658,0.775583250864091,0.7219962599862175,0.8627274378564411,,,,2.0,2.0,2.0
experiments/neighbormix_stochastic_regularization_20260616,Wang,random_beta_uniform_0.1,3,3,0;1;2,completed_no_status_json:3,0.9857828203242639,0.984347095283118,0.9866582624225234,0.8697411243798837,0.8645964090356414,0.8733045554521839,0.9382027988729088,0.9322644670473432,0.9418375297963172,0.9795501057031611,0.9776305086507382,0.9807292214375152,0.9795501057031611,0.9776305086507382,0.9807292214375152,0.9785418868201415,0.9763515506860116,0.9798750609754716,0.8697411243798836,0.8645964090356414,0.8733045554521839,0.8779014930635768,0.8770140692150268,0.8790750612408099,0.8617512901764753,0.8525254832468443,0.8676093141804349,,,,2.0,2.0,2.0
experiments/neighbormix_stochastic_regularization_20260616,Wang,random_edge_dropout_keep0.5,3,3,0;1;2,completed_no_status_json:3,0.9848723605420737,0.9842420422313268,0.9855026788528208,0.8641863994128217,0.857497194613843,0.8692366997014472,0.9343587369355388,0.931619304743597,0.9369492832764328,0.978279812570019,0.9773419549586914,0.9791127639990476,0.978279812570019,0.9773419549586914,0.9791127639990476,0.9771707904307485,0.9762440334553912,0.9781347320759932,0.8641863994128217,0.857497194613843,0.8692366997014471,0.8736525433453436,0.8659940114516224,0.8818246573036279,0.8549339040437142,0.8491654930500934,0.8586331513071364,,,,2.0,2.0,2.0
experiments/neighbormix_stochastic_regularization_20260616,Wang,random_pseudo_gate_p0.5,3,3,0;1;2,completed_no_status_json:3,0.9796197079525161,0.9676436600483244,0.9859228910599852,0.8367237479893963,0.7689106391673263,0.876842969170492,0.912916904829796,0.8637291726112979,0.9389622465792716,0.9711401937464363,0.9547375391959968,0.97986589957274,0.9711401937464363,0.9547375391959968,0.97986589957274,0.9693490935686627,0.9515193580541544,0.9787084486618824,0.8367237479893964,0.7689106391673263,0.8768429691704921,0.8508669474533015,0.7917573690656132,0.8889129517263683,0.8231583118241672,0.7473454473013404,0.8650963767108226,,,,2.0,2.0,2.0
experiments/neighbormix_stochastic_regularization_20260616,Wang,snn_neighbormix,3,3,0;1;2,completed_no_status_json:3,0.9853275904331688,0.9841369891795356,0.9860279441117764,0.8669626854064857,0.8568155474440035,0.8761202698856023,0.9362799863423846,0.931176215802471,0.9393782313050978,0.978914773655234,0.9771947029707831,0.9799930552413624,0.978914773655234,0.9771947029707831,0.9799930552413624,0.9778556118024904,0.976086567532464,0.97887254278378,0.8669626854064857,0.8568155474440036,0.8761202698856024,0.8759403007905764,0.8654096542760746,0.8874457479048007,0.8581737279212421,0.8483904528645738,0.8650802181209696,,,,2.0,2.0,2.0
experiments/neighbormix_stochastic_regularization_20260616,worm_neuron_cell,consensus_neighbormix_threshold0.4,3,3,0;1;2,completed_no_status_json:3,0.6480331262939959,0.6254180602006689,0.6645962732919255,0.6158919426967979,0.5929693162441019,0.6409183358666038,0.41816922930730543,0.3711248050812212,0.4476038465026352,0.6196227344379417,0.5917565824929558,0.6737040105865536,0.6196227344379417,0.5917565824929558,0.6737040105865536,0.5144294126794027,0.4752644667005887,0.5390948210594405,0.6158919426967979,0.5929693162441018,0.6409183358666038,0.5942606777180806,0.5790837198625942,0.6170859704753651,0.6392689825623602,0.607537185898856,0.6666655034108306,,,,10.0,10.0,10.0
experiments/neighbormix_stochastic_regularization_20260616,worm_neuron_cell,global_random_neighbor_control,3,3,0;1;2,completed_no_status_json:3,0.6075808249721293,0.5719063545150501,0.6665074056378404,0.5939379044391796,0.5597485530447892,0.6232190088553377,0.36742836074469915,0.3418490235005483,0.4181752903883561,0.5596156312686967,0.524643985193134,0.6102967798052306,0.5596156312686967,0.524643985193134,0.6102967798052306,0.4855297560042923,0.4605336703671817,0.5213518378908848,0.5939379044391796,0.5597485530447893,0.6232190088553378,0.556065542632601,0.5060834361516237,0.59847187148181,0.6383292575716101,0.6261450057330108,0.6501010404447689,,,,10.0,10.0,10.0
experiments/neighbormix_stochastic_regularization_20260616,worm_neuron_cell,mutual_knn_neighbormix,3,3,0;1;2,completed_no_status_json:3,0.6510590858416946,0.6199235547061634,0.7080745341614907,0.6217856736488239,0.6040254332899925,0.6455800210655036,0.4238279746829228,0.3391996132171426,0.5165189419976366,0.627427620856605,0.5904861206044336,0.6604177944544818,0.627427620856605,0.5904861206044336,0.6604177944544818,0.5108596036417911,0.4492587373272115,0.5857834271326788,0.6217856736488238,0.6040254332899925,0.6455800210655036,0.6155541960507965,0.5981717200858313,0.6408424925101893,0.6284098578642326,0.600445436636416,0.6503881171468844,,,,10.0,10.0,10.0
experiments/neighbormix_stochastic_regularization_20260616,worm_neuron_cell,neighbormix_scmae,3,3,0;1;2,completed_no_status_json:3,0.713489409141583,0.6939799331103679,0.7269469660774008,0.6394411978657014,0.629527413096551,0.6483067790493061,0.47398355646593227,0.4414672795597398,0.4956056446833552,0.682936812465789,0.6251383246223852,0.7312413448265997,0.682936812465789,0.6251383246223852,0.7312413448265997,0.5654663918343479,0.5574957917715254,0.5712375005007921,0.6394411978657014,0.629527413096551,0.6483067790493061,0.6196109403762179,0.5979076521649227,0.6454268830751637,0.6616749574811424,0.6442109925150173,0.6896013895140609,,,,10.0,10.0,10.0
experiments/neighbormix_stochastic_regularization_20260616,worm_neuron_cell,nm_scmae_nomix,3,3,0;1;2,completed_no_status_json:3,0.747093486223921,0.7429526994744386,0.7505972288580984,0.6494057673269783,0.6456213172150971,0.6566065038543063,0.5167114271092027,0.5116519893983323,0.5235360674895352,0.7183475183677253,0.6823775970888761,0.7470473079960098,0.7183475183677253,0.6823775970888761,0.7470473079960098,0.5998218493049081,0.5949333142383071,0.6037027554648882,0.6494057673269782,0.645621317215097,0.6566065038543063,0.6294961634600499,0.6265468181882675,0.6311319209616738,0.6706785131003636,0.6619177906982184,0.6842240620987198,,,,10.0,10.0,10.0
experiments/neighbormix_stochastic_regularization_20260616,worm_neuron_cell,random_beta_uniform_0.1,3,3,0;1;2,completed_no_status_json:3,0.6492275840101928,0.6404682274247492,0.6605351170568562,0.6148623845669138,0.6065009770714143,0.6231872409856692,0.4120750737507568,0.3933934934142766,0.4233153895660316,0.5955374210137937,0.5865048252510348,0.6052950525200739,0.5955374210137937,0.5865048252510348,0.6052950525200739,0.5291646137188025,0.5262569104267996,0.5347943907250537,0.6148623845669138,0.6065009770714141,0.6231872409856692,0.5716999636453953,0.5575706422179662,0.5905629825034854,0.6653856204298686,0.6596267651796187,0.6716847537427646,,,,10.0,10.0,10.0
experiments/neighbormix_stochastic_regularization_20260616,worm_neuron_cell,random_edge_dropout_keep0.5,3,3,0;1;2,completed_no_status_json:3,0.6930243669374104,0.6502627806975633,0.7551361681796465,0.6363113933583304,0.6224452075142063,0.6637911774510143,0.4541198308255942,0.3621097547342266,0.5583290945203265,0.6599614782048623,0.6029701347857941,0.6887359075213404,0.6599614782048623,0.6029701347857941,0.6887359075213404,0.5569342891964272,0.5034045364943958,0.6301984048101177,0.6363113933583304,0.6224452075142063,0.6637911774510143,0.6064194641775833,0.5724971223909583,0.6472795644904896,0.67029788547124,0.6477845039305552,0.6819419130713337,,,,10.0,10.0,10.0
experiments/neighbormix_stochastic_regularization_20260616,worm_neuron_cell,random_pseudo_gate_p0.5,3,3,0;1;2,completed_no_status_json:3,0.6697722567287784,0.592451027233636,0.7135690396559962,0.6287203480954949,0.6031927648222625,0.6465812988435096,0.4203379152504958,0.3385226709955978,0.4989022348125081,0.6584677598588432,0.5936624660144098,0.732198757724287,0.6584677598588432,0.5936624660144098,0.732198757724287,0.5205721592069176,0.4485094255972489,0.57424333018827,0.6287203480954947,0.6031927648222624,0.6465812988435095,0.6079350841457951,0.5880706099517738,0.6243329176237644,0.6513617623743543,0.619113174983952,0.686056446758388,,,,10.0,10.0,10.0
experiments/neighbormix_stochastic_regularization_20260616,worm_neuron_cell,snn_neighbormix,3,3,0;1;2,completed_no_status_json:3,0.6958910654562828,0.5824175824175825,0.7599139990444338,0.6439250256163437,0.6123273513027622,0.6696736798864011,0.4712604289610398,0.3462383418431318,0.56091813633032,0.6972072618982001,0.6141334884718952,0.7601588758803197,0.6972072618982001,0.6141334884718952,0.7601588758803197,0.5578138381647691,0.4596116389995591,0.6239832975282948,0.6439250256163438,0.6123273513027622,0.6696736798864013,0.6318734957690999,0.5930867723948129,0.6710553596246257,0.6567724572189585,0.6328581709787598,0.6691615225592524,,,,10.0,10.0,10.0
experiments/rc_nm_checkpoint_v4_1,Macosko,analytic_RC_full_pseudo,2,2,2024;42,completed_no_status_json:2,0.4150598107480807,0.4142563827887877,0.4158632387073737,0.5358491150187572,0.534830330084329,0.5368678999531854,0.25582099907706357,0.2529148240710395,0.2587271740830877,0.3898365710285405,0.3889924554839996,0.3906806865730814,0.3898365710285405,0.3889924554839996,0.3906806865730814,0.49175737749869264,0.4889251098700433,0.494589645127342,0.5358491150187573,0.5348303300843291,0.5368678999531855,0.7749503327843605,0.7738577008234739,0.7760429647452473,0.40950238746693557,0.4086175037916248,0.4103872711422464,,,,12.0,12.0,12.0
experiments/rc_nm_checkpoint_v4_1,Macosko,analytic_RC_rec_only,4,4,2024;42,completed_no_status_json:4,0.4403008391358686,0.4166666666666667,0.4639350116050705,0.5626970343245902,0.5508975400759839,0.5744965285731964,0.3001738938027122,0.2960433485616435,0.3043044390437809,0.43478785620340094,0.3787129637290973,0.4908627486777046,0.43478785620340094,0.3787129637290973,0.4908627486777046,0.5335880128976263,0.5298314958090936,0.537344529986159,0.5626970343245901,0.5508975400759838,0.5744965285731964,0.7896278470547341,0.7775549589264907,0.8017007351829775,0.43709585580768884,0.4265562978766723,0.4476354137387054,,,,12.0,12.0,12.0
experiments/rc_nm_checkpoint_v4_1,Macosko,edge_only_rec_only,2,2,2024;42,completed_no_status_json:2,0.45814363506516687,0.4571281913943938,0.45915907873594,0.5768223081281401,0.5745125907791707,0.5791320254771093,0.30638524378974474,0.3041255389927461,0.3086449485867434,0.4566732693488771,0.4406522379396719,0.4726943007580822,0.4566732693488771,0.4406522379396719,0.4726943007580822,0.5391916598018992,0.5371635590628583,0.5412197605409401,0.5768223081281401,0.5745125907791707,0.5791320254771093,0.8076586463529081,0.8035011351304563,0.8118161575753597,0.4486069337964026,0.4470955284216631,0.4501183391711421,,,,12.0,12.0,12.0
experiments/rc_nm_checkpoint_v4_1,Macosko,fixed_control_rec_only,2,2,2024;42,completed_no_status_json:2,0.39567711123013743,0.364421531869309,0.4269326905909659,0.5415578009708084,0.53161906114279,0.5514965407988267,0.26643873492702097,0.2364690210206954,0.2964084488333466,0.37519215448754784,0.3742572927758449,0.3761270161992507,0.37519215448754784,0.3742572927758449,0.3761270161992507,0.5013182329782127,0.4724483579614065,0.5301881079950189,0.5415578009708084,0.53161906114279,0.5514965407988267,0.7776657672809364,0.7776192946470188,0.7777122399148539,0.4155428917318889,0.4038582969332372,0.4272274865305406,,,,12.0,12.0,12.0
experiments/rc_nm_checkpoint_v4_1,Macosko,fixed_full_pseudo,2,2,2024;42,completed_no_status_json:2,0.44544500981967505,0.4430012497768256,0.4478887698625245,0.5729854031160346,0.5708054021439039,0.5751654040881654,0.30728713879113567,0.3067707256687519,0.3078035519135195,0.4515390995103784,0.4238046516135007,0.4792735474072561,0.4515390995103784,0.4238046516135007,0.4792735474072561,0.5400018424061697,0.5395347142348592,0.5404689705774801,0.5729854031160346,0.5708054021439039,0.5751654040881654,0.8028241930622724,0.7962703463408045,0.8093780397837401,0.44546390501887395,0.4448465463291692,0.4460812637085787,,,,12.0,12.0,12.0
experiments/rc_nm_checkpoint_v4_1,Macosko,fixed_rec_only,2,2,2024;42,completed_no_status_json:2,0.39567711123013743,0.364421531869309,0.4269326905909659,0.5415578009708084,0.53161906114279,0.5514965407988267,0.26643873492702097,0.2364690210206954,0.2964084488333466,0.37519215448754784,0.3742572927758449,0.3761270161992507,0.37519215448754784,0.3742572927758449,0.3761270161992507,0.5013182329782127,0.4724483579614065,0.5301881079950189,0.5415578009708084,0.53161906114279,0.5514965407988267,0.7776657672809364,0.7776192946470188,0.7777122399148539,0.4155428917318889,0.4038582969332372,0.4272274865305406,,,,12.0,12.0,12.0
experiments/rc_nm_checkpoint_v4_1,Macosko,gate_only_rec_only,2,2,2024;42,completed_no_status_json:2,0.4470407070166042,0.438961792537047,0.4551196214961614,0.574319997177746,0.5712602227955483,0.5773797715599435,0.3015925005770915,0.3009087774913342,0.3022762236628488,0.4374807989700323,0.4228729631607129,0.4520886347793517,0.4374807989700323,0.4228729631607129,0.4520886347793517,0.5348646937554464,0.5342365656459432,0.5354928218649495,0.5743199971777457,0.5712602227955482,0.5773797715599434,0.8072575315764011,0.8048517030908495,0.8096633600619527,0.44571095146681594,0.4427587089799246,0.4486631939537073,,,,12.0,12.0,12.0
experiments/rc_nm_checkpoint_v4_1,Macosko,random_delta_matched_rec_only,2,2,2024;42,completed_no_status_json:2,0.4178494911622924,0.3847750401713979,0.4509239421531869,0.5505942998523455,0.5346697699008169,0.5665188298038741,0.27290221215904226,0.2423410574010864,0.3034633669169981,0.4177070692689927,0.3788173474985852,0.4565967910394002,0.4177070692689927,0.3788173474985852,0.4565967910394002,0.5074795166381942,0.4783747244017362,0.5365843088746524,0.5505942998523456,0.5346697699008169,0.5665188298038742,0.7841852060693889,0.7798400076272061,0.7885304045115717,0.42442014804926603,0.4067831315126543,0.4420571645858778,,,,12.0,12.0,12.0
experiments/rc_nm_checkpoint_v4_1,Pollen,analytic_RC_rec_only,3,3,2024;42,completed_no_status_json:3,0.8792912513842746,0.8438538205980066,0.8970099667774086,0.9186427271970125,0.8942209997285271,0.9308535909312552,0.8661939643679895,0.8280209623507667,0.8852804653766009,0.8159253350001391,0.7917813757437557,0.8279973146283307,0.8159253350001391,0.7917813757437557,0.8279973146283307,0.8809717868159731,0.8472405168619866,0.8978374217929663,0.9186427271970125,0.8942209997285271,0.9308535909312552,0.9258767576630825,0.9069927785077396,0.935318747240754,0.9115552154952425,0.8818039167937951,0.9264308648459664,,,,11.0,11.0,11.0
experiments/rc_nm_checkpoint_v4_1,Pollen,edge_only_rec_only,2,2,2024;42,completed_no_status_json:2,0.9152823920265781,0.8970099667774086,0.9335548172757476,0.9405480760116778,0.9308535909312552,0.9502425610921004,0.9203136052551802,0.8852804653766009,0.9553467451337596,0.8534942908231027,0.8279973146283307,0.8789912670178747,0.8534942908231027,0.8279973146283307,0.8789912670178747,0.9290449350592027,0.8978374217929663,0.9602524483254392,0.9405480760116779,0.9308535909312552,0.9502425610921006,0.944633425287994,0.935318747240754,0.953948103335234,0.9364982800618922,0.9264308648459664,0.946565695277818,,,,11.0,11.0,11.0
experiments/rc_nm_checkpoint_v4_1,Pollen,fixed_control_rec_only,2,2,2024;42,completed_no_status_json:2,0.9136212624584716,0.8970099667774086,0.9302325581395348,0.9393008315065142,0.9308535909312552,0.9477480720817733,0.9189592922384522,0.8852804653766009,0.9526381191003034,0.8509168826295198,0.8279973146283307,0.8738364506307089,0.8509168826295198,0.8279973146283307,0.8738364506307089,0.9278376031600275,0.8978374217929663,0.9578377845270888,0.9393008315065141,0.9308535909312552,0.947748072081773,0.9432614618529824,0.935318747240754,0.9512041764652108,0.93537392821776,0.9264308648459664,0.9443169915895536,,,,11.0,11.0,11.0
experiments/rc_nm_checkpoint_v4_1,Pollen,gate_only_rec_only,2,2,2024;42,completed_no_status_json:2,0.8970099667774086,0.8970099667774086,0.8970099667774086,0.9308535909312552,0.9308535909312552,0.9308535909312552,0.8852804653766009,0.8852804653766009,0.8852804653766009,0.8279973146283307,0.8279973146283307,0.8279973146283307,0.8279973146283307,0.8279973146283307,0.8279973146283307,0.8978374217929663,0.8978374217929663,0.8978374217929663,0.9308535909312552,0.9308535909312552,0.9308535909312552,0.935318747240754,0.935318747240754,0.935318747240754,0.9264308648459664,0.9264308648459664,0.9264308648459664,,,,11.0,11.0,11.0
experiments/rc_nm_checkpoint_v4_1,Pollen,random_delta_matched_rec_only,2,2,2024;42,completed_no_status_json:2,0.8970099667774086,0.8970099667774086,0.8970099667774086,0.9308535909312552,0.9308535909312552,0.9308535909312552,0.8852804653766009,0.8852804653766009,0.8852804653766009,0.8279973146283307,0.8279973146283307,0.8279973146283307,0.8279973146283307,0.8279973146283307,0.8279973146283307,0.8978374217929663,0.8978374217929663,0.8978374217929663,0.9308535909312552,0.9308535909312552,0.9308535909312552,0.935318747240754,0.935318747240754,0.935318747240754,0.9264308648459664,0.9264308648459664,0.9264308648459664,,,,11.0,11.0,11.0
experiments/rc_nm_checkpoint_v4_1,Tosches,analytic_RC_rec_only,2,2,2024;42,completed_no_status_json:2,0.6158379768538362,0.6094620660094299,0.6222138876982426,0.7251877684285725,0.7209906519278324,0.7293848849293125,0.51305080762166,0.5110389283688461,0.5150626868744739,0.6419606058848502,0.6013406241764944,0.6825805875932061,0.6419606058848502,0.6013406241764944,0.6825805875932061,0.5965437036537995,0.5946170287195761,0.598470378588023,0.7251877684285725,0.7209906519278325,0.7293848849293124,0.781562344096875,0.7771468832630698,0.7859778049306801,0.6763987315571411,0.6724031486161232,0.6803943144981591,,,,15.0,15.0,15.0
experiments/rc_nm_checkpoint_v4_1,Tosches,edge_only_rec_only,2,2,2024;42,completed_no_status_json:2,0.6242231033004715,0.6229639948564081,0.6254822117445349,0.7274530671274807,0.7272475555866083,0.7276585786683532,0.5146245560457161,0.5137513669282321,0.5154977451632,0.6820703492531681,0.6813143239200211,0.682826374586315,0.6820703492531681,0.6813143239200211,0.682826374586315,0.5980714631223878,0.5973668487371872,0.5987760775075883,0.7274530671274808,0.7272475555866083,0.7276585786683533,0.7839821291069071,0.7835788146586806,0.7843854435551336,0.6785278530179746,0.678472369117761,0.6785833369181882,,,,15.0,15.0,15.0
experiments/rc_nm_checkpoint_v4_1,Tosches,fixed_control_rec_only,2,2,2024;42,completed_no_status_json:2,0.6169899271324475,0.6093549078439777,0.6246249464209173,0.7222728394787923,0.717293846239275,0.7272518327183095,0.5112533994064727,0.509177930230452,0.5133288685824936,0.6704644014310623,0.6584902801687201,0.6824385226934047,0.6704644014310623,0.6584902801687201,0.6824385226934047,0.5949465988072828,0.5928985457472429,0.5969946518673228,0.7222728394787923,0.7172938462392751,0.7272518327183096,0.7777412733683301,0.7715430273802987,0.7839395193563615,0.6741909577575502,0.6701723023515533,0.6782096131635471,,,,15.0,15.0,15.0
experiments/rc_nm_checkpoint_v4_1,Tosches,gate_only_rec_only,2,2,2024;42,completed_no_status_json:2,0.6264734247749678,0.6216780968709815,0.6312687526789541,0.7303198999161313,0.7291292095900919,0.7315105902421709,0.5167682518831742,0.5145561322063738,0.5189803715599746,0.6803932244486457,0.6788368458422525,0.681949603055039,0.6803932244486457,0.6788368458422525,0.681949603055039,0.6000463186494314,0.5980489046464991,0.6020437326523636,0.7303198999161314,0.729129209590092,0.7315105902421709,0.7874203493526775,0.7858140436065056,0.7890266550988493,0.6809410817772842,0.6800720899666853,0.681810073587883,,,,15.0,15.0,15.0
experiments/rc_nm_checkpoint_v4_1,Tosches,random_delta_matched_rec_only,2,2,2024;42,completed_no_status_json:2,0.6171774539219889,0.6097299614230605,0.6246249464209173,0.7249454642007473,0.7201654073679736,0.7297255210335212,0.5137754845823356,0.5115314778785588,0.5160194912861124,0.6416735017849293,0.6002267183514627,0.6831202852183961,0.6416735017849293,0.6002267183514627,0.6831202852183961,0.5972226638103932,0.5951961117669259,0.5992492158538606,0.7249454642007473,0.7201654073679736,0.7297255210335212,0.7814715636431606,0.7766914788106952,0.7862516484756261,0.6760454095783363,0.6713088737350974,0.6807819454215751,,,,15.0,15.0,15.0
experiments/rc_nm_checkpoint_v4_1,Wang,analytic_RC_full_pseudo,2,2,2024;42,completed_no_status_json:2,0.9926462863746192,0.9924361802710367,0.9928563924782016,0.9202069740575352,0.9183771639590552,0.9220367841560152,0.9675872833389784,0.9666574049384096,0.9685171617395472,0.9892672508498175,0.9889532205879548,0.9895812811116802,0.9892672508498175,0.9889532205879548,0.9895812811116802,0.9888951038880494,0.9885844015777548,0.989205806198344,0.9202069740575352,0.9183771639590552,0.9220367841560152,0.919276008743946,0.9169814294805206,0.9215705880073712,0.9211403030072465,0.9197771538005672,0.9225034522139256,,,,2.0,2.0,2.0
experiments/rc_nm_checkpoint_v4_1,Wang,analytic_RC_rec_only,4,4,2024;42,completed_no_status_json:4,0.9930664985817838,0.9926462863746192,0.9934867107889483,0.923969161647795,0.9201598914492573,0.9277784318463328,0.9694394947569127,0.9675927305868666,0.9712862589269587,0.9898891310570768,0.9892711609295268,0.9905071011846268,0.9898891310570768,0.9892711609295268,0.9905071011846268,0.9895205745616251,0.9888927525564164,0.9901483965668338,0.923969161647795,0.9201598914492573,0.9277784318463328,0.9236200574953701,0.9194616831444076,0.9277784318463328,0.9243187963990631,0.9208591609517934,0.9277784318463328,,,,2.0,2.0,2.0
experiments/rc_nm_checkpoint_v4_1,Wang,edge_only_rec_only,2,2,2024;42,completed_no_status_json:2,0.9929614455299927,0.9926462863746192,0.9932766046853662,0.9230079016823951,0.9201598914492573,0.9258559119155328,0.9689795040862386,0.9675927305868666,0.9703662775856104,0.989736019785861,0.9892711609295268,0.9902008786421952,0.989736019785861,0.9892711609295268,0.9902008786421952,0.9893627530621936,0.9888927525564164,0.9898327535679706,0.9230079016823951,0.9201598914492573,0.9258559119155328,0.9226587975299703,0.9194616831444076,0.9258559119155328,0.9233575364336631,0.9208591609517934,0.9258559119155328,,,,2.0,2.0,2.0
experiments/rc_nm_checkpoint_v4_1,Wang,fixed_control_rec_only,3,3,2024;42,completed_no_status_json:3,0.9930664985817838,0.9926462863746192,0.9932766046853662,0.9239572384267744,0.9201598914492573,0.9258559119155328,0.9694417619193625,0.9675927305868666,0.9703662775856104,0.9898909727379724,0.9892711609295268,0.9902008786421952,0.9898909727379724,0.9892711609295268,0.9902008786421952,0.9895194198974525,0.9888927525564164,0.9898327535679706,0.9239572384267744,0.9201598914492573,0.9258559119155328,0.9237245023251578,0.9194616831444076,0.9258559119155328,0.924190328260953,0.9208591609517934,0.9258559119155328,,,,2.0,2.0,2.0
experiments/rc_nm_checkpoint_v4_1,Wang,fixed_full_pseudo,2,2,2024;42,completed_no_status_json:2,0.9926988129005148,0.9924361802710367,0.9929614455299928,0.9206362513238283,0.9182829097006392,0.9229895929470174,0.9678240893128394,0.966673863993918,0.9689743146317608,0.989348678040517,0.9889646226703704,0.9897327334106636,0.989348678040517,0.9889646226703704,0.9897327334106636,0.9889711133579009,0.988577816686956,0.9893644100288458,0.9206362513238283,0.9182829097006392,0.9229895929470174,0.9199961150659187,0.9175861256311394,0.922406104500698,0.9212772864304345,0.9189807528031488,0.9235738200577202,,,,2.0,2.0,2.0
experiments/rc_nm_checkpoint_v4_1,Wang,fixed_rec_only,2,2,2024;42,completed_no_status_json:2,0.9929614455299927,0.9926462863746192,0.9932766046853662,0.9230079016823951,0.9201598914492573,0.9258559119155328,0.9689795040862386,0.9675927305868666,0.9703662775856104,0.989736019785861,0.9892711609295268,0.9902008786421952,0.989736019785861,0.9892711609295268,0.9902008786421952,0.9893627530621936,0.9888927525564164,0.9898327535679706,0.9230079016823951,0.9201598914492573,0.9258559119155328,0.9226587975299703,0.9194616831444076,0.9258559119155328,0.9233575364336631,0.9208591609517934,0.9258559119155328,,,,2.0,2.0,2.0
experiments/rc_nm_checkpoint_v4_1,Wang,gate_only_rec_only,2,2,2024;42,completed_no_status_json:2,0.9930664985817838,0.9926462863746192,0.9934867107889483,0.923969161647795,0.9201598914492573,0.9277784318463328,0.9694394947569127,0.9675927305868666,0.9712862589269587,0.9898891310570768,0.9892711609295268,0.9905071011846268,0.9898891310570768,0.9892711609295268,0.9905071011846268,0.9895205745616251,0.9888927525564164,0.9901483965668338,0.923969161647795,0.9201598914492573,0.9277784318463328,0.9236200574953701,0.9194616831444076,0.9277784318463328,0.9243187963990631,0.9208591609517934,0.9277784318463328,,,,2.0,2.0,2.0
experiments/rc_nm_checkpoint_v4_1,Wang,none_rec_only,1,1,42,completed_no_status_json:1,0.9928563924782016,0.9928563924782016,0.9928563924782016,0.9220367841560152,0.9220367841560152,0.9220367841560152,0.9685171617395472,0.9685171617395472,0.9685171617395472,0.9895812811116802,0.9895812811116802,0.9895812811116802,0.9895812811116802,0.9895812811116802,0.9895812811116802,0.989205806198344,0.989205806198344,0.989205806198344,0.9220367841560152,0.9220367841560152,0.9220367841560152,0.9215705880073712,0.9215705880073712,0.9215705880073712,0.9225034522139256,0.9225034522139256,0.9225034522139256,,,,2.0,2.0,2.0
experiments/rc_nm_checkpoint_v4_1,Wang,random_delta_matched_rec_only,2,2,2024;42,completed_no_status_json:2,0.9930664985817838,0.9926462863746192,0.9934867107889483,0.9239803909408906,0.9201598914492573,0.927800890432524,0.9694418467322885,0.9675927305868666,0.9712909628777106,0.9898907588001711,0.9892711609295268,0.9905103566708152,0.9898907588001711,0.9892711609295268,0.9905103566708152,0.9895196999261129,0.9888927525564164,0.9901466472958094,0.9239803909408906,0.9201598914492573,0.927800890432524,0.923748394404839,0.9194616831444076,0.9280351056652704,0.9242129771715393,0.9208591609517934,0.9275667933912852,,,,2.0,2.0,2.0
experiments/rc_nm_checkpoint_v4_1,worm_neuron_cell,analytic_RC_rec_only,2,2,2024;42,completed_no_status_json:2,0.7161968466316293,0.68561872909699,0.7467749641662685,0.6358848316617072,0.6263286339135005,0.645441029409914,0.5289673707422072,0.4922211676742468,0.5657135738101677,0.6898566633326038,0.6755634456916597,0.7041498809735479,0.6898566633326038,0.6755634456916597,0.7041498809735479,0.593267949942176,0.5612324659022879,0.6253034339820642,0.6358848316617073,0.6263286339135006,0.645441029409914,0.6489208818045495,0.6409775804196028,0.6568641831894962,0.6233713472443463,0.6123343028780226,0.63440839161067,,,,10.0,10.0,10.0
experiments/rc_nm_checkpoint_v4_1,worm_neuron_cell,edge_only_rec_only,2,2,2024;42,completed_no_status_json:2,0.7084328714763497,0.6813186813186813,0.7355470616340182,0.6388165567930981,0.6329019427217368,0.6447311708644594,0.5170332784471605,0.4950936449791053,0.5389729119152157,0.6785273586937034,0.6607310681828694,0.6963236492045374,0.6785273586937034,0.6607310681828694,0.6963236492045374,0.5824052575731722,0.5629134922005449,0.6018970229457994,0.6388165567930981,0.6329019427217369,0.6447311708644594,0.6538988443948889,0.6513605012339678,0.6564371875558099,0.6244480334635074,0.6154607287517128,0.6334353381753022,,,,10.0,10.0,10.0
experiments/rc_nm_checkpoint_v4_1,worm_neuron_cell,fixed_control_rec_only,2,2,2024;42,completed_no_status_json:2,0.7123745819397993,0.6662685140946011,0.7584806497849976,0.6353635423023087,0.6152667620214793,0.6554603225831381,0.5234780700689368,0.4767464543892307,0.570209685748643,0.6807477031860891,0.6436098426065809,0.7178855637655972,0.6807477031860891,0.6436098426065809,0.7178855637655972,0.5881508743072207,0.546667820220495,0.6296339283939464,0.6353635423023087,0.6152667620214795,0.655460322583138,0.6498322068083817,0.6347211657420284,0.6649432478747351,0.6216067655002722,0.5969694599775736,0.6462440710229707,,,,10.0,10.0,10.0
experiments/rc_nm_checkpoint_v4_1,worm_neuron_cell,gate_only_rec_only,2,2,2024;42,completed_no_status_json:2,0.6881270903010033,0.6817964644051601,0.6944577161968466,0.6254020183389242,0.6081599957719089,0.6426440409059393,0.48512650566673066,0.4584456791064366,0.5118073322270248,0.6684861338205458,0.6596791553313887,0.6772931123097029,0.6684861338205458,0.6596791553313887,0.6772931123097029,0.555399287688233,0.5333435682096597,0.5774550071668062,0.6254020183389242,0.6081599957719089,0.6426440409059393,0.6392382029241919,0.6138133320119054,0.6646630738364783,0.6123234854677203,0.6026098457476701,0.6220371251877705,,,,10.0,10.0,10.0
experiments/rc_nm_checkpoint_v4_1,worm_neuron_cell,random_delta_matched_rec_only,2,2,2024;42,completed_no_status_json:2,0.7165551839464883,0.6892021022455805,0.7439082656473961,0.6405030908221162,0.6297104523964754,0.651295729247757,0.5200050687064997,0.4991493185424788,0.5408608188705206,0.695444432197942,0.6783145624939271,0.7125743019019569,0.695444432197942,0.6783145624939271,0.7125743019019569,0.5853243213566116,0.5673498081962549,0.6032988345169683,0.6405030908221163,0.6297104523964754,0.6512957292477571,0.6543894716174898,0.6440577492125257,0.664721194022454,0.6271951396012649,0.6159884391415685,0.6384018400609612,,,,10.0,10.0,10.0
experiments/scgpt_plantnet_20260615,Macosko,scgpt_plantnet,1,1,42,completed_no_status_json:1,0.3846857703981431,0.3846857703981431,0.3846857703981431,0.5347891642857675,0.5347891642857675,0.5347891642857675,0.2256591914073745,0.2256591914073745,0.2256591914073745,0.3255126286916281,0.3255126286916281,0.3255126286916281,0.3255126286916281,0.3255126286916281,0.3255126286916281,0.4612807161588572,0.4612807161588572,0.4612807161588572,0.5347891642857674,0.5347891642857674,0.5347891642857674,0.7982493391418183,0.7982493391418183,0.7982493391418183,0.4020827649587926,0.4020827649587926,0.4020827649587926,,,,12.0,12.0,12.0
experiments/scgpt_plantnet_20260615,Melanoma_5K,scgpt_plantnet,1,1,42,completed_no_status_json:1,0.66009306448039,0.66009306448039,0.66009306448039,0.6428684271025294,0.6428684271025294,0.6428684271025294,0.552736518267948,0.552736518267948,0.552736518267948,0.5092164433387505,0.5092164433387505,0.5092164433387505,0.5092164433387505,0.5092164433387505,0.5092164433387505,0.6395942143270764,0.6395942143270764,0.6395942143270764,0.6428684271025296,0.6428684271025296,0.6428684271025296,0.7010654063524507,0.7010654063524507,0.7010654063524507,0.593592970788658,0.593592970788658,0.593592970788658,,,,9.0,9.0,9.0
experiments/scgpt_plantnet_20260615,SRP182008,scgpt_plantnet,1,1,42,completed_no_status_json:1,0.6792215480242711,0.6792215480242711,0.6792215480242711,0.6600835520700159,0.6600835520700159,0.6600835520700159,0.5129633726110361,0.5129633726110361,0.5129633726110361,0.6848489260259839,0.6848489260259839,0.6848489260259839,0.6848489260259839,0.6848489260259839,0.6848489260259839,0.5590356857080867,0.5590356857080867,0.5590356857080867,0.6600835520700158,0.6600835520700158,0.6600835520700158,0.6752336365763045,0.6752336365763045,0.6752336365763045,0.6455983878205019,0.6455983878205019,0.6455983878205019,,,,15.0,15.0,15.0
experiments/scgpt_plantnet_20260615,Tosches,scgpt_plantnet,1,1,42,completed_no_status_json:1,0.636894556365195,0.636894556365195,0.636894556365195,0.7275558619687671,0.7275558619687671,0.7275558619687671,0.5223780950951161,0.5223780950951161,0.5223780950951161,0.6630208844252257,0.6630208844252257,0.6630208844252257,0.6630208844252257,0.6630208844252257,0.6630208844252257,0.6070649457368235,0.6070649457368235,0.6070649457368235,0.7275558619687671,0.7275558619687671,0.7275558619687671,0.790748677890672,0.790748677890672,0.790748677890672,0.6737157523225832,0.6737157523225832,0.6737157523225832,,,,15.0,15.0,15.0
experiments/scgpt_plantnet_20260615,Wang,scgpt_plantnet,1,1,42,completed_no_status_json:1,0.985817838008194,0.985817838008194,0.985817838008194,0.868187253255384,0.868187253255384,0.868187253255384,0.9382953239988724,0.9382953239988724,0.9382953239988724,0.9795634122795096,0.9795634122795096,0.9795634122795096,0.9795634122795096,0.9795634122795096,0.9795634122795096,0.978604977741683,0.978604977741683,0.978604977741683,0.868187253255384,0.868187253255384,0.868187253255384,0.8754147644157492,0.8754147644157492,0.8754147644157492,0.8610781069615535,0.8610781069615535,0.8610781069615535,,,,2.0,2.0,2.0
scratch/smoke,Bach,smoke_sccdcg,1,1,42,completed_no_status_json:1,0.6655452035886819,0.6655452035886819,0.6655452035886819,0.671205929909359,0.671205929909359,0.671205929909359,0.5852846228781671,0.5852846228781671,0.5852846228781671,0.5395981304634202,0.5395981304634202,0.5395981304634202,0.5395981304634202,0.5395981304634202,0.5395981304634202,0.668228780269049,0.668228780269049,0.668228780269049,0.6712059299093591,0.6712059299093591,0.6712059299093591,0.7185238359679128,0.7185238359679128,0.7185238359679128,0.6297351437213978,0.6297351437213978,0.6297351437213978,,,,,,
scratch/smoke,Guo,beta_mechanism_20260616,1,1,0,completed_no_status_json:1,0.6976887519260401,0.6976887519260401,0.6976887519260401,0.6316858974317252,0.6316858974317252,0.6316858974317252,0.5484123769880941,0.5484123769880941,0.5484123769880941,0.6131815623154343,0.6131815623154343,0.6131815623154343,0.6131815623154343,0.6131815623154343,0.6131815623154343,0.6273110278409176,0.6273110278409176,0.6273110278409176,0.6316858974317252,0.6316858974317252,0.6316858974317252,0.6063375806092789,0.6063375806092789,0.6063375806092789,0.6592460870228459,0.6592460870228459,0.6592460870228459,,,,12.0,12.0,12.0
scratch/smoke,Guo,beta_mechanism_scheduler_20260616,1,1,0,completed_no_status_json:1,0.6607087827426811,0.6607087827426811,0.6607087827426811,0.6162187352119467,0.6162187352119467,0.6162187352119467,0.52958819826964,0.52958819826964,0.52958819826964,0.5569550477332009,0.5569550477332009,0.5569550477332009,0.5569550477332009,0.5569550477332009,0.5569550477332009,0.6122076291207023,0.6122076291207023,0.6122076291207023,0.6162187352119467,0.6162187352119467,0.6162187352119467,0.5920325606665781,0.5920325606665781,0.5920325606665781,0.6424652241431646,0.6424652241431646,0.6424652241431646,,,,12.0,12.0,12.0
scratch/smoke,Guo,neighbormix_stochastic_20260616,1,1,0,completed_no_status_json:1,0.7973805855161787,0.7973805855161787,0.7973805855161787,0.8163424631841896,0.8163424631841896,0.8163424631841896,0.7831896412953786,0.7831896412953786,0.7831896412953786,0.7186161588259744,0.7186161588259744,0.7186161588259744,0.7186161588259744,0.7186161588259744,0.7186161588259744,0.8161371050686479,0.8161371050686479,0.8161371050686479,0.8163424631841896,0.8163424631841896,0.8163424631841896,0.807992322969269,0.807992322969269,0.807992322969269,0.8248669935028652,0.8248669935028652,0.8248669935028652,,,,12.0,12.0,12.0
