dataset,method,seed,variant,ablation_method,neighbor_backend,pseudo_weight,pseudo_gate_p,edge_dropout_keep,alpha_mean,beta_mean,beta_mode,beta_fixed,beta_max,beta_target_mean,beta_std,beta_p,target_mode,noise_mode,bad_edge_ratio,oracle_neighbor,acc,nmi,ari,f1_macro,fmi,v_measure,homogeneity,completeness,n_pred_clusters,silhouette,protocol,cluster_method,uses_known_k,stage,run_dir,group,nomix_ari,nomix_f1_macro,delta_ari_vs_nomix,delta_f1_vs_nomix,ari_rank
Guo,fixed_beta_0.05,0,fixed_beta_0.05,beta_control,pca_cosine_knn,0.3,1.0,1.0,0.9499998688697816,0.0500000081956386,fixed,0.05,0.05,0.05,0.02,0.5,anchor,local_mix,0.0,none,0.8705701078582434,0.8546348065683647,0.8410301487511141,0.8045662504542439,0.8638706222826624,0.8546348065683647,0.866114914139239,0.8434550490828451,12,,fixed,kmeans_known_k,True,full,results/experiments/neighbormix_beta_mechanism_20260617/full/Guo/fixed_beta_0.05/seed0,neutral,0.8419856832113954,0.8353301520712294,-0.0009555344602812932,-0.0307639016169855,5.0
Guo,fixed_beta_0.05,1,fixed_beta_0.05,beta_control,pca_cosine_knn,0.3,1.0,1.0,0.9499998688697816,0.0500000081956386,fixed,0.05,0.05,0.05,0.02,0.5,anchor,local_mix,0.0,none,0.8902927580893683,0.8652364454756739,0.8573362948622901,0.8205061522783232,0.8778618505270728,0.8652364454756737,0.875100432651267,0.8555923501755512,12,,fixed,kmeans_known_k,True,full,results/experiments/neighbormix_beta_mechanism_20260617/full/Guo/fixed_beta_0.05/seed1,neutral,0.8386476962743222,0.8341045832709125,0.018688598587967897,-0.013598430992589283,4.0
Guo,fixed_beta_0.05,2,fixed_beta_0.05,beta_control,pca_cosine_knn,0.3,1.0,1.0,0.9499998688697816,0.0500000081956386,fixed,0.05,0.05,0.05,0.02,0.5,anchor,local_mix,0.0,none,0.8554699537750385,0.8420398985944252,0.814511246475964,0.7746218769312588,0.8410853111973462,0.8420398985944253,0.8486209836938148,0.8355601010916538,12,,fixed,kmeans_known_k,True,full,results/experiments/neighbormix_beta_mechanism_20260617/full/Guo/fixed_beta_0.05/seed2,neutral,0.8312158272070158,0.7820204092535549,-0.016704580731051855,-0.007398532322296036,5.0
Guo,fixed_beta_0.1,0,fixed_beta_0.1,beta_control,pca_cosine_knn,0.3,1.0,1.0,0.8999998569488525,0.1000000163912773,fixed,0.1,0.1,0.05,0.02,0.5,anchor,local_mix,0.0,none,0.8710323574730354,0.8554820723681416,0.842181915987195,0.8050776136757233,0.8648544020142742,0.8554820723681416,0.8664290077640656,0.8448083046958067,12,,fixed,kmeans_known_k,True,full,results/experiments/neighbormix_beta_mechanism_20260617/full/Guo/fixed_beta_0.1/seed0,neutral,0.8419856832113954,0.8353301520712294,0.00019623277579960963,-0.030252538395506123,3.0
Guo,fixed_beta_0.1,1,fixed_beta_0.1,beta_control,pca_cosine_knn,0.3,1.0,1.0,0.8999998569488525,0.1000000163912773,fixed,0.1,0.1,0.05,0.02,0.5,anchor,local_mix,0.0,none,0.8933744221879815,0.8673591097379149,0.8607677562585611,0.8234111177717888,0.8808108786673082,0.8673591097379147,0.8765259916060979,0.8583819815094006,12,,fixed,kmeans_known_k,True,full,results/experiments/neighbormix_beta_mechanism_20260617/full/Guo/fixed_beta_0.1/seed1,neutral,0.8386476962743222,0.8341045832709125,0.022120059984238827,-0.010693465499123755,3.0
Guo,fixed_beta_0.1,2,fixed_beta_0.1,beta_control,pca_cosine_knn,0.3,1.0,1.0,0.8999998569488525,0.1000000163912773,fixed,0.1,0.1,0.05,0.02,0.5,anchor,local_mix,0.0,none,0.8531587057010785,0.8415747635719262,0.8142281336736836,0.7715007470641408,0.8408409976680623,0.8415747635719262,0.8479444738782579,0.8353000375468758,12,,fixed,kmeans_known_k,True,full,results/experiments/neighbormix_beta_mechanism_20260617/full/Guo/fixed_beta_0.1/seed2,neutral,0.8312158272070158,0.7820204092535549,-0.016987693533332182,-0.010519662189414025,6.0
Guo,gaussian_noise_matched_anchor_target,0,gaussian_noise_matched_anchor_target,beta_control,pca_cosine_knn,0.3,1.0,1.0,0.9499914385974406,0.050008560847491,truncated_normal,0.0999999999999999,0.1,0.05,0.02,0.5,anchor,gaussian_matched,0.0,none,0.8724191063174114,0.8503820500015309,0.8359442001014544,0.7825106871002729,0.8602079782950105,0.8503820500015309,0.8496668049105369,0.8510985002862353,12,,fixed,kmeans_known_k,True,full,results/experiments/neighbormix_beta_mechanism_20260617/full/Guo/gaussian_noise_matched_anchor_target/seed0,neutral,0.8419856832113954,0.8353301520712294,-0.006041483109941015,-0.052819464970956465,7.0
Guo,gaussian_noise_matched_anchor_target,1,gaussian_noise_matched_anchor_target,beta_control,pca_cosine_knn,0.3,1.0,1.0,0.9500191421508788,0.0499808566197753,truncated_normal,0.0999999999999999,0.1,0.05,0.02,0.5,anchor,gaussian_matched,0.0,none,0.886748844375963,0.856082296182423,0.843963566973413,0.7985368912173089,0.8672655674659673,0.856082296182423,0.8538605076540684,0.8583156772890714,12,,fixed,kmeans_known_k,True,full,results/experiments/neighbormix_beta_mechanism_20260617/full/Guo/gaussian_noise_matched_anchor_target/seed1,neutral,0.8386476962743222,0.8341045832709125,0.005315870699090786,-0.03556769205360366,7.0
Guo,gaussian_noise_matched_anchor_target,2,gaussian_noise_matched_anchor_target,beta_control,pca_cosine_knn,0.3,1.0,1.0,0.950025436848402,0.0499745625387877,truncated_normal,0.0999999999999999,0.1,0.05,0.02,0.5,anchor,gaussian_matched,0.0,none,0.8687211093990755,0.849775828294044,0.8368274943853733,0.7822198923517852,0.8606621411059249,0.849775828294044,0.8506067068305947,0.8489465713893178,12,,fixed,kmeans_known_k,True,full,results/experiments/neighbormix_beta_mechanism_20260617/full/Guo/gaussian_noise_matched_anchor_target/seed2,neutral,0.8312158272070158,0.7820204092535549,0.005611667178357482,0.00019948309823036858,1.0
Guo,global_random_neighbor_control,0,global_random_neighbor_control,global_random_neighbor_control,global_random_excluding_self,0.3,1.0,1.0,0.8999998569488525,0.1000000163912773,fixed,0.0999999999999999,0.0999999999999999,0.05,0.02,0.5,anchor,local_mix,0.0,none,0.8608628659476117,0.8442589806143013,0.8157977229398868,0.8016797092261133,0.8421944007792957,0.8442589806143012,0.8564945407380132,0.8323680820405746,12,,fixed,kmeans_known_k,True,full,results/experiments/neighbormix_beta_mechanism_20260617/full/Guo/global_random_neighbor_control/seed0,neutral,0.8419856832113954,0.8353301520712294,-0.026187960271508604,-0.03365044284511609,8.0
Guo,global_random_neighbor_control,1,global_random_neighbor_control,global_random_neighbor_control,global_random_excluding_self,0.3,1.0,1.0,0.8999998569488525,0.1000000163912773,fixed,0.0999999999999999,0.0999999999999999,0.05,0.02,0.5,anchor,local_mix,0.0,none,0.888597842835131,0.8605737838042863,0.8498359680536688,0.8210421616409737,0.8714359697558021,0.8605737838042863,0.870336548809463,0.851027611583697,12,,fixed,kmeans_known_k,True,full,results/experiments/neighbormix_beta_mechanism_20260617/full/Guo/global_random_neighbor_control/seed1,neutral,0.8386476962743222,0.8341045832709125,0.01118827177934656,-0.01306242162993887,6.0
Guo,global_random_neighbor_control,2,global_random_neighbor_control,global_random_neighbor_control,global_random_excluding_self,0.3,1.0,1.0,0.8999998569488525,0.1000000163912773,fixed,0.0999999999999999,0.0999999999999999,0.05,0.02,0.5,anchor,local_mix,0.0,none,0.8494607087827427,0.8374210238347837,0.8061598736424783,0.7695833282104569,0.8339098982501912,0.8374210238347838,0.8434560848640794,0.8314717128731688,12,,fixed,kmeans_known_k,True,full,results/experiments/neighbormix_beta_mechanism_20260617/full/Guo/global_random_neighbor_control/seed2,neutral,0.8312158272070158,0.7820204092535549,-0.025055953564537492,-0.01243708104309793,8.0
Guo,nm_scmae_nomix,0,nm_scmae_nomix,nm_scmae_nomix,none,0.0,1.0,1.0,1.0,0.0,fixed,0.0999999999999999,0.0999999999999999,0.05,0.02,0.5,anchor,local_mix,0.0,none,0.8736517719568567,0.8565963587218847,0.8419856832113954,0.8353301520712294,0.8646890367804623,0.8565963587218847,0.8636491222800587,0.8496578512015498,12,,fixed,kmeans_known_k,True,full,results/experiments/neighbormix_beta_mechanism_20260617/full/Guo/nm_scmae_nomix/seed0,neutral,0.8419856832113954,0.8353301520712294,0.0,0.0,4.0
Guo,nm_scmae_nomix,1,nm_scmae_nomix,nm_scmae_nomix,none,0.0,1.0,1.0,1.0,0.0,fixed,0.0999999999999999,0.0999999999999999,0.05,0.02,0.5,anchor,local_mix,0.0,none,0.8727272727272727,0.8518952494458167,0.8386476962743222,0.8341045832709125,0.8618460531855424,0.8518952494458167,0.857899909868531,0.8459740610824757,12,,fixed,kmeans_known_k,True,full,results/experiments/neighbormix_beta_mechanism_20260617/full/Guo/nm_scmae_nomix/seed1,neutral,0.8386476962743222,0.8341045832709125,0.0,0.0,8.0
Guo,nm_scmae_nomix,2,nm_scmae_nomix,nm_scmae_nomix,none,0.0,1.0,1.0,1.0,0.0,fixed,0.0999999999999999,0.0999999999999999,0.05,0.02,0.5,anchor,local_mix,0.0,none,0.8651771956856703,0.8475680580958956,0.8312158272070158,0.7820204092535549,0.8554414733893893,0.8475680580958955,0.8531597439811285,0.8420491917716013,12,,fixed,kmeans_known_k,True,full,results/experiments/neighbormix_beta_mechanism_20260617/full/Guo/nm_scmae_nomix/seed2,neutral,0.8312158272070158,0.7820204092535549,0.0,0.0,4.0
Guo,random_beta_uniform_0.1,0,random_beta_uniform_0.1,beta_control,pca_cosine_knn,0.3,1.0,1.0,0.9500173563361168,0.0499826442543417,uniform,0.0999999999999999,0.1,0.05,0.02,0.5,anchor,local_mix,0.0,none,0.8730354391371341,0.8562918999444664,0.8449716895423325,0.8068809678050997,0.8672973117522332,0.8562918999444665,0.8655027435433355,0.8472750390184401,12,,fixed,kmeans_known_k,True,full,results/experiments/neighbormix_beta_mechanism_20260617/full/Guo/random_beta_uniform_0.1/seed0,neutral,0.8419856832113954,0.8353301520712294,0.002986006330937041,-0.028449184266129746,2.0
Guo,random_beta_uniform_0.1,1,random_beta_uniform_0.1,beta_control,pca_cosine_knn,0.3,1.0,1.0,0.9500070888996124,0.0499929113481193,uniform,0.0999999999999999,0.1,0.05,0.02,0.5,anchor,local_mix,0.0,none,0.901848998459168,0.8688892376168649,0.8675846315075598,0.8627802545706321,0.8868354775288733,0.8688892376168649,0.8719806532963597,0.8658196643689645,12,,fixed,kmeans_known_k,True,full,results/experiments/neighbormix_beta_mechanism_20260617/full/Guo/random_beta_uniform_0.1/seed1,neutral,0.8386476962743222,0.8341045832709125,0.028936935233237593,0.028675671299719596,2.0
Guo,random_beta_uniform_0.1,2,random_beta_uniform_0.1,beta_control,pca_cosine_knn,0.3,1.0,1.0,0.950037062048912,0.0499629387054592,uniform,0.0999999999999999,0.1,0.05,0.02,0.5,anchor,local_mix,0.0,none,0.8705701078582434,0.8528181168588098,0.8348123306456734,0.8483301173747023,0.8585283563956544,0.8528181168588098,0.8593968003768474,0.8463393878490356,12,,fixed,kmeans_known_k,True,full,results/experiments/neighbormix_beta_mechanism_20260617/full/Guo/random_beta_uniform_0.1/seed2,neutral,0.8312158272070158,0.7820204092535549,0.0035965034386575834,0.06630970812114745,2.0
Guo,snn_neighbormix,0,snn_neighbormix,snn_neighbormix,snn_jaccard_weighted_knn,0.3,1.0,1.0,0.8999998569488525,0.1000000163912773,fixed,0.0999999999999999,0.0999999999999999,0.05,0.02,0.5,anchor,local_mix,0.0,none,0.8676425269645609,0.8504556117114322,0.837152287311294,0.827341921672368,0.8605484589537152,0.8504556117114322,0.8571334949370699,0.8438809781662284,12,,fixed,kmeans_known_k,True,full,results/experiments/neighbormix_beta_mechanism_20260617/full/Guo/snn_neighbormix/seed0,neutral,0.8419856832113954,0.8353301520712294,-0.004833395900101456,-0.007988230398861429,6.0
Guo,snn_neighbormix,1,snn_neighbormix,snn_neighbormix,snn_jaccard_weighted_knn,0.3,1.0,1.0,0.8999998569488525,0.1000000163912773,fixed,0.0999999999999999,0.0999999999999999,0.05,0.02,0.5,anchor,local_mix,0.0,none,0.8901386748844375,0.8645261442932788,0.8560563297518322,0.821238096923214,0.8767655813696948,0.8645261442932787,0.8741209648130729,0.8551396726167099,12,,fixed,kmeans_known_k,True,full,results/experiments/neighbormix_beta_mechanism_20260617/full/Guo/snn_neighbormix/seed1,neutral,0.8386476962743222,0.8341045832709125,0.017408633477509983,-0.012866486347698491,5.0
Guo,snn_neighbormix,2,snn_neighbormix,snn_neighbormix,snn_jaccard_weighted_knn,0.3,1.0,1.0,0.8999998569488525,0.1000000163912773,fixed,0.0999999999999999,0.0999999999999999,0.05,0.02,0.5,anchor,local_mix,0.0,none,0.8554699537750385,0.84337198463032,0.8138307555652498,0.823126919965332,0.8405164510850078,0.84337198463032,0.8526979819926555,0.8342477780044033,12,,fixed,kmeans_known_k,True,full,results/experiments/neighbormix_beta_mechanism_20260617/full/Guo/snn_neighbormix/seed2,neutral,0.8312158272070158,0.7820204092535549,-0.01738507164176606,0.04110651071177718,7.0
Guo,truncated_normal_beta_mean0.05_std0.02,0,truncated_normal_beta_mean0.05_std0.02,beta_control,pca_cosine_knn,0.3,1.0,1.0,0.9499950680732728,0.050004931692034,truncated_normal,0.0999999999999999,0.1,0.05,0.02,0.5,anchor,local_mix,0.0,none,0.8725731895223421,0.8557757398540541,0.8451155982671587,0.8053877850930684,0.8673939840350033,0.8557757398540541,0.8657083369488805,0.8460684782391317,12,,fixed,kmeans_known_k,True,full,results/experiments/neighbormix_beta_mechanism_20260617/full/Guo/truncated_normal_beta_mean0.05_std0.02/seed0,neutral,0.8419856832113954,0.8353301520712294,0.0031299150557632105,-0.029942366978160995,1.0
Guo,truncated_normal_beta_mean0.05_std0.02,1,truncated_normal_beta_mean0.05_std0.02,beta_control,pca_cosine_knn,0.3,1.0,1.0,0.9500239998400212,0.0499759987276047,truncated_normal,0.0999999999999999,0.1,0.05,0.02,0.5,anchor,local_mix,0.0,none,0.8975346687211094,0.8712022350330049,0.8681662989139378,0.8270008056173581,0.8872213714537734,0.8712022350330049,0.8793482684253704,0.8632057414402607,12,,fixed,kmeans_known_k,True,full,results/experiments/neighbormix_beta_mechanism_20260617/full/Guo/truncated_normal_beta_mean0.05_std0.02/seed1,neutral,0.8386476962743222,0.8341045832709125,0.029518602639615588,-0.007103777653554411,1.0
Guo,truncated_normal_beta_mean0.05_std0.02,2,truncated_normal_beta_mean0.05_std0.02,beta_control,pca_cosine_knn,0.3,1.0,1.0,0.9499986237883568,0.0500013751816004,truncated_normal,0.0999999999999999,0.1,0.05,0.02,0.5,anchor,local_mix,0.0,none,0.8702619414483821,0.8528926275236677,0.8338649768105815,0.8462778972098359,0.8577224326035491,0.8528926275236677,0.8573499577157586,0.8484814046057206,12,,fixed,kmeans_known_k,True,full,results/experiments/neighbormix_beta_mechanism_20260617/full/Guo/truncated_normal_beta_mean0.05_std0.02/seed2,neutral,0.8312158272070158,0.7820204092535549,0.002649149603565659,0.06425748795628106,3.0
Macosko,fixed_beta_0.05,0,fixed_beta_0.05,beta_control,pca_cosine_knn,0.3,1.0,1.0,0.9499998688697816,0.0500000081956386,fixed,0.05,0.05,0.05,0.02,0.5,anchor,local_mix,0.0,none,0.5576459560792716,0.621260082606654,0.3792751091819349,0.5566871465234807,0.6017083073342447,0.6212600826066541,0.8162237865154001,0.5014769880345077,12,,fixed,kmeans_known_k,True,full,results/experiments/neighbormix_beta_mechanism_20260617/full/Macosko/fixed_beta_0.05/seed0,negative,0.3878266965764106,0.4836887227059757,-0.008551587394475701,0.07299842381750504,6.0
Macosko,fixed_beta_0.05,1,fixed_beta_0.05,beta_control,pca_cosine_knn,0.3,1.0,1.0,0.9499998688697816,0.0500000081956386,fixed,0.05,0.05,0.05,0.02,0.5,anchor,local_mix,0.0,none,0.5135913229780397,0.6116448653837354,0.3821678938220423,0.5340096335511161,0.6040186389271903,0.6116448653837353,0.8076574929671149,0.4921931503660651,12,,fixed,kmeans_known_k,True,full,results/experiments/neighbormix_beta_mechanism_20260617/full/Macosko/fixed_beta_0.05/seed1,negative,0.382798485100648,0.6174183150854969,-0.0006305912786057077,-0.08340868153438086,8.0
Macosko,fixed_beta_0.05,2,fixed_beta_0.05,beta_control,pca_cosine_knn,0.3,1.0,1.0,0.9499998688697816,0.0500000081956386,fixed,0.05,0.05,0.05,0.02,0.5,anchor,local_mix,0.0,none,0.5676218532404927,0.6198483685148465,0.3880619270126847,0.6518629878583705,0.6089579045379935,0.6198483685148466,0.8042606284870664,0.504231120573468,12,,fixed,kmeans_known_k,True,full,results/experiments/neighbormix_beta_mechanism_20260617/full/Macosko/fixed_beta_0.05/seed2,negative,0.3038171975678505,0.4604124327872176,0.08424472944483419,0.19145055507115288,5.0
Macosko,fixed_beta_0.1,0,fixed_beta_0.1,beta_control,pca_cosine_knn,0.3,1.0,1.0,0.8999998569488525,0.1000000163912773,fixed,0.1,0.1,0.05,0.02,0.5,anchor,local_mix,0.0,none,0.5230762363863596,0.6128796636932126,0.3769024644167392,0.5623962687799303,0.599693249477332,0.6128796636932125,0.8131298423927428,0.4917708401310606,12,,fixed,kmeans_known_k,True,full,results/experiments/neighbormix_beta_mechanism_20260617/full/Macosko/fixed_beta_0.1/seed0,negative,0.3878266965764106,0.4836887227059757,-0.010924232159671421,0.07870754607395464,7.0
Macosko,fixed_beta_0.1,1,fixed_beta_0.1,beta_control,pca_cosine_knn,0.3,1.0,1.0,0.8999998569488525,0.1000000163912773,fixed,0.1,0.1,0.05,0.02,0.5,anchor,local_mix,0.0,none,0.6615113372612034,0.6749428595859188,0.5359461830707533,0.5516889325728304,0.7196223460363959,0.6749428595859189,0.8312615155421125,0.5681098512868232,12,,fixed,kmeans_known_k,True,full,results/experiments/neighbormix_beta_mechanism_20260617/full/Macosko/fixed_beta_0.1/seed1,negative,0.382798485100648,0.6174183150854969,0.15314769797010525,-0.06572938251266658,4.0
Macosko,fixed_beta_0.1,2,fixed_beta_0.1,beta_control,pca_cosine_knn,0.3,1.0,1.0,0.8999998569488525,0.1000000163912773,fixed,0.1,0.1,0.05,0.02,0.5,anchor,local_mix,0.0,none,0.508391358685949,0.6177578343749399,0.3788974501177174,0.556128500779326,0.6013942453175729,0.6177578343749399,0.8199020934888751,0.495575313568977,12,,fixed,kmeans_known_k,True,full,results/experiments/neighbormix_beta_mechanism_20260617/full/Macosko/fixed_beta_0.1/seed2,negative,0.3038171975678505,0.4604124327872176,0.07508025254986689,0.09571606799210836,7.0
Macosko,gaussian_noise_matched_anchor_target,0,gaussian_noise_matched_anchor_target,beta_control,pca_cosine_knn,0.3,1.0,1.0,0.9499939050163542,0.0500060937694673,truncated_normal,0.0999999999999999,0.1,0.05,0.02,0.5,anchor,gaussian_matched,0.0,none,0.715363327977147,0.6729914260211843,0.544148724769666,0.7446374570264047,0.7269577623526124,0.6729914260211844,0.7910334366831776,0.5856045525577993,12,,fixed,kmeans_known_k,True,full,results/experiments/neighbormix_beta_mechanism_20260617/full/Macosko/gaussian_noise_matched_anchor_target/seed0,negative,0.3878266965764106,0.4836887227059757,0.1563220281932554,0.26094873432042903,2.0
Macosko,gaussian_noise_matched_anchor_target,1,gaussian_noise_matched_anchor_target,beta_control,pca_cosine_knn,0.3,1.0,1.0,0.950002961273704,0.0499970377489392,truncated_normal,0.0999999999999999,0.1,0.05,0.02,0.5,anchor,gaussian_matched,0.0,none,0.7024415282985181,0.6719016580702944,0.5692491073523668,0.6813569017446995,0.7431349691924843,0.6719016580702944,0.8016201022062319,0.5783180326104138,12,,fixed,kmeans_known_k,True,full,results/experiments/neighbormix_beta_mechanism_20260617/full/Macosko/gaussian_noise_matched_anchor_target/seed1,negative,0.382798485100648,0.6174183150854969,0.18645062225171877,0.0639385866592026,1.0
Macosko,gaussian_noise_matched_anchor_target,2,gaussian_noise_matched_anchor_target,beta_control,pca_cosine_knn,0.3,1.0,1.0,0.9500000007408004,0.0499999983193618,truncated_normal,0.0999999999999999,0.1,0.05,0.02,0.5,anchor,gaussian_matched,0.0,none,0.8829673272629888,0.7816673575415697,0.8718883587272666,0.7370813062370681,0.93253093271152,0.7816673575415697,0.7931194441329651,0.7705412836968066,12,,fixed,kmeans_known_k,True,full,results/experiments/neighbormix_beta_mechanism_20260617/full/Macosko/gaussian_noise_matched_anchor_target/seed2,negative,0.3038171975678505,0.4604124327872176,0.568071161159416,0.2766688734498505,1.0
Macosko,global_random_neighbor_control,0,global_random_neighbor_control,global_random_neighbor_control,global_random_excluding_self,0.3,1.0,1.0,0.8999998569488525,0.1000000163912773,fixed,0.0999999999999999,0.0999999999999999,0.05,0.02,0.5,anchor,local_mix,0.0,none,0.528298518121764,0.6233678103653653,0.3922207902415417,0.5406266692442758,0.6121450148151072,0.6233678103653653,0.8243721934677347,0.501169132307501,12,,fixed,kmeans_known_k,True,full,results/experiments/neighbormix_beta_mechanism_20260617/full/Macosko/global_random_neighbor_control/seed0,negative,0.3878266965764106,0.4836887227059757,0.004394093665131105,0.056937946538300144,3.0
Macosko,global_random_neighbor_control,1,global_random_neighbor_control,global_random_neighbor_control,global_random_excluding_self,0.3,1.0,1.0,0.8999998569488525,0.1000000163912773,fixed,0.0999999999999999,0.0999999999999999,0.05,0.02,0.5,anchor,local_mix,0.0,none,0.5000446348866274,0.6066393268242696,0.3875188918758084,0.4890896979733774,0.6083765977656354,0.6066393268242696,0.8031974594456983,0.4873702832685794,12,,fixed,kmeans_known_k,True,full,results/experiments/neighbormix_beta_mechanism_20260617/full/Macosko/global_random_neighbor_control/seed1,negative,0.382798485100648,0.6174183150854969,0.004720406775160391,-0.12832861711211951,5.0
Macosko,global_random_neighbor_control,2,global_random_neighbor_control,global_random_neighbor_control,global_random_excluding_self,0.3,1.0,1.0,0.8999998569488525,0.1000000163912773,fixed,0.0999999999999999,0.0999999999999999,0.05,0.02,0.5,anchor,local_mix,0.0,none,0.5113372612033565,0.6078350484352152,0.3839439600934746,0.5697692473274206,0.605551165648166,0.6078350484352152,0.7988171183851035,0.4905530814399467,12,,fixed,kmeans_known_k,True,full,results/experiments/neighbormix_beta_mechanism_20260617/full/Macosko/global_random_neighbor_control/seed2,negative,0.3038171975678505,0.4604124327872176,0.08012676252562406,0.10935681454020302,6.0
Macosko,nm_scmae_nomix,0,nm_scmae_nomix,nm_scmae_nomix,none,0.0,1.0,1.0,1.0,0.0,fixed,0.0999999999999999,0.0999999999999999,0.05,0.02,0.5,anchor,local_mix,0.0,none,0.5125870380289234,0.6106231305014275,0.3878266965764106,0.4836887227059757,0.6085756764772327,0.6106231305014275,0.8104306285952423,0.4898525153756968,12,,fixed,kmeans_known_k,True,full,results/experiments/neighbormix_beta_mechanism_20260617/full/Macosko/nm_scmae_nomix/seed0,negative,0.3878266965764106,0.4836887227059757,0.0,0.0,4.0
Macosko,nm_scmae_nomix,1,nm_scmae_nomix,nm_scmae_nomix,none,0.0,1.0,1.0,1.0,0.0,fixed,0.0999999999999999,0.0999999999999999,0.05,0.02,0.5,anchor,local_mix,0.0,none,0.549879485806106,0.6002594546039903,0.382798485100648,0.6174183150854969,0.6048925238538281,0.6002594546039902,0.7782492263071837,0.4885300192745935,12,,fixed,kmeans_known_k,True,full,results/experiments/neighbormix_beta_mechanism_20260617/full/Macosko/nm_scmae_nomix/seed1,negative,0.382798485100648,0.6174183150854969,0.0,0.0,7.0
Macosko,nm_scmae_nomix,2,nm_scmae_nomix,nm_scmae_nomix,none,0.0,1.0,1.0,1.0,0.0,fixed,0.0999999999999999,0.0999999999999999,0.05,0.02,0.5,anchor,local_mix,0.0,none,0.442822710230316,0.5729016167749271,0.3038171975678505,0.4604124327872176,0.5369454424652917,0.5729016167749272,0.7942996573447545,0.4480226339302482,12,,fixed,kmeans_known_k,True,full,results/experiments/neighbormix_beta_mechanism_20260617/full/Macosko/nm_scmae_nomix/seed2,negative,0.3038171975678505,0.4604124327872176,0.0,0.0,8.0
Macosko,random_beta_uniform_0.1,0,random_beta_uniform_0.1,beta_control,pca_cosine_knn,0.3,1.0,1.0,0.950003647702081,0.0499963524591709,uniform,0.0999999999999999,0.1,0.05,0.02,0.5,anchor,local_mix,0.0,none,0.5642742367434387,0.6194858127555044,0.3768237487651865,0.6529239886708077,0.5998319046925275,0.6194858127555045,0.80790574424964,0.5023318768059518,12,,fixed,kmeans_known_k,True,full,results/experiments/neighbormix_beta_mechanism_20260617/full/Macosko/random_beta_uniform_0.1/seed0,negative,0.3878266965764106,0.4836887227059757,-0.011002947811224129,0.16923526596483202,8.0
Macosko,random_beta_uniform_0.1,1,random_beta_uniform_0.1,beta_control,pca_cosine_knn,0.3,1.0,1.0,0.9500080565001284,0.0499919434211083,uniform,0.0999999999999999,0.1,0.05,0.02,0.5,anchor,local_mix,0.0,none,0.686194429566149,0.6852154288053748,0.5580397388951099,0.6337488684502359,0.7349595784459397,0.6852154288053749,0.8339429168370701,0.5815078489476153,12,,fixed,kmeans_known_k,True,full,results/experiments/neighbormix_beta_mechanism_20260617/full/Macosko/random_beta_uniform_0.1/seed1,negative,0.382798485100648,0.6174183150854969,0.17524125379446193,0.016330553364738987,2.0
Macosko,random_beta_uniform_0.1,2,random_beta_uniform_0.1,beta_control,pca_cosine_knn,0.3,1.0,1.0,0.9500379283470768,0.0499620717074722,uniform,0.0999999999999999,0.1,0.05,0.02,0.5,anchor,local_mix,0.0,none,0.6612212104981253,0.6684275645049572,0.5350112968845268,0.6340047564295133,0.7192299265935613,0.6684275645049571,0.8083079351190795,0.5698185699768625,12,,fixed,kmeans_known_k,True,full,results/experiments/neighbormix_beta_mechanism_20260617/full/Macosko/random_beta_uniform_0.1/seed2,negative,0.3038171975678505,0.4604124327872176,0.23119409931667623,0.17359232364229565,3.0
Macosko,snn_neighbormix,0,snn_neighbormix,snn_neighbormix,snn_jaccard_weighted_knn,0.3,1.0,1.0,0.8999998569488525,0.1000000163912773,fixed,0.0999999999999999,0.0999999999999999,0.05,0.02,0.5,anchor,local_mix,0.0,none,0.5494108194965185,0.6184822298843032,0.3816182885678859,0.565975996095651,0.6036338577504743,0.6184822298843033,0.811911617235336,0.4994851549930406,12,,fixed,kmeans_known_k,True,full,results/experiments/neighbormix_beta_mechanism_20260617/full/Macosko/snn_neighbormix/seed0,negative,0.3878266965764106,0.4836887227059757,-0.006208408008524735,0.08228727338967529,5.0
Macosko,snn_neighbormix,1,snn_neighbormix,snn_neighbormix,snn_jaccard_weighted_knn,0.3,1.0,1.0,0.8999998569488525,0.1000000163912773,fixed,0.0999999999999999,0.0999999999999999,0.05,0.02,0.5,anchor,local_mix,0.0,none,0.5186797000535619,0.6232931451474653,0.3842044161087966,0.5465961116429964,0.6056309324225063,0.6232931451474651,0.8295925387455648,0.499163403556703,12,,fixed,kmeans_known_k,True,full,results/experiments/neighbormix_beta_mechanism_20260617/full/Macosko/snn_neighbormix/seed1,negative,0.382798485100648,0.6174183150854969,0.0014059310081485643,-0.07082220344250056,6.0
Macosko,snn_neighbormix,2,snn_neighbormix,snn_neighbormix,snn_jaccard_weighted_knn,0.3,1.0,1.0,0.8999998569488525,0.1000000163912773,fixed,0.0999999999999999,0.0999999999999999,0.05,0.02,0.5,anchor,local_mix,0.0,none,0.6704606320299946,0.6855864374088196,0.5377214709113876,0.6519169503583494,0.7208616896829608,0.6855864374088196,0.8411549204113427,0.5785801790331365,12,,fixed,kmeans_known_k,True,full,results/experiments/neighbormix_beta_mechanism_20260617/full/Macosko/snn_neighbormix/seed2,negative,0.3038171975678505,0.4604124327872176,0.23390427334353703,0.1915045175711318,2.0
Macosko,truncated_normal_beta_mean0.05_std0.02,0,truncated_normal_beta_mean0.05_std0.02,beta_control,pca_cosine_knn,0.3,1.0,1.0,0.9499906004156384,0.0500093987810292,truncated_normal,0.0999999999999999,0.1,0.05,0.02,0.5,anchor,local_mix,0.0,none,0.6890287448669881,0.6889166699784006,0.5597810625708065,0.6529369924747571,0.7361125687348063,0.6889166699784006,0.840129643524162,0.5838337890460962,12,,fixed,kmeans_known_k,True,full,results/experiments/neighbormix_beta_mechanism_20260617/full/Macosko/truncated_normal_beta_mean0.05_std0.02/seed0,negative,0.3878266965764106,0.4836887227059757,0.1719543659943959,0.16924826976878143,1.0
Macosko,truncated_normal_beta_mean0.05_std0.02,1,truncated_normal_beta_mean0.05_std0.02,beta_control,pca_cosine_knn,0.3,1.0,1.0,0.9500141540169714,0.0499858447177601,truncated_normal,0.0999999999999999,0.1,0.05,0.02,0.5,anchor,local_mix,0.0,none,0.690858775218711,0.6751679945071453,0.5508046173376637,0.679337225879182,0.7301794507222492,0.6751679945071453,0.8161938380042968,0.5756964335188682,12,,fixed,kmeans_known_k,True,full,results/experiments/neighbormix_beta_mechanism_20260617/full/Macosko/truncated_normal_beta_mean0.05_std0.02/seed1,negative,0.382798485100648,0.6174183150854969,0.16800613223701572,0.061918910793685056,3.0
Macosko,truncated_normal_beta_mean0.05_std0.02,2,truncated_normal_beta_mean0.05_std0.02,beta_control,pca_cosine_knn,0.3,1.0,1.0,0.9499948500224524,0.050005148884175,truncated_normal,0.0999999999999999,0.1,0.05,0.02,0.5,anchor,local_mix,0.0,none,0.676486341724692,0.6562407550721688,0.5273288453864444,0.65532592637478,0.714689346973699,0.656240755072169,0.776542976097358,0.5682130546220525,12,,fixed,kmeans_known_k,True,full,results/experiments/neighbormix_beta_mechanism_20260617/full/Macosko/truncated_normal_beta_mean0.05_std0.02/seed2,negative,0.3038171975678505,0.4604124327872176,0.2235116478185939,0.19491349358756244,4.0
Melanoma_5K,fixed_beta_0.05,0,fixed_beta_0.05,beta_control,pca_cosine_knn,0.3,1.0,1.0,0.9499998688697816,0.0500000081956386,fixed,0.05,0.05,0.05,0.02,0.5,anchor,local_mix,0.0,none,0.7349878129847108,0.733473067579326,0.6660934704374768,0.6527968656196983,0.7323554628741523,0.733473067579326,0.7620200213462026,0.7069877445028829,9,,fixed,kmeans_known_k,True,full,results/experiments/neighbormix_beta_mechanism_20260617/full/Melanoma_5K/fixed_beta_0.05/seed0,positive,0.6632890209426363,0.6493543351571583,0.0028044494948404886,0.00344253046253995,1.0
Melanoma_5K,fixed_beta_0.05,1,fixed_beta_0.05,beta_control,pca_cosine_knn,0.3,1.0,1.0,0.9499998688697816,0.0500000081956386,fixed,0.05,0.05,0.05,0.02,0.5,anchor,local_mix,0.0,none,0.7356525592732107,0.7311071498119441,0.6615350247303361,0.6515212494286939,0.728614767963011,0.7311071498119442,0.7614393260207305,0.703098979736165,9,,fixed,kmeans_known_k,True,full,results/experiments/neighbormix_beta_mechanism_20260617/full/Melanoma_5K/fixed_beta_0.05/seed1,positive,0.6606235067505558,0.653429330393209,0.0009115179797802853,-0.0019080809645151131,3.0
Melanoma_5K,fixed_beta_0.05,2,fixed_beta_0.05,beta_control,pca_cosine_knn,0.3,1.0,1.0,0.9499998688697816,0.0500000081956386,fixed,0.05,0.05,0.05,0.02,0.5,anchor,local_mix,0.0,none,0.734323066696211,0.7321185916788424,0.6602314717992628,0.6475876256645573,0.7275335416048757,0.7321185916788423,0.7632039754016755,0.7034663290096789,9,,fixed,kmeans_known_k,True,full,results/experiments/neighbormix_beta_mechanism_20260617/full/Melanoma_5K/fixed_beta_0.05/seed2,positive,0.6629823767529525,0.6492363677351997,-0.0027509049536896812,-0.0016487420706423617,4.0
Melanoma_5K,fixed_beta_0.1,0,fixed_beta_0.1,beta_control,pca_cosine_knn,0.3,1.0,1.0,0.8999998569488525,0.1000000163912773,fixed,0.1,0.1,0.05,0.02,0.5,anchor,local_mix,0.0,none,0.7374252160425437,0.7357030066603475,0.6656074013919019,0.6535076277183821,0.7319345216398566,0.7357030066603475,0.7658066267500058,0.7078765979675794,9,,fixed,kmeans_known_k,True,full,results/experiments/neighbormix_beta_mechanism_20260617/full/Melanoma_5K/fixed_beta_0.1/seed0,positive,0.6632890209426363,0.6493543351571583,0.002318380449265578,0.004153292561223765,2.0
Melanoma_5K,fixed_beta_0.1,1,fixed_beta_0.1,beta_control,pca_cosine_knn,0.3,1.0,1.0,0.8999998569488525,0.1000000163912773,fixed,0.1,0.1,0.05,0.02,0.5,anchor,local_mix,0.0,none,0.7356525592732107,0.7307388877394358,0.6612296095332062,0.6521128184163776,0.7283744790706652,0.7307388877394357,0.7609014841685959,0.702876439289845,9,,fixed,kmeans_known_k,True,full,results/experiments/neighbormix_beta_mechanism_20260617/full/Melanoma_5K/fixed_beta_0.1/seed1,positive,0.6606235067505558,0.653429330393209,0.0006061027826503862,-0.0013165119768314693,4.0
Melanoma_5K,fixed_beta_0.1,2,fixed_beta_0.1,beta_control,pca_cosine_knn,0.3,1.0,1.0,0.8999998569488525,0.1000000163912773,fixed,0.1,0.1,0.05,0.02,0.5,anchor,local_mix,0.0,none,0.7367604697540439,0.7346901274822326,0.6653686873476252,0.6493684009149558,0.7317071823036021,0.7346901274822325,0.7657033192153212,0.7060913906983163,9,,fixed,kmeans_known_k,True,full,results/experiments/neighbormix_beta_mechanism_20260617/full/Melanoma_5K/fixed_beta_0.1/seed2,positive,0.6629823767529525,0.6492363677351997,0.002386310594672758,0.00013203317975618578,1.0
Melanoma_5K,gaussian_noise_matched_anchor_target,0,gaussian_noise_matched_anchor_target,beta_control,pca_cosine_knn,0.3,1.0,1.0,0.950003943460829,0.0499960566651733,truncated_normal,0.0999999999999999,0.1,0.05,0.02,0.5,anchor,gaussian_matched,0.0,none,0.730113006869045,0.7255503151945975,0.64451681169179,0.6544800969535545,0.7149018438754046,0.7255503151945975,0.7541401384176413,0.6990490232198314,9,,fixed,kmeans_known_k,True,full,results/experiments/neighbormix_beta_mechanism_20260617/full/Melanoma_5K/gaussian_noise_matched_anchor_target/seed0,positive,0.6632890209426363,0.6493543351571583,-0.018772209250846328,0.005125761796396122,8.0
Melanoma_5K,gaussian_noise_matched_anchor_target,1,gaussian_noise_matched_anchor_target,beta_control,pca_cosine_knn,0.3,1.0,1.0,0.9500174491282772,0.0499825502006227,truncated_normal,0.0999999999999999,0.1,0.05,0.02,0.5,anchor,gaussian_matched,0.0,none,0.7376467981387104,0.7283703677878641,0.6498111833831393,0.6573087241462439,0.7192992840297158,0.728370367787864,0.754817991123579,0.7037133692208892,9,,fixed,kmeans_known_k,True,full,results/experiments/neighbormix_beta_mechanism_20260617/full/Melanoma_5K/gaussian_noise_matched_anchor_target/seed1,positive,0.6606235067505558,0.653429330393209,-0.010812323367416554,0.00387939375303481,8.0
Melanoma_5K,gaussian_noise_matched_anchor_target,2,gaussian_noise_matched_anchor_target,beta_control,pca_cosine_knn,0.3,1.0,1.0,0.9499905017368931,0.0500094983452821,truncated_normal,0.0999999999999999,0.1,0.05,0.02,0.5,anchor,gaussian_matched,0.0,none,0.7287835142920452,0.7253841217334175,0.6392097214379324,0.6506963682403365,0.7106118664894643,0.7253841217334175,0.7542782067888263,0.6986220532467339,9,,fixed,kmeans_known_k,True,full,results/experiments/neighbormix_beta_mechanism_20260617/full/Melanoma_5K/gaussian_noise_matched_anchor_target/seed2,positive,0.6629823767529525,0.6492363677351997,-0.02377265531502004,0.001460000505136838,8.0
Melanoma_5K,global_random_neighbor_control,0,global_random_neighbor_control,global_random_neighbor_control,global_random_excluding_self,0.3,1.0,1.0,0.8999998569488525,0.1000000163912773,fixed,0.0999999999999999,0.0999999999999999,0.05,0.02,0.5,anchor,local_mix,0.0,none,0.7323288278307113,0.7276853308460943,0.6506454431299864,0.6521730882726837,0.7198613932618368,0.7276853308460943,0.7566934756529352,0.7008191504777187,9,,fixed,kmeans_known_k,True,full,results/experiments/neighbormix_beta_mechanism_20260617/full/Melanoma_5K/global_random_neighbor_control/seed0,positive,0.6632890209426363,0.6493543351571583,-0.012643577812649909,0.0028187531155253742,7.0
Melanoma_5K,global_random_neighbor_control,1,global_random_neighbor_control,global_random_neighbor_control,global_random_excluding_self,0.3,1.0,1.0,0.8999998569488525,0.1000000163912773,fixed,0.0999999999999999,0.0999999999999999,0.05,0.02,0.5,anchor,local_mix,0.0,none,0.7385331265233769,0.7283923497784854,0.6526262841195906,0.6558013236892433,0.7215539925770028,0.7283923497784854,0.75527217829153,0.7033600526266209,9,,fixed,kmeans_known_k,True,full,results/experiments/neighbormix_beta_mechanism_20260617/full/Melanoma_5K/global_random_neighbor_control/seed1,positive,0.6606235067505558,0.653429330393209,-0.00799722263096525,0.002371993296034214,7.0
Melanoma_5K,global_random_neighbor_control,2,global_random_neighbor_control,global_random_neighbor_control,global_random_excluding_self,0.3,1.0,1.0,0.8999998569488525,0.1000000163912773,fixed,0.0999999999999999,0.0999999999999999,0.05,0.02,0.5,anchor,local_mix,0.0,none,0.7345446487923776,0.7324668867832551,0.6579294293488366,0.649529702124003,0.7257077571522956,0.7324668867832551,0.7626814577012105,0.7045550649340421,9,,fixed,kmeans_known_k,True,full,results/experiments/neighbormix_beta_mechanism_20260617/full/Melanoma_5K/global_random_neighbor_control/seed2,positive,0.6629823767529525,0.6492363677351997,-0.005052947404115882,0.0002933343888033013,7.0
Melanoma_5K,nm_scmae_nomix,0,nm_scmae_nomix,nm_scmae_nomix,none,0.0,1.0,1.0,1.0,0.0,fixed,0.0999999999999999,0.0999999999999999,0.05,0.02,0.5,anchor,local_mix,0.0,none,0.7365388876578772,0.7324219572324416,0.6632890209426363,0.6493543351571583,0.7300468685947541,0.7324219572324416,0.7626536505838263,0.7044956546664538,9,,fixed,kmeans_known_k,True,full,results/experiments/neighbormix_beta_mechanism_20260617/full/Melanoma_5K/nm_scmae_nomix/seed0,positive,0.6632890209426363,0.6493543351571583,0.0,0.0,4.0
Melanoma_5K,nm_scmae_nomix,1,nm_scmae_nomix,nm_scmae_nomix,none,0.0,1.0,1.0,1.0,0.0,fixed,0.0999999999999999,0.0999999999999999,0.05,0.02,0.5,anchor,local_mix,0.0,none,0.7358741413693773,0.7324353866409977,0.6606235067505558,0.653429330393209,0.7279039781294432,0.7324353866409978,0.7620876043766427,0.7050042369685868,9,,fixed,kmeans_known_k,True,full,results/experiments/neighbormix_beta_mechanism_20260617/full/Melanoma_5K/nm_scmae_nomix/seed1,positive,0.6606235067505558,0.653429330393209,0.0,0.0,5.0
Melanoma_5K,nm_scmae_nomix,2,nm_scmae_nomix,nm_scmae_nomix,none,0.0,1.0,1.0,1.0,0.0,fixed,0.0999999999999999,0.0999999999999999,0.05,0.02,0.5,anchor,local_mix,0.0,none,0.736095723465544,0.732759177503414,0.6629823767529525,0.6492363677351997,0.7297697599690081,0.732759177503414,0.7635816796095881,0.7043284720618377,9,,fixed,kmeans_known_k,True,full,results/experiments/neighbormix_beta_mechanism_20260617/full/Melanoma_5K/nm_scmae_nomix/seed2,positive,0.6629823767529525,0.6492363677351997,0.0,0.0,2.0
Melanoma_5K,random_beta_uniform_0.1,0,random_beta_uniform_0.1,beta_control,pca_cosine_knn,0.3,1.0,1.0,0.9500355257707482,0.0499644739388981,uniform,0.0999999999999999,0.1,0.05,0.02,0.5,anchor,local_mix,0.0,none,0.7349878129847108,0.7319986620816552,0.6578141902800557,0.6554824202470165,0.7256585919202952,0.7319986620816552,0.7610869313446971,0.7050520125709631,9,,fixed,kmeans_known_k,True,full,results/experiments/neighbormix_beta_mechanism_20260617/full/Melanoma_5K/random_beta_uniform_0.1/seed0,positive,0.6632890209426363,0.6493543351571583,-0.005474830662580588,0.006128085089858182,5.0
Melanoma_5K,random_beta_uniform_0.1,1,random_beta_uniform_0.1,beta_control,pca_cosine_knn,0.3,1.0,1.0,0.9500087772222126,0.0499912233749295,uniform,0.0999999999999999,0.1,0.05,0.02,0.5,anchor,local_mix,0.0,none,0.8393529802791935,0.7629319934302364,0.7579288397856164,0.6834516053615586,0.8082777660663347,0.7629319934302363,0.7609929939251425,0.764880899263756,9,,fixed,kmeans_known_k,True,full,results/experiments/neighbormix_beta_mechanism_20260617/full/Melanoma_5K/random_beta_uniform_0.1/seed1,positive,0.6606235067505558,0.653429330393209,0.09730533303506061,0.030022274968349527,1.0
Melanoma_5K,random_beta_uniform_0.1,2,random_beta_uniform_0.1,beta_control,pca_cosine_knn,0.3,1.0,1.0,0.9500126178650294,0.0499873835401719,uniform,0.0999999999999999,0.1,0.05,0.02,0.5,anchor,local_mix,0.0,none,0.7349878129847108,0.7330669342854556,0.6595564377199592,0.6506056480425438,0.7270137294974448,0.7330669342854557,0.7634012592450742,0.7050511932196855,9,,fixed,kmeans_known_k,True,full,results/experiments/neighbormix_beta_mechanism_20260617/full/Melanoma_5K/random_beta_uniform_0.1/seed2,positive,0.6629823767529525,0.6492363677351997,-0.0034259390329932637,0.0013692803073441784,5.0
Melanoma_5K,snn_neighbormix,0,snn_neighbormix,snn_neighbormix,snn_jaccard_weighted_knn,0.3,1.0,1.0,0.8999998569488525,0.1000000163912773,fixed,0.0999999999999999,0.0999999999999999,0.05,0.02,0.5,anchor,local_mix,0.0,none,0.7369820518502105,0.7345467778451625,0.664731469158731,0.6533014778022337,0.7312211036531935,0.7345467778451625,0.7646559116916923,0.7067189721624156,9,,fixed,kmeans_known_k,True,full,results/experiments/neighbormix_beta_mechanism_20260617/full/Melanoma_5K/snn_neighbormix/seed0,positive,0.6632890209426363,0.6493543351571583,0.0014424482160947383,0.003947142645075341,3.0
Melanoma_5K,snn_neighbormix,1,snn_neighbormix,snn_neighbormix,snn_jaccard_weighted_knn,0.3,1.0,1.0,0.8999998569488525,0.1000000163912773,fixed,0.0999999999999999,0.0999999999999999,0.05,0.02,0.5,anchor,local_mix,0.0,none,0.7232439618878794,0.7213789527970443,0.6585471607341504,0.5266687643166059,0.7262115578097317,0.7213789527970443,0.7497254410448154,0.6950978864356832,9,,fixed,kmeans_known_k,True,full,results/experiments/neighbormix_beta_mechanism_20260617/full/Melanoma_5K/snn_neighbormix/seed1,positive,0.6606235067505558,0.653429330393209,-0.0020763460164053837,-0.12676056607660313,6.0
Melanoma_5K,snn_neighbormix,2,snn_neighbormix,snn_neighbormix,snn_jaccard_weighted_knn,0.3,1.0,1.0,0.8999998569488525,0.1000000163912773,fixed,0.0999999999999999,0.0999999999999999,0.05,0.02,0.5,anchor,local_mix,0.0,none,0.7347662308885442,0.7242074761681234,0.6588176285483427,0.6307522872653443,0.7263877457722503,0.7242074761681233,0.7555775989872409,0.6953383698165995,9,,fixed,kmeans_known_k,True,full,results/experiments/neighbormix_beta_mechanism_20260617/full/Melanoma_5K/snn_neighbormix/seed2,positive,0.6629823767529525,0.6492363677351997,-0.0041647482046097695,-0.01848408046985539,6.0
Melanoma_5K,truncated_normal_beta_mean0.05_std0.02,0,truncated_normal_beta_mean0.05_std0.02,beta_control,pca_cosine_knn,0.3,1.0,1.0,0.9499980870415182,0.0500019133748377,truncated_normal,0.0999999999999999,0.1,0.05,0.02,0.5,anchor,local_mix,0.0,none,0.7345446487923776,0.7306368471310641,0.6567315111663948,0.6550672647538958,0.7247761473376464,0.730636847131064,0.7597871040355368,0.7036407218970304,9,,fixed,kmeans_known_k,True,full,results/experiments/neighbormix_beta_mechanism_20260617/full/Melanoma_5K/truncated_normal_beta_mean0.05_std0.02/seed0,positive,0.6632890209426363,0.6493543351571583,-0.006557509776241477,0.005712929596737415,6.0
Melanoma_5K,truncated_normal_beta_mean0.05_std0.02,1,truncated_normal_beta_mean0.05_std0.02,beta_control,pca_cosine_knn,0.3,1.0,1.0,0.9500171209521152,0.049982877297546,truncated_normal,0.0999999999999999,0.1,0.05,0.02,0.5,anchor,local_mix,0.0,none,0.7367604697540439,0.733558457528846,0.6619387347706249,0.6545038458555835,0.728977038885434,0.7335584575288461,0.7632362014540507,0.706102312781264,9,,fixed,kmeans_known_k,True,full,results/experiments/neighbormix_beta_mechanism_20260617/full/Melanoma_5K/truncated_normal_beta_mean0.05_std0.02/seed1,positive,0.6606235067505558,0.653429330393209,0.0013152280200691147,0.0010745154623744702,2.0
Melanoma_5K,truncated_normal_beta_mean0.05_std0.02,2,truncated_normal_beta_mean0.05_std0.02,beta_control,pca_cosine_knn,0.3,1.0,1.0,0.9500066870275664,0.0499933122465496,truncated_normal,0.0999999999999999,0.1,0.05,0.02,0.5,anchor,local_mix,0.0,none,0.7354309771770441,0.7332710317434945,0.6608251761448788,0.6508344890564367,0.7280374527577141,0.7332710317434946,0.7636706008044242,0.7051990499265158,9,,fixed,kmeans_known_k,True,full,results/experiments/neighbormix_beta_mechanism_20260617/full/Melanoma_5K/truncated_normal_beta_mean0.05_std0.02/seed2,positive,0.6629823767529525,0.6492363677351997,-0.0021572006080736728,0.0015981213212370449,3.0
Pollen,fixed_beta_0.05,0,fixed_beta_0.05,beta_control,pca_cosine_knn,0.3,1.0,1.0,0.9499998688697816,0.0500000081956386,fixed,0.05,0.05,0.05,0.02,0.5,anchor,local_mix,0.0,none,0.8770764119601329,0.9326978141586804,0.9139044285681596,0.753825884260667,0.924080404661744,0.9326978141586802,0.9200311418064626,0.9457181362159056,11,,fixed,kmeans_known_k,True,full,results/experiments/neighbormix_beta_mechanism_20260617/full/Pollen/fixed_beta_0.05/seed0,optional,0.9146531193248576,0.7713381694705973,-0.0007486907566980339,-0.01751228520993031,3.0
Pollen,fixed_beta_0.05,1,fixed_beta_0.05,beta_control,pca_cosine_knn,0.3,1.0,1.0,0.9499998688697816,0.0500000081956386,fixed,0.05,0.05,0.05,0.02,0.5,anchor,local_mix,0.0,none,0.8837209302325582,0.9284487965758044,0.9090415528973084,0.7612327970536925,0.9199704028123612,0.928448796575804,0.9144428666104204,0.9428904396182772,11,,fixed,kmeans_known_k,True,full,results/experiments/neighbormix_beta_mechanism_20260617/full/Pollen/fixed_beta_0.05/seed1,optional,0.9149502753877962,0.7556659027247263,-0.005908722490487794,0.0055668943289661765,7.0
Pollen,fixed_beta_0.05,2,fixed_beta_0.05,beta_control,pca_cosine_knn,0.3,1.0,1.0,0.9499998688697816,0.0500000081956386,fixed,0.05,0.05,0.05,0.02,0.5,anchor,local_mix,0.0,none,0.8803986710963455,0.915462044941003,0.9007142898244723,0.7471811134601832,0.9126943801832236,0.915462044941003,0.8986919590100724,0.9328699102279414,11,,fixed,kmeans_known_k,True,full,results/experiments/neighbormix_beta_mechanism_20260617/full/Pollen/fixed_beta_0.05/seed2,optional,0.910607240445616,0.7475385386970753,-0.009892950621143703,-0.00035742523689208383,8.0
Pollen,fixed_beta_0.1,0,fixed_beta_0.1,beta_control,pca_cosine_knn,0.3,1.0,1.0,0.8999998569488525,0.1000000163912773,fixed,0.1,0.1,0.05,0.02,0.5,anchor,local_mix,0.0,none,0.8770764119601329,0.9237620871160372,0.905287513612575,0.7673841881281301,0.9165749607718636,0.923762087116037,0.9100878968393954,0.9378534586078988,11,,fixed,kmeans_known_k,True,full,results/experiments/neighbormix_beta_mechanism_20260617/full/Pollen/fixed_beta_0.1/seed0,optional,0.9146531193248576,0.7713381694705973,-0.00936560571228262,-0.003953981342467161,6.0
Pollen,fixed_beta_0.1,1,fixed_beta_0.1,beta_control,pca_cosine_knn,0.3,1.0,1.0,0.8999998569488525,0.1000000163912773,fixed,0.1,0.1,0.05,0.02,0.5,anchor,local_mix,0.0,none,0.8770764119601329,0.9278341875956972,0.9079614013909724,0.7541862550789209,0.9190206645506246,0.9278341875956972,0.9137369263164616,0.942373254151642,11,,fixed,kmeans_known_k,True,full,results/experiments/neighbormix_beta_mechanism_20260617/full/Pollen/fixed_beta_0.1/seed1,optional,0.9149502753877962,0.7556659027247263,-0.006988873996823797,-0.0014796476458054375,8.0
Pollen,fixed_beta_0.1,2,fixed_beta_0.1,beta_control,pca_cosine_knn,0.3,1.0,1.0,0.8999998569488525,0.1000000163912773,fixed,0.1,0.1,0.05,0.02,0.5,anchor,local_mix,0.0,none,0.8870431893687708,0.917703765587354,0.9106583361832092,0.7808794466403163,0.9210327178851672,0.9177037655873538,0.9093124240147972,0.9262514240998948,11,,fixed,kmeans_known_k,True,full,results/experiments/neighbormix_beta_mechanism_20260617/full/Pollen/fixed_beta_0.1/seed2,optional,0.910607240445616,0.7475385386970753,5.1095737593209734e-05,0.03334090794324096,3.0
Pollen,gaussian_noise_matched_anchor_target,0,gaussian_noise_matched_anchor_target,beta_control,pca_cosine_knn,0.3,1.0,1.0,0.9500310868024826,0.0499689104035496,truncated_normal,0.0999999999999999,0.1,0.05,0.02,0.5,anchor,gaussian_matched,0.0,none,0.893687707641196,0.9253305780665448,0.9039391192601204,0.7476515579282378,0.9160081717071892,0.9253305780665448,0.9023720938712112,0.9494877973979914,11,,fixed,kmeans_known_k,True,full,results/experiments/neighbormix_beta_mechanism_20260617/full/Pollen/gaussian_noise_matched_anchor_target/seed0,optional,0.9146531193248576,0.7713381694705973,-0.010714000064737217,-0.023686611542359515,7.0
Pollen,gaussian_noise_matched_anchor_target,1,gaussian_noise_matched_anchor_target,beta_control,pca_cosine_knn,0.3,1.0,1.0,0.9498653575778008,0.0501346371136605,truncated_normal,0.0999999999999999,0.1,0.05,0.02,0.5,anchor,gaussian_matched,0.0,none,0.8870431893687708,0.9319440568892242,0.9134102905702886,0.7536192737038402,0.9238360655630264,0.9319440568892242,0.91734985148118,0.9470101304764792,11,,fixed,kmeans_known_k,True,full,results/experiments/neighbormix_beta_mechanism_20260617/full/Pollen/gaussian_noise_matched_anchor_target/seed1,optional,0.9149502753877962,0.7556659027247263,-0.0015399848175076114,-0.002046629020886148,4.0
Pollen,gaussian_noise_matched_anchor_target,2,gaussian_noise_matched_anchor_target,beta_control,pca_cosine_knn,0.3,1.0,1.0,0.9498830281198024,0.0501169735565781,truncated_normal,0.0999999999999999,0.1,0.05,0.02,0.5,anchor,gaussian_matched,0.0,none,0.903654485049834,0.9302479661057276,0.915968562819824,0.7615277968219144,0.926587426955536,0.9302479661057276,0.9087023410926446,0.9528401118716618,11,,fixed,kmeans_known_k,True,full,results/experiments/neighbormix_beta_mechanism_20260617/full/Pollen/gaussian_noise_matched_anchor_target/seed2,optional,0.910607240445616,0.7475385386970753,0.005361322374207944,0.013989258124839088,1.0
Pollen,global_random_neighbor_control,0,global_random_neighbor_control,global_random_neighbor_control,global_random_excluding_self,0.3,1.0,1.0,0.8999998569488525,0.1000000163912773,fixed,0.0999999999999999,0.0999999999999999,0.05,0.02,0.5,anchor,local_mix,0.0,none,0.8870431893687708,0.9205413170394326,0.90217305672212,0.7388609414301114,0.9142996287457976,0.9205413170394326,0.8983141878189089,0.9438962914176654,11,,fixed,kmeans_known_k,True,full,results/experiments/neighbormix_beta_mechanism_20260617/full/Pollen/global_random_neighbor_control/seed0,optional,0.9146531193248576,0.7713381694705973,-0.012480062602737596,-0.03247722804048592,8.0
Pollen,global_random_neighbor_control,1,global_random_neighbor_control,global_random_neighbor_control,global_random_excluding_self,0.3,1.0,1.0,0.8999998569488525,0.1000000163912773,fixed,0.0999999999999999,0.0999999999999999,0.05,0.02,0.5,anchor,local_mix,0.0,none,0.8837209302325582,0.9313830681818762,0.9109989315735116,0.7496776648136797,0.9216980060803432,0.9313830681818762,0.9167976478338,0.9464400726655898,11,,fixed,kmeans_known_k,True,full,results/experiments/neighbormix_beta_mechanism_20260617/full/Pollen/global_random_neighbor_control/seed1,optional,0.9149502753877962,0.7556659027247263,-0.003951343814284525,-0.005988237911046634,6.0
Pollen,global_random_neighbor_control,2,global_random_neighbor_control,global_random_neighbor_control,global_random_excluding_self,0.3,1.0,1.0,0.8999998569488525,0.1000000163912773,fixed,0.0999999999999999,0.0999999999999999,0.05,0.02,0.5,anchor,local_mix,0.0,none,0.8803986710963455,0.9276634571151922,0.9101471879010125,0.7473435655253837,0.920899804402921,0.927663457115192,0.9136613015938814,0.9421014673934934,11,,fixed,kmeans_known_k,True,full,results/experiments/neighbormix_beta_mechanism_20260617/full/Pollen/global_random_neighbor_control/seed2,optional,0.910607240445616,0.7475385386970753,-0.00046005254460357303,-0.00019497317169159256,5.0
Pollen,nm_scmae_nomix,0,nm_scmae_nomix,nm_scmae_nomix,none,0.0,1.0,1.0,1.0,0.0,fixed,0.0999999999999999,0.0999999999999999,0.05,0.02,0.5,anchor,local_mix,0.0,none,0.8903654485049833,0.923504310148831,0.9146531193248576,0.7713381694705973,0.9247339988229214,0.9235043101488312,0.910736660501766,0.936635029958763,11,,fixed,kmeans_known_k,True,full,results/experiments/neighbormix_beta_mechanism_20260617/full/Pollen/nm_scmae_nomix/seed0,optional,0.9146531193248576,0.7713381694705973,0.0,0.0,2.0
Pollen,nm_scmae_nomix,1,nm_scmae_nomix,nm_scmae_nomix,none,0.0,1.0,1.0,1.0,0.0,fixed,0.0999999999999999,0.0999999999999999,0.05,0.02,0.5,anchor,local_mix,0.0,none,0.8737541528239202,0.9238157738046444,0.9149502753877962,0.7556659027247263,0.9247003586694416,0.9238157738046444,0.9171506242007468,0.9305785069955006,11,,fixed,kmeans_known_k,True,full,results/experiments/neighbormix_beta_mechanism_20260617/full/Pollen/nm_scmae_nomix/seed1,optional,0.9149502753877962,0.7556659027247263,0.0,0.0,3.0
Pollen,nm_scmae_nomix,2,nm_scmae_nomix,nm_scmae_nomix,none,0.0,1.0,1.0,1.0,0.0,fixed,0.0999999999999999,0.0999999999999999,0.05,0.02,0.5,anchor,local_mix,0.0,none,0.8637873754152824,0.9195521622173656,0.910607240445616,0.7475385386970753,0.920800659695286,0.9195521622173656,0.9138935805389838,0.9252812532829676,11,,fixed,kmeans_known_k,True,full,results/experiments/neighbormix_beta_mechanism_20260617/full/Pollen/nm_scmae_nomix/seed2,optional,0.910607240445616,0.7475385386970753,0.0,0.0,4.0
Pollen,random_beta_uniform_0.1,0,random_beta_uniform_0.1,beta_control,pca_cosine_knn,0.3,1.0,1.0,0.9501765869557858,0.0498234114143997,uniform,0.0999999999999999,0.1,0.05,0.02,0.5,anchor,local_mix,0.0,none,0.8903654485049833,0.9230849297503116,0.9127735023000468,0.7780303030303031,0.9230631094199392,0.9230849297503116,0.9103749789782378,0.9361547984061228,11,,fixed,kmeans_known_k,True,full,results/experiments/neighbormix_beta_mechanism_20260617/full/Pollen/random_beta_uniform_0.1/seed0,optional,0.9146531193248576,0.7713381694705973,-0.0018796170248107646,0.006692133559705771,4.0
Pollen,random_beta_uniform_0.1,1,random_beta_uniform_0.1,beta_control,pca_cosine_knn,0.3,1.0,1.0,0.9500575192272664,0.0499424777925014,uniform,0.0999999999999999,0.1,0.05,0.02,0.5,anchor,local_mix,0.0,none,0.8837209302325582,0.9313937964016326,0.9192071685633736,0.7592818945760123,0.9286351110096018,0.9313937964016328,0.9198715710404636,0.9432083358992184,11,,fixed,kmeans_known_k,True,full,results/experiments/neighbormix_beta_mechanism_20260617/full/Pollen/random_beta_uniform_0.1/seed1,optional,0.9149502753877962,0.7556659027247263,0.004256893175577425,0.0036159918512859157,2.0
Pollen,random_beta_uniform_0.1,2,random_beta_uniform_0.1,beta_control,pca_cosine_knn,0.3,1.0,1.0,0.94989939853549,0.0501006066333502,uniform,0.0999999999999999,0.1,0.05,0.02,0.5,anchor,local_mix,0.0,none,0.8704318936877077,0.919320447130934,0.902585506212634,0.7330172763576569,0.9141984590981548,0.919320447130934,0.9054069076094576,0.9336682839538716,11,,fixed,kmeans_known_k,True,full,results/experiments/neighbormix_beta_mechanism_20260617/full/Pollen/random_beta_uniform_0.1/seed2,optional,0.910607240445616,0.7475385386970753,-0.008021734232982025,-0.014521262339418417,7.0
Pollen,snn_neighbormix,0,snn_neighbormix,snn_neighbormix,snn_jaccard_weighted_knn,0.3,1.0,1.0,0.8999998569488525,0.1000000163912773,fixed,0.0999999999999999,0.0999999999999999,0.05,0.02,0.5,anchor,local_mix,0.0,none,0.8870431893687708,0.9199855131550078,0.9116191252924276,0.7719850590663988,0.921917400986204,0.9199855131550077,0.9083782954565538,0.9318932033063332,11,,fixed,kmeans_known_k,True,full,results/experiments/neighbormix_beta_mechanism_20260617/full/Pollen/snn_neighbormix/seed0,optional,0.9146531193248576,0.7713381694705973,-0.0030339940324299874,0.0006468895958015031,5.0
Pollen,snn_neighbormix,1,snn_neighbormix,snn_neighbormix,snn_jaccard_weighted_knn,0.3,1.0,1.0,0.8999998569488525,0.1000000163912773,fixed,0.0999999999999999,0.0999999999999999,0.05,0.02,0.5,anchor,local_mix,0.0,none,0.903654485049834,0.9367542433126528,0.9226069311912568,0.7767776064113466,0.9320490648397876,0.9367542433126528,0.9198671671541708,0.9542729465557758,11,,fixed,kmeans_known_k,True,full,results/experiments/neighbormix_beta_mechanism_20260617/full/Pollen/snn_neighbormix/seed1,optional,0.9149502753877962,0.7556659027247263,0.0076566558034606436,0.021111703686620298,1.0
Pollen,snn_neighbormix,2,snn_neighbormix,snn_neighbormix,snn_jaccard_weighted_knn,0.3,1.0,1.0,0.8999998569488525,0.1000000163912773,fixed,0.0999999999999999,0.0999999999999999,0.05,0.02,0.5,anchor,local_mix,0.0,none,0.8704318936877077,0.9216425273868202,0.9041079541837655,0.7357208448117539,0.9154904912957542,0.92164252738682,0.9093204059047104,0.9343031883744266,11,,fixed,kmeans_known_k,True,full,results/experiments/neighbormix_beta_mechanism_20260617/full/Pollen/snn_neighbormix/seed2,optional,0.910607240445616,0.7475385386970753,-0.006499286261850479,-0.01181769388532139,6.0
Pollen,truncated_normal_beta_mean0.05_std0.02,0,truncated_normal_beta_mean0.05_std0.02,beta_control,pca_cosine_knn,0.3,1.0,1.0,0.9499052003026008,0.0500948044937104,truncated_normal,0.0999999999999999,0.1,0.05,0.02,0.5,anchor,local_mix,0.0,none,0.8770764119601329,0.928582436539922,0.9153450726642576,0.7414572371732714,0.925259522151222,0.928582436539922,0.9164012431081726,0.9410918276785784,11,,fixed,kmeans_known_k,True,full,results/experiments/neighbormix_beta_mechanism_20260617/full/Pollen/truncated_normal_beta_mean0.05_std0.02/seed0,optional,0.9146531193248576,0.7713381694705973,0.0006919533393999755,-0.029880932297325913,1.0
Pollen,truncated_normal_beta_mean0.05_std0.02,1,truncated_normal_beta_mean0.05_std0.02,beta_control,pca_cosine_knn,0.3,1.0,1.0,0.9499892309308052,0.0500107718165963,truncated_normal,0.0999999999999999,0.1,0.05,0.02,0.5,anchor,local_mix,0.0,none,0.893687707641196,0.9280583377789964,0.9128442070173244,0.7496907854050712,0.923442908128384,0.9280583377789964,0.9097496086699174,0.9471191292385364,11,,fixed,kmeans_known_k,True,full,results/experiments/neighbormix_beta_mechanism_20260617/full/Pollen/truncated_normal_beta_mean0.05_std0.02/seed1,optional,0.9149502753877962,0.7556659027247263,-0.002106068370471781,-0.0059751173196551655,5.0
Pollen,truncated_normal_beta_mean0.05_std0.02,2,truncated_normal_beta_mean0.05_std0.02,beta_control,pca_cosine_knn,0.3,1.0,1.0,0.9499409645795822,0.05005903262645,truncated_normal,0.0999999999999999,0.1,0.05,0.02,0.5,anchor,local_mix,0.0,none,0.8803986710963455,0.9269616578009842,0.915185305132936,0.7708882377784818,0.9250011392091084,0.9269616578009844,0.9173887130158134,0.9367364965718448,11,,fixed,kmeans_known_k,True,full,results/experiments/neighbormix_beta_mechanism_20260617/full/Pollen/truncated_normal_beta_mean0.05_std0.02/seed2,optional,0.910607240445616,0.7475385386970753,0.004578064687319916,0.023349699081406494,2.0
Shekhar,fixed_beta_0.05,0,fixed_beta_0.05,beta_control,pca_cosine_knn,0.3,1.0,1.0,0.9499998688697816,0.0500000081956386,fixed,0.05,0.05,0.05,0.02,0.5,anchor,local_mix,0.0,none,0.8224375698844577,0.8922134966736751,0.6942091312361791,0.8894172880762358,0.7637095869937133,0.8922134966736752,0.9473099379937032,0.8431737164220044,18,,fixed,kmeans_known_k,True,full,results/experiments/neighbormix_beta_mechanism_20260617/full/Shekhar/fixed_beta_0.05/seed0,positive,0.6929122403288671,0.8934769037671914,0.0012968909073119983,-0.004059615690955587,4.0
Shekhar,fixed_beta_0.05,1,fixed_beta_0.05,beta_control,pca_cosine_knn,0.3,1.0,1.0,0.9499998688697816,0.0500000081956386,fixed,0.05,0.05,0.05,0.02,0.5,anchor,local_mix,0.0,none,0.8143496086470369,0.8880149221061316,0.6997587604617636,0.8136490507523635,0.7670121810270967,0.8880149221061318,0.9370139328283033,0.8438858333610615,18,,fixed,kmeans_known_k,True,full,results/experiments/neighbormix_beta_mechanism_20260617/full/Shekhar/fixed_beta_0.05/seed1,positive,0.5458699179711232,0.8198057388396296,0.1538888424906404,-0.0061566880872661045,5.0
Shekhar,fixed_beta_0.05,2,fixed_beta_0.05,beta_control,pca_cosine_knn,0.3,1.0,1.0,0.9499998688697816,0.0500000081956386,fixed,0.05,0.05,0.05,0.02,0.5,anchor,local_mix,0.0,none,0.7360417443160641,0.8582321125271546,0.6553202858345654,0.7485650173319004,0.7317085629158673,0.8582321125271547,0.9195463384626078,0.8045834701384739,18,,fixed,kmeans_known_k,True,full,results/experiments/neighbormix_beta_mechanism_20260617/full/Shekhar/fixed_beta_0.05/seed2,positive,0.6770141511631166,0.8319132354007617,-0.02169386532855122,-0.08334821806886128,7.0
Shekhar,fixed_beta_0.1,0,fixed_beta_0.1,beta_control,pca_cosine_knn,0.3,1.0,1.0,0.8999998569488525,0.1000000163912773,fixed,0.1,0.1,0.05,0.02,0.5,anchor,local_mix,0.0,none,0.808460678345136,0.890484741400923,0.6861759535156575,0.8855256294343744,0.7575138043175614,0.8904847414009232,0.9459919940078982,0.8411303742851528,18,,fixed,kmeans_known_k,True,full,results/experiments/neighbormix_beta_mechanism_20260617/full/Shekhar/fixed_beta_0.1/seed0,positive,0.6929122403288671,0.8934769037671914,-0.006736286813209591,-0.007951274332816949,6.0
Shekhar,fixed_beta_0.1,1,fixed_beta_0.1,beta_control,pca_cosine_knn,0.3,1.0,1.0,0.8999998569488525,0.1000000163912773,fixed,0.1,0.1,0.05,0.02,0.5,anchor,local_mix,0.0,none,0.8020872158032054,0.8867333218439905,0.6865146241009232,0.8916184443012364,0.7570144035013852,0.8867333218439905,0.9366906334172392,0.8418350244658216,18,,fixed,kmeans_known_k,True,full,results/experiments/neighbormix_beta_mechanism_20260617/full/Shekhar/fixed_beta_0.1/seed1,positive,0.5458699179711232,0.8198057388396296,0.14064470612980007,0.07181270546160679,6.0
Shekhar,fixed_beta_0.1,2,fixed_beta_0.1,beta_control,pca_cosine_knn,0.3,1.0,1.0,0.8999998569488525,0.1000000163912773,fixed,0.1,0.1,0.05,0.02,0.5,anchor,local_mix,0.0,none,0.7569139023481177,0.8733091226825894,0.6600108301028441,0.8145569310729801,0.7367814599335858,0.8733091226825894,0.936186546105288,0.8183462482714926,18,,fixed,kmeans_known_k,True,full,results/experiments/neighbormix_beta_mechanism_20260617/full/Shekhar/fixed_beta_0.1/seed2,positive,0.6770141511631166,0.8319132354007617,-0.01700332106027247,-0.01735630432778157,5.0
Shekhar,gaussian_noise_matched_anchor_target,0,gaussian_noise_matched_anchor_target,beta_control,pca_cosine_knn,0.3,1.0,1.0,0.949995470276246,0.0500045289737709,truncated_normal,0.0999999999999999,0.1,0.05,0.02,0.5,anchor,gaussian_matched,0.0,none,0.9603056280283264,0.9337459982672356,0.960512818587288,0.8839139470828958,0.9687426857141648,0.9337459982672356,0.922719472004805,0.9450392465263298,18,,fixed,kmeans_known_k,True,full,results/experiments/neighbormix_beta_mechanism_20260617/full/Shekhar/gaussian_noise_matched_anchor_target/seed0,positive,0.6929122403288671,0.8934769037671914,0.2676005782584209,-0.00956295668429552,2.0
Shekhar,gaussian_noise_matched_anchor_target,1,gaussian_noise_matched_anchor_target,beta_control,pca_cosine_knn,0.3,1.0,1.0,0.9500106513786776,0.0499893479026818,truncated_normal,0.0999999999999999,0.1,0.05,0.02,0.5,anchor,gaussian_matched,0.0,none,0.9580320536712637,0.9317923476344168,0.9607459872059152,0.8868034770070493,0.9689257884958896,0.9317923476344168,0.91960443010716,0.9443076679179424,18,,fixed,kmeans_known_k,True,full,results/experiments/neighbormix_beta_mechanism_20260617/full/Shekhar/gaussian_noise_matched_anchor_target/seed1,positive,0.5458699179711232,0.8198057388396296,0.41487606923479203,0.06699773816741972,1.0
Shekhar,gaussian_noise_matched_anchor_target,2,gaussian_noise_matched_anchor_target,beta_control,pca_cosine_knn,0.3,1.0,1.0,0.9500037100954124,0.0499962890681882,truncated_normal,0.0999999999999999,0.1,0.05,0.02,0.5,anchor,gaussian_matched,0.0,none,0.8957137532612747,0.9016787141748366,0.9187829071606184,0.7666441252824008,0.9357604651830532,0.9016787141748368,0.8907577029318383,0.9128708404729272,18,,fixed,kmeans_known_k,True,full,results/experiments/neighbormix_beta_mechanism_20260617/full/Shekhar/gaussian_noise_matched_anchor_target/seed2,positive,0.6770141511631166,0.8319132354007617,0.2417687559975018,-0.0652691101183609,3.0
Shekhar,global_random_neighbor_control,0,global_random_neighbor_control,global_random_neighbor_control,global_random_excluding_self,0.3,1.0,1.0,0.8999998569488525,0.1000000163912773,fixed,0.0999999999999999,0.0999999999999999,0.05,0.02,0.5,anchor,local_mix,0.0,none,0.7948192322027581,0.8875879226081257,0.6796442745781719,0.8842190476271935,0.7517635633577989,0.8875879226081256,0.9420269236648758,0.8390971527202129,18,,fixed,kmeans_known_k,True,full,results/experiments/neighbormix_beta_mechanism_20260617/full/Shekhar/global_random_neighbor_control/seed0,positive,0.6929122403288671,0.8934769037671914,-0.013267965750695221,-0.009257856139997855,7.0
Shekhar,global_random_neighbor_control,1,global_random_neighbor_control,global_random_neighbor_control,global_random_excluding_self,0.3,1.0,1.0,0.8999998569488525,0.1000000163912773,fixed,0.0999999999999999,0.0999999999999999,0.05,0.02,0.5,anchor,local_mix,0.0,none,0.7615728661945583,0.874469151298868,0.6712006890727975,0.8140520168429525,0.7429355337954248,0.874469151298868,0.9164037374421066,0.8362044789464622,18,,fixed,kmeans_known_k,True,full,results/experiments/neighbormix_beta_mechanism_20260617/full/Shekhar/global_random_neighbor_control/seed1,positive,0.5458699179711232,0.8198057388396296,0.12533077110167434,-0.005753721996677119,7.0
Shekhar,global_random_neighbor_control,2,global_random_neighbor_control,global_random_neighbor_control,global_random_excluding_self,0.3,1.0,1.0,0.8999998569488525,0.1000000163912773,fixed,0.0999999999999999,0.0999999999999999,0.05,0.02,0.5,anchor,local_mix,0.0,none,0.7440551621319419,0.8666276483949686,0.6512539862011063,0.8150670078130797,0.7282655427035628,0.8666276483949688,0.9250892607372484,0.8151158750721146,18,,fixed,kmeans_known_k,True,full,results/experiments/neighbormix_beta_mechanism_20260617/full/Shekhar/global_random_neighbor_control/seed2,positive,0.6770141511631166,0.8319132354007617,-0.02576016496201028,-0.01684622758768195,8.0
Shekhar,nm_scmae_nomix,0,nm_scmae_nomix,nm_scmae_nomix,none,0.0,1.0,1.0,1.0,0.0,fixed,0.0999999999999999,0.0999999999999999,0.05,0.02,0.5,anchor,local_mix,0.0,none,0.8112933283637719,0.8874270538781082,0.6929122403288671,0.8934769037671914,0.7617253887177124,0.8874270538781082,0.9365854831245828,0.8431716245602214,18,,fixed,kmeans_known_k,True,full,results/experiments/neighbormix_beta_mechanism_20260617/full/Shekhar/nm_scmae_nomix/seed0,positive,0.6929122403288671,0.8934769037671914,0.0,0.0,5.0
Shekhar,nm_scmae_nomix,1,nm_scmae_nomix,nm_scmae_nomix,none,0.0,1.0,1.0,1.0,0.0,fixed,0.0999999999999999,0.0999999999999999,0.05,0.02,0.5,anchor,local_mix,0.0,none,0.6920611256056654,0.8470238547149882,0.5458699179711232,0.8198057388396296,0.648011051571043,0.8470238547149882,0.920048853297748,0.7847385416207027,18,,fixed,kmeans_known_k,True,full,results/experiments/neighbormix_beta_mechanism_20260617/full/Shekhar/nm_scmae_nomix/seed1,positive,0.5458699179711232,0.8198057388396296,0.0,0.0,8.0
Shekhar,nm_scmae_nomix,2,nm_scmae_nomix,nm_scmae_nomix,none,0.0,1.0,1.0,1.0,0.0,fixed,0.0999999999999999,0.0999999999999999,0.05,0.02,0.5,anchor,local_mix,0.0,none,0.7810286992172941,0.8723851794720203,0.6770141511631166,0.8319132354007617,0.7493831865619163,0.8723851794720204,0.9228713906530608,0.8271362161731843,18,,fixed,kmeans_known_k,True,full,results/experiments/neighbormix_beta_mechanism_20260617/full/Shekhar/nm_scmae_nomix/seed2,positive,0.6770141511631166,0.8319132354007617,0.0,0.0,4.0
Shekhar,random_beta_uniform_0.1,0,random_beta_uniform_0.1,beta_control,pca_cosine_knn,0.3,1.0,1.0,0.9500132127736624,0.0499867873409619,uniform,0.0999999999999999,0.1,0.05,0.02,0.5,anchor,local_mix,0.0,none,0.9263138278046964,0.9270620157833774,0.9562747655462384,0.8915301818793857,0.9649837674086058,0.9270620157833775,0.9345234479393952,0.9197187871590624,18,,fixed,kmeans_known_k,True,full,results/experiments/neighbormix_beta_mechanism_20260617/full/Shekhar/random_beta_uniform_0.1/seed0,positive,0.6929122403288671,0.8934769037671914,0.26336252521737125,-0.001946721887805647,3.0
Shekhar,random_beta_uniform_0.1,1,random_beta_uniform_0.1,beta_control,pca_cosine_knn,0.3,1.0,1.0,0.95000195695947,0.0499980430082919,uniform,0.0999999999999999,0.1,0.05,0.02,0.5,anchor,local_mix,0.0,none,0.9263883712262392,0.924520761021142,0.95279864731223,0.8964325115340197,0.9622098030269284,0.924520761021142,0.9293443572798072,0.9197469782478964,18,,fixed,kmeans_known_k,True,full,results/experiments/neighbormix_beta_mechanism_20260617/full/Shekhar/random_beta_uniform_0.1/seed1,positive,0.5458699179711232,0.8198057388396296,0.4069287293411068,0.07662677269439011,2.0
Shekhar,random_beta_uniform_0.1,2,random_beta_uniform_0.1,beta_control,pca_cosine_knn,0.3,1.0,1.0,0.950035783648491,0.0499642163801651,uniform,0.0999999999999999,0.1,0.05,0.02,0.5,anchor,local_mix,0.0,none,0.9262020126723816,0.9260162759784272,0.9541362560768348,0.892748362925354,0.9632748933934656,0.9260162759784272,0.9328162837216276,0.919314691614488,18,,fixed,kmeans_known_k,True,full,results/experiments/neighbormix_beta_mechanism_20260617/full/Shekhar/random_beta_uniform_0.1/seed2,positive,0.6770141511631166,0.8319132354007617,0.27712210491371825,0.0608351275245923,2.0
Shekhar,snn_neighbormix,0,snn_neighbormix,snn_neighbormix,snn_jaccard_weighted_knn,0.3,1.0,1.0,0.8999998569488525,0.1000000163912773,fixed,0.0999999999999999,0.0999999999999999,0.05,0.02,0.5,anchor,local_mix,0.0,none,0.7711144241520685,0.8708052907456979,0.66773713124844,0.8174308479792685,0.7420475555914288,0.870805290745698,0.9303224260796896,0.8184454555165952,18,,fixed,kmeans_known_k,True,full,results/experiments/neighbormix_beta_mechanism_20260617/full/Shekhar/snn_neighbormix/seed0,positive,0.6929122403288671,0.8934769037671914,-0.025175109080427083,-0.0760460557879229,8.0
Shekhar,snn_neighbormix,1,snn_neighbormix,snn_neighbormix,snn_jaccard_weighted_knn,0.3,1.0,1.0,0.8999998569488525,0.1000000163912773,fixed,0.0999999999999999,0.0999999999999999,0.05,0.02,0.5,anchor,local_mix,0.0,none,0.832985464032799,0.893498096486999,0.7040486083611476,0.8895028405937906,0.7710892918381343,0.8934980964869991,0.947391880704378,0.845405933283532,18,,fixed,kmeans_known_k,True,full,results/experiments/neighbormix_beta_mechanism_20260617/full/Shekhar/snn_neighbormix/seed1,positive,0.5458699179711232,0.8198057388396296,0.1581786903900244,0.069697101754161,4.0
Shekhar,snn_neighbormix,2,snn_neighbormix,snn_neighbormix,snn_jaccard_weighted_knn,0.3,1.0,1.0,0.8999998569488525,0.1000000163912773,fixed,0.0999999999999999,0.0999999999999999,0.05,0.02,0.5,anchor,local_mix,0.0,none,0.74278792396571,0.8652330574646864,0.6585061046181647,0.7385841888223452,0.7340890396762926,0.8652330574646865,0.9205783120935114,0.8161651329760015,18,,fixed,kmeans_known_k,True,full,results/experiments/neighbormix_beta_mechanism_20260617/full/Shekhar/snn_neighbormix/seed2,positive,0.6770141511631166,0.8319132354007617,-0.01850804654495186,-0.09332904657841645,6.0
Shekhar,truncated_normal_beta_mean0.05_std0.02,0,truncated_normal_beta_mean0.05_std0.02,beta_control,pca_cosine_knn,0.3,1.0,1.0,0.9500022756723828,0.0499977238028525,truncated_normal,0.0999999999999999,0.1,0.05,0.02,0.5,anchor,local_mix,0.0,none,0.9608647036898994,0.937887122915754,0.9713241800766192,0.8893310329661125,0.977137740643081,0.937887122915754,0.9287715670836592,0.9471833840487688,18,,fixed,kmeans_known_k,True,full,results/experiments/neighbormix_beta_mechanism_20260617/full/Shekhar/truncated_normal_beta_mean0.05_std0.02/seed0,positive,0.6929122403288671,0.8934769037671914,0.27841193974775214,-0.004145870801078866,1.0
Shekhar,truncated_normal_beta_mean0.05_std0.02,1,truncated_normal_beta_mean0.05_std0.02,beta_control,pca_cosine_knn,0.3,1.0,1.0,0.950018012889016,0.0499819857842969,truncated_normal,0.0999999999999999,0.1,0.05,0.02,0.5,anchor,local_mix,0.0,none,0.9108833395452852,0.91780255471476,0.9514476762161592,0.816412409105015,0.961126513430552,0.9178025547147598,0.9209384156838892,0.9146879769352314,18,,fixed,kmeans_known_k,True,full,results/experiments/neighbormix_beta_mechanism_20260617/full/Shekhar/truncated_normal_beta_mean0.05_std0.02/seed1,positive,0.5458699179711232,0.8198057388396296,0.40557775824503606,-0.003393329734614592,3.0
Shekhar,truncated_normal_beta_mean0.05_std0.02,2,truncated_normal_beta_mean0.05_std0.02,beta_control,pca_cosine_knn,0.3,1.0,1.0,0.9499985417924248,0.0500014572874463,truncated_normal,0.0999999999999999,0.1,0.05,0.02,0.5,anchor,local_mix,0.0,none,0.9313827804696236,0.9266929528070916,0.954824979310369,0.8947592346934419,0.9638317247206548,0.9266929528070916,0.9327945174869136,0.9206706920933831,18,,fixed,kmeans_known_k,True,full,results/experiments/neighbormix_beta_mechanism_20260617/full/Shekhar/truncated_normal_beta_mean0.05_std0.02/seed2,positive,0.6770141511631166,0.8319132354007617,0.27781082814725244,0.0628459992926802,1.0
Tosches,fixed_beta_0.05,0,fixed_beta_0.05,beta_control,pca_cosine_knn,0.3,1.0,1.0,0.9499998688697816,0.0500000081956386,fixed,0.05,0.05,0.05,0.02,0.5,anchor,local_mix,0.0,none,0.663201885983712,0.7463825210587574,0.5370788741964889,0.6907624053857718,0.614922380465111,0.7463825210587574,0.7874245999847101,0.7094068754256415,15,,fixed,kmeans_known_k,True,full,results/experiments/neighbormix_beta_mechanism_20260617/full/Tosches/fixed_beta_0.05/seed0,negative,0.5278987630197263,0.7135889686074948,0.009180111176762651,-0.02282656322172294,5.0
Tosches,fixed_beta_0.05,1,fixed_beta_0.05,beta_control,pca_cosine_knn,0.3,1.0,1.0,0.9499998688697816,0.0500000081956386,fixed,0.05,0.05,0.05,0.02,0.5,anchor,local_mix,0.0,none,0.6377518216888127,0.738418956169582,0.5315622630043562,0.6994878033087902,0.6138357268413597,0.7384189561695821,0.7959111885312132,0.6886730175325897,15,,fixed,kmeans_known_k,True,full,results/experiments/neighbormix_beta_mechanism_20260617/full/Tosches/fixed_beta_0.05/seed1,negative,0.5220412382701718,0.6391057283098266,0.009521024734184369,0.06038207499896364,3.0
Tosches,fixed_beta_0.05,2,fixed_beta_0.05,beta_control,pca_cosine_knn,0.3,1.0,1.0,0.9499998688697816,0.0500000081956386,fixed,0.05,0.05,0.05,0.02,0.5,anchor,local_mix,0.0,none,0.6424132018859837,0.757495030724133,0.5372238871891293,0.6353138003261232,0.6128696083935464,0.7574950307241332,0.7773823584782562,0.7385998535861182,15,,fixed,kmeans_known_k,True,full,results/experiments/neighbormix_beta_mechanism_20260617/full/Tosches/fixed_beta_0.05/seed2,negative,0.5255762145236066,0.6595203145919436,0.01164767266552269,-0.024206514265820434,5.0
Tosches,fixed_beta_0.1,0,fixed_beta_0.1,beta_control,pca_cosine_knn,0.3,1.0,1.0,0.8999998569488525,0.1000000163912773,fixed,0.1,0.1,0.05,0.02,0.5,anchor,local_mix,0.0,none,0.6688276896699529,0.7489739795721652,0.5408463687560828,0.6915478571896249,0.6181003564723794,0.7489739795721653,0.7895569643537225,0.7123589490024147,15,,fixed,kmeans_known_k,True,full,results/experiments/neighbormix_beta_mechanism_20260617/full/Tosches/fixed_beta_0.1/seed0,negative,0.5278987630197263,0.7135889686074948,0.01294760573635656,-0.022041111417869907,3.0
Tosches,fixed_beta_0.1,1,fixed_beta_0.1,beta_control,pca_cosine_knn,0.3,1.0,1.0,0.8999998569488525,0.1000000163912773,fixed,0.1,0.1,0.05,0.02,0.5,anchor,local_mix,0.0,none,0.6280004286326618,0.7391664052241632,0.5239444078235469,0.6700781547673363,0.6037434347599933,0.7391664052241631,0.7815697989182155,0.7011273471975671,15,,fixed,kmeans_known_k,True,full,results/experiments/neighbormix_beta_mechanism_20260617/full/Tosches/fixed_beta_0.1/seed1,negative,0.5220412382701718,0.6391057283098266,0.0019031695533751058,0.03097242645750975,5.0
Tosches,fixed_beta_0.1,2,fixed_beta_0.1,beta_control,pca_cosine_knn,0.3,1.0,1.0,0.8999998569488525,0.1000000163912773,fixed,0.1,0.1,0.05,0.02,0.5,anchor,local_mix,0.0,none,0.6566116588084012,0.7616784845742699,0.5373847658265396,0.6781673481055032,0.6130062057136794,0.76167848457427,0.7805013479336604,0.7437421205352821,15,,fixed,kmeans_known_k,True,full,results/experiments/neighbormix_beta_mechanism_20260617/full/Tosches/fixed_beta_0.1/seed2,negative,0.5255762145236066,0.6595203145919436,0.011808551302933012,0.018647033513559563,4.0
Tosches,gaussian_noise_matched_anchor_target,0,gaussian_noise_matched_anchor_target,beta_control,pca_cosine_knn,0.3,1.0,1.0,0.949995918168376,0.0500040810050753,truncated_normal,0.0999999999999999,0.1,0.05,0.02,0.5,anchor,gaussian_matched,0.0,none,0.645145735105015,0.7490972131937707,0.5144203291976905,0.6332242859449715,0.5962828688875361,0.7490972131937709,0.7439257131992488,0.7543411172753769,15,,fixed,kmeans_known_k,True,full,results/experiments/neighbormix_beta_mechanism_20260617/full/Tosches/gaussian_noise_matched_anchor_target/seed0,negative,0.5278987630197263,0.7135889686074948,-0.01347843382203573,-0.08036468266252328,8.0
Tosches,gaussian_noise_matched_anchor_target,1,gaussian_noise_matched_anchor_target,beta_control,pca_cosine_knn,0.3,1.0,1.0,0.9500185816755724,0.0499814174920579,truncated_normal,0.0999999999999999,0.1,0.05,0.02,0.5,anchor,gaussian_matched,0.0,none,0.7775932276039434,0.7998859464899621,0.7487652795848513,0.6531834126261599,0.7951383536542402,0.799885946489962,0.7788708636016782,0.8220665115716672,15,,fixed,kmeans_known_k,True,full,results/experiments/neighbormix_beta_mechanism_20260617/full/Tosches/gaussian_noise_matched_anchor_target/seed1,negative,0.5220412382701718,0.6391057283098266,0.2267240413146795,0.014077684316333272,1.0
Tosches,gaussian_noise_matched_anchor_target,2,gaussian_noise_matched_anchor_target,beta_control,pca_cosine_knn,0.3,1.0,1.0,0.950007047317922,0.0499929519001549,truncated_normal,0.0999999999999999,0.1,0.05,0.02,0.5,anchor,gaussian_matched,0.0,none,0.6513073296185169,0.7615850338661753,0.5380828497103085,0.6947646558325048,0.6136598306721611,0.7615850338661754,0.7763671792660254,0.747355279312932,15,,fixed,kmeans_known_k,True,full,results/experiments/neighbormix_beta_mechanism_20260617/full/Tosches/gaussian_noise_matched_anchor_target/seed2,negative,0.5255762145236066,0.6595203145919436,0.01250663518670192,0.035244341240561194,3.0
Tosches,global_random_neighbor_control,0,global_random_neighbor_control,global_random_neighbor_control,global_random_excluding_self,0.3,1.0,1.0,0.8999998569488525,0.1000000163912773,fixed,0.0999999999999999,0.0999999999999999,0.05,0.02,0.5,anchor,local_mix,0.0,none,0.6189455636519503,0.7343119537471804,0.5210963077988654,0.6629296167260688,0.6005935058387395,0.7343119537471804,0.7737301957447412,0.6987153948029436,15,,fixed,kmeans_known_k,True,full,results/experiments/neighbormix_beta_mechanism_20260617/full/Tosches/global_random_neighbor_control/seed0,negative,0.5278987630197263,0.7135889686074948,-0.00680245522086087,-0.05065935188142601,7.0
Tosches,global_random_neighbor_control,1,global_random_neighbor_control,global_random_neighbor_control,global_random_excluding_self,0.3,1.0,1.0,0.8999998569488525,0.1000000163912773,fixed,0.0999999999999999,0.0999999999999999,0.05,0.02,0.5,anchor,local_mix,0.0,none,0.6071045863694814,0.7262547497957951,0.5138700507994542,0.65463641391459,0.5945662632755526,0.7262547497957951,0.7672119053439851,0.6894489251306426,15,,fixed,kmeans_known_k,True,full,results/experiments/neighbormix_beta_mechanism_20260617/full/Tosches/global_random_neighbor_control/seed1,negative,0.5220412382701718,0.6391057283098266,-0.008171187470717545,0.01553068560476345,8.0
Tosches,global_random_neighbor_control,2,global_random_neighbor_control,global_random_neighbor_control,global_random_excluding_self,0.3,1.0,1.0,0.8999998569488525,0.1000000163912773,fixed,0.0999999999999999,0.0999999999999999,0.05,0.02,0.5,anchor,local_mix,0.0,none,0.6200171453064723,0.7316880175044568,0.5215144273413265,0.6855850738118331,0.6013784673306375,0.7316880175044568,0.7731546698400777,0.6944429174634182,15,,fixed,kmeans_known_k,True,full,results/experiments/neighbormix_beta_mechanism_20260617/full/Tosches/global_random_neighbor_control/seed2,negative,0.5255762145236066,0.6595203145919436,-0.004061787182280119,0.02606475921988949,8.0
Tosches,nm_scmae_nomix,0,nm_scmae_nomix,nm_scmae_nomix,none,0.0,1.0,1.0,1.0,0.0,fixed,0.0999999999999999,0.0999999999999999,0.05,0.02,0.5,anchor,local_mix,0.0,none,0.6316438062580368,0.7397764555036311,0.5278987630197263,0.7135889686074948,0.6072563682712575,0.7397764555036312,0.781745584043096,0.7020840691989619,15,,fixed,kmeans_known_k,True,full,results/experiments/neighbormix_beta_mechanism_20260617/full/Tosches/nm_scmae_nomix/seed0,negative,0.5278987630197263,0.7135889686074948,0.0,0.0,6.0
Tosches,nm_scmae_nomix,1,nm_scmae_nomix,nm_scmae_nomix,none,0.0,1.0,1.0,1.0,0.0,fixed,0.0999999999999999,0.0999999999999999,0.05,0.02,0.5,anchor,local_mix,0.0,none,0.6111230175739392,0.7290809183971846,0.5220412382701718,0.6391057283098266,0.6020410916243718,0.7290809183971847,0.7735611726161564,0.6894378104411811,15,,fixed,kmeans_known_k,True,full,results/experiments/neighbormix_beta_mechanism_20260617/full/Tosches/nm_scmae_nomix/seed1,negative,0.5220412382701718,0.6391057283098266,0.0,0.0,6.0
Tosches,nm_scmae_nomix,2,nm_scmae_nomix,nm_scmae_nomix,none,0.0,1.0,1.0,1.0,0.0,fixed,0.0999999999999999,0.0999999999999999,0.05,0.02,0.5,anchor,local_mix,0.0,none,0.6326618088298328,0.7342337209407961,0.5255762145236066,0.6595203145919436,0.6051832994707944,0.7342337209407961,0.7763517472045054,0.6964504378621248,15,,fixed,kmeans_known_k,True,full,results/experiments/neighbormix_beta_mechanism_20260617/full/Tosches/nm_scmae_nomix/seed2,negative,0.5255762145236066,0.6595203145919436,0.0,0.0,7.0
Tosches,random_beta_uniform_0.1,0,random_beta_uniform_0.1,beta_control,pca_cosine_knn,0.3,1.0,1.0,0.9500035691385468,0.0499964313478105,uniform,0.0999999999999999,0.1,0.05,0.02,0.5,anchor,local_mix,0.0,none,0.672524646378054,0.771425359881691,0.550200140199793,0.6967238738538235,0.6241693639218251,0.7714253598816911,0.7842729381120225,0.7589919229587291,15,,fixed,kmeans_known_k,True,full,results/experiments/neighbormix_beta_mechanism_20260617/full/Tosches/random_beta_uniform_0.1/seed0,negative,0.5278987630197263,0.7135889686074948,0.02230137718006675,-0.01686509475367126,2.0
Tosches,random_beta_uniform_0.1,1,random_beta_uniform_0.1,beta_control,pca_cosine_knn,0.3,1.0,1.0,0.9500070058430234,0.0499929940366807,uniform,0.0999999999999999,0.1,0.05,0.02,0.5,anchor,local_mix,0.0,none,0.6268216888126875,0.7406748235864192,0.5283399566809455,0.7117287973173775,0.6073798143817299,0.7406748235864192,0.7810942282450176,0.704232780246053,15,,fixed,kmeans_known_k,True,full,results/experiments/neighbormix_beta_mechanism_20260617/full/Tosches/random_beta_uniform_0.1/seed1,negative,0.5220412382701718,0.6391057283098266,0.006298718410773674,0.07262306900755089,4.0
Tosches,random_beta_uniform_0.1,2,random_beta_uniform_0.1,beta_control,pca_cosine_knn,0.3,1.0,1.0,0.9500556997747884,0.0499443000997416,uniform,0.0999999999999999,0.1,0.05,0.02,0.5,anchor,local_mix,0.0,none,0.6470745820831547,0.7600094059673477,0.5411906133487621,0.6361913361415623,0.6163103443808743,0.7600094059673477,0.7783561988602303,0.7425076075402538,15,,fixed,kmeans_known_k,True,full,results/experiments/neighbormix_beta_mechanism_20260617/full/Tosches/random_beta_uniform_0.1/seed2,negative,0.5255762145236066,0.6595203145919436,0.015614398825155473,-0.023328978450381288,1.0
Tosches,snn_neighbormix,0,snn_neighbormix,snn_neighbormix,snn_jaccard_weighted_knn,0.3,1.0,1.0,0.8999998569488525,0.1000000163912773,fixed,0.0999999999999999,0.0999999999999999,0.05,0.02,0.5,anchor,local_mix,0.0,none,0.6662558936990999,0.7502091712431386,0.5399022330070197,0.6937512978418556,0.617318175981631,0.7502091712431384,0.7908370551808349,0.7135516891242001,15,,fixed,kmeans_known_k,True,full,results/experiments/neighbormix_beta_mechanism_20260617/full/Tosches/snn_neighbormix/seed0,negative,0.5278987630197263,0.7135889686074948,0.012003469987293403,-0.019837670765639137,4.0
Tosches,snn_neighbormix,1,snn_neighbormix,snn_neighbormix,snn_jaccard_weighted_knn,0.3,1.0,1.0,0.8999998569488525,0.1000000163912773,fixed,0.0999999999999999,0.0999999999999999,0.05,0.02,0.5,anchor,local_mix,0.0,none,0.6098906986712388,0.7357016319065235,0.5191165930121476,0.6454096632431475,0.5994597859705441,0.7357016319065235,0.7798484173512454,0.6962853076549959,15,,fixed,kmeans_known_k,True,full,results/experiments/neighbormix_beta_mechanism_20260617/full/Tosches/snn_neighbormix/seed1,negative,0.5220412382701718,0.6391057283098266,-0.002924645258024161,0.006303934933320932,7.0
Tosches,snn_neighbormix,2,snn_neighbormix,snn_neighbormix,snn_jaccard_weighted_knn,0.3,1.0,1.0,0.8999998569488525,0.1000000163912773,fixed,0.0999999999999999,0.0999999999999999,0.05,0.02,0.5,anchor,local_mix,0.0,none,0.6542541791684526,0.7602706171497823,0.5359264411340758,0.6527780371764359,0.6117698451436505,0.7602706171497822,0.7784438538642052,0.7429265530368121,15,,fixed,kmeans_known_k,True,full,results/experiments/neighbormix_beta_mechanism_20260617/full/Tosches/snn_neighbormix/seed2,negative,0.5255762145236066,0.6595203145919436,0.010350226610469249,-0.0067422774155077025,6.0
Tosches,truncated_normal_beta_mean0.05_std0.02,0,truncated_normal_beta_mean0.05_std0.02,beta_control,pca_cosine_knn,0.3,1.0,1.0,0.9499878038859204,0.0500121958062259,truncated_normal,0.0999999999999999,0.1,0.05,0.02,0.5,anchor,local_mix,0.0,none,0.6815795113587655,0.7544736002366558,0.5505166578362749,0.7384991455038422,0.6261004952328911,0.7544736002366557,0.7927598732925992,0.7197150222694986,15,,fixed,kmeans_known_k,True,full,results/experiments/neighbormix_beta_mechanism_20260617/full/Tosches/truncated_normal_beta_mean0.05_std0.02/seed0,negative,0.5278987630197263,0.7135889686074948,0.022617894816548634,0.024910176896347447,1.0
Tosches,truncated_normal_beta_mean0.05_std0.02,1,truncated_normal_beta_mean0.05_std0.02,beta_control,pca_cosine_knn,0.3,1.0,1.0,0.9500300768969788,0.0499699217176789,truncated_normal,0.0999999999999999,0.1,0.05,0.02,0.5,anchor,local_mix,0.0,none,0.6398949849978568,0.7599521117329502,0.5374675047649584,0.6631454297672721,0.6130752753372767,0.7599521117329503,0.779539936319551,0.7413245412904438,15,,fixed,kmeans_known_k,True,full,results/experiments/neighbormix_beta_mechanism_20260617/full/Tosches/truncated_normal_beta_mean0.05_std0.02/seed1,negative,0.5220412382701718,0.6391057283098266,0.015426266494786622,0.024039701457445495,2.0
Tosches,truncated_normal_beta_mean0.05_std0.02,2,truncated_normal_beta_mean0.05_std0.02,beta_control,pca_cosine_knn,0.3,1.0,1.0,0.9500118028682966,0.0499881962016742,truncated_normal,0.0999999999999999,0.1,0.05,0.02,0.5,anchor,local_mix,0.0,none,0.6494320617231033,0.7591059174775686,0.5406979034914068,0.638030783972509,0.6158839531745872,0.7591059174775686,0.7774267164185241,0.7416287320380219,15,,fixed,kmeans_known_k,True,full,results/experiments/neighbormix_beta_mechanism_20260617/full/Tosches/truncated_normal_beta_mean0.05_std0.02/seed2,negative,0.5255762145236066,0.6595203145919436,0.015121688967800195,-0.021489530619434594,2.0
Wang,fixed_beta_0.05,0,fixed_beta_0.05,beta_control,pca_cosine_knn,0.3,1.0,1.0,0.9499998688697816,0.0500000081956386,fixed,0.05,0.05,0.05,0.02,0.5,anchor,local_mix,0.0,none,0.9860279441117764,0.8770326676568423,0.9393971414737704,0.9800062648859146,0.9788684440920308,0.8770326676568423,0.8887904337869457,0.865581925769046,2,,fixed,kmeans_known_k,True,full,results/experiments/neighbormix_beta_mechanism_20260617/full/Wang/fixed_beta_0.05/seed0,optional,0.8396856828233105,0.9468036772518296,0.09971145865045994,0.03320258763408501,2.0
Wang,fixed_beta_0.05,1,fixed_beta_0.05,beta_control,pca_cosine_knn,0.3,1.0,1.0,0.9499998688697816,0.0500000081956386,fixed,0.05,0.05,0.05,0.02,0.5,anchor,local_mix,0.0,none,0.9853976258010296,0.8653633277203324,0.9365142827925064,0.9789719665156862,0.977974301561798,0.8653633277203323,0.8729900305619265,0.8578687291053049,2,,fixed,kmeans_known_k,True,full,results/experiments/neighbormix_beta_mechanism_20260617/full/Wang/fixed_beta_0.05/seed1,optional,0.939196511138032,0.9798661765420356,-0.0026822283455256724,-0.0008942100263493735,6.0
Wang,fixed_beta_0.05,2,fixed_beta_0.05,beta_control,pca_cosine_knn,0.3,1.0,1.0,0.9499998688697816,0.0500000081956386,fixed,0.05,0.05,0.05,0.02,0.5,anchor,local_mix,0.0,none,0.9841369891795356,0.8568155474440035,0.931176215802471,0.9771947029707831,0.976086567532464,0.8568155474440036,0.8654096542760746,0.8483904528645738,2,,fixed,kmeans_known_k,True,full,results/experiments/neighbormix_beta_mechanism_20260617/full/Wang/fixed_beta_0.05/seed2,optional,0.860707561707563,0.9536870347684144,0.07046865409490799,0.023507668202368714,6.5
Wang,fixed_beta_0.1,0,fixed_beta_0.1,beta_control,pca_cosine_knn,0.3,1.0,1.0,0.8999998569488525,0.1000000163912773,fixed,0.1,0.1,0.05,0.02,0.5,anchor,local_mix,0.0,none,0.985082466645656,0.8700923971639624,0.9353833901012776,0.978670893466344,0.9774514456947176,0.8700923971639623,0.8822774243942949,0.8582393567897225,2,,fixed,kmeans_known_k,True,full,results/experiments/neighbormix_beta_mechanism_20260617/full/Wang/fixed_beta_0.1/seed0,optional,0.8396856828233105,0.9468036772518296,0.09569770727796711,0.03186721621451438,4.0
Wang,fixed_beta_0.1,1,fixed_beta_0.1,beta_control,pca_cosine_knn,0.3,1.0,1.0,0.8999998569488525,0.1000000163912773,fixed,0.1,0.1,0.05,0.02,0.5,anchor,local_mix,0.0,none,0.9855026788528208,0.8658253039231752,0.9369492832764328,0.9791127639990476,0.9781347320759932,0.8658253039231754,0.8731389612807804,0.8586331513071364,2,,fixed,kmeans_known_k,True,full,results/experiments/neighbormix_beta_mechanism_20260617/full/Wang/fixed_beta_0.1/seed1,optional,0.939196511138032,0.9798661765420356,-0.0022472278615992547,-0.0007534125429879968,5.0
Wang,fixed_beta_0.1,2,fixed_beta_0.1,beta_control,pca_cosine_knn,0.3,1.0,1.0,0.8999998569488525,0.1000000163912773,fixed,0.1,0.1,0.05,0.02,0.5,anchor,local_mix,0.0,none,0.984347095283118,0.8581806829389279,0.9320625589203868,0.9774892553340832,0.9764015136120344,0.8581806829389279,0.8665800112249611,0.849942612667732,2,,fixed,kmeans_known_k,True,full,results/experiments/neighbormix_beta_mechanism_20260617/full/Wang/fixed_beta_0.1/seed2,optional,0.860707561707563,0.9536870347684144,0.07135499721282379,0.02380222056566872,5.0
Wang,gaussian_noise_matched_anchor_target,0,gaussian_noise_matched_anchor_target,beta_control,pca_cosine_knn,0.3,1.0,1.0,0.9499908317786616,0.0500091672711376,truncated_normal,0.0999999999999999,0.1,0.05,0.02,0.5,anchor,gaussian_matched,0.0,none,0.9637566971320516,0.76131748364094,0.8487642441132088,0.9498703741941404,0.945704188045306,0.7613174836409398,0.7900280120189548,0.7346205271154119,2,,fixed,kmeans_known_k,True,full,results/experiments/neighbormix_beta_mechanism_20260617/full/Wang/gaussian_noise_matched_anchor_target/seed0,optional,0.8396856828233105,0.9468036772518296,0.009078561289898368,0.003066696942310876,7.0
Wang,gaussian_noise_matched_anchor_target,1,gaussian_noise_matched_anchor_target,beta_control,pca_cosine_knn,0.3,1.0,1.0,0.9500054679005532,0.0499945310397526,truncated_normal,0.0999999999999999,0.1,0.05,0.02,0.5,anchor,gaussian_matched,0.0,none,0.9767832755541548,0.8122528343681352,0.9005354832237255,0.9669835874435871,0.9651074747674006,0.8122528343681352,0.826803724199447,0.7982052481173876,2,,fixed,kmeans_known_k,True,full,results/experiments/neighbormix_beta_mechanism_20260617/full/Wang/gaussian_noise_matched_anchor_target/seed1,optional,0.939196511138032,0.9798661765420356,-0.03866102791430659,-0.012882589098448416,8.0
Wang,gaussian_noise_matched_anchor_target,2,gaussian_noise_matched_anchor_target,beta_control,pca_cosine_knn,0.3,1.0,1.0,0.950011858686402,0.0499881405081297,truncated_normal,0.0999999999999999,0.1,0.05,0.02,0.5,anchor,gaussian_matched,0.0,none,0.9892845887173022,0.8917293677872071,0.9530148370442472,0.9844200219513604,0.9838416296904304,0.8917293677872071,0.89330056657347,0.8901636863626974,2,,fixed,kmeans_known_k,True,full,results/experiments/neighbormix_beta_mechanism_20260617/full/Wang/gaussian_noise_matched_anchor_target/seed2,optional,0.860707561707563,0.9536870347684144,0.09230727533668415,0.030732987182945926,2.0
Wang,global_random_neighbor_control,0,global_random_neighbor_control,global_random_neighbor_control,global_random_excluding_self,0.3,1.0,1.0,0.8999998569488525,0.1000000163912773,fixed,0.0999999999999999,0.0999999999999999,0.05,0.02,0.5,anchor,local_mix,0.0,none,0.9874986868368526,0.8832182311284965,0.94555891010387,0.9820156201812076,0.9810995612686976,0.8832182311284964,0.8916478474832651,0.8749465088100602,2,,fixed,kmeans_known_k,True,full,results/experiments/neighbormix_beta_mechanism_20260617/full/Wang/global_random_neighbor_control/seed0,optional,0.8396856828233105,0.9468036772518296,0.10587322728055959,0.035211942929378015,1.0
Wang,global_random_neighbor_control,1,global_random_neighbor_control,global_random_neighbor_control,global_random_excluding_self,0.3,1.0,1.0,0.8999998569488525,0.1000000163912773,fixed,0.0999999999999999,0.0999999999999999,0.05,0.02,0.5,anchor,local_mix,0.0,none,0.9793045487971426,0.8275532794392144,0.9109851263955454,0.9704824409416408,0.9688552150452946,0.8275532794392144,0.8406198824477805,0.8148866736593551,2,,fixed,kmeans_known_k,True,full,results/experiments/neighbormix_beta_mechanism_20260617/full/Wang/global_random_neighbor_control/seed1,optional,0.939196511138032,0.9798661765420356,-0.028211384742486634,-0.009383735600394738,7.0
Wang,global_random_neighbor_control,2,global_random_neighbor_control,global_random_neighbor_control,global_random_excluding_self,0.3,1.0,1.0,0.8999998569488525,0.1000000163912773,fixed,0.0999999999999999,0.0999999999999999,0.05,0.02,0.5,anchor,local_mix,0.0,none,0.9897048009244668,0.8957029349977728,0.9548748944399406,0.9850564861881002,0.9844563725717832,0.8957029349977726,0.8984018849101109,0.8930201527114043,2,,fixed,kmeans_known_k,True,full,results/experiments/neighbormix_beta_mechanism_20260617/full/Wang/global_random_neighbor_control/seed2,optional,0.860707561707563,0.9536870347684144,0.09416733273237754,0.03136945141968572,1.0
Wang,nm_scmae_nomix,0,nm_scmae_nomix,nm_scmae_nomix,none,0.0,1.0,1.0,1.0,0.0,fixed,0.0999999999999999,0.0999999999999999,0.05,0.02,0.5,anchor,local_mix,0.0,none,0.9614455299926464,0.7493814049279532,0.8396856828233105,0.9468036772518296,0.9423172744164044,0.7493814049279532,0.7789258765698724,0.7219962599862175,2,,fixed,kmeans_known_k,True,full,results/experiments/neighbormix_beta_mechanism_20260617/full/Wang/nm_scmae_nomix/seed0,optional,0.8396856828233105,0.9468036772518296,0.0,0.0,8.0
Wang,nm_scmae_nomix,1,nm_scmae_nomix,nm_scmae_nomix,none,0.0,1.0,1.0,1.0,0.0,fixed,0.0999999999999999,0.0999999999999999,0.05,0.02,0.5,anchor,local_mix,0.0,none,0.9860279441117764,0.869850201189799,0.939196511138032,0.9798661765420356,0.9789177083980396,0.869850201189799,0.8770915561087658,0.8627274378564411,2,,fixed,kmeans_known_k,True,full,results/experiments/neighbormix_beta_mechanism_20260617/full/Wang/nm_scmae_nomix/seed1,optional,0.939196511138032,0.9798661765420356,0.0,0.0,3.0
Wang,nm_scmae_nomix,2,nm_scmae_nomix,nm_scmae_nomix,none,0.0,1.0,1.0,1.0,0.0,fixed,0.0999999999999999,0.0999999999999999,0.05,0.02,0.5,anchor,local_mix,0.0,none,0.9669082886857864,0.7632031655325369,0.860707561707563,0.9536870347684144,0.950457130404954,0.7632031655325369,0.7856245592539743,0.7420260547496143,2,,fixed,kmeans_known_k,True,full,results/experiments/neighbormix_beta_mechanism_20260617/full/Wang/nm_scmae_nomix/seed2,optional,0.860707561707563,0.9536870347684144,0.0,0.0,8.0
Wang,random_beta_uniform_0.1,0,random_beta_uniform_0.1,beta_control,pca_cosine_knn,0.3,1.0,1.0,0.950015397812869,0.0499846026553092,uniform,0.0999999999999999,0.1,0.05,0.02,0.5,anchor,local_mix,0.0,none,0.984347095283118,0.8645964090356414,0.9322644670473432,0.9776305086507382,0.9763515506860116,0.8645964090356414,0.8770140692150268,0.8525254832468443,2,,fixed,kmeans_known_k,True,full,results/experiments/neighbormix_beta_mechanism_20260617/full/Wang/random_beta_uniform_0.1/seed0,optional,0.8396856828233105,0.9468036772518296,0.09257878422403276,0.030826831398908627,6.0
Wang,random_beta_uniform_0.1,1,random_beta_uniform_0.1,beta_control,pca_cosine_knn,0.3,1.0,1.0,0.9500022586535763,0.0499977415389809,uniform,0.0999999999999999,0.1,0.05,0.02,0.5,anchor,local_mix,0.0,none,0.98634310326715,0.8713224086518259,0.940506399775066,0.9802905870212304,0.9793990487989412,0.8713224086518258,0.8776153487348936,0.8651190731021471,2,,fixed,kmeans_known_k,True,full,results/experiments/neighbormix_beta_mechanism_20260617/full/Wang/random_beta_uniform_0.1/seed1,optional,0.939196511138032,0.9798661765420356,0.0013098886370339624,0.00042441047919483665,1.5
Wang,random_beta_uniform_0.1,2,random_beta_uniform_0.1,beta_control,pca_cosine_knn,0.3,1.0,1.0,0.9500358328625962,0.0499641675778941,uniform,0.0999999999999999,0.1,0.05,0.02,0.5,anchor,local_mix,0.0,none,0.9866582624225234,0.8733045554521839,0.9418375297963172,0.9807292214375152,0.9798750609754716,0.8733045554521839,0.8790750612408099,0.8676093141804349,2,,fixed,kmeans_known_k,True,full,results/experiments/neighbormix_beta_mechanism_20260617/full/Wang/random_beta_uniform_0.1/seed2,optional,0.860707561707563,0.9536870347684144,0.08112996808875417,0.027042186669100743,3.0
Wang,snn_neighbormix,0,snn_neighbormix,snn_neighbormix,snn_jaccard_weighted_knn,0.3,1.0,1.0,0.8999998569488525,0.1000000163912773,fixed,0.0999999999999999,0.0999999999999999,0.05,0.02,0.5,anchor,local_mix,0.0,none,0.9860279441117764,0.8761202698856023,0.9393782313050978,0.9799930552413624,0.97887254278378,0.8761202698856024,0.8874457479048007,0.8650802181209696,2,,fixed,kmeans_known_k,True,full,results/experiments/neighbormix_beta_mechanism_20260617/full/Wang/snn_neighbormix/seed0,optional,0.8396856828233105,0.9468036772518296,0.09969254848178732,0.03318937798953281,3.0
Wang,snn_neighbormix,1,snn_neighbormix,snn_neighbormix,snn_jaccard_weighted_knn,0.3,1.0,1.0,0.8999998569488525,0.1000000163912773,fixed,0.0999999999999999,0.0999999999999999,0.05,0.02,0.5,anchor,local_mix,0.0,none,0.985817838008194,0.867952238889851,0.9382855119195852,0.9795565627535564,0.9786077250912268,0.867952238889851,0.8749655001908536,0.861050512778183,2,,fixed,kmeans_known_k,True,full,results/experiments/neighbormix_beta_mechanism_20260617/full/Wang/snn_neighbormix/seed1,optional,0.939196511138032,0.9798661765420356,-0.0009109992184468396,-0.0003096137884791572,4.0
Wang,snn_neighbormix,2,snn_neighbormix,snn_neighbormix,snn_jaccard_weighted_knn,0.3,1.0,1.0,0.8999998569488525,0.1000000163912773,fixed,0.0999999999999999,0.0999999999999999,0.05,0.02,0.5,anchor,local_mix,0.0,none,0.9841369891795356,0.8568155474440035,0.931176215802471,0.9771947029707831,0.976086567532464,0.8568155474440036,0.8654096542760746,0.8483904528645738,2,,fixed,kmeans_known_k,True,full,results/experiments/neighbormix_beta_mechanism_20260617/full/Wang/snn_neighbormix/seed2,optional,0.860707561707563,0.9536870347684144,0.07046865409490799,0.023507668202368714,6.5
Wang,truncated_normal_beta_mean0.05_std0.02,0,truncated_normal_beta_mean0.05_std0.02,beta_control,pca_cosine_knn,0.3,1.0,1.0,0.949991640045836,0.0500083594293509,truncated_normal,0.0999999999999999,0.1,0.05,0.02,0.5,anchor,local_mix,0.0,none,0.9844521483349092,0.8652509987679194,0.9327066623882422,0.9777769827532684,0.9765092698256514,0.8652509987679194,0.87757483302413,0.8532684997588752,2,,fixed,kmeans_known_k,True,full,results/experiments/neighbormix_beta_mechanism_20260617/full/Wang/truncated_normal_beta_mean0.05_std0.02/seed0,optional,0.8396856828233105,0.9468036772518296,0.09302097956493172,0.03097330550143884,5.0
Wang,truncated_normal_beta_mean0.05_std0.02,1,truncated_normal_beta_mean0.05_std0.02,beta_control,pca_cosine_knn,0.3,1.0,1.0,0.9500212146422348,0.0499787839708497,truncated_normal,0.0999999999999999,0.1,0.05,0.02,0.5,anchor,local_mix,0.0,none,0.98634310326715,0.8713224086518259,0.940506399775066,0.9802905870212304,0.9793990487989412,0.8713224086518258,0.8776153487348936,0.8651190731021471,2,,fixed,kmeans_known_k,True,full,results/experiments/neighbormix_beta_mechanism_20260617/full/Wang/truncated_normal_beta_mean0.05_std0.02/seed1,optional,0.939196511138032,0.9798661765420356,0.0013098886370339624,0.00042441047919483665,1.5
Wang,truncated_normal_beta_mean0.05_std0.02,2,truncated_normal_beta_mean0.05_std0.02,beta_control,pca_cosine_knn,0.3,1.0,1.0,0.9500092406127904,0.0499907585767072,truncated_normal,0.0999999999999999,0.1,0.05,0.02,0.5,anchor,local_mix,0.0,none,0.9865532093707322,0.8725715739909169,0.9413904859505328,0.9805807516059027,0.9797172936030888,0.872571573990917,0.8784446009913365,0.8667765561696789,2,,fixed,kmeans_known_k,True,full,results/experiments/neighbormix_beta_mechanism_20260617/full/Wang/truncated_normal_beta_mean0.05_std0.02/seed2,optional,0.860707561707563,0.9536870347684144,0.08068292424296974,0.026893716837488313,4.0
worm_neuron_cell,fixed_beta_0.05,0,fixed_beta_0.05,beta_control,pca_cosine_knn,0.3,1.0,1.0,0.9499998688697816,0.0500000081956386,fixed,0.05,0.05,0.05,0.02,0.5,anchor,local_mix,0.0,none,0.7159579550883899,0.6431604095965684,0.513435442518769,0.6652614788857705,0.5890385117116929,0.6431604095965685,0.6362222936293815,0.6502515167079247,10,,fixed,kmeans_known_k,True,full,results/experiments/neighbormix_beta_mechanism_20260617/full/worm_neuron_cell/fixed_beta_0.05/seed0,negative,0.5149462244397406,0.7470473079960098,-0.0015107819209715379,-0.08178582911023935,3.0
worm_neuron_cell,fixed_beta_0.05,1,fixed_beta_0.05,beta_control,pca_cosine_knn,0.3,1.0,1.0,0.9499998688697816,0.0500000081956386,fixed,0.05,0.05,0.05,0.02,0.5,anchor,local_mix,0.0,none,0.6743908265647396,0.6239678915166925,0.4571665385412233,0.6328502210618283,0.5390345374210394,0.6239678915166925,0.6156160811935245,0.6325494296174367,10,,fixed,kmeans_known_k,True,full,results/experiments/neighbormix_beta_mechanism_20260617/full/worm_neuron_cell/fixed_beta_0.05/seed1,negative,0.5116519893983323,0.7256176500182898,-0.05448545085710904,-0.0927674289564615,3.0
worm_neuron_cell,fixed_beta_0.05,2,fixed_beta_0.05,beta_control,pca_cosine_knn,0.3,1.0,1.0,0.9499998688697816,0.0500000081956386,fixed,0.05,0.05,0.05,0.02,0.5,anchor,local_mix,0.0,none,0.626134734830387,0.6266504163113765,0.3881553294268426,0.608360919149779,0.5270858546447116,0.6266504163113766,0.5716336064587416,0.6933851934707107,10,,fixed,kmeans_known_k,True,full,results/experiments/neighbormix_beta_mechanism_20260617/full/worm_neuron_cell/fixed_beta_0.05/seed2,negative,0.5235360674895352,0.6823775970888761,-0.13538073806269257,-0.07401667793909716,5.0
worm_neuron_cell,fixed_beta_0.1,0,fixed_beta_0.1,beta_control,pca_cosine_knn,0.3,1.0,1.0,0.8999998569488525,0.1000000163912773,fixed,0.1,0.1,0.05,0.02,0.5,anchor,local_mix,0.0,none,0.6939799331103679,0.6404894014512472,0.4414672795597398,0.6251383246223852,0.5574957917715254,0.6404894014512472,0.5979076521649227,0.6896013895140609,10,,fixed,kmeans_known_k,True,full,results/experiments/neighbormix_beta_mechanism_20260617/full/worm_neuron_cell/fixed_beta_0.1/seed0,negative,0.5149462244397406,0.7470473079960098,-0.07347894488000078,-0.12190898337362466,5.0
worm_neuron_cell,fixed_beta_0.1,1,fixed_beta_0.1,beta_control,pca_cosine_knn,0.3,1.0,1.0,0.8999998569488525,0.1000000163912773,fixed,0.1,0.1,0.05,0.02,0.5,anchor,local_mix,0.0,none,0.7195413282369804,0.6483067790493061,0.4956056446833552,0.6924307679483819,0.5712375005007921,0.6483067790493061,0.6454268830751637,0.6512124904143488,10,,fixed,kmeans_known_k,True,full,results/experiments/neighbormix_beta_mechanism_20260617/full/worm_neuron_cell/fixed_beta_0.1/seed1,negative,0.5116519893983323,0.7256176500182898,-0.016046344714977123,-0.03318688206990794,2.0
worm_neuron_cell,fixed_beta_0.1,2,fixed_beta_0.1,beta_control,pca_cosine_knn,0.3,1.0,1.0,0.8999998569488525,0.1000000163912773,fixed,0.1,0.1,0.05,0.02,0.5,anchor,local_mix,0.0,none,0.7269469660774008,0.629527413096551,0.4848777451547018,0.7312413448265997,0.567665883230726,0.629527413096551,0.6154982858885673,0.6442109925150173,10,,fixed,kmeans_known_k,True,full,results/experiments/neighbormix_beta_mechanism_20260617/full/worm_neuron_cell/fixed_beta_0.1/seed2,negative,0.5235360674895352,0.6823775970888761,-0.038658322334833406,0.04886374773772362,3.0
worm_neuron_cell,gaussian_noise_matched_anchor_target,0,gaussian_noise_matched_anchor_target,beta_control,pca_cosine_knn,0.3,1.0,1.0,0.9499929616227746,0.050007038086187,truncated_normal,0.0999999999999999,0.1,0.05,0.02,0.5,anchor,gaussian_matched,0.0,none,0.55303392259914,0.5333639534912634,0.3094016316603121,0.4621340833613593,0.4558861102544964,0.5333639534912634,0.4747595258806594,0.6084741451780185,10,,fixed,kmeans_known_k,True,full,results/experiments/neighbormix_beta_mechanism_20260617/full/worm_neuron_cell/gaussian_noise_matched_anchor_target/seed0,negative,0.5149462244397406,0.7470473079960098,-0.2055445927794285,-0.2849132246346505,8.0
worm_neuron_cell,gaussian_noise_matched_anchor_target,1,gaussian_noise_matched_anchor_target,beta_control,pca_cosine_knn,0.3,1.0,1.0,0.9500304055400192,0.0499695933249313,truncated_normal,0.0999999999999999,0.1,0.05,0.02,0.5,anchor,gaussian_matched,0.0,none,0.540133779264214,0.5431934808219617,0.2586148584791264,0.4690100073833801,0.4293373240856104,0.5431934808219618,0.4778815663217236,0.6291838245612567,10,,fixed,kmeans_known_k,True,full,results/experiments/neighbormix_beta_mechanism_20260617/full/worm_neuron_cell/gaussian_noise_matched_anchor_target/seed1,negative,0.5116519893983323,0.7256176500182898,-0.25303713091920593,-0.2566076426349097,8.0
worm_neuron_cell,gaussian_noise_matched_anchor_target,2,gaussian_noise_matched_anchor_target,beta_control,pca_cosine_knn,0.3,1.0,1.0,0.9499824119266124,0.0500175883295014,truncated_normal,0.0999999999999999,0.1,0.05,0.02,0.5,anchor,gaussian_matched,0.0,none,0.5955566172957477,0.5416732475445285,0.2456884199375862,0.5549855926640697,0.456348993903075,0.5416732475445284,0.4530306638872662,0.6734429698967503,10,,fixed,kmeans_known_k,True,full,results/experiments/neighbormix_beta_mechanism_20260617/full/worm_neuron_cell/gaussian_noise_matched_anchor_target/seed2,negative,0.5235360674895352,0.6823775970888761,-0.277847647551949,-0.12739200442480647,8.0
worm_neuron_cell,global_random_neighbor_control,0,global_random_neighbor_control,global_random_neighbor_control,global_random_excluding_self,0.3,1.0,1.0,0.8999998569488525,0.1000000163912773,fixed,0.0999999999999999,0.0999999999999999,0.05,0.02,0.5,anchor,local_mix,0.0,none,0.5843287147634973,0.5988461514174118,0.3418490235005483,0.524643985193134,0.4605336703671817,0.5988461514174117,0.5636413202643694,0.6387417265370506,10,,fixed,kmeans_known_k,True,full,results/experiments/neighbormix_beta_mechanism_20260617/full/worm_neuron_cell/global_random_neighbor_control/seed0,negative,0.5149462244397406,0.7470473079960098,-0.17309720093919229,-0.22240332280287578,7.0
worm_neuron_cell,global_random_neighbor_control,1,global_random_neighbor_control,global_random_neighbor_control,global_random_excluding_self,0.3,1.0,1.0,0.8999998569488525,0.1000000163912773,fixed,0.0999999999999999,0.0999999999999999,0.05,0.02,0.5,anchor,local_mix,0.0,none,0.6665074056378404,0.6232190088553377,0.4181752903883561,0.6102967798052306,0.5213518378908848,0.6232190088553378,0.59847187148181,0.6501010404447689,10,,fixed,kmeans_known_k,True,full,results/experiments/neighbormix_beta_mechanism_20260617/full/worm_neuron_cell/global_random_neighbor_control/seed1,negative,0.5116519893983323,0.7256176500182898,-0.09347669900997624,-0.11532087021305926,4.0
worm_neuron_cell,global_random_neighbor_control,2,global_random_neighbor_control,global_random_neighbor_control,global_random_excluding_self,0.3,1.0,1.0,0.8999998569488525,0.1000000163912773,fixed,0.0999999999999999,0.0999999999999999,0.05,0.02,0.5,anchor,local_mix,0.0,none,0.5719063545150501,0.5597485530447892,0.342260768345193,0.5439061288077254,0.4747037597548105,0.5597485530447893,0.5060834361516237,0.6261450057330108,10,,fixed,kmeans_known_k,True,full,results/experiments/neighbormix_beta_mechanism_20260617/full/worm_neuron_cell/global_random_neighbor_control/seed2,negative,0.5235360674895352,0.6823775970888761,-0.1812752991443422,-0.13847146828115076,7.0
worm_neuron_cell,nm_scmae_nomix,0,nm_scmae_nomix,nm_scmae_nomix,none,0.0,1.0,1.0,1.0,0.0,fixed,0.0999999999999999,0.0999999999999999,0.05,0.02,0.5,anchor,local_mix,0.0,none,0.7505972288580984,0.6566065038543063,0.5149462244397406,0.7470473079960098,0.6008294782115291,0.6566065038543063,0.6311319209616738,0.6842240620987198,10,,fixed,kmeans_known_k,True,full,results/experiments/neighbormix_beta_mechanism_20260617/full/worm_neuron_cell/nm_scmae_nomix/seed0,negative,0.5149462244397406,0.7470473079960098,0.0,0.0,2.0
worm_neuron_cell,nm_scmae_nomix,1,nm_scmae_nomix,nm_scmae_nomix,none,0.0,1.0,1.0,1.0,0.0,fixed,0.0999999999999999,0.0999999999999999,0.05,0.02,0.5,anchor,local_mix,0.0,none,0.747730530339226,0.6459894809115314,0.5116519893983323,0.7256176500182898,0.5949333142383071,0.6459894809115314,0.6308097512302081,0.6619177906982184,10,,fixed,kmeans_known_k,True,full,results/experiments/neighbormix_beta_mechanism_20260617/full/worm_neuron_cell/nm_scmae_nomix/seed1,negative,0.5116519893983323,0.7256176500182898,0.0,0.0,1.0
worm_neuron_cell,nm_scmae_nomix,2,nm_scmae_nomix,nm_scmae_nomix,none,0.0,1.0,1.0,1.0,0.0,fixed,0.0999999999999999,0.0999999999999999,0.05,0.02,0.5,anchor,local_mix,0.0,none,0.7429526994744386,0.6456213172150971,0.5235360674895352,0.6823775970888761,0.6037027554648882,0.645621317215097,0.6265468181882675,0.6658936865041525,10,,fixed,kmeans_known_k,True,full,results/experiments/neighbormix_beta_mechanism_20260617/full/worm_neuron_cell/nm_scmae_nomix/seed2,negative,0.5235360674895352,0.6823775970888761,0.0,0.0,1.0
worm_neuron_cell,random_beta_uniform_0.1,0,random_beta_uniform_0.1,beta_control,pca_cosine_knn,0.3,1.0,1.0,0.9500518900342284,0.0499481094477232,uniform,0.0999999999999999,0.1,0.05,0.02,0.5,anchor,local_mix,0.0,none,0.6466794075489728,0.6065009770714143,0.4195163382719621,0.6052950525200739,0.5347943907250537,0.6065009770714141,0.5575706422179662,0.6648453423672226,10,,fixed,kmeans_known_k,True,full,results/experiments/neighbormix_beta_mechanism_20260617/full/worm_neuron_cell/random_beta_uniform_0.1/seed0,negative,0.5149462244397406,0.7470473079960098,-0.09542988616777848,-0.14175225547593595,6.0
worm_neuron_cell,random_beta_uniform_0.1,1,random_beta_uniform_0.1,beta_control,pca_cosine_knn,0.3,1.0,1.0,0.9500112829264252,0.0499887177109485,uniform,0.0999999999999999,0.1,0.05,0.02,0.5,anchor,local_mix,0.0,none,0.6605351170568562,0.6148989356436578,0.3933934934142766,0.5948123852702726,0.5264425400045541,0.6148989356436578,0.5669662662147346,0.6716847537427646,10,,fixed,kmeans_known_k,True,full,results/experiments/neighbormix_beta_mechanism_20260617/full/worm_neuron_cell/random_beta_uniform_0.1/seed1,negative,0.5116519893983323,0.7256176500182898,-0.11825849598405574,-0.13080526474801724,5.0
worm_neuron_cell,random_beta_uniform_0.1,2,random_beta_uniform_0.1,beta_control,pca_cosine_knn,0.3,1.0,1.0,0.9500038607046009,0.0499961404711939,uniform,0.0999999999999999,0.1,0.05,0.02,0.5,anchor,local_mix,0.0,none,0.6404682274247492,0.6231872409856692,0.4233153895660316,0.5865048252510348,0.5262569104267996,0.6231872409856692,0.5905629825034854,0.6596267651796187,10,,fixed,kmeans_known_k,True,full,results/experiments/neighbormix_beta_mechanism_20260617/full/worm_neuron_cell/random_beta_uniform_0.1/seed2,negative,0.5235360674895352,0.6823775970888761,-0.10022067792350359,-0.09587277183784138,4.0
worm_neuron_cell,snn_neighbormix,0,snn_neighbormix,snn_neighbormix,snn_jaccard_weighted_knn,0.3,1.0,1.0,0.8999998569488525,0.1000000163912773,fixed,0.0999999999999999,0.0999999999999999,0.05,0.02,0.5,anchor,local_mix,0.0,none,0.7599139990444338,0.6696736798864011,0.56091813633032,0.7173294213423855,0.6239832975282948,0.6696736798864013,0.6710553596246257,0.6682976781188632,10,,fixed,kmeans_known_k,True,full,results/experiments/neighbormix_beta_mechanism_20260617/full/worm_neuron_cell/snn_neighbormix/seed0,negative,0.5149462244397406,0.7470473079960098,0.045971911890579364,-0.029717886653624292,1.0
worm_neuron_cell,snn_neighbormix,1,snn_neighbormix,snn_neighbormix,snn_jaccard_weighted_knn,0.3,1.0,1.0,0.8999998569488525,0.1000000163912773,fixed,0.0999999999999999,0.0999999999999999,0.05,0.02,0.5,anchor,local_mix,0.0,none,0.5824175824175825,0.6123273513027622,0.3462383418431318,0.6141334884718952,0.4596116389995591,0.6123273513027622,0.5930867723948129,0.6328581709787598,10,,fixed,kmeans_known_k,True,full,results/experiments/neighbormix_beta_mechanism_20260617/full/worm_neuron_cell/snn_neighbormix/seed1,negative,0.5116519893983323,0.7256176500182898,-0.16541364755520055,-0.11148416154639462,7.0
worm_neuron_cell,snn_neighbormix,2,snn_neighbormix,snn_neighbormix,snn_jaccard_weighted_knn,0.3,1.0,1.0,0.8999998569488525,0.1000000163912773,fixed,0.0999999999999999,0.0999999999999999,0.05,0.02,0.5,anchor,local_mix,0.0,none,0.7453416149068323,0.649774045659868,0.5066248087096676,0.7601588758803197,0.5898465779664535,0.649774045659868,0.6314783552878611,0.6691615225592524,10,,fixed,kmeans_known_k,True,full,results/experiments/neighbormix_beta_mechanism_20260617/full/worm_neuron_cell/snn_neighbormix/seed2,negative,0.5235360674895352,0.6823775970888761,-0.016911258779867544,0.07778127879144359,2.0
worm_neuron_cell,truncated_normal_beta_mean0.05_std0.02,0,truncated_normal_beta_mean0.05_std0.02,beta_control,pca_cosine_knn,0.3,1.0,1.0,0.9499972810968756,0.0500027190748369,truncated_normal,0.0999999999999999,0.1,0.05,0.02,0.5,anchor,local_mix,0.0,none,0.7314859053989489,0.6495136269614742,0.4744430929551595,0.6761926275427231,0.57081189113252,0.6495136269614742,0.6237125474831808,0.6775414431319622,10,,fixed,kmeans_known_k,True,full,results/experiments/neighbormix_beta_mechanism_20260617/full/worm_neuron_cell/truncated_normal_beta_mean0.05_std0.02/seed0,negative,0.5149462244397406,0.7470473079960098,-0.04050313148458107,-0.07085468045328669,4.0
worm_neuron_cell,truncated_normal_beta_mean0.05_std0.02,1,truncated_normal_beta_mean0.05_std0.02,beta_control,pca_cosine_knn,0.3,1.0,1.0,0.9500283857341856,0.0499716121295932,truncated_normal,0.0999999999999999,0.1,0.05,0.02,0.5,anchor,local_mix,0.0,none,0.6194457716196846,0.5908685847221202,0.3796995626733729,0.5835164492061649,0.4840092845263547,0.5908685847221202,0.5711622253369796,0.6119833636171197,10,,fixed,kmeans_known_k,True,full,results/experiments/neighbormix_beta_mechanism_20260617/full/worm_neuron_cell/truncated_normal_beta_mean0.05_std0.02/seed1,negative,0.5116519893983323,0.7256176500182898,-0.13195242672495944,-0.14210120081212496,6.0
worm_neuron_cell,truncated_normal_beta_mean0.05_std0.02,2,truncated_normal_beta_mean0.05_std0.02,beta_control,pca_cosine_knn,0.3,1.0,1.0,0.9500123819801956,0.0499876176589168,truncated_normal,0.0999999999999999,0.1,0.05,0.02,0.5,anchor,local_mix,0.0,none,0.6557572861920689,0.6452027004276655,0.3651668824220654,0.6423132023411443,0.5338142738763176,0.6452027004276655,0.5623791299427624,0.7566350262176793,10,,fixed,kmeans_known_k,True,full,results/experiments/neighbormix_beta_mechanism_20260617/full/worm_neuron_cell/truncated_normal_beta_mean0.05_std0.02/seed2,negative,0.5235360674895352,0.6823775970888761,-0.15836918506746978,-0.040064394747731824,6.0
Guo,fixed_beta_0.025,0,fixed_beta_0.025,beta_control,pca_cosine_knn,0.3,1.0,1.0,0.9750001430511476,0.0250000040978193,fixed,0.025,0.025,0.05,0.02,0.5,anchor,local_mix,0.0,none,0.8659476117103235,0.849697948470154,0.8342781500620866,0.8281232588391566,0.8580711337843083,0.849697948470154,0.8568891575980209,0.842626435358334,12,,fixed,kmeans_known_k,True,stage1,results/experiments/neighbormix_beta_mechanism_20260617/stage1/Guo/fixed_beta_0.025/seed0,neutral,0.8419856832113954,0.8353301520712294,-0.007707533149308832,-0.007206893232072797,8.0
Guo,fixed_beta_0.025,1,fixed_beta_0.025,beta_control,pca_cosine_knn,0.3,1.0,1.0,0.9750001430511476,0.0250000040978193,fixed,0.025,0.025,0.05,0.02,0.5,anchor,local_mix,0.0,none,0.8899845916795069,0.8639911295945496,0.8559688173701805,0.8214122619389034,0.8766892831078654,0.8639911295945497,0.8738766008867316,0.8543268095505258,12,,fixed,kmeans_known_k,True,stage1,results/experiments/neighbormix_beta_mechanism_20260617/stage1/Guo/fixed_beta_0.025/seed1,neutral,0.8386476962743222,0.8341045832709125,0.01732112109585826,-0.012692321332009149,7.0
Guo,fixed_beta_0.025,2,fixed_beta_0.025,beta_control,pca_cosine_knn,0.3,1.0,1.0,0.9750001430511476,0.0250000040978193,fixed,0.025,0.025,0.05,0.02,0.5,anchor,local_mix,0.0,none,0.85115562403698,0.8399083741687756,0.8058393788210518,0.7723722943147847,0.8336342987229458,0.8399083741687756,0.8470122308123447,0.8329226859567667,12,,fixed,kmeans_known_k,True,stage1,results/experiments/neighbormix_beta_mechanism_20260617/stage1/Guo/fixed_beta_0.025/seed2,neutral,0.8312158272070158,0.7820204092535549,-0.02537644838596398,-0.009648114938770158,8.0
Guo,fixed_beta_0.05,0,fixed_beta_0.05,beta_control,pca_cosine_knn,0.3,1.0,1.0,0.9499998688697816,0.0500000081956386,fixed,0.05,0.05,0.05,0.02,0.5,anchor,local_mix,0.0,none,0.8705701078582434,0.8546348065683647,0.8410301487511141,0.8045662504542439,0.8638706222826624,0.8546348065683647,0.866114914139239,0.8434550490828451,12,,fixed,kmeans_known_k,True,stage1,results/experiments/neighbormix_beta_mechanism_20260617/stage1/Guo/fixed_beta_0.05/seed0,neutral,0.8419856832113954,0.8353301520712294,-0.0009555344602812932,-0.0307639016169855,5.0
Guo,fixed_beta_0.05,1,fixed_beta_0.05,beta_control,pca_cosine_knn,0.3,1.0,1.0,0.9499998688697816,0.0500000081956386,fixed,0.05,0.05,0.05,0.02,0.5,anchor,local_mix,0.0,none,0.8902927580893683,0.8652364454756739,0.8573362948622901,0.8205061522783232,0.8778618505270728,0.8652364454756737,0.875100432651267,0.8555923501755512,12,,fixed,kmeans_known_k,True,stage1,results/experiments/neighbormix_beta_mechanism_20260617/stage1/Guo/fixed_beta_0.05/seed1,neutral,0.8386476962743222,0.8341045832709125,0.018688598587967897,-0.013598430992589283,6.0
Guo,fixed_beta_0.05,2,fixed_beta_0.05,beta_control,pca_cosine_knn,0.3,1.0,1.0,0.9499998688697816,0.0500000081956386,fixed,0.05,0.05,0.05,0.02,0.5,anchor,local_mix,0.0,none,0.8554699537750385,0.8420398985944252,0.814511246475964,0.7746218769312588,0.8410853111973462,0.8420398985944253,0.8486209836938148,0.8355601010916538,12,,fixed,kmeans_known_k,True,stage1,results/experiments/neighbormix_beta_mechanism_20260617/stage1/Guo/fixed_beta_0.05/seed2,neutral,0.8312158272070158,0.7820204092535549,-0.016704580731051855,-0.007398532322296036,6.0
Guo,fixed_beta_0.1,0,fixed_beta_0.1,beta_control,pca_cosine_knn,0.3,1.0,1.0,0.8999998569488525,0.1000000163912773,fixed,0.1,0.1,0.05,0.02,0.5,anchor,local_mix,0.0,none,0.8710323574730354,0.8554820723681416,0.842181915987195,0.8050776136757233,0.8648544020142742,0.8554820723681416,0.8664290077640656,0.8448083046958067,12,,fixed,kmeans_known_k,True,stage1,results/experiments/neighbormix_beta_mechanism_20260617/stage1/Guo/fixed_beta_0.1/seed0,neutral,0.8419856832113954,0.8353301520712294,0.00019623277579960963,-0.030252538395506123,3.0
Guo,fixed_beta_0.1,1,fixed_beta_0.1,beta_control,pca_cosine_knn,0.3,1.0,1.0,0.8999998569488525,0.1000000163912773,fixed,0.1,0.1,0.05,0.02,0.5,anchor,local_mix,0.0,none,0.8933744221879815,0.8673591097379149,0.8607677562585611,0.8234111177717888,0.8808108786673082,0.8673591097379147,0.8765259916060979,0.8583819815094006,12,,fixed,kmeans_known_k,True,stage1,results/experiments/neighbormix_beta_mechanism_20260617/stage1/Guo/fixed_beta_0.1/seed1,neutral,0.8386476962743222,0.8341045832709125,0.022120059984238827,-0.010693465499123755,5.0
Guo,fixed_beta_0.1,2,fixed_beta_0.1,beta_control,pca_cosine_knn,0.3,1.0,1.0,0.8999998569488525,0.1000000163912773,fixed,0.1,0.1,0.05,0.02,0.5,anchor,local_mix,0.0,none,0.8531587057010785,0.8415747635719262,0.8142281336736836,0.7715007470641408,0.8408409976680623,0.8415747635719262,0.8479444738782579,0.8353000375468758,12,,fixed,kmeans_known_k,True,stage1,results/experiments/neighbormix_beta_mechanism_20260617/stage1/Guo/fixed_beta_0.1/seed2,neutral,0.8312158272070158,0.7820204092535549,-0.016987693533332182,-0.010519662189414025,7.0
Guo,fixed_beta_0.2,0,fixed_beta_0.2,beta_control,pca_cosine_knn,0.3,1.0,1.0,0.8000001311302185,0.2000000327825546,fixed,0.2,0.2,0.05,0.02,0.5,anchor,local_mix,0.0,none,0.8696456086286595,0.8531267245641199,0.8389692184853297,0.8042084608036015,0.8620993670161308,0.8531267245641199,0.8637435947735872,0.8427676837912724,12,,fixed,kmeans_known_k,True,stage1,results/experiments/neighbormix_beta_mechanism_20260617/stage1/Guo/fixed_beta_0.2/seed0,neutral,0.8419856832113954,0.8353301520712294,-0.0030164647260657595,-0.03112169126762787,7.0
Guo,fixed_beta_0.2,1,fixed_beta_0.2,beta_control,pca_cosine_knn,0.3,1.0,1.0,0.8000001311302185,0.2000000327825546,fixed,0.2,0.2,0.05,0.02,0.5,anchor,local_mix,0.0,none,0.8967642526964561,0.8708000547339251,0.8654106509395857,0.8266184587469172,0.8847929202213832,0.8708000547339251,0.8804861498810311,0.86132475123916,12,,fixed,kmeans_known_k,True,stage1,results/experiments/neighbormix_beta_mechanism_20260617/stage1/Guo/fixed_beta_0.2/seed1,neutral,0.8386476962743222,0.8341045832709125,0.02676295466526346,-0.00748612452399533,3.0
Guo,fixed_beta_0.2,2,fixed_beta_0.2,beta_control,pca_cosine_knn,0.3,1.0,1.0,0.8000001311302185,0.2000000327825546,fixed,0.2,0.2,0.05,0.02,0.5,anchor,local_mix,0.0,none,0.8648690292758089,0.8482540690941335,0.8260456583664642,0.830823106395962,0.8509967220202281,0.8482540690941336,0.856509623686632,0.8401561392148904,12,,fixed,kmeans_known_k,True,stage1,results/experiments/neighbormix_beta_mechanism_20260617/stage1/Guo/fixed_beta_0.2/seed2,neutral,0.8312158272070158,0.7820204092535549,-0.005170168840551659,0.04880269714240715,5.0
Guo,nm_scmae_nomix,0,nm_scmae_nomix,nm_scmae_nomix,none,0.0,1.0,1.0,1.0,0.0,fixed,0.0999999999999999,0.0999999999999999,0.05,0.02,0.5,anchor,local_mix,0.0,none,0.8736517719568567,0.8565963587218847,0.8419856832113954,0.8353301520712294,0.8646890367804623,0.8565963587218847,0.8636491222800587,0.8496578512015498,12,,fixed,kmeans_known_k,True,stage1,results/experiments/neighbormix_beta_mechanism_20260617/stage1/Guo/nm_scmae_nomix/seed0,neutral,0.8419856832113954,0.8353301520712294,0.0,0.0,4.0
Guo,nm_scmae_nomix,1,nm_scmae_nomix,nm_scmae_nomix,none,0.0,1.0,1.0,1.0,0.0,fixed,0.0999999999999999,0.0999999999999999,0.05,0.02,0.5,anchor,local_mix,0.0,none,0.8727272727272727,0.8518952494458167,0.8386476962743222,0.8341045832709125,0.8618460531855424,0.8518952494458167,0.857899909868531,0.8459740610824757,12,,fixed,kmeans_known_k,True,stage1,results/experiments/neighbormix_beta_mechanism_20260617/stage1/Guo/nm_scmae_nomix/seed1,neutral,0.8386476962743222,0.8341045832709125,0.0,0.0,8.0
Guo,nm_scmae_nomix,2,nm_scmae_nomix,nm_scmae_nomix,none,0.0,1.0,1.0,1.0,0.0,fixed,0.0999999999999999,0.0999999999999999,0.05,0.02,0.5,anchor,local_mix,0.0,none,0.8651771956856703,0.8475680580958956,0.8312158272070158,0.7820204092535549,0.8554414733893893,0.8475680580958955,0.8531597439811285,0.8420491917716013,12,,fixed,kmeans_known_k,True,stage1,results/experiments/neighbormix_beta_mechanism_20260617/stage1/Guo/nm_scmae_nomix/seed2,neutral,0.8312158272070158,0.7820204092535549,0.0,0.0,2.0
Guo,random_beta_uniform_0.05,0,random_beta_uniform_0.05,beta_control,pca_cosine_knn,0.3,1.0,1.0,0.9750086771845818,0.0249913221271708,uniform,0.0999999999999999,0.05,0.025,0.02,0.5,anchor,local_mix,0.0,none,0.8708782742681048,0.8514082564198492,0.840138056264981,0.8271145082300597,0.8632068508184257,0.8514082564198493,0.8561914201823143,0.8466782386061849,12,,fixed,kmeans_known_k,True,stage1,results/experiments/neighbormix_beta_mechanism_20260617/stage1/Guo/random_beta_uniform_0.05/seed0,neutral,0.8419856832113954,0.8353301520712294,-0.0018476269464144934,-0.008215643841169684,6.0
Guo,random_beta_uniform_0.05,1,random_beta_uniform_0.05,beta_control,pca_cosine_knn,0.3,1.0,1.0,0.9750035443007944,0.0249964556740596,uniform,0.0999999999999999,0.05,0.025,0.02,0.5,anchor,local_mix,0.0,none,0.8964560862865948,0.8670256670931997,0.8649670932174773,0.8554682090757925,0.8845620157386209,0.8670256670931998,0.8704009716392905,0.8636764394299209,12,,fixed,kmeans_known_k,True,stage1,results/experiments/neighbormix_beta_mechanism_20260617/stage1/Guo/random_beta_uniform_0.05/seed1,neutral,0.8386476962743222,0.8341045832709125,0.026319396943155104,0.021363625804879938,4.0
Guo,random_beta_uniform_0.05,2,random_beta_uniform_0.05,beta_control,pca_cosine_knn,0.3,1.0,1.0,0.9750185302197936,0.0249814693527296,uniform,0.0999999999999999,0.05,0.025,0.02,0.5,anchor,local_mix,0.0,none,0.864406779661017,0.8465669132466347,0.8304816110347637,0.7809229780021737,0.85483184356376,0.8465669132466347,0.8511292965190054,0.8420531814724979,12,,fixed,kmeans_known_k,True,stage1,results/experiments/neighbormix_beta_mechanism_20260617/stage1/Guo/random_beta_uniform_0.05/seed2,neutral,0.8312158272070158,0.7820204092535549,-0.0007342161722521112,-0.0010974312513811757,4.0
Guo,random_beta_uniform_0.1,0,random_beta_uniform_0.1,beta_control,pca_cosine_knn,0.3,1.0,1.0,0.9500173563361168,0.0499826442543417,uniform,0.0999999999999999,0.1,0.05,0.02,0.5,anchor,local_mix,0.0,none,0.8730354391371341,0.8562918999444664,0.8449716895423325,0.8068809678050997,0.8672973117522332,0.8562918999444665,0.8655027435433355,0.8472750390184401,12,,fixed,kmeans_known_k,True,stage1,results/experiments/neighbormix_beta_mechanism_20260617/stage1/Guo/random_beta_uniform_0.1/seed0,neutral,0.8419856832113954,0.8353301520712294,0.002986006330937041,-0.028449184266129746,2.0
Guo,random_beta_uniform_0.1,1,random_beta_uniform_0.1,beta_control,pca_cosine_knn,0.3,1.0,1.0,0.9500070888996124,0.0499929113481193,uniform,0.0999999999999999,0.1,0.05,0.02,0.5,anchor,local_mix,0.0,none,0.901848998459168,0.8688892376168649,0.8675846315075598,0.8627802545706321,0.8868354775288733,0.8688892376168649,0.8719806532963597,0.8658196643689645,12,,fixed,kmeans_known_k,True,stage1,results/experiments/neighbormix_beta_mechanism_20260617/stage1/Guo/random_beta_uniform_0.1/seed1,neutral,0.8386476962743222,0.8341045832709125,0.028936935233237593,0.028675671299719596,2.0
Guo,random_beta_uniform_0.1,2,random_beta_uniform_0.1,beta_control,pca_cosine_knn,0.3,1.0,1.0,0.950037062048912,0.0499629387054592,uniform,0.0999999999999999,0.1,0.05,0.02,0.5,anchor,local_mix,0.0,none,0.8705701078582434,0.8528181168588098,0.8348123306456734,0.8483301173747023,0.8585283563956544,0.8528181168588098,0.8593968003768474,0.8463393878490356,12,,fixed,kmeans_known_k,True,stage1,results/experiments/neighbormix_beta_mechanism_20260617/stage1/Guo/random_beta_uniform_0.1/seed2,neutral,0.8312158272070158,0.7820204092535549,0.0035965034386575834,0.06630970812114745,1.0
Guo,random_beta_uniform_0.2,0,random_beta_uniform_0.2,beta_control,pca_cosine_knn,0.3,1.0,1.0,0.900034711778164,0.0999652885086834,uniform,0.0999999999999999,0.2,0.1,0.02,0.5,anchor,local_mix,0.0,none,0.8745762711864407,0.8566802061738111,0.846446223212044,0.8077634811639678,0.8685489167790651,0.8566802061738112,0.8660734851388976,0.8474884966876215,12,,fixed,kmeans_known_k,True,stage1,results/experiments/neighbormix_beta_mechanism_20260617/stage1/Guo/random_beta_uniform_0.2/seed0,neutral,0.8419856832113954,0.8353301520712294,0.00446054000064855,-0.027566670907261615,1.0
Guo,random_beta_uniform_0.2,1,random_beta_uniform_0.2,beta_control,pca_cosine_knn,0.3,1.0,1.0,0.9000141781270505,0.0999858226962387,uniform,0.0999999999999999,0.2,0.1,0.02,0.5,anchor,local_mix,0.0,none,0.9029275808936826,0.8769511933847353,0.8755043197197141,0.831970746860363,0.8935035224271028,0.8769511933847354,0.8849615639283132,0.8690845362855971,12,,fixed,kmeans_known_k,True,stage1,results/experiments/neighbormix_beta_mechanism_20260617/stage1/Guo/random_beta_uniform_0.2/seed1,neutral,0.8386476962743222,0.8341045832709125,0.03685662344539187,-0.002133836410549539,1.0
Guo,random_beta_uniform_0.2,2,random_beta_uniform_0.2,beta_control,pca_cosine_knn,0.3,1.0,1.0,0.9000741223692893,0.0999258774109184,uniform,0.0999999999999999,0.2,0.1,0.02,0.5,anchor,local_mix,0.0,none,0.8631741140215716,0.8473723950690768,0.8311139167618891,0.7792130020215883,0.8553730349185268,0.8473723950690767,0.8520099859587777,0.842785016775177,12,,fixed,kmeans_known_k,True,stage1,results/experiments/neighbormix_beta_mechanism_20260617/stage1/Guo/random_beta_uniform_0.2/seed2,neutral,0.8312158272070158,0.7820204092535549,-0.00010191044512675163,-0.0028074072319665966,3.0
Macosko,fixed_beta_0.025,0,fixed_beta_0.025,beta_control,pca_cosine_knn,0.3,1.0,1.0,0.9750001430511476,0.0250000040978193,fixed,0.025,0.025,0.05,0.02,0.5,anchor,local_mix,0.0,none,0.5275397250490984,0.6164387204779032,0.3785544073336428,0.5366226666671734,0.6010242939678171,0.6164387204779032,0.8189158569270765,0.4942382083066,12,,fixed,kmeans_known_k,True,stage1,results/experiments/neighbormix_beta_mechanism_20260617/stage1/Macosko/fixed_beta_0.025/seed0,negative,0.3878266965764106,0.4836887227059757,-0.009272289242767795,0.052933943961197716,4.0
Macosko,fixed_beta_0.025,1,fixed_beta_0.025,beta_control,pca_cosine_knn,0.3,1.0,1.0,0.9750001430511476,0.0250000040978193,fixed,0.025,0.025,0.05,0.02,0.5,anchor,local_mix,0.0,none,0.5329851812176397,0.6253909157723676,0.3874916603244043,0.5476100960967178,0.6082829867840196,0.6253909157723676,0.8325114239994688,0.5007975089134911,12,,fixed,kmeans_known_k,True,stage1,results/experiments/neighbormix_beta_mechanism_20260617/stage1/Macosko/fixed_beta_0.025/seed1,negative,0.382798485100648,0.6174183150854969,0.004693175223756285,-0.06980821898877909,5.0
Macosko,fixed_beta_0.025,2,fixed_beta_0.025,beta_control,pca_cosine_knn,0.3,1.0,1.0,0.9750001430511476,0.0250000040978193,fixed,0.025,0.025,0.05,0.02,0.5,anchor,local_mix,0.0,none,0.5392117479021603,0.6175340125930817,0.3772333551930399,0.575335285808835,0.5999676703716769,0.6175340125930817,0.8224844196468982,0.4943497054609701,12,,fixed,kmeans_known_k,True,stage1,results/experiments/neighbormix_beta_mechanism_20260617/stage1/Macosko/fixed_beta_0.025/seed2,negative,0.3038171975678505,0.4604124327872176,0.07341615762518938,0.11492285302161737,6.0
Macosko,fixed_beta_0.05,0,fixed_beta_0.05,beta_control,pca_cosine_knn,0.3,1.0,1.0,0.9499998688697816,0.0500000081956386,fixed,0.05,0.05,0.05,0.02,0.5,anchor,local_mix,0.0,none,0.5576459560792716,0.621260082606654,0.3792751091819349,0.5566871465234807,0.6017083073342447,0.6212600826066541,0.8162237865154001,0.5014769880345077,12,,fixed,kmeans_known_k,True,stage1,results/experiments/neighbormix_beta_mechanism_20260617/stage1/Macosko/fixed_beta_0.05/seed0,negative,0.3878266965764106,0.4836887227059757,-0.008551587394475701,0.07299842381750504,3.0
Macosko,fixed_beta_0.05,1,fixed_beta_0.05,beta_control,pca_cosine_knn,0.3,1.0,1.0,0.9499998688697816,0.0500000081956386,fixed,0.05,0.05,0.05,0.02,0.5,anchor,local_mix,0.0,none,0.5135913229780397,0.6116448653837354,0.3821678938220423,0.5340096335511161,0.6040186389271903,0.6116448653837353,0.8076574929671149,0.4921931503660651,12,,fixed,kmeans_known_k,True,stage1,results/experiments/neighbormix_beta_mechanism_20260617/stage1/Macosko/fixed_beta_0.05/seed1,negative,0.382798485100648,0.6174183150854969,-0.0006305912786057077,-0.08340868153438086,7.0
Macosko,fixed_beta_0.05,2,fixed_beta_0.05,beta_control,pca_cosine_knn,0.3,1.0,1.0,0.9499998688697816,0.0500000081956386,fixed,0.05,0.05,0.05,0.02,0.5,anchor,local_mix,0.0,none,0.5676218532404927,0.6198483685148465,0.3880619270126847,0.6518629878583705,0.6089579045379935,0.6198483685148466,0.8042606284870664,0.504231120573468,12,,fixed,kmeans_known_k,True,stage1,results/experiments/neighbormix_beta_mechanism_20260617/stage1/Macosko/fixed_beta_0.05/seed2,negative,0.3038171975678505,0.4604124327872176,0.08424472944483419,0.19145055507115288,3.0
Macosko,fixed_beta_0.1,0,fixed_beta_0.1,beta_control,pca_cosine_knn,0.3,1.0,1.0,0.8999998569488525,0.1000000163912773,fixed,0.1,0.1,0.05,0.02,0.5,anchor,local_mix,0.0,none,0.5230762363863596,0.6128796636932126,0.3769024644167392,0.5623962687799303,0.599693249477332,0.6128796636932125,0.8131298423927428,0.4917708401310606,12,,fixed,kmeans_known_k,True,stage1,results/experiments/neighbormix_beta_mechanism_20260617/stage1/Macosko/fixed_beta_0.1/seed0,negative,0.3878266965764106,0.4836887227059757,-0.010924232159671421,0.07870754607395464,5.0
Macosko,fixed_beta_0.1,1,fixed_beta_0.1,beta_control,pca_cosine_knn,0.3,1.0,1.0,0.8999998569488525,0.1000000163912773,fixed,0.1,0.1,0.05,0.02,0.5,anchor,local_mix,0.0,none,0.6615113372612034,0.6749428595859188,0.5359461830707533,0.5516889325728304,0.7196223460363959,0.6749428595859189,0.8312615155421125,0.5681098512868232,12,,fixed,kmeans_known_k,True,stage1,results/experiments/neighbormix_beta_mechanism_20260617/stage1/Macosko/fixed_beta_0.1/seed1,negative,0.382798485100648,0.6174183150854969,0.15314769797010525,-0.06572938251266658,4.0
Macosko,fixed_beta_0.1,2,fixed_beta_0.1,beta_control,pca_cosine_knn,0.3,1.0,1.0,0.8999998569488525,0.1000000163912773,fixed,0.1,0.1,0.05,0.02,0.5,anchor,local_mix,0.0,none,0.508391358685949,0.6177578343749399,0.3788974501177174,0.556128500779326,0.6013942453175729,0.6177578343749399,0.8199020934888751,0.495575313568977,12,,fixed,kmeans_known_k,True,stage1,results/experiments/neighbormix_beta_mechanism_20260617/stage1/Macosko/fixed_beta_0.1/seed2,negative,0.3038171975678505,0.4604124327872176,0.07508025254986689,0.09571606799210836,4.0
Macosko,fixed_beta_0.2,0,fixed_beta_0.2,beta_control,pca_cosine_knn,0.3,1.0,1.0,0.8000001311302185,0.2000000327825546,fixed,0.2,0.2,0.05,0.02,0.5,anchor,local_mix,0.0,none,0.4895331190858775,0.5704197100338091,0.2936597362104234,0.566531824112592,0.5279266083203097,0.5704197100338091,0.7848263273118251,0.4480240653353075,12,,fixed,kmeans_known_k,True,stage1,results/experiments/neighbormix_beta_mechanism_20260617/stage1/Macosko/fixed_beta_0.2/seed0,negative,0.3878266965764106,0.4836887227059757,-0.0941669603659872,0.08284310140661627,8.0
Macosko,fixed_beta_0.2,1,fixed_beta_0.2,beta_control,pca_cosine_knn,0.3,1.0,1.0,0.8000001311302185,0.2000000327825546,fixed,0.2,0.2,0.05,0.02,0.5,anchor,local_mix,0.0,none,0.494599178718086,0.582471555741531,0.3152022041734396,0.5666297050086858,0.5472053409009985,0.5824715557415309,0.7944096420142691,0.459802319887741,12,,fixed,kmeans_known_k,True,stage1,results/experiments/neighbormix_beta_mechanism_20260617/stage1/Macosko/fixed_beta_0.2/seed1,negative,0.382798485100648,0.6174183150854969,-0.06759628092720843,-0.050788610076811125,8.0
Macosko,fixed_beta_0.2,2,fixed_beta_0.2,beta_control,pca_cosine_knn,0.3,1.0,1.0,0.8000001311302185,0.2000000327825546,fixed,0.2,0.2,0.05,0.02,0.5,anchor,local_mix,0.0,none,0.547625424031423,0.6203306837271193,0.3785995849223039,0.6311977331216837,0.6013290846513617,0.6203306837271193,0.811132574517159,0.5021989381204617,12,,fixed,kmeans_known_k,True,stage1,results/experiments/neighbormix_beta_mechanism_20260617/stage1/Macosko/fixed_beta_0.2/seed2,negative,0.3038171975678505,0.4604124327872176,0.07478238735445336,0.1707853003344661,5.0
Macosko,nm_scmae_nomix,0,nm_scmae_nomix,nm_scmae_nomix,none,0.0,1.0,1.0,1.0,0.0,fixed,0.0999999999999999,0.0999999999999999,0.05,0.02,0.5,anchor,local_mix,0.0,none,0.5125870380289234,0.6106231305014275,0.3878266965764106,0.4836887227059757,0.6085756764772327,0.6106231305014275,0.8104306285952423,0.4898525153756968,12,,fixed,kmeans_known_k,True,stage1,results/experiments/neighbormix_beta_mechanism_20260617/stage1/Macosko/nm_scmae_nomix/seed0,negative,0.3878266965764106,0.4836887227059757,0.0,0.0,2.0
Macosko,nm_scmae_nomix,1,nm_scmae_nomix,nm_scmae_nomix,none,0.0,1.0,1.0,1.0,0.0,fixed,0.0999999999999999,0.0999999999999999,0.05,0.02,0.5,anchor,local_mix,0.0,none,0.549879485806106,0.6002594546039903,0.382798485100648,0.6174183150854969,0.6048925238538281,0.6002594546039902,0.7782492263071837,0.4885300192745935,12,,fixed,kmeans_known_k,True,stage1,results/experiments/neighbormix_beta_mechanism_20260617/stage1/Macosko/nm_scmae_nomix/seed1,negative,0.382798485100648,0.6174183150854969,0.0,0.0,6.0
Macosko,nm_scmae_nomix,2,nm_scmae_nomix,nm_scmae_nomix,none,0.0,1.0,1.0,1.0,0.0,fixed,0.0999999999999999,0.0999999999999999,0.05,0.02,0.5,anchor,local_mix,0.0,none,0.442822710230316,0.5729016167749271,0.3038171975678505,0.4604124327872176,0.5369454424652917,0.5729016167749272,0.7942996573447545,0.4480226339302482,12,,fixed,kmeans_known_k,True,stage1,results/experiments/neighbormix_beta_mechanism_20260617/stage1/Macosko/nm_scmae_nomix/seed2,negative,0.3038171975678505,0.4604124327872176,0.0,0.0,8.0
Macosko,random_beta_uniform_0.05,0,random_beta_uniform_0.05,beta_control,pca_cosine_knn,0.3,1.0,1.0,0.975001823782921,0.0249981762295854,uniform,0.0999999999999999,0.05,0.025,0.02,0.5,anchor,local_mix,0.0,none,0.7163229780396357,0.6851475635363282,0.5575422294873753,0.6488145313475181,0.7350390982531224,0.6851475635363283,0.8168708911659515,0.5900068645966661,12,,fixed,kmeans_known_k,True,stage1,results/experiments/neighbormix_beta_mechanism_20260617/stage1/Macosko/random_beta_uniform_0.05/seed0,negative,0.3878266965764106,0.4836887227059757,0.1697155329109647,0.16512580864154242,1.0
Macosko,random_beta_uniform_0.05,1,random_beta_uniform_0.05,beta_control,pca_cosine_knn,0.3,1.0,1.0,0.975004027911595,0.0249959717105541,uniform,0.0999999999999999,0.05,0.025,0.02,0.5,anchor,local_mix,0.0,none,0.7173495804320656,0.6896165918433895,0.5514309213805696,0.7479605238441067,0.7309076336648749,0.6896165918433896,0.817257897460576,0.5964600288243387,12,,fixed,kmeans_known_k,True,stage1,results/experiments/neighbormix_beta_mechanism_20260617/stage1/Macosko/random_beta_uniform_0.05/seed1,negative,0.382798485100648,0.6174183150854969,0.16863243627992158,0.13054220875860978,2.0
Macosko,random_beta_uniform_0.05,2,random_beta_uniform_0.05,beta_control,pca_cosine_knn,0.3,1.0,1.0,0.9750189641501222,0.0249810358537361,uniform,0.0999999999999999,0.05,0.025,0.02,0.5,anchor,local_mix,0.0,none,0.6605293697554008,0.6575107524548992,0.5133071613392165,0.6492444370251594,0.704732178250089,0.6575107524548991,0.7961698478605946,0.5599850534362453,12,,fixed,kmeans_known_k,True,stage1,results/experiments/neighbormix_beta_mechanism_20260617/stage1/Macosko/random_beta_uniform_0.05/seed2,negative,0.3038171975678505,0.4604124327872176,0.20948996377136597,0.18883200423794183,2.0
Macosko,random_beta_uniform_0.1,0,random_beta_uniform_0.1,beta_control,pca_cosine_knn,0.3,1.0,1.0,0.950003647702081,0.0499963524591709,uniform,0.0999999999999999,0.1,0.05,0.02,0.5,anchor,local_mix,0.0,none,0.5642742367434387,0.6194858127555044,0.3768237487651865,0.6529239886708077,0.5998319046925275,0.6194858127555045,0.80790574424964,0.5023318768059518,12,,fixed,kmeans_known_k,True,stage1,results/experiments/neighbormix_beta_mechanism_20260617/stage1/Macosko/random_beta_uniform_0.1/seed0,negative,0.3878266965764106,0.4836887227059757,-0.011002947811224129,0.16923526596483202,6.0
Macosko,random_beta_uniform_0.1,1,random_beta_uniform_0.1,beta_control,pca_cosine_knn,0.3,1.0,1.0,0.9500080565001284,0.0499919434211083,uniform,0.0999999999999999,0.1,0.05,0.02,0.5,anchor,local_mix,0.0,none,0.686194429566149,0.6852154288053748,0.5580397388951099,0.6337488684502359,0.7349595784459397,0.6852154288053749,0.8339429168370701,0.5815078489476153,12,,fixed,kmeans_known_k,True,stage1,results/experiments/neighbormix_beta_mechanism_20260617/stage1/Macosko/random_beta_uniform_0.1/seed1,negative,0.382798485100648,0.6174183150854969,0.17524125379446193,0.016330553364738987,1.0
Macosko,random_beta_uniform_0.1,2,random_beta_uniform_0.1,beta_control,pca_cosine_knn,0.3,1.0,1.0,0.9500379283470768,0.0499620717074722,uniform,0.0999999999999999,0.1,0.05,0.02,0.5,anchor,local_mix,0.0,none,0.6612212104981253,0.6684275645049572,0.5350112968845268,0.6340047564295133,0.7192299265935613,0.6684275645049571,0.8083079351190795,0.5698185699768625,12,,fixed,kmeans_known_k,True,stage1,results/experiments/neighbormix_beta_mechanism_20260617/stage1/Macosko/random_beta_uniform_0.1/seed2,negative,0.3038171975678505,0.4604124327872176,0.23119409931667623,0.17359232364229565,1.0
Macosko,random_beta_uniform_0.2,0,random_beta_uniform_0.2,beta_control,pca_cosine_knn,0.3,1.0,1.0,0.9000072953104972,0.0999927049183419,uniform,0.0999999999999999,0.2,0.1,0.02,0.5,anchor,local_mix,0.0,none,0.4875022317443314,0.5871129299342867,0.3360284048561459,0.5592727071929862,0.5659964273423757,0.5871129299342868,0.7714432810541016,0.4738824233805364,12,,fixed,kmeans_known_k,True,stage1,results/experiments/neighbormix_beta_mechanism_20260617/stage1/Macosko/random_beta_uniform_0.2/seed0,negative,0.3878266965764106,0.4836887227059757,-0.05179829172026473,0.07558398448701048,7.0
Macosko,random_beta_uniform_0.2,1,random_beta_uniform_0.2,beta_control,pca_cosine_knn,0.3,1.0,1.0,0.9000161134600638,0.0999838868422167,uniform,0.0999999999999999,0.2,0.1,0.02,0.5,anchor,local_mix,0.0,none,0.6681842528119979,0.678229050261732,0.5382832039944357,0.6486793449139335,0.7214317733629483,0.678229050261732,0.828485326062643,0.5741074199577983,12,,fixed,kmeans_known_k,True,stage1,results/experiments/neighbormix_beta_mechanism_20260617/stage1/Macosko/random_beta_uniform_0.2/seed1,negative,0.382798485100648,0.6174183150854969,0.15548471889378773,0.03126102982843659,3.0
Macosko,random_beta_uniform_0.2,2,random_beta_uniform_0.2,beta_control,pca_cosine_knn,0.3,1.0,1.0,0.9000758565238545,0.0999241434149444,uniform,0.0999999999999999,0.2,0.1,0.02,0.5,anchor,local_mix,0.0,none,0.467037136225674,0.6076759664154954,0.3404322027470142,0.5494854738684046,0.569248810809349,0.6076759664154954,0.817586344965252,0.4835320258786353,12,,fixed,kmeans_known_k,True,stage1,results/experiments/neighbormix_beta_mechanism_20260617/stage1/Macosko/random_beta_uniform_0.2/seed2,negative,0.3038171975678505,0.4604124327872176,0.03661500517916366,0.08907304108118702,7.0
Melanoma_5K,fixed_beta_0.025,0,fixed_beta_0.025,beta_control,pca_cosine_knn,0.3,1.0,1.0,0.9750001430511476,0.0250000040978193,fixed,0.025,0.025,0.05,0.02,0.5,anchor,local_mix,0.0,none,0.7372036339463771,0.7326933295028195,0.6650276980559741,0.6527869148065992,0.7314601242148483,0.7326933295028195,0.7628099031217392,0.7048645039491986,9,,fixed,kmeans_known_k,True,stage1,results/experiments/neighbormix_beta_mechanism_20260617/stage1/Melanoma_5K/fixed_beta_0.025/seed0,positive,0.6632890209426363,0.6493543351571583,0.0017386771133377499,0.003432579649440881,4.0
Melanoma_5K,fixed_beta_0.025,1,fixed_beta_0.025,beta_control,pca_cosine_knn,0.3,1.0,1.0,0.9750001430511476,0.0250000040978193,fixed,0.025,0.025,0.05,0.02,0.5,anchor,local_mix,0.0,none,0.7358741413693773,0.7308311003395035,0.6613824725356379,0.6528299532655905,0.7285019924748418,0.7308311003395035,0.7608786715125744,0.7030665651429229,9,,fixed,kmeans_known_k,True,stage1,results/experiments/neighbormix_beta_mechanism_20260617/stage1/Melanoma_5K/fixed_beta_0.025/seed1,positive,0.6606235067505558,0.653429330393209,0.0007589657850820553,-0.0005993771276185944,4.0
Melanoma_5K,fixed_beta_0.025,2,fixed_beta_0.025,beta_control,pca_cosine_knn,0.3,1.0,1.0,0.9750001430511476,0.0250000040978193,fixed,0.025,0.025,0.05,0.02,0.5,anchor,local_mix,0.0,none,0.7354309771770441,0.7333198764435261,0.6627494591627627,0.6477549632428415,0.7295779929216589,0.733319876443526,0.7644643875982892,0.7046137004471289,9,,fixed,kmeans_known_k,True,stage1,results/experiments/neighbormix_beta_mechanism_20260617/stage1/Melanoma_5K/fixed_beta_0.025/seed2,positive,0.6629823767529525,0.6492363677351997,-0.00023291759018972957,-0.0014814044923581182,4.0
Melanoma_5K,fixed_beta_0.05,0,fixed_beta_0.05,beta_control,pca_cosine_knn,0.3,1.0,1.0,0.9499998688697816,0.0500000081956386,fixed,0.05,0.05,0.05,0.02,0.5,anchor,local_mix,0.0,none,0.7349878129847108,0.733473067579326,0.6660934704374768,0.6527968656196983,0.7323554628741523,0.733473067579326,0.7620200213462026,0.7069877445028829,9,,fixed,kmeans_known_k,True,stage1,results/experiments/neighbormix_beta_mechanism_20260617/stage1/Melanoma_5K/fixed_beta_0.05/seed0,positive,0.6632890209426363,0.6493543351571583,0.0028044494948404886,0.00344253046253995,2.0
Melanoma_5K,fixed_beta_0.05,1,fixed_beta_0.05,beta_control,pca_cosine_knn,0.3,1.0,1.0,0.9499998688697816,0.0500000081956386,fixed,0.05,0.05,0.05,0.02,0.5,anchor,local_mix,0.0,none,0.7356525592732107,0.7311071498119441,0.6615350247303361,0.6515212494286939,0.728614767963011,0.7311071498119442,0.7614393260207305,0.703098979736165,9,,fixed,kmeans_known_k,True,stage1,results/experiments/neighbormix_beta_mechanism_20260617/stage1/Melanoma_5K/fixed_beta_0.05/seed1,positive,0.6606235067505558,0.653429330393209,0.0009115179797802853,-0.0019080809645151131,3.0
Melanoma_5K,fixed_beta_0.05,2,fixed_beta_0.05,beta_control,pca_cosine_knn,0.3,1.0,1.0,0.9499998688697816,0.0500000081956386,fixed,0.05,0.05,0.05,0.02,0.5,anchor,local_mix,0.0,none,0.734323066696211,0.7321185916788424,0.6602314717992628,0.6475876256645573,0.7275335416048757,0.7321185916788423,0.7632039754016755,0.7034663290096789,9,,fixed,kmeans_known_k,True,stage1,results/experiments/neighbormix_beta_mechanism_20260617/stage1/Melanoma_5K/fixed_beta_0.05/seed2,positive,0.6629823767529525,0.6492363677351997,-0.0027509049536896812,-0.0016487420706423617,6.0
Melanoma_5K,fixed_beta_0.1,0,fixed_beta_0.1,beta_control,pca_cosine_knn,0.3,1.0,1.0,0.8999998569488525,0.1000000163912773,fixed,0.1,0.1,0.05,0.02,0.5,anchor,local_mix,0.0,none,0.7374252160425437,0.7357030066603475,0.6656074013919019,0.6535076277183821,0.7319345216398566,0.7357030066603475,0.7658066267500058,0.7078765979675794,9,,fixed,kmeans_known_k,True,stage1,results/experiments/neighbormix_beta_mechanism_20260617/stage1/Melanoma_5K/fixed_beta_0.1/seed0,positive,0.6632890209426363,0.6493543351571583,0.002318380449265578,0.004153292561223765,3.0
Melanoma_5K,fixed_beta_0.1,1,fixed_beta_0.1,beta_control,pca_cosine_knn,0.3,1.0,1.0,0.8999998569488525,0.1000000163912773,fixed,0.1,0.1,0.05,0.02,0.5,anchor,local_mix,0.0,none,0.7356525592732107,0.7307388877394358,0.6612296095332062,0.6521128184163776,0.7283744790706652,0.7307388877394357,0.7609014841685959,0.702876439289845,9,,fixed,kmeans_known_k,True,stage1,results/experiments/neighbormix_beta_mechanism_20260617/stage1/Melanoma_5K/fixed_beta_0.1/seed1,positive,0.6606235067505558,0.653429330393209,0.0006061027826503862,-0.0013165119768314693,5.0
Melanoma_5K,fixed_beta_0.1,2,fixed_beta_0.1,beta_control,pca_cosine_knn,0.3,1.0,1.0,0.8999998569488525,0.1000000163912773,fixed,0.1,0.1,0.05,0.02,0.5,anchor,local_mix,0.0,none,0.7367604697540439,0.7346901274822326,0.6653686873476252,0.6493684009149558,0.7317071823036021,0.7346901274822325,0.7657033192153212,0.7060913906983163,9,,fixed,kmeans_known_k,True,stage1,results/experiments/neighbormix_beta_mechanism_20260617/stage1/Melanoma_5K/fixed_beta_0.1/seed2,positive,0.6629823767529525,0.6492363677351997,0.002386310594672758,0.00013203317975618578,1.0
Melanoma_5K,fixed_beta_0.2,0,fixed_beta_0.2,beta_control,pca_cosine_knn,0.3,1.0,1.0,0.8000001311302185,0.2000000327825546,fixed,0.2,0.2,0.05,0.02,0.5,anchor,local_mix,0.0,none,0.7356525592732107,0.7325429861452994,0.6673101035380153,0.6525157219014555,0.7333626994902906,0.7325429861452994,0.7608792838196746,0.7062414829801021,9,,fixed,kmeans_known_k,True,stage1,results/experiments/neighbormix_beta_mechanism_20260617/stage1/Melanoma_5K/fixed_beta_0.2/seed0,positive,0.6632890209426363,0.6493543351571583,0.004021082595379033,0.003161386744297112,1.0
Melanoma_5K,fixed_beta_0.2,1,fixed_beta_0.2,beta_control,pca_cosine_knn,0.3,1.0,1.0,0.8000001311302185,0.2000000327825546,fixed,0.2,0.2,0.05,0.02,0.5,anchor,local_mix,0.0,none,0.7374252160425437,0.7340182883614381,0.6649671689988381,0.6536488372793424,0.7314092023356653,0.7340182883614382,0.7641627610875323,0.7061618200680152,9,,fixed,kmeans_known_k,True,stage1,results/experiments/neighbormix_beta_mechanism_20260617/stage1/Melanoma_5K/fixed_beta_0.2/seed1,positive,0.6606235067505558,0.653429330393209,0.0043436622482823095,0.00021950688613336933,2.0
Melanoma_5K,fixed_beta_0.2,2,fixed_beta_0.2,beta_control,pca_cosine_knn,0.3,1.0,1.0,0.8000001311302185,0.2000000327825546,fixed,0.2,0.2,0.05,0.02,0.5,anchor,local_mix,0.0,none,0.7365388876578772,0.7345077064621659,0.6645923386659875,0.6500576070247086,0.7310873735105747,0.7345077064621658,0.7651877289107941,0.7061930613663467,9,,fixed,kmeans_known_k,True,stage1,results/experiments/neighbormix_beta_mechanism_20260617/stage1/Melanoma_5K/fixed_beta_0.2/seed2,positive,0.6629823767529525,0.6492363677351997,0.001609961913035085,0.000821239289508946,2.0
Melanoma_5K,nm_scmae_nomix,0,nm_scmae_nomix,nm_scmae_nomix,none,0.0,1.0,1.0,1.0,0.0,fixed,0.0999999999999999,0.0999999999999999,0.05,0.02,0.5,anchor,local_mix,0.0,none,0.7365388876578772,0.7324219572324416,0.6632890209426363,0.6493543351571583,0.7300468685947541,0.7324219572324416,0.7626536505838263,0.7044956546664538,9,,fixed,kmeans_known_k,True,stage1,results/experiments/neighbormix_beta_mechanism_20260617/stage1/Melanoma_5K/nm_scmae_nomix/seed0,positive,0.6632890209426363,0.6493543351571583,0.0,0.0,5.0
Melanoma_5K,nm_scmae_nomix,1,nm_scmae_nomix,nm_scmae_nomix,none,0.0,1.0,1.0,1.0,0.0,fixed,0.0999999999999999,0.0999999999999999,0.05,0.02,0.5,anchor,local_mix,0.0,none,0.7358741413693773,0.7324353866409977,0.6606235067505558,0.653429330393209,0.7279039781294432,0.7324353866409978,0.7620876043766427,0.7050042369685868,9,,fixed,kmeans_known_k,True,stage1,results/experiments/neighbormix_beta_mechanism_20260617/stage1/Melanoma_5K/nm_scmae_nomix/seed1,positive,0.6606235067505558,0.653429330393209,0.0,0.0,6.0
Melanoma_5K,nm_scmae_nomix,2,nm_scmae_nomix,nm_scmae_nomix,none,0.0,1.0,1.0,1.0,0.0,fixed,0.0999999999999999,0.0999999999999999,0.05,0.02,0.5,anchor,local_mix,0.0,none,0.736095723465544,0.732759177503414,0.6629823767529525,0.6492363677351997,0.7297697599690081,0.732759177503414,0.7635816796095881,0.7043284720618377,9,,fixed,kmeans_known_k,True,stage1,results/experiments/neighbormix_beta_mechanism_20260617/stage1/Melanoma_5K/nm_scmae_nomix/seed2,positive,0.6629823767529525,0.6492363677351997,0.0,0.0,3.0
Melanoma_5K,random_beta_uniform_0.05,0,random_beta_uniform_0.05,beta_control,pca_cosine_knn,0.3,1.0,1.0,0.975017762140316,0.024982236969449,uniform,0.0999999999999999,0.05,0.025,0.02,0.5,anchor,local_mix,0.0,none,0.7352093950808775,0.731787167414896,0.6579734194941972,0.6545190242871021,0.7257740836819838,0.7317871674148961,0.7611632595742651,0.7045942804018952,9,,fixed,kmeans_known_k,True,stage1,results/experiments/neighbormix_beta_mechanism_20260617/stage1/Melanoma_5K/random_beta_uniform_0.05/seed0,positive,0.6632890209426363,0.6493543351571583,-0.005315601448439122,0.0051646891299437225,6.0
Melanoma_5K,random_beta_uniform_0.05,1,random_beta_uniform_0.05,beta_control,pca_cosine_knn,0.3,1.0,1.0,0.9750043876469136,0.0249956116874647,uniform,0.0999999999999999,0.05,0.025,0.02,0.5,anchor,local_mix,0.0,none,0.7356525592732107,0.7323733795651299,0.6595726888785923,0.6540228297454456,0.7270507954335301,0.7323733795651298,0.7621225346261419,0.7048594659917728,9,,fixed,kmeans_known_k,True,stage1,results/experiments/neighbormix_beta_mechanism_20260617/stage1/Melanoma_5K/random_beta_uniform_0.05/seed1,positive,0.6606235067505558,0.653429330393209,-0.001050817871963483,0.0005934993522365151,8.0
Melanoma_5K,random_beta_uniform_0.05,2,random_beta_uniform_0.05,beta_control,pca_cosine_knn,0.3,1.0,1.0,0.9750063075738794,0.0249936917700859,uniform,0.0999999999999999,0.05,0.025,0.02,0.5,anchor,local_mix,0.0,none,0.7349878129847108,0.7324899845425326,0.659261604603675,0.6506048251939502,0.7267766011454604,0.7324899845425326,0.762771068236593,0.7045213440527541,9,,fixed,kmeans_known_k,True,stage1,results/experiments/neighbormix_beta_mechanism_20260617/stage1/Melanoma_5K/random_beta_uniform_0.05/seed2,positive,0.6629823767529525,0.6492363677351997,-0.0037207721492774626,0.0013684574587505827,8.0
Melanoma_5K,random_beta_uniform_0.1,0,random_beta_uniform_0.1,beta_control,pca_cosine_knn,0.3,1.0,1.0,0.9500355257707482,0.0499644739388981,uniform,0.0999999999999999,0.1,0.05,0.02,0.5,anchor,local_mix,0.0,none,0.7349878129847108,0.7319986620816552,0.6578141902800557,0.6554824202470165,0.7256585919202952,0.7319986620816552,0.7610869313446971,0.7050520125709631,9,,fixed,kmeans_known_k,True,stage1,results/experiments/neighbormix_beta_mechanism_20260617/stage1/Melanoma_5K/random_beta_uniform_0.1/seed0,positive,0.6632890209426363,0.6493543351571583,-0.005474830662580588,0.006128085089858182,7.0
Melanoma_5K,random_beta_uniform_0.1,1,random_beta_uniform_0.1,beta_control,pca_cosine_knn,0.3,1.0,1.0,0.9500087772222126,0.0499912233749295,uniform,0.0999999999999999,0.1,0.05,0.02,0.5,anchor,local_mix,0.0,none,0.8393529802791935,0.7629319934302364,0.7579288397856164,0.6834516053615586,0.8082777660663347,0.7629319934302363,0.7609929939251425,0.764880899263756,9,,fixed,kmeans_known_k,True,stage1,results/experiments/neighbormix_beta_mechanism_20260617/stage1/Melanoma_5K/random_beta_uniform_0.1/seed1,positive,0.6606235067505558,0.653429330393209,0.09730533303506061,0.030022274968349527,1.0
Melanoma_5K,random_beta_uniform_0.1,2,random_beta_uniform_0.1,beta_control,pca_cosine_knn,0.3,1.0,1.0,0.9500126178650294,0.0499873835401719,uniform,0.0999999999999999,0.1,0.05,0.02,0.5,anchor,local_mix,0.0,none,0.7349878129847108,0.7330669342854556,0.6595564377199592,0.6506056480425438,0.7270137294974448,0.7330669342854557,0.7634012592450742,0.7050511932196855,9,,fixed,kmeans_known_k,True,stage1,results/experiments/neighbormix_beta_mechanism_20260617/stage1/Melanoma_5K/random_beta_uniform_0.1/seed2,positive,0.6629823767529525,0.6492363677351997,-0.0034259390329932637,0.0013692803073441784,7.0
Melanoma_5K,random_beta_uniform_0.2,0,random_beta_uniform_0.2,beta_control,pca_cosine_knn,0.3,1.0,1.0,0.9000710528563051,0.0999289478777962,uniform,0.0999999999999999,0.2,0.1,0.02,0.5,anchor,local_mix,0.0,none,0.734323066696211,0.7306909045178928,0.656405002362007,0.6546656462890605,0.7245101878229118,0.7306909045178928,0.7598968519317467,0.7036468740685919,9,,fixed,kmeans_known_k,True,stage1,results/experiments/neighbormix_beta_mechanism_20260617/stage1/Melanoma_5K/random_beta_uniform_0.2/seed0,positive,0.6632890209426363,0.6493543351571583,-0.006884018580629259,0.005311311131902197,8.0
Melanoma_5K,random_beta_uniform_0.2,1,random_beta_uniform_0.2,beta_control,pca_cosine_knn,0.3,1.0,1.0,0.9000175547950408,0.099982446749859,uniform,0.0999999999999999,0.2,0.1,0.02,0.5,anchor,local_mix,0.0,none,0.7358741413693773,0.7327759554028523,0.6598983137748661,0.6550970788957609,0.7273234711077179,0.7327759554028523,0.762339045599837,0.7054201488145061,9,,fixed,kmeans_known_k,True,stage1,results/experiments/neighbormix_beta_mechanism_20260617/stage1/Melanoma_5K/random_beta_uniform_0.2/seed1,positive,0.6606235067505558,0.653429330393209,-0.0007251929756897368,0.0016677485025518024,7.0
Melanoma_5K,random_beta_uniform_0.2,2,random_beta_uniform_0.2,beta_control,pca_cosine_knn,0.3,1.0,1.0,0.9000252325745188,0.0999747670803438,uniform,0.0999999999999999,0.2,0.1,0.02,0.5,anchor,local_mix,0.0,none,0.7354309771770441,0.7337048398820433,0.6611133714413598,0.6504611217894325,0.7282687290553745,0.7337048398820434,0.7641883607124001,0.7055600076697128,9,,fixed,kmeans_known_k,True,stage1,results/experiments/neighbormix_beta_mechanism_20260617/stage1/Melanoma_5K/random_beta_uniform_0.2/seed2,positive,0.6629823767529525,0.6492363677351997,-0.0018690053115926197,0.001224754054232835,5.0
Shekhar,fixed_beta_0.025,0,fixed_beta_0.025,beta_control,pca_cosine_knn,0.3,1.0,1.0,0.9750001430511476,0.0250000040978193,fixed,0.025,0.025,0.05,0.02,0.5,anchor,local_mix,0.0,none,0.8113306000745434,0.8853222812664209,0.6920480123062304,0.894637172042497,0.7606497193336261,0.8853222812664209,0.9324820067984118,0.8427030722086764,18,,fixed,kmeans_known_k,True,stage1,results/experiments/neighbormix_beta_mechanism_20260617/stage1/Shekhar/fixed_beta_0.025/seed0,positive,0.6929122403288671,0.8934769037671914,-0.0008642280226367482,0.001160268275305687,5.0
Shekhar,fixed_beta_0.025,1,fixed_beta_0.025,beta_control,pca_cosine_knn,0.3,1.0,1.0,0.9750001430511476,0.0250000040978193,fixed,0.025,0.025,0.05,0.02,0.5,anchor,local_mix,0.0,none,0.7625792023853895,0.8686202646185067,0.6714514469199533,0.8224664582250691,0.7441363078379035,0.8686202646185066,0.922851032398559,0.8204094148708573,18,,fixed,kmeans_known_k,True,stage1,results/experiments/neighbormix_beta_mechanism_20260617/stage1/Shekhar/fixed_beta_0.025/seed1,positive,0.5458699179711232,0.8198057388396296,0.12558152894883012,0.0026607193854395472,5.0
Shekhar,fixed_beta_0.025,2,fixed_beta_0.025,beta_control,pca_cosine_knn,0.3,1.0,1.0,0.9750001430511476,0.0250000040978193,fixed,0.025,0.025,0.05,0.02,0.5,anchor,local_mix,0.0,none,0.7535967200894521,0.8625270666161193,0.6622718134879815,0.740749646973706,0.7358784922092928,0.8625270666161193,0.9145304972356838,0.8161196253731613,18,,fixed,kmeans_known_k,True,stage1,results/experiments/neighbormix_beta_mechanism_20260617/stage1/Shekhar/fixed_beta_0.025/seed2,positive,0.6770141511631166,0.8319132354007617,-0.014742337675135109,-0.09116358842705563,5.0
Shekhar,fixed_beta_0.05,0,fixed_beta_0.05,beta_control,pca_cosine_knn,0.3,1.0,1.0,0.9499998688697816,0.0500000081956386,fixed,0.05,0.05,0.05,0.02,0.5,anchor,local_mix,0.0,none,0.8224375698844577,0.8922134966736751,0.6942091312361791,0.8894172880762358,0.7637095869937133,0.8922134966736752,0.9473099379937032,0.8431737164220044,18,,fixed,kmeans_known_k,True,stage1,results/experiments/neighbormix_beta_mechanism_20260617/stage1/Shekhar/fixed_beta_0.05/seed0,positive,0.6929122403288671,0.8934769037671914,0.0012968909073119983,-0.004059615690955587,3.0
Shekhar,fixed_beta_0.05,1,fixed_beta_0.05,beta_control,pca_cosine_knn,0.3,1.0,1.0,0.9499998688697816,0.0500000081956386,fixed,0.05,0.05,0.05,0.02,0.5,anchor,local_mix,0.0,none,0.8143496086470369,0.8880149221061316,0.6997587604617636,0.8136490507523635,0.7670121810270967,0.8880149221061318,0.9370139328283033,0.8438858333610615,18,,fixed,kmeans_known_k,True,stage1,results/experiments/neighbormix_beta_mechanism_20260617/stage1/Shekhar/fixed_beta_0.05/seed1,positive,0.5458699179711232,0.8198057388396296,0.1538888424906404,-0.0061566880872661045,3.0
Shekhar,fixed_beta_0.05,2,fixed_beta_0.05,beta_control,pca_cosine_knn,0.3,1.0,1.0,0.9499998688697816,0.0500000081956386,fixed,0.05,0.05,0.05,0.02,0.5,anchor,local_mix,0.0,none,0.7360417443160641,0.8582321125271546,0.6553202858345654,0.7485650173319004,0.7317085629158673,0.8582321125271547,0.9195463384626078,0.8045834701384739,18,,fixed,kmeans_known_k,True,stage1,results/experiments/neighbormix_beta_mechanism_20260617/stage1/Shekhar/fixed_beta_0.05/seed2,positive,0.6770141511631166,0.8319132354007617,-0.02169386532855122,-0.08334821806886128,7.0
Shekhar,fixed_beta_0.1,0,fixed_beta_0.1,beta_control,pca_cosine_knn,0.3,1.0,1.0,0.8999998569488525,0.1000000163912773,fixed,0.1,0.1,0.05,0.02,0.5,anchor,local_mix,0.0,none,0.808460678345136,0.890484741400923,0.6861759535156575,0.8855256294343744,0.7575138043175614,0.8904847414009232,0.9459919940078982,0.8411303742851528,18,,fixed,kmeans_known_k,True,stage1,results/experiments/neighbormix_beta_mechanism_20260617/stage1/Shekhar/fixed_beta_0.1/seed0,positive,0.6929122403288671,0.8934769037671914,-0.006736286813209591,-0.007951274332816949,7.0
Shekhar,fixed_beta_0.1,1,fixed_beta_0.1,beta_control,pca_cosine_knn,0.3,1.0,1.0,0.8999998569488525,0.1000000163912773,fixed,0.1,0.1,0.05,0.02,0.5,anchor,local_mix,0.0,none,0.8020872158032054,0.8867333218439905,0.6865146241009232,0.8916184443012364,0.7570144035013852,0.8867333218439905,0.9366906334172392,0.8418350244658216,18,,fixed,kmeans_known_k,True,stage1,results/experiments/neighbormix_beta_mechanism_20260617/stage1/Shekhar/fixed_beta_0.1/seed1,positive,0.5458699179711232,0.8198057388396296,0.14064470612980007,0.07181270546160679,4.0
Shekhar,fixed_beta_0.1,2,fixed_beta_0.1,beta_control,pca_cosine_knn,0.3,1.0,1.0,0.8999998569488525,0.1000000163912773,fixed,0.1,0.1,0.05,0.02,0.5,anchor,local_mix,0.0,none,0.7569139023481177,0.8733091226825894,0.6600108301028441,0.8145569310729801,0.7367814599335858,0.8733091226825894,0.936186546105288,0.8183462482714926,18,,fixed,kmeans_known_k,True,stage1,results/experiments/neighbormix_beta_mechanism_20260617/stage1/Shekhar/fixed_beta_0.1/seed2,positive,0.6770141511631166,0.8319132354007617,-0.01700332106027247,-0.01735630432778157,6.0
Shekhar,fixed_beta_0.2,0,fixed_beta_0.2,beta_control,pca_cosine_knn,0.3,1.0,1.0,0.8000001311302185,0.2000000327825546,fixed,0.2,0.2,0.05,0.02,0.5,anchor,local_mix,0.0,none,0.7783824077525159,0.8687526836420748,0.6869349943807558,0.8217740222440679,0.75586551273137,0.8687526836420748,0.9205819904432978,0.8224483579905099,18,,fixed,kmeans_known_k,True,stage1,results/experiments/neighbormix_beta_mechanism_20260617/stage1/Shekhar/fixed_beta_0.2/seed0,positive,0.6929122403288671,0.8934769037671914,-0.005977245948111332,-0.07170288152312343,6.0
Shekhar,fixed_beta_0.2,1,fixed_beta_0.2,beta_control,pca_cosine_knn,0.3,1.0,1.0,0.8000001311302185,0.2000000327825546,fixed,0.2,0.2,0.05,0.02,0.5,anchor,local_mix,0.0,none,0.7791651136787179,0.8617548896734554,0.6055054862633691,0.8227113604927154,0.6958996133116279,0.8617548896734554,0.9350321049051512,0.7991282757302284,18,,fixed,kmeans_known_k,True,stage1,results/experiments/neighbormix_beta_mechanism_20260617/stage1/Shekhar/fixed_beta_0.2/seed1,positive,0.5458699179711232,0.8198057388396296,0.05963556829224592,0.0029056216530858325,7.0
Shekhar,fixed_beta_0.2,2,fixed_beta_0.2,beta_control,pca_cosine_knn,0.3,1.0,1.0,0.8000001311302185,0.2000000327825546,fixed,0.2,0.2,0.05,0.02,0.5,anchor,local_mix,0.0,none,0.7588520313082371,0.869997354739545,0.6638737658362884,0.8097420971257475,0.7396847644289615,0.869997354739545,0.9327194856645528,0.8151793854292628,18,,fixed,kmeans_known_k,True,stage1,results/experiments/neighbormix_beta_mechanism_20260617/stage1/Shekhar/fixed_beta_0.2/seed2,positive,0.6770141511631166,0.8319132354007617,-0.013140385326828152,-0.022171138275014157,4.0
Shekhar,nm_scmae_nomix,0,nm_scmae_nomix,nm_scmae_nomix,none,0.0,1.0,1.0,1.0,0.0,fixed,0.0999999999999999,0.0999999999999999,0.05,0.02,0.5,anchor,local_mix,0.0,none,0.8112933283637719,0.8874270538781082,0.6929122403288671,0.8934769037671914,0.7617253887177124,0.8874270538781082,0.9365854831245828,0.8431716245602214,18,,fixed,kmeans_known_k,True,stage1,results/experiments/neighbormix_beta_mechanism_20260617/stage1/Shekhar/nm_scmae_nomix/seed0,positive,0.6929122403288671,0.8934769037671914,0.0,0.0,4.0
Shekhar,nm_scmae_nomix,1,nm_scmae_nomix,nm_scmae_nomix,none,0.0,1.0,1.0,1.0,0.0,fixed,0.0999999999999999,0.0999999999999999,0.05,0.02,0.5,anchor,local_mix,0.0,none,0.6920611256056654,0.8470238547149882,0.5458699179711232,0.8198057388396296,0.648011051571043,0.8470238547149882,0.920048853297748,0.7847385416207027,18,,fixed,kmeans_known_k,True,stage1,results/experiments/neighbormix_beta_mechanism_20260617/stage1/Shekhar/nm_scmae_nomix/seed1,positive,0.5458699179711232,0.8198057388396296,0.0,0.0,8.0
Shekhar,nm_scmae_nomix,2,nm_scmae_nomix,nm_scmae_nomix,none,0.0,1.0,1.0,1.0,0.0,fixed,0.0999999999999999,0.0999999999999999,0.05,0.02,0.5,anchor,local_mix,0.0,none,0.7810286992172941,0.8723851794720203,0.6770141511631166,0.8319132354007617,0.7493831865619163,0.8723851794720204,0.9228713906530608,0.8271362161731843,18,,fixed,kmeans_known_k,True,stage1,results/experiments/neighbormix_beta_mechanism_20260617/stage1/Shekhar/nm_scmae_nomix/seed2,positive,0.6770141511631166,0.8319132354007617,0.0,0.0,3.0
Shekhar,random_beta_uniform_0.05,0,random_beta_uniform_0.05,beta_control,pca_cosine_knn,0.3,1.0,1.0,0.9750066063581752,0.0249933936704809,uniform,0.0999999999999999,0.05,0.025,0.02,0.5,anchor,local_mix,0.0,none,0.9202012672381662,0.924605215423966,0.9554060714787336,0.8092222931515204,0.9642878766221942,0.924605215423966,0.9323534726127582,0.9169846794967365,18,,fixed,kmeans_known_k,True,stage1,results/experiments/neighbormix_beta_mechanism_20260617/stage1/Shekhar/random_beta_uniform_0.05/seed0,positive,0.6929122403288671,0.8934769037671914,0.26249383114986646,-0.08425461061567097,2.0
Shekhar,random_beta_uniform_0.05,1,random_beta_uniform_0.05,beta_control,pca_cosine_knn,0.3,1.0,1.0,0.9750009780678038,0.0249990215041459,uniform,0.0999999999999999,0.05,0.025,0.02,0.5,anchor,local_mix,0.0,none,0.903615355944838,0.912741248616666,0.9432952497038902,0.821022079078746,0.9546845789754512,0.912741248616666,0.9080547388399288,0.9174763839110622,18,,fixed,kmeans_known_k,True,stage1,results/experiments/neighbormix_beta_mechanism_20260617/stage1/Shekhar/random_beta_uniform_0.05/seed1,positive,0.5458699179711232,0.8198057388396296,0.39742533173276706,0.0012163402391164313,2.0
Shekhar,random_beta_uniform_0.05,2,random_beta_uniform_0.05,beta_control,pca_cosine_knn,0.3,1.0,1.0,0.9750178917884252,0.0249821081900825,uniform,0.0999999999999999,0.05,0.025,0.02,0.5,anchor,local_mix,0.0,none,0.9254565784569512,0.9237577829538154,0.9556511580265016,0.8757462358307151,0.9644858969370352,0.9237577829538156,0.9298022479216332,0.9177913982020076,18,,fixed,kmeans_known_k,True,stage1,results/experiments/neighbormix_beta_mechanism_20260617/stage1/Shekhar/random_beta_uniform_0.05/seed2,positive,0.6770141511631166,0.8319132354007617,0.278637006863385,0.04383300042995342,1.0
Shekhar,random_beta_uniform_0.1,0,random_beta_uniform_0.1,beta_control,pca_cosine_knn,0.3,1.0,1.0,0.9500132127736624,0.0499867873409619,uniform,0.0999999999999999,0.1,0.05,0.02,0.5,anchor,local_mix,0.0,none,0.9263138278046964,0.9270620157833774,0.9562747655462384,0.8915301818793857,0.9649837674086058,0.9270620157833775,0.9345234479393952,0.9197187871590624,18,,fixed,kmeans_known_k,True,stage1,results/experiments/neighbormix_beta_mechanism_20260617/stage1/Shekhar/random_beta_uniform_0.1/seed0,positive,0.6929122403288671,0.8934769037671914,0.26336252521737125,-0.001946721887805647,1.0
Shekhar,random_beta_uniform_0.1,1,random_beta_uniform_0.1,beta_control,pca_cosine_knn,0.3,1.0,1.0,0.95000195695947,0.0499980430082919,uniform,0.0999999999999999,0.1,0.05,0.02,0.5,anchor,local_mix,0.0,none,0.9263883712262392,0.924520761021142,0.95279864731223,0.8964325115340197,0.9622098030269284,0.924520761021142,0.9293443572798072,0.9197469782478964,18,,fixed,kmeans_known_k,True,stage1,results/experiments/neighbormix_beta_mechanism_20260617/stage1/Shekhar/random_beta_uniform_0.1/seed1,positive,0.5458699179711232,0.8198057388396296,0.4069287293411068,0.07662677269439011,1.0
Shekhar,random_beta_uniform_0.1,2,random_beta_uniform_0.1,beta_control,pca_cosine_knn,0.3,1.0,1.0,0.950035783648491,0.0499642163801651,uniform,0.0999999999999999,0.1,0.05,0.02,0.5,anchor,local_mix,0.0,none,0.9262020126723816,0.9260162759784272,0.9541362560768348,0.892748362925354,0.9632748933934656,0.9260162759784272,0.9328162837216276,0.919314691614488,18,,fixed,kmeans_known_k,True,stage1,results/experiments/neighbormix_beta_mechanism_20260617/stage1/Shekhar/random_beta_uniform_0.1/seed2,positive,0.6770141511631166,0.8319132354007617,0.27712210491371825,0.0608351275245923,2.0
Shekhar,random_beta_uniform_0.2,0,random_beta_uniform_0.2,beta_control,pca_cosine_knn,0.3,1.0,1.0,0.9000264258195575,0.0999735746819239,uniform,0.0999999999999999,0.2,0.1,0.02,0.5,anchor,local_mix,0.0,none,0.7799478196049199,0.8870719528174766,0.6767938159501365,0.8824152478426925,0.749596632718472,0.8870719528174766,0.9419276564667388,0.8382539667771951,18,,fixed,kmeans_known_k,True,stage1,results/experiments/neighbormix_beta_mechanism_20260617/stage1/Shekhar/random_beta_uniform_0.2/seed0,positive,0.6929122403288671,0.8934769037671914,-0.016118424378730567,-0.011061655924498814,8.0
Shekhar,random_beta_uniform_0.2,1,random_beta_uniform_0.2,beta_control,pca_cosine_knn,0.3,1.0,1.0,0.9000039142556489,0.0999960860165839,uniform,0.0999999999999999,0.2,0.1,0.02,0.5,anchor,local_mix,0.0,none,0.7093179276928812,0.8575545603421523,0.6443140554528405,0.7505602547618637,0.72194016363256,0.8575545603421522,0.9078501204021612,0.812539289936071,18,,fixed,kmeans_known_k,True,stage1,results/experiments/neighbormix_beta_mechanism_20260617/stage1/Shekhar/random_beta_uniform_0.2/seed1,positive,0.5458699179711232,0.8198057388396296,0.09844413748171732,-0.06924548407776587,6.0
Shekhar,random_beta_uniform_0.2,2,random_beta_uniform_0.2,beta_control,pca_cosine_knn,0.3,1.0,1.0,0.9000715670677331,0.0999284327603303,uniform,0.0999999999999999,0.2,0.1,0.02,0.5,anchor,local_mix,0.0,none,0.664815505031681,0.8308150737903991,0.5237474127497562,0.7416641918434101,0.6300935751064157,0.8308150737903992,0.9139559207105784,0.7615392811979548,18,,fixed,kmeans_known_k,True,stage1,results/experiments/neighbormix_beta_mechanism_20260617/stage1/Shekhar/random_beta_uniform_0.2/seed2,positive,0.6770141511631166,0.8319132354007617,-0.15326673841336036,-0.09024904355735153,8.0
Tosches,fixed_beta_0.025,0,fixed_beta_0.025,beta_control,pca_cosine_knn,0.3,1.0,1.0,0.9750001430511476,0.0250000040978193,fixed,0.025,0.025,0.05,0.02,0.5,anchor,local_mix,0.0,none,0.6662558936990999,0.7518958466492791,0.5404530957778303,0.7361269588742835,0.6178270883724417,0.7518958466492791,0.7923411685159958,0.7153790804923232,15,,fixed,kmeans_known_k,True,stage1,results/experiments/neighbormix_beta_mechanism_20260617/stage1/Tosches/fixed_beta_0.025/seed0,negative,0.5278987630197263,0.7135889686074948,0.012554332758104025,0.02253799026678871,4.0
Tosches,fixed_beta_0.025,1,fixed_beta_0.025,beta_control,pca_cosine_knn,0.3,1.0,1.0,0.9750001430511476,0.0250000040978193,fixed,0.025,0.025,0.05,0.02,0.5,anchor,local_mix,0.0,none,0.6432168881268753,0.7606307106968037,0.5354183337487297,0.6467556812882455,0.6113576016825352,0.7606307106968037,0.7797173899761469,0.7424561482679719,15,,fixed,kmeans_known_k,True,stage1,results/experiments/neighbormix_beta_mechanism_20260617/stage1/Tosches/fixed_beta_0.025/seed1,negative,0.5220412382701718,0.6391057283098266,0.013377095478557921,0.007649952978418861,3.0
Tosches,fixed_beta_0.025,2,fixed_beta_0.025,beta_control,pca_cosine_knn,0.3,1.0,1.0,0.9750001430511476,0.0250000040978193,fixed,0.025,0.025,0.05,0.02,0.5,anchor,local_mix,0.0,none,0.6552721817402486,0.7596120719345963,0.53591918502271,0.6520147157948002,0.6117578784532219,0.7596120719345963,0.7779015160717115,0.7421628879450138,15,,fixed,kmeans_known_k,True,stage1,results/experiments/neighbormix_beta_mechanism_20260617/stage1/Tosches/fixed_beta_0.025/seed2,negative,0.5255762145236066,0.6595203145919436,0.010342970499103377,-0.007505598797143409,5.0
Tosches,fixed_beta_0.05,0,fixed_beta_0.05,beta_control,pca_cosine_knn,0.3,1.0,1.0,0.9499998688697816,0.0500000081956386,fixed,0.05,0.05,0.05,0.02,0.5,anchor,local_mix,0.0,none,0.663201885983712,0.7463825210587574,0.5370788741964889,0.6907624053857718,0.614922380465111,0.7463825210587574,0.7874245999847101,0.7094068754256415,15,,fixed,kmeans_known_k,True,stage1,results/experiments/neighbormix_beta_mechanism_20260617/stage1/Tosches/fixed_beta_0.05/seed0,negative,0.5278987630197263,0.7135889686074948,0.009180111176762651,-0.02282656322172294,5.0
Tosches,fixed_beta_0.05,1,fixed_beta_0.05,beta_control,pca_cosine_knn,0.3,1.0,1.0,0.9499998688697816,0.0500000081956386,fixed,0.05,0.05,0.05,0.02,0.5,anchor,local_mix,0.0,none,0.6377518216888127,0.738418956169582,0.5315622630043562,0.6994878033087902,0.6138357268413597,0.7384189561695821,0.7959111885312132,0.6886730175325897,15,,fixed,kmeans_known_k,True,stage1,results/experiments/neighbormix_beta_mechanism_20260617/stage1/Tosches/fixed_beta_0.05/seed1,negative,0.5220412382701718,0.6391057283098266,0.009521024734184369,0.06038207499896364,4.0
Tosches,fixed_beta_0.05,2,fixed_beta_0.05,beta_control,pca_cosine_knn,0.3,1.0,1.0,0.9499998688697816,0.0500000081956386,fixed,0.05,0.05,0.05,0.02,0.5,anchor,local_mix,0.0,none,0.6424132018859837,0.757495030724133,0.5372238871891293,0.6353138003261232,0.6128696083935464,0.7574950307241332,0.7773823584782562,0.7385998535861182,15,,fixed,kmeans_known_k,True,stage1,results/experiments/neighbormix_beta_mechanism_20260617/stage1/Tosches/fixed_beta_0.05/seed2,negative,0.5255762145236066,0.6595203145919436,0.01164767266552269,-0.024206514265820434,4.0
Tosches,fixed_beta_0.1,0,fixed_beta_0.1,beta_control,pca_cosine_knn,0.3,1.0,1.0,0.8999998569488525,0.1000000163912773,fixed,0.1,0.1,0.05,0.02,0.5,anchor,local_mix,0.0,none,0.6688276896699529,0.7489739795721652,0.5408463687560828,0.6915478571896249,0.6181003564723794,0.7489739795721653,0.7895569643537225,0.7123589490024147,15,,fixed,kmeans_known_k,True,stage1,results/experiments/neighbormix_beta_mechanism_20260617/stage1/Tosches/fixed_beta_0.1/seed0,negative,0.5278987630197263,0.7135889686074948,0.01294760573635656,-0.022041111417869907,3.0
Tosches,fixed_beta_0.1,1,fixed_beta_0.1,beta_control,pca_cosine_knn,0.3,1.0,1.0,0.8999998569488525,0.1000000163912773,fixed,0.1,0.1,0.05,0.02,0.5,anchor,local_mix,0.0,none,0.6280004286326618,0.7391664052241632,0.5239444078235469,0.6700781547673363,0.6037434347599933,0.7391664052241631,0.7815697989182155,0.7011273471975671,15,,fixed,kmeans_known_k,True,stage1,results/experiments/neighbormix_beta_mechanism_20260617/stage1/Tosches/fixed_beta_0.1/seed1,negative,0.5220412382701718,0.6391057283098266,0.0019031695533751058,0.03097242645750975,6.0
Tosches,fixed_beta_0.1,2,fixed_beta_0.1,beta_control,pca_cosine_knn,0.3,1.0,1.0,0.8999998569488525,0.1000000163912773,fixed,0.1,0.1,0.05,0.02,0.5,anchor,local_mix,0.0,none,0.6566116588084012,0.7616784845742699,0.5373847658265396,0.6781673481055032,0.6130062057136794,0.76167848457427,0.7805013479336604,0.7437421205352821,15,,fixed,kmeans_known_k,True,stage1,results/experiments/neighbormix_beta_mechanism_20260617/stage1/Tosches/fixed_beta_0.1/seed2,negative,0.5255762145236066,0.6595203145919436,0.011808551302933012,0.018647033513559563,3.0
Tosches,fixed_beta_0.2,0,fixed_beta_0.2,beta_control,pca_cosine_knn,0.3,1.0,1.0,0.8000001311302185,0.2000000327825546,fixed,0.2,0.2,0.05,0.02,0.5,anchor,local_mix,0.0,none,0.6282683240462923,0.7354130353941387,0.523926105232025,0.6659021933956614,0.6032078277406958,0.7354130353941385,0.7754843120670897,0.6992794601761696,15,,fixed,kmeans_known_k,True,stage1,results/experiments/neighbormix_beta_mechanism_20260617/stage1/Tosches/fixed_beta_0.2/seed0,negative,0.5278987630197263,0.7135889686074948,-0.003972657787701284,-0.0476867752118334,8.0
Tosches,fixed_beta_0.2,1,fixed_beta_0.2,beta_control,pca_cosine_knn,0.3,1.0,1.0,0.8000001311302185,0.2000000327825546,fixed,0.2,0.2,0.05,0.02,0.5,anchor,local_mix,0.0,none,0.6103193313330476,0.734292532569825,0.5174540991921673,0.7048822077465945,0.5978584492648662,0.7342925325698251,0.7746790611983115,0.697908311767893,15,,fixed,kmeans_known_k,True,stage1,results/experiments/neighbormix_beta_mechanism_20260617/stage1/Tosches/fixed_beta_0.2/seed1,negative,0.5220412382701718,0.6391057283098266,-0.004587139078004454,0.0657764794367679,8.0
Tosches,fixed_beta_0.2,2,fixed_beta_0.2,beta_control,pca_cosine_knn,0.3,1.0,1.0,0.8000001311302185,0.2000000327825546,fixed,0.2,0.2,0.05,0.02,0.5,anchor,local_mix,0.0,none,0.6183561937419632,0.7202177315267175,0.5170462318238345,0.6797760763736704,0.6005400161486646,0.7202177315267176,0.7762490083059244,0.6717307977621646,15,,fixed,kmeans_known_k,True,stage1,results/experiments/neighbormix_beta_mechanism_20260617/stage1/Tosches/fixed_beta_0.2/seed2,negative,0.5255762145236066,0.6595203145919436,-0.00852998269977212,0.020255761781726833,8.0
Tosches,nm_scmae_nomix,0,nm_scmae_nomix,nm_scmae_nomix,none,0.0,1.0,1.0,1.0,0.0,fixed,0.0999999999999999,0.0999999999999999,0.05,0.02,0.5,anchor,local_mix,0.0,none,0.6316438062580368,0.7397764555036311,0.5278987630197263,0.7135889686074948,0.6072563682712575,0.7397764555036312,0.781745584043096,0.7020840691989619,15,,fixed,kmeans_known_k,True,stage1,results/experiments/neighbormix_beta_mechanism_20260617/stage1/Tosches/nm_scmae_nomix/seed0,negative,0.5278987630197263,0.7135889686074948,0.0,0.0,7.0
Tosches,nm_scmae_nomix,1,nm_scmae_nomix,nm_scmae_nomix,none,0.0,1.0,1.0,1.0,0.0,fixed,0.0999999999999999,0.0999999999999999,0.05,0.02,0.5,anchor,local_mix,0.0,none,0.6111230175739392,0.7290809183971846,0.5220412382701718,0.6391057283098266,0.6020410916243718,0.7290809183971847,0.7735611726161564,0.6894378104411811,15,,fixed,kmeans_known_k,True,stage1,results/experiments/neighbormix_beta_mechanism_20260617/stage1/Tosches/nm_scmae_nomix/seed1,negative,0.5220412382701718,0.6391057283098266,0.0,0.0,7.0
Tosches,nm_scmae_nomix,2,nm_scmae_nomix,nm_scmae_nomix,none,0.0,1.0,1.0,1.0,0.0,fixed,0.0999999999999999,0.0999999999999999,0.05,0.02,0.5,anchor,local_mix,0.0,none,0.6326618088298328,0.7342337209407961,0.5255762145236066,0.6595203145919436,0.6051832994707944,0.7342337209407961,0.7763517472045054,0.6964504378621248,15,,fixed,kmeans_known_k,True,stage1,results/experiments/neighbormix_beta_mechanism_20260617/stage1/Tosches/nm_scmae_nomix/seed2,negative,0.5255762145236066,0.6595203145919436,0.0,0.0,7.0
Tosches,random_beta_uniform_0.05,0,random_beta_uniform_0.05,beta_control,pca_cosine_knn,0.3,1.0,1.0,0.975001784041524,0.0249982156739052,uniform,0.0999999999999999,0.05,0.025,0.02,0.5,anchor,local_mix,0.0,none,0.6599335619374196,0.7694717879622185,0.5496488778468541,0.681631227790805,0.6236944505846822,0.7694717879622185,0.7845515476269819,0.7549607882984041,15,,fixed,kmeans_known_k,True,stage1,results/experiments/neighbormix_beta_mechanism_20260617/stage1/Tosches/random_beta_uniform_0.05/seed0,negative,0.5278987630197263,0.7135889686074948,0.021750114827127853,-0.031957740816689784,2.0
Tosches,random_beta_uniform_0.05,1,random_beta_uniform_0.05,beta_control,pca_cosine_knn,0.3,1.0,1.0,0.9750035026007228,0.0249964970183403,uniform,0.0999999999999999,0.05,0.025,0.02,0.5,anchor,local_mix,0.0,none,0.6411808829832834,0.7582065666449943,0.5381652106076813,0.6355796585207634,0.6136741509034223,0.7582065666449944,0.7771324627935182,0.740180578250723,15,,fixed,kmeans_known_k,True,stage1,results/experiments/neighbormix_beta_mechanism_20260617/stage1/Tosches/random_beta_uniform_0.05/seed1,negative,0.5220412382701718,0.6391057283098266,0.016123972337509507,-0.003526069789063224,1.0
Tosches,random_beta_uniform_0.05,2,random_beta_uniform_0.05,beta_control,pca_cosine_knn,0.3,1.0,1.0,0.9750278500219188,0.0249721500498708,uniform,0.0999999999999999,0.05,0.025,0.02,0.5,anchor,local_mix,0.0,none,0.6306258036862409,0.7342855995312041,0.527464198603653,0.6636853195604355,0.6067572463079842,0.7342855995312042,0.7757925330924909,0.6969945638236495,15,,fixed,kmeans_known_k,True,stage1,results/experiments/neighbormix_beta_mechanism_20260617/stage1/Tosches/random_beta_uniform_0.05/seed2,negative,0.5255762145236066,0.6595203145919436,0.0018879840800464232,0.0041650049684919255,6.0
Tosches,random_beta_uniform_0.1,0,random_beta_uniform_0.1,beta_control,pca_cosine_knn,0.3,1.0,1.0,0.9500035691385468,0.0499964313478105,uniform,0.0999999999999999,0.1,0.05,0.02,0.5,anchor,local_mix,0.0,none,0.672524646378054,0.771425359881691,0.550200140199793,0.6967238738538235,0.6241693639218251,0.7714253598816911,0.7842729381120225,0.7589919229587291,15,,fixed,kmeans_known_k,True,stage1,results/experiments/neighbormix_beta_mechanism_20260617/stage1/Tosches/random_beta_uniform_0.1/seed0,negative,0.5278987630197263,0.7135889686074948,0.02230137718006675,-0.01686509475367126,1.0
Tosches,random_beta_uniform_0.1,1,random_beta_uniform_0.1,beta_control,pca_cosine_knn,0.3,1.0,1.0,0.9500070058430234,0.0499929940366807,uniform,0.0999999999999999,0.1,0.05,0.02,0.5,anchor,local_mix,0.0,none,0.6268216888126875,0.7406748235864192,0.5283399566809455,0.7117287973173775,0.6073798143817299,0.7406748235864192,0.7810942282450176,0.704232780246053,15,,fixed,kmeans_known_k,True,stage1,results/experiments/neighbormix_beta_mechanism_20260617/stage1/Tosches/random_beta_uniform_0.1/seed1,negative,0.5220412382701718,0.6391057283098266,0.006298718410773674,0.07262306900755089,5.0
Tosches,random_beta_uniform_0.1,2,random_beta_uniform_0.1,beta_control,pca_cosine_knn,0.3,1.0,1.0,0.9500556997747884,0.0499443000997416,uniform,0.0999999999999999,0.1,0.05,0.02,0.5,anchor,local_mix,0.0,none,0.6470745820831547,0.7600094059673477,0.5411906133487621,0.6361913361415623,0.6163103443808743,0.7600094059673477,0.7783561988602303,0.7425076075402538,15,,fixed,kmeans_known_k,True,stage1,results/experiments/neighbormix_beta_mechanism_20260617/stage1/Tosches/random_beta_uniform_0.1/seed2,negative,0.5255762145236066,0.6595203145919436,0.015614398825155473,-0.023328978450381288,1.0
Tosches,random_beta_uniform_0.2,0,random_beta_uniform_0.2,beta_control,pca_cosine_knn,0.3,1.0,1.0,0.9000071378217804,0.0999928626956211,uniform,0.0999999999999999,0.2,0.1,0.02,0.5,anchor,local_mix,0.0,none,0.6197492498928419,0.7358537829666506,0.5286297122454114,0.645982308585919,0.6076187891670854,0.7358537829666505,0.7789512022043309,0.6972752875407763,15,,fixed,kmeans_known_k,True,stage1,results/experiments/neighbormix_beta_mechanism_20260617/stage1/Tosches/random_beta_uniform_0.2/seed0,negative,0.5278987630197263,0.7135889686074948,0.0007309492256851735,-0.06760666002157578,6.0
Tosches,random_beta_uniform_0.2,1,random_beta_uniform_0.2,beta_control,pca_cosine_knn,0.3,1.0,1.0,0.9000140123483209,0.0999859880733614,uniform,0.0999999999999999,0.2,0.1,0.02,0.5,anchor,local_mix,0.0,none,0.6454136305186455,0.7633057500671595,0.5372746406990077,0.6933303907980778,0.6129140845646104,0.7633057500671595,0.7794980981744302,0.7477724324621459,15,,fixed,kmeans_known_k,True,stage1,results/experiments/neighbormix_beta_mechanism_20260617/stage1/Tosches/random_beta_uniform_0.2/seed1,negative,0.5220412382701718,0.6391057283098266,0.015233402428835863,0.054224662488251196,2.0
Tosches,random_beta_uniform_0.2,2,random_beta_uniform_0.2,beta_control,pca_cosine_knn,0.3,1.0,1.0,0.9001113997358414,0.0998886001994833,uniform,0.0999999999999999,0.2,0.1,0.02,0.5,anchor,local_mix,0.0,none,0.6441813116159452,0.7593763426920612,0.5390859201352572,0.6326714198942841,0.614490939781377,0.7593763426920612,0.7793493061675766,0.7404015229819445,15,,fixed,kmeans_known_k,True,stage1,results/experiments/neighbormix_beta_mechanism_20260617/stage1/Tosches/random_beta_uniform_0.2/seed2,negative,0.5255762145236066,0.6595203145919436,0.013509705611650658,-0.026848894697659498,2.0
worm_neuron_cell,fixed_beta_0.025,0,fixed_beta_0.025,beta_control,pca_cosine_knn,0.3,1.0,1.0,0.9750001430511476,0.0250000040978193,fixed,0.025,0.025,0.05,0.02,0.5,anchor,local_mix,0.0,none,0.7577639751552795,0.6683982948565467,0.5659199402407924,0.6909567501931545,0.635883510895235,0.6683982948565467,0.6525951061782738,0.6849858552127188,10,,fixed,kmeans_known_k,True,stage1,results/experiments/neighbormix_beta_mechanism_20260617/stage1/worm_neuron_cell/fixed_beta_0.025/seed0,negative,0.5149462244397406,0.7470473079960098,0.05097371580105181,-0.05609055780285532,1.0
worm_neuron_cell,fixed_beta_0.025,1,fixed_beta_0.025,beta_control,pca_cosine_knn,0.3,1.0,1.0,0.9750001430511476,0.0250000040978193,fixed,0.025,0.025,0.05,0.02,0.5,anchor,local_mix,0.0,none,0.7563306258958433,0.6605171740795331,0.5071867434639268,0.7757872621089075,0.5952847822560194,0.6605171740795333,0.6371849239219626,0.6856231198506687,10,,fixed,kmeans_known_k,True,stage1,results/experiments/neighbormix_beta_mechanism_20260617/stage1/worm_neuron_cell/fixed_beta_0.025/seed1,negative,0.5116519893983323,0.7256176500182898,-0.0044652459344055595,0.050169612090617655,3.0
worm_neuron_cell,fixed_beta_0.025,2,fixed_beta_0.025,beta_control,pca_cosine_knn,0.3,1.0,1.0,0.9750001430511476,0.0250000040978193,fixed,0.025,0.025,0.05,0.02,0.5,anchor,local_mix,0.0,none,0.6978021978021978,0.6495914983864285,0.5021622120738609,0.6921673894517115,0.5808495224019741,0.6495914983864284,0.6276315528539029,0.6731438553906564,10,,fixed,kmeans_known_k,True,stage1,results/experiments/neighbormix_beta_mechanism_20260617/stage1/worm_neuron_cell/fixed_beta_0.025/seed2,negative,0.5235360674895352,0.6823775970888761,-0.02137385541567427,0.009789792362835392,4.0
worm_neuron_cell,fixed_beta_0.05,0,fixed_beta_0.05,beta_control,pca_cosine_knn,0.3,1.0,1.0,0.9499998688697816,0.0500000081956386,fixed,0.05,0.05,0.05,0.02,0.5,anchor,local_mix,0.0,none,0.7159579550883899,0.6431604095965684,0.513435442518769,0.6652614788857705,0.5890385117116929,0.6431604095965685,0.6362222936293815,0.6502515167079247,10,,fixed,kmeans_known_k,True,stage1,results/experiments/neighbormix_beta_mechanism_20260617/stage1/worm_neuron_cell/fixed_beta_0.05/seed0,negative,0.5149462244397406,0.7470473079960098,-0.0015107819209715379,-0.08178582911023935,4.0
worm_neuron_cell,fixed_beta_0.05,1,fixed_beta_0.05,beta_control,pca_cosine_knn,0.3,1.0,1.0,0.9499998688697816,0.0500000081956386,fixed,0.05,0.05,0.05,0.02,0.5,anchor,local_mix,0.0,none,0.6743908265647396,0.6239678915166925,0.4571665385412233,0.6328502210618283,0.5390345374210394,0.6239678915166925,0.6156160811935245,0.6325494296174367,10,,fixed,kmeans_known_k,True,stage1,results/experiments/neighbormix_beta_mechanism_20260617/stage1/worm_neuron_cell/fixed_beta_0.05/seed1,negative,0.5116519893983323,0.7256176500182898,-0.05448545085710904,-0.0927674289564615,6.0
worm_neuron_cell,fixed_beta_0.05,2,fixed_beta_0.05,beta_control,pca_cosine_knn,0.3,1.0,1.0,0.9499998688697816,0.0500000081956386,fixed,0.05,0.05,0.05,0.02,0.5,anchor,local_mix,0.0,none,0.626134734830387,0.6266504163113765,0.3881553294268426,0.608360919149779,0.5270858546447116,0.6266504163113766,0.5716336064587416,0.6933851934707107,10,,fixed,kmeans_known_k,True,stage1,results/experiments/neighbormix_beta_mechanism_20260617/stage1/worm_neuron_cell/fixed_beta_0.05/seed2,negative,0.5235360674895352,0.6823775970888761,-0.13538073806269257,-0.07401667793909716,7.0
worm_neuron_cell,fixed_beta_0.1,0,fixed_beta_0.1,beta_control,pca_cosine_knn,0.3,1.0,1.0,0.8999998569488525,0.1000000163912773,fixed,0.1,0.1,0.05,0.02,0.5,anchor,local_mix,0.0,none,0.6939799331103679,0.6404894014512472,0.4414672795597398,0.6251383246223852,0.5574957917715254,0.6404894014512472,0.5979076521649227,0.6896013895140609,10,,fixed,kmeans_known_k,True,stage1,results/experiments/neighbormix_beta_mechanism_20260617/stage1/worm_neuron_cell/fixed_beta_0.1/seed0,negative,0.5149462244397406,0.7470473079960098,-0.07347894488000078,-0.12190898337362466,5.0
worm_neuron_cell,fixed_beta_0.1,1,fixed_beta_0.1,beta_control,pca_cosine_knn,0.3,1.0,1.0,0.8999998569488525,0.1000000163912773,fixed,0.1,0.1,0.05,0.02,0.5,anchor,local_mix,0.0,none,0.7195413282369804,0.6483067790493061,0.4956056446833552,0.6924307679483819,0.5712375005007921,0.6483067790493061,0.6454268830751637,0.6512124904143488,10,,fixed,kmeans_known_k,True,stage1,results/experiments/neighbormix_beta_mechanism_20260617/stage1/worm_neuron_cell/fixed_beta_0.1/seed1,negative,0.5116519893983323,0.7256176500182898,-0.016046344714977123,-0.03318688206990794,4.0
worm_neuron_cell,fixed_beta_0.1,2,fixed_beta_0.1,beta_control,pca_cosine_knn,0.3,1.0,1.0,0.8999998569488525,0.1000000163912773,fixed,0.1,0.1,0.05,0.02,0.5,anchor,local_mix,0.0,none,0.7269469660774008,0.629527413096551,0.4848777451547018,0.7312413448265997,0.567665883230726,0.629527413096551,0.6154982858885673,0.6442109925150173,10,,fixed,kmeans_known_k,True,stage1,results/experiments/neighbormix_beta_mechanism_20260617/stage1/worm_neuron_cell/fixed_beta_0.1/seed2,negative,0.5235360674895352,0.6823775970888761,-0.038658322334833406,0.04886374773772362,5.0
worm_neuron_cell,fixed_beta_0.2,0,fixed_beta_0.2,beta_control,pca_cosine_knn,0.3,1.0,1.0,0.8000001311302185,0.2000000327825546,fixed,0.2,0.2,0.05,0.02,0.5,anchor,local_mix,0.0,none,0.7336359292881032,0.6579189173280574,0.5293105395488932,0.6567632881386604,0.6080773887540374,0.6579189173280574,0.6359954820356886,0.6814077618181505,10,,fixed,kmeans_known_k,True,stage1,results/experiments/neighbormix_beta_mechanism_20260617/stage1/worm_neuron_cell/fixed_beta_0.2/seed0,negative,0.5149462244397406,0.7470473079960098,0.014364315109152592,-0.09028401985734946,2.0
worm_neuron_cell,fixed_beta_0.2,1,fixed_beta_0.2,beta_control,pca_cosine_knn,0.3,1.0,1.0,0.8000001311302185,0.2000000327825546,fixed,0.2,0.2,0.05,0.02,0.5,anchor,local_mix,0.0,none,0.6870520783564262,0.6284521325829809,0.4788295320715598,0.6359482162863719,0.5594117165658636,0.6284521325829812,0.6186187085025067,0.6386032260671706,10,,fixed,kmeans_known_k,True,stage1,results/experiments/neighbormix_beta_mechanism_20260617/stage1/worm_neuron_cell/fixed_beta_0.2/seed1,negative,0.5116519893983323,0.7256176500182898,-0.032822457326772525,-0.08966943373191794,5.0
worm_neuron_cell,fixed_beta_0.2,2,fixed_beta_0.2,beta_control,pca_cosine_knn,0.3,1.0,1.0,0.8000001311302185,0.2000000327825546,fixed,0.2,0.2,0.05,0.02,0.5,anchor,local_mix,0.0,none,0.7553750597228858,0.6586725795218231,0.5531460368496002,0.7163830400980195,0.6175374402819538,0.658672579521823,0.6611043051100808,0.6562586775002235,10,,fixed,kmeans_known_k,True,stage1,results/experiments/neighbormix_beta_mechanism_20260617/stage1/worm_neuron_cell/fixed_beta_0.2/seed2,negative,0.5235360674895352,0.6823775970888761,0.02960996936006499,0.03400544300914332,1.0
worm_neuron_cell,nm_scmae_nomix,0,nm_scmae_nomix,nm_scmae_nomix,none,0.0,1.0,1.0,1.0,0.0,fixed,0.0999999999999999,0.0999999999999999,0.05,0.02,0.5,anchor,local_mix,0.0,none,0.7505972288580984,0.6566065038543063,0.5149462244397406,0.7470473079960098,0.6008294782115291,0.6566065038543063,0.6311319209616738,0.6842240620987198,10,,fixed,kmeans_known_k,True,stage1,results/experiments/neighbormix_beta_mechanism_20260617/stage1/worm_neuron_cell/nm_scmae_nomix/seed0,negative,0.5149462244397406,0.7470473079960098,0.0,0.0,3.0
worm_neuron_cell,nm_scmae_nomix,1,nm_scmae_nomix,nm_scmae_nomix,none,0.0,1.0,1.0,1.0,0.0,fixed,0.0999999999999999,0.0999999999999999,0.05,0.02,0.5,anchor,local_mix,0.0,none,0.747730530339226,0.6459894809115314,0.5116519893983323,0.7256176500182898,0.5949333142383071,0.6459894809115314,0.6308097512302081,0.6619177906982184,10,,fixed,kmeans_known_k,True,stage1,results/experiments/neighbormix_beta_mechanism_20260617/stage1/worm_neuron_cell/nm_scmae_nomix/seed1,negative,0.5116519893983323,0.7256176500182898,0.0,0.0,2.0
worm_neuron_cell,nm_scmae_nomix,2,nm_scmae_nomix,nm_scmae_nomix,none,0.0,1.0,1.0,1.0,0.0,fixed,0.0999999999999999,0.0999999999999999,0.05,0.02,0.5,anchor,local_mix,0.0,none,0.7429526994744386,0.6456213172150971,0.5235360674895352,0.6823775970888761,0.6037027554648882,0.645621317215097,0.6265468181882675,0.6658936865041525,10,,fixed,kmeans_known_k,True,stage1,results/experiments/neighbormix_beta_mechanism_20260617/stage1/worm_neuron_cell/nm_scmae_nomix/seed2,negative,0.5235360674895352,0.6823775970888761,0.0,0.0,3.0
worm_neuron_cell,random_beta_uniform_0.05,0,random_beta_uniform_0.05,beta_control,pca_cosine_knn,0.3,1.0,1.0,0.9750259443186224,0.0249740547238616,uniform,0.0999999999999999,0.05,0.025,0.02,0.5,anchor,local_mix,0.0,none,0.6593406593406593,0.6210054678739507,0.3768560255930621,0.656462964554981,0.476005909188772,0.6210054678739507,0.605174546360526,0.6376868883675898,10,,fixed,kmeans_known_k,True,stage1,results/experiments/neighbormix_beta_mechanism_20260617/stage1/worm_neuron_cell/random_beta_uniform_0.05/seed0,negative,0.5149462244397406,0.7470473079960098,-0.1380901988466785,-0.09058434344102884,7.0
worm_neuron_cell,random_beta_uniform_0.05,1,random_beta_uniform_0.05,beta_control,pca_cosine_knn,0.3,1.0,1.0,0.9750056403223424,0.0249943588554742,uniform,0.0999999999999999,0.05,0.025,0.02,0.5,anchor,local_mix,0.0,none,0.6309125656951744,0.5910003251965079,0.3954891250465497,0.5685881104166784,0.5098680356035471,0.5910003251965078,0.5509842337796893,0.6372840777041896,10,,fixed,kmeans_known_k,True,stage1,results/experiments/neighbormix_beta_mechanism_20260617/stage1/worm_neuron_cell/random_beta_uniform_0.05/seed1,negative,0.5116519893983323,0.7256176500182898,-0.11616286435178264,-0.15702953960161137,7.0
worm_neuron_cell,random_beta_uniform_0.05,2,random_beta_uniform_0.05,beta_control,pca_cosine_knn,0.3,1.0,1.0,0.9750019290018828,0.0249980702355969,uniform,0.0999999999999999,0.05,0.025,0.02,0.5,anchor,local_mix,0.0,none,0.732202580028667,0.6410037994323117,0.5253498410684491,0.7375368506546074,0.6026424438647988,0.6410037994323116,0.6218512121220031,0.6613736505145212,10,,fixed,kmeans_known_k,True,stage1,results/experiments/neighbormix_beta_mechanism_20260617/stage1/worm_neuron_cell/random_beta_uniform_0.05/seed2,negative,0.5235360674895352,0.6823775970888761,0.0018137735789138798,0.05515925356573126,2.0
worm_neuron_cell,random_beta_uniform_0.1,0,random_beta_uniform_0.1,beta_control,pca_cosine_knn,0.3,1.0,1.0,0.9500518900342284,0.0499481094477232,uniform,0.0999999999999999,0.1,0.05,0.02,0.5,anchor,local_mix,0.0,none,0.6466794075489728,0.6065009770714143,0.4195163382719621,0.6052950525200739,0.5347943907250537,0.6065009770714141,0.5575706422179662,0.6648453423672226,10,,fixed,kmeans_known_k,True,stage1,results/experiments/neighbormix_beta_mechanism_20260617/stage1/worm_neuron_cell/random_beta_uniform_0.1/seed0,negative,0.5149462244397406,0.7470473079960098,-0.09542988616777848,-0.14175225547593595,6.0
worm_neuron_cell,random_beta_uniform_0.1,1,random_beta_uniform_0.1,beta_control,pca_cosine_knn,0.3,1.0,1.0,0.9500112829264252,0.0499887177109485,uniform,0.0999999999999999,0.1,0.05,0.02,0.5,anchor,local_mix,0.0,none,0.6605351170568562,0.6148989356436578,0.3933934934142766,0.5948123852702726,0.5264425400045541,0.6148989356436578,0.5669662662147346,0.6716847537427646,10,,fixed,kmeans_known_k,True,stage1,results/experiments/neighbormix_beta_mechanism_20260617/stage1/worm_neuron_cell/random_beta_uniform_0.1/seed1,negative,0.5116519893983323,0.7256176500182898,-0.11825849598405574,-0.13080526474801724,8.0
worm_neuron_cell,random_beta_uniform_0.1,2,random_beta_uniform_0.1,beta_control,pca_cosine_knn,0.3,1.0,1.0,0.9500038607046009,0.0499961404711939,uniform,0.0999999999999999,0.1,0.05,0.02,0.5,anchor,local_mix,0.0,none,0.6404682274247492,0.6231872409856692,0.4233153895660316,0.5865048252510348,0.5262569104267996,0.6231872409856692,0.5905629825034854,0.6596267651796187,10,,fixed,kmeans_known_k,True,stage1,results/experiments/neighbormix_beta_mechanism_20260617/stage1/worm_neuron_cell/random_beta_uniform_0.1/seed2,negative,0.5235360674895352,0.6823775970888761,-0.10022067792350359,-0.09587277183784138,6.0
worm_neuron_cell,random_beta_uniform_0.2,0,random_beta_uniform_0.2,beta_control,pca_cosine_knn,0.3,1.0,1.0,0.9001037816517055,0.0998962188954465,uniform,0.0999999999999999,0.2,0.1,0.02,0.5,anchor,local_mix,0.0,none,0.6278069756330625,0.6018828778578461,0.3383480393106606,0.6038080067310087,0.5064959115776732,0.6018828778578461,0.5290232455669638,0.6980171680261413,10,,fixed,kmeans_known_k,True,stage1,results/experiments/neighbormix_beta_mechanism_20260617/stage1/worm_neuron_cell/random_beta_uniform_0.2/seed0,negative,0.5149462244397406,0.7470473079960098,-0.17659818512908,-0.14323930126500117,8.0
worm_neuron_cell,random_beta_uniform_0.2,1,random_beta_uniform_0.2,beta_control,pca_cosine_knn,0.3,1.0,1.0,0.9000225664582103,0.0999774354218971,uniform,0.0999999999999999,0.2,0.1,0.02,0.5,anchor,local_mix,0.0,none,0.7680363115145724,0.6714713810465575,0.5433508306484421,0.783909621245494,0.6180555754654669,0.6714713810465576,0.6565824486824712,0.6870512361059958,10,,fixed,kmeans_known_k,True,stage1,results/experiments/neighbormix_beta_mechanism_20260617/stage1/worm_neuron_cell/random_beta_uniform_0.2/seed1,negative,0.5116519893983323,0.7256176500182898,0.0316988412501098,0.0582919712272042,1.0
worm_neuron_cell,random_beta_uniform_0.2,2,random_beta_uniform_0.2,beta_control,pca_cosine_knn,0.3,1.0,1.0,0.9000077190808952,0.0999922809423878,uniform,0.0999999999999999,0.2,0.1,0.02,0.5,anchor,local_mix,0.0,none,0.6495461060678452,0.6290865325441052,0.3808052664265531,0.683092972647507,0.5025759936156178,0.6290865325441052,0.5908513793541988,0.6726126159320002,10,,fixed,kmeans_known_k,True,stage1,results/experiments/neighbormix_beta_mechanism_20260617/stage1/worm_neuron_cell/random_beta_uniform_0.2/seed2,negative,0.5235360674895352,0.6823775970888761,-0.14273080106298208,0.0007153755586308819,8.0
Guo,bernoulli_beta_0_or_0.1_p0.5,0,bernoulli_beta_0_or_0.1_p0.5,beta_control,pca_cosine_knn,0.3,1.0,1.0,0.949908909469843,0.0500910202506929,bernoulli,0.0999999999999999,0.1,0.05,0.02,0.5,anchor,local_mix,0.0,none,0.8634822804314329,0.8482523287766389,0.8330068220556458,0.8221912463332148,0.8570120814738444,0.848252328776639,0.8543934641941641,0.8421988447893606,12,,fixed,kmeans_known_k,True,stage2,results/experiments/neighbormix_beta_mechanism_20260617/stage2/Guo/bernoulli_beta_0_or_0.1_p0.5/seed0,neutral,0.8419856832113954,0.8353301520712294,-0.00897886115574964,-0.013138905738014572,5.0
Guo,bernoulli_beta_0_or_0.1_p0.5,1,bernoulli_beta_0_or_0.1_p0.5,beta_control,pca_cosine_knn,0.3,1.0,1.0,0.9499831282496451,0.0500168015323579,bernoulli,0.0999999999999999,0.1,0.05,0.02,0.5,anchor,local_mix,0.0,none,0.8946070878274268,0.8687237135120793,0.8614770984558482,0.8251819172273916,0.8814205553423046,0.8687237135120793,0.8785472789209368,0.8591174052047085,12,,fixed,kmeans_known_k,True,stage2,results/experiments/neighbormix_beta_mechanism_20260617/stage2/Guo/bernoulli_beta_0_or_0.1_p0.5/seed1,neutral,0.8386476962743222,0.8341045832709125,0.02282940218152596,-0.008922666043520877,4.0
Guo,bernoulli_beta_0_or_0.1_p0.5,2,bernoulli_beta_0_or_0.1_p0.5,beta_control,pca_cosine_knn,0.3,1.0,1.0,0.9499616440832614,0.0500382858309894,bernoulli,0.0999999999999999,0.1,0.05,0.02,0.5,anchor,local_mix,0.0,none,0.8616332819722651,0.8456552970171036,0.8251864200536888,0.7791572746954979,0.8502630330407391,0.8456552970171035,0.8510845526815183,0.8402948711060036,12,,fixed,kmeans_known_k,True,stage2,results/experiments/neighbormix_beta_mechanism_20260617/stage2/Guo/bernoulli_beta_0_or_0.1_p0.5/seed2,neutral,0.8312158272070158,0.7820204092535549,-0.006029407153327004,-0.002863134558056979,4.0
Guo,beta_distribution_mean0.05_lowvar,0,beta_distribution_mean0.05_lowvar,beta_control,pca_cosine_knn,0.3,1.0,1.0,0.9499835954308508,0.0500164045486599,beta_distribution,0.0999999999999999,0.1,0.05,0.02,0.5,anchor,local_mix,0.0,none,0.8714946070878274,0.8537787498855548,0.84229874463731,0.805476287908188,0.8649927862028493,0.8537787498855548,0.8631772388422607,0.8445827226564794,12,,fixed,kmeans_known_k,True,stage2,results/experiments/neighbormix_beta_mechanism_20260617/stage2/Guo/beta_distribution_mean0.05_lowvar/seed0,neutral,0.8419856832113954,0.8353301520712294,0.00031306142591458475,-0.029853864163041366,3.0
Guo,beta_distribution_mean0.05_lowvar,1,beta_distribution_mean0.05_lowvar,beta_control,pca_cosine_knn,0.3,1.0,1.0,0.950017785847187,0.0499822136256843,beta_distribution,0.0999999999999999,0.1,0.05,0.02,0.5,anchor,local_mix,0.0,none,0.9012326656394452,0.8745498787615843,0.872705218282756,0.8299199963044118,0.8911159211658984,0.8745498787615844,0.8823555844179846,0.8668810674893227,12,,fixed,kmeans_known_k,True,stage2,results/experiments/neighbormix_beta_mechanism_20260617/stage2/Guo/beta_distribution_mean0.05_lowvar/seed1,neutral,0.8386476962743222,0.8341045832709125,0.034057522008433816,-0.004184586966500703,1.0
Guo,beta_distribution_mean0.05_lowvar,2,beta_distribution_mean0.05_lowvar,beta_control,pca_cosine_knn,0.3,1.0,1.0,0.9499614285826684,0.05003857184574,beta_distribution,0.0999999999999999,0.1,0.05,0.02,0.5,anchor,local_mix,0.0,none,0.8633281972265023,0.847192296145984,0.8305140470231107,0.7795493227772424,0.8548467990528612,0.8471922961459841,0.8522092468198176,0.8422340692818924,12,,fixed,kmeans_known_k,True,stage2,results/experiments/neighbormix_beta_mechanism_20260617/stage2/Guo/beta_distribution_mean0.05_lowvar/seed2,neutral,0.8312158272070158,0.7820204092535549,-0.0007017801839050986,-0.002471086476312445,3.0
Guo,fixed_beta_0.05,0,fixed_beta_0.05,beta_control,pca_cosine_knn,0.3,1.0,1.0,0.9499998688697816,0.0500000081956386,fixed,0.05,0.05,0.05,0.02,0.5,anchor,local_mix,0.0,none,0.8705701078582434,0.8546348065683647,0.8410301487511141,0.8045662504542439,0.8638706222826624,0.8546348065683647,0.866114914139239,0.8434550490828451,12,,fixed,kmeans_known_k,True,stage2,results/experiments/neighbormix_beta_mechanism_20260617/stage2/Guo/fixed_beta_0.05/seed0,neutral,0.8419856832113954,0.8353301520712294,-0.0009555344602812932,-0.0307639016169855,4.0
Guo,fixed_beta_0.05,1,fixed_beta_0.05,beta_control,pca_cosine_knn,0.3,1.0,1.0,0.9499998688697816,0.0500000081956386,fixed,0.05,0.05,0.05,0.02,0.5,anchor,local_mix,0.0,none,0.8902927580893683,0.8652364454756739,0.8573362948622901,0.8205061522783232,0.8778618505270728,0.8652364454756737,0.875100432651267,0.8555923501755512,12,,fixed,kmeans_known_k,True,stage2,results/experiments/neighbormix_beta_mechanism_20260617/stage2/Guo/fixed_beta_0.05/seed1,neutral,0.8386476962743222,0.8341045832709125,0.018688598587967897,-0.013598430992589283,5.0
Guo,fixed_beta_0.05,2,fixed_beta_0.05,beta_control,pca_cosine_knn,0.3,1.0,1.0,0.9499998688697816,0.0500000081956386,fixed,0.05,0.05,0.05,0.02,0.5,anchor,local_mix,0.0,none,0.8554699537750385,0.8420398985944252,0.814511246475964,0.7746218769312588,0.8410853111973462,0.8420398985944253,0.8486209836938148,0.8355601010916538,12,,fixed,kmeans_known_k,True,stage2,results/experiments/neighbormix_beta_mechanism_20260617/stage2/Guo/fixed_beta_0.05/seed2,neutral,0.8312158272070158,0.7820204092535549,-0.016704580731051855,-0.007398532322296036,5.0
Guo,truncated_normal_beta_mean0.05_std0.02,0,truncated_normal_beta_mean0.05_std0.02,beta_control,pca_cosine_knn,0.3,1.0,1.0,0.9499950680732728,0.050004931692034,truncated_normal,0.0999999999999999,0.1,0.05,0.02,0.5,anchor,local_mix,0.0,none,0.8725731895223421,0.8557757398540541,0.8451155982671587,0.8053877850930684,0.8673939840350033,0.8557757398540541,0.8657083369488805,0.8460684782391317,12,,fixed,kmeans_known_k,True,stage2,results/experiments/neighbormix_beta_mechanism_20260617/stage2/Guo/truncated_normal_beta_mean0.05_std0.02/seed0,neutral,0.8419856832113954,0.8353301520712294,0.0031299150557632105,-0.029942366978160995,1.0
Guo,truncated_normal_beta_mean0.05_std0.02,1,truncated_normal_beta_mean0.05_std0.02,beta_control,pca_cosine_knn,0.3,1.0,1.0,0.9500239998400212,0.0499759987276047,truncated_normal,0.0999999999999999,0.1,0.05,0.02,0.5,anchor,local_mix,0.0,none,0.8975346687211094,0.8712022350330049,0.8681662989139378,0.8270008056173581,0.8872213714537734,0.8712022350330049,0.8793482684253704,0.8632057414402607,12,,fixed,kmeans_known_k,True,stage2,results/experiments/neighbormix_beta_mechanism_20260617/stage2/Guo/truncated_normal_beta_mean0.05_std0.02/seed1,neutral,0.8386476962743222,0.8341045832709125,0.029518602639615588,-0.007103777653554411,2.0
Guo,truncated_normal_beta_mean0.05_std0.02,2,truncated_normal_beta_mean0.05_std0.02,beta_control,pca_cosine_knn,0.3,1.0,1.0,0.9499986237883568,0.0500013751816004,truncated_normal,0.0999999999999999,0.1,0.05,0.02,0.5,anchor,local_mix,0.0,none,0.8702619414483821,0.8528926275236677,0.8338649768105815,0.8462778972098359,0.8577224326035491,0.8528926275236677,0.8573499577157586,0.8484814046057206,12,,fixed,kmeans_known_k,True,stage2,results/experiments/neighbormix_beta_mechanism_20260617/stage2/Guo/truncated_normal_beta_mean0.05_std0.02/seed2,neutral,0.8312158272070158,0.7820204092535549,0.002649149603565659,0.06425748795628106,2.0
Guo,uniform_beta_0.1,0,uniform_beta_0.1,beta_control,pca_cosine_knn,0.3,1.0,1.0,0.9500173563361168,0.0499826442543417,uniform,0.0999999999999999,0.1,0.05,0.02,0.5,anchor,local_mix,0.0,none,0.8730354391371341,0.8562918999444664,0.8449716895423325,0.8068809678050997,0.8672973117522332,0.8562918999444665,0.8655027435433355,0.8472750390184401,12,,fixed,kmeans_known_k,True,stage2,results/experiments/neighbormix_beta_mechanism_20260617/stage2/Guo/uniform_beta_0.1/seed0,neutral,0.8419856832113954,0.8353301520712294,0.002986006330937041,-0.028449184266129746,2.0
Guo,uniform_beta_0.1,1,uniform_beta_0.1,beta_control,pca_cosine_knn,0.3,1.0,1.0,0.9500070888996124,0.0499929113481193,uniform,0.0999999999999999,0.1,0.05,0.02,0.5,anchor,local_mix,0.0,none,0.901848998459168,0.8688892376168649,0.8675846315075598,0.8627802545706321,0.8868354775288733,0.8688892376168649,0.8719806532963597,0.8658196643689645,12,,fixed,kmeans_known_k,True,stage2,results/experiments/neighbormix_beta_mechanism_20260617/stage2/Guo/uniform_beta_0.1/seed1,neutral,0.8386476962743222,0.8341045832709125,0.028936935233237593,0.028675671299719596,3.0
Guo,uniform_beta_0.1,2,uniform_beta_0.1,beta_control,pca_cosine_knn,0.3,1.0,1.0,0.950037062048912,0.0499629387054592,uniform,0.0999999999999999,0.1,0.05,0.02,0.5,anchor,local_mix,0.0,none,0.8705701078582434,0.8528181168588098,0.8348123306456734,0.8483301173747023,0.8585283563956544,0.8528181168588098,0.8593968003768474,0.8463393878490356,12,,fixed,kmeans_known_k,True,stage2,results/experiments/neighbormix_beta_mechanism_20260617/stage2/Guo/uniform_beta_0.1/seed2,neutral,0.8312158272070158,0.7820204092535549,0.0035965034386575834,0.06630970812114745,1.0
Macosko,bernoulli_beta_0_or_0.1_p0.5,0,bernoulli_beta_0_or_0.1_p0.5,beta_control,pca_cosine_knn,0.3,1.0,1.0,0.9500022972013268,0.0499976329172828,bernoulli,0.0999999999999999,0.1,0.05,0.02,0.5,anchor,local_mix,0.0,none,0.5549009105516872,0.6272953650301237,0.3834047597559205,0.5564544786283662,0.6050184947904047,0.6272953650301238,0.8254286483057498,0.5058683302585404,12,,fixed,kmeans_known_k,True,stage2,results/experiments/neighbormix_beta_mechanism_20260617/stage2/Macosko/bernoulli_beta_0_or_0.1_p0.5/seed0,negative,0.3878266965764106,0.4836887227059757,-0.0044219368204901355,0.07276575592239048,3.0
Macosko,bernoulli_beta_0_or_0.1_p0.5,1,bernoulli_beta_0_or_0.1_p0.5,beta_control,pca_cosine_knn,0.3,1.0,1.0,0.9499645739964075,0.0500353561698326,bernoulli,0.0999999999999999,0.1,0.05,0.02,0.5,anchor,local_mix,0.0,none,0.4679521514015354,0.5809187030890346,0.2984975924461564,0.5628039168411095,0.5322318796684937,0.5809187030890345,0.798592144831361,0.4564920028794922,12,,fixed,kmeans_known_k,True,stage2,results/experiments/neighbormix_beta_mechanism_20260617/stage2/Macosko/bernoulli_beta_0_or_0.1_p0.5/seed1,negative,0.382798485100648,0.6174183150854969,-0.08430089265449159,-0.05461439824438741,5.0
Macosko,bernoulli_beta_0_or_0.1_p0.5,2,bernoulli_beta_0_or_0.1_p0.5,beta_control,pca_cosine_knn,0.3,1.0,1.0,0.9499403549007008,0.0500595749081777,bernoulli,0.0999999999999999,0.1,0.05,0.02,0.5,anchor,local_mix,0.0,none,0.5887118371719335,0.631743236534985,0.4034684974021461,0.6508427050458422,0.621326299828018,0.631743236534985,0.8019434025870388,0.521139404725412,12,,fixed,kmeans_known_k,True,stage2,results/experiments/neighbormix_beta_mechanism_20260617/stage2/Macosko/bernoulli_beta_0_or_0.1_p0.5/seed2,negative,0.3038171975678505,0.4604124327872176,0.09965129983429555,0.19043027225862458,3.0
Macosko,beta_distribution_mean0.05_lowvar,0,beta_distribution_mean0.05_lowvar,beta_control,pca_cosine_knn,0.3,1.0,1.0,0.9499931406378744,0.0500068594871887,beta_distribution,0.0999999999999999,0.1,0.05,0.02,0.5,anchor,local_mix,0.0,none,0.7143813604713444,0.6826202397081262,0.5482362696427439,0.7499286453799009,0.7288936515004573,0.6826202397081262,0.8076936470154156,0.5910886628995866,12,,fixed,kmeans_known_k,True,stage2,results/experiments/neighbormix_beta_mechanism_20260617/stage2/Macosko/beta_distribution_mean0.05_lowvar/seed0,negative,0.3878266965764106,0.4836887227059757,0.16040957306633324,0.2662399226739252,2.0
Macosko,beta_distribution_mean0.05_lowvar,1,beta_distribution_mean0.05_lowvar,beta_control,pca_cosine_knn,0.3,1.0,1.0,0.9500016492477484,0.0499983509904039,beta_distribution,0.0999999999999999,0.1,0.05,0.02,0.5,anchor,local_mix,0.0,none,0.6965050883770755,0.6885277222994344,0.5630207936854285,0.6558304658440058,0.7383859038422174,0.6885277222994345,0.8365083094715872,0.5850336788647871,12,,fixed,kmeans_known_k,True,stage2,results/experiments/neighbormix_beta_mechanism_20260617/stage2/Macosko/beta_distribution_mean0.05_lowvar/seed1,negative,0.382798485100648,0.6174183150854969,0.18022230858478044,0.0384121507585089,1.0
Macosko,beta_distribution_mean0.05_lowvar,2,beta_distribution_mean0.05_lowvar,beta_control,pca_cosine_knn,0.3,1.0,1.0,0.949989208395992,0.0500107914265245,beta_distribution,0.0999999999999999,0.1,0.05,0.02,0.5,anchor,local_mix,0.0,none,0.5376495268702017,0.5994263452217766,0.3741535777968828,0.6487737798185821,0.5982678261761266,0.5994263452217767,0.7686189978111805,0.4912825262185437,12,,fixed,kmeans_known_k,True,stage2,results/experiments/neighbormix_beta_mechanism_20260617/stage2/Macosko/beta_distribution_mean0.05_lowvar/seed2,negative,0.3038171975678505,0.4604124327872176,0.07033638022903227,0.18836134703136448,5.0
Macosko,fixed_beta_0.05,0,fixed_beta_0.05,beta_control,pca_cosine_knn,0.3,1.0,1.0,0.9499998688697816,0.0500000081956386,fixed,0.05,0.05,0.05,0.02,0.5,anchor,local_mix,0.0,none,0.5576459560792716,0.621260082606654,0.3792751091819349,0.5566871465234807,0.6017083073342447,0.6212600826066541,0.8162237865154001,0.5014769880345077,12,,fixed,kmeans_known_k,True,stage2,results/experiments/neighbormix_beta_mechanism_20260617/stage2/Macosko/fixed_beta_0.05/seed0,negative,0.3878266965764106,0.4836887227059757,-0.008551587394475701,0.07299842381750504,4.0
Macosko,fixed_beta_0.05,1,fixed_beta_0.05,beta_control,pca_cosine_knn,0.3,1.0,1.0,0.9499998688697816,0.0500000081956386,fixed,0.05,0.05,0.05,0.02,0.5,anchor,local_mix,0.0,none,0.5135913229780397,0.6116448653837354,0.3821678938220423,0.5340096335511161,0.6040186389271903,0.6116448653837353,0.8076574929671149,0.4921931503660651,12,,fixed,kmeans_known_k,True,stage2,results/experiments/neighbormix_beta_mechanism_20260617/stage2/Macosko/fixed_beta_0.05/seed1,negative,0.382798485100648,0.6174183150854969,-0.0006305912786057077,-0.08340868153438086,4.0
Macosko,fixed_beta_0.05,2,fixed_beta_0.05,beta_control,pca_cosine_knn,0.3,1.0,1.0,0.9499998688697816,0.0500000081956386,fixed,0.05,0.05,0.05,0.02,0.5,anchor,local_mix,0.0,none,0.5676218532404927,0.6198483685148465,0.3880619270126847,0.6518629878583705,0.6089579045379935,0.6198483685148466,0.8042606284870664,0.504231120573468,12,,fixed,kmeans_known_k,True,stage2,results/experiments/neighbormix_beta_mechanism_20260617/stage2/Macosko/fixed_beta_0.05/seed2,negative,0.3038171975678505,0.4604124327872176,0.08424472944483419,0.19145055507115288,4.0
Macosko,truncated_normal_beta_mean0.05_std0.02,0,truncated_normal_beta_mean0.05_std0.02,beta_control,pca_cosine_knn,0.3,1.0,1.0,0.9499906004156384,0.0500093987810292,truncated_normal,0.0999999999999999,0.1,0.05,0.02,0.5,anchor,local_mix,0.0,none,0.6890287448669881,0.6889166699784006,0.5597810625708065,0.6529369924747571,0.7361125687348063,0.6889166699784006,0.840129643524162,0.5838337890460962,12,,fixed,kmeans_known_k,True,stage2,results/experiments/neighbormix_beta_mechanism_20260617/stage2/Macosko/truncated_normal_beta_mean0.05_std0.02/seed0,negative,0.3878266965764106,0.4836887227059757,0.1719543659943959,0.16924826976878143,1.0
Macosko,truncated_normal_beta_mean0.05_std0.02,1,truncated_normal_beta_mean0.05_std0.02,beta_control,pca_cosine_knn,0.3,1.0,1.0,0.9500141540169714,0.0499858447177601,truncated_normal,0.0999999999999999,0.1,0.05,0.02,0.5,anchor,local_mix,0.0,none,0.690858775218711,0.6751679945071453,0.5508046173376637,0.679337225879182,0.7301794507222492,0.6751679945071453,0.8161938380042968,0.5756964335188682,12,,fixed,kmeans_known_k,True,stage2,results/experiments/neighbormix_beta_mechanism_20260617/stage2/Macosko/truncated_normal_beta_mean0.05_std0.02/seed1,negative,0.382798485100648,0.6174183150854969,0.16800613223701572,0.061918910793685056,3.0
Macosko,truncated_normal_beta_mean0.05_std0.02,2,truncated_normal_beta_mean0.05_std0.02,beta_control,pca_cosine_knn,0.3,1.0,1.0,0.9499948500224524,0.050005148884175,truncated_normal,0.0999999999999999,0.1,0.05,0.02,0.5,anchor,local_mix,0.0,none,0.676486341724692,0.6562407550721688,0.5273288453864444,0.65532592637478,0.714689346973699,0.656240755072169,0.776542976097358,0.5682130546220525,12,,fixed,kmeans_known_k,True,stage2,results/experiments/neighbormix_beta_mechanism_20260617/stage2/Macosko/truncated_normal_beta_mean0.05_std0.02/seed2,negative,0.3038171975678505,0.4604124327872176,0.2235116478185939,0.19491349358756244,2.0
Macosko,uniform_beta_0.1,0,uniform_beta_0.1,beta_control,pca_cosine_knn,0.3,1.0,1.0,0.950003647702081,0.0499963524591709,uniform,0.0999999999999999,0.1,0.05,0.02,0.5,anchor,local_mix,0.0,none,0.5642742367434387,0.6194858127555044,0.3768237487651865,0.6529239886708077,0.5998319046925275,0.6194858127555045,0.80790574424964,0.5023318768059518,12,,fixed,kmeans_known_k,True,stage2,results/experiments/neighbormix_beta_mechanism_20260617/stage2/Macosko/uniform_beta_0.1/seed0,negative,0.3878266965764106,0.4836887227059757,-0.011002947811224129,0.16923526596483202,5.0
Macosko,uniform_beta_0.1,1,uniform_beta_0.1,beta_control,pca_cosine_knn,0.3,1.0,1.0,0.9500080565001284,0.0499919434211083,uniform,0.0999999999999999,0.1,0.05,0.02,0.5,anchor,local_mix,0.0,none,0.686194429566149,0.6852154288053748,0.5580397388951099,0.6337488684502359,0.7349595784459397,0.6852154288053749,0.8339429168370701,0.5815078489476153,12,,fixed,kmeans_known_k,True,stage2,results/experiments/neighbormix_beta_mechanism_20260617/stage2/Macosko/uniform_beta_0.1/seed1,negative,0.382798485100648,0.6174183150854969,0.17524125379446193,0.016330553364738987,2.0
Macosko,uniform_beta_0.1,2,uniform_beta_0.1,beta_control,pca_cosine_knn,0.3,1.0,1.0,0.9500379283470768,0.0499620717074722,uniform,0.0999999999999999,0.1,0.05,0.02,0.5,anchor,local_mix,0.0,none,0.6612212104981253,0.6684275645049572,0.5350112968845268,0.6340047564295133,0.7192299265935613,0.6684275645049571,0.8083079351190795,0.5698185699768625,12,,fixed,kmeans_known_k,True,stage2,results/experiments/neighbormix_beta_mechanism_20260617/stage2/Macosko/uniform_beta_0.1/seed2,negative,0.3038171975678505,0.4604124327872176,0.23119409931667623,0.17359232364229565,1.0
Melanoma_5K,bernoulli_beta_0_or_0.1_p0.5,0,bernoulli_beta_0_or_0.1_p0.5,beta_control,pca_cosine_knn,0.3,1.0,1.0,0.9498617695534932,0.0501381595372496,bernoulli,0.0999999999999999,0.1,0.05,0.02,0.5,anchor,local_mix,0.0,none,0.7356525592732107,0.7330552566667797,0.6597747529261504,0.653114708903001,0.7272296004293326,0.7330552566667797,0.7627220232039343,0.7056099174091747,9,,fixed,kmeans_known_k,True,stage2,results/experiments/neighbormix_beta_mechanism_20260617/stage2/Melanoma_5K/bernoulli_beta_0_or_0.1_p0.5/seed0,positive,0.6632890209426363,0.6493543351571583,-0.003514268016485911,0.0037603737458427045,2.0
Melanoma_5K,bernoulli_beta_0_or_0.1_p0.5,1,bernoulli_beta_0_or_0.1_p0.5,beta_control,pca_cosine_knn,0.3,1.0,1.0,0.9499792442164,0.0500206848387332,bernoulli,0.0999999999999999,0.1,0.05,0.02,0.5,anchor,local_mix,0.0,none,0.7358741413693773,0.7313804001981618,0.6616058250772602,0.6522144885666212,0.7286838814152528,0.7313804001981619,0.7614281709569725,0.7036141101009535,9,,fixed,kmeans_known_k,True,stage2,results/experiments/neighbormix_beta_mechanism_20260617/stage2/Melanoma_5K/bernoulli_beta_0_or_0.1_p0.5/seed1,positive,0.6606235067505558,0.653429330393209,0.0009823183267043678,-0.0012148418265878203,3.0
Melanoma_5K,bernoulli_beta_0_or_0.1_p0.5,2,bernoulli_beta_0_or_0.1_p0.5,beta_control,pca_cosine_knn,0.3,1.0,1.0,0.9499660332851552,0.0500338970491772,bernoulli,0.0999999999999999,0.1,0.05,0.02,0.5,anchor,local_mix,0.0,none,0.7352093950808775,0.733380769318141,0.6618867782495792,0.648712086659565,0.7288932847986221,0.7333807693181411,0.7640836243973773,0.7050500363983994,9,,fixed,kmeans_known_k,True,stage2,results/experiments/neighbormix_beta_mechanism_20260617/stage2/Melanoma_5K/bernoulli_beta_0_or_0.1_p0.5/seed2,positive,0.6629823767529525,0.6492363677351997,-0.001095598503373263,-0.000524281075634625,1.0
Melanoma_5K,beta_distribution_mean0.05_lowvar,0,beta_distribution_mean0.05_lowvar,beta_control,pca_cosine_knn,0.3,1.0,1.0,0.9499763668021736,0.0500236324555076,beta_distribution,0.0999999999999999,0.1,0.05,0.02,0.5,anchor,local_mix,0.0,none,0.7347662308885442,0.7308178715234988,0.6572914370250665,0.6546449055845422,0.725225880213575,0.7308178715234989,0.7600903993978245,0.703716413149775,9,,fixed,kmeans_known_k,True,stage2,results/experiments/neighbormix_beta_mechanism_20260617/stage2/Melanoma_5K/beta_distribution_mean0.05_lowvar/seed0,positive,0.6632890209426363,0.6493543351571583,-0.005997583917569771,0.0052905704273839005,4.0
Melanoma_5K,beta_distribution_mean0.05_lowvar,1,beta_distribution_mean0.05_lowvar,beta_control,pca_cosine_knn,0.3,1.0,1.0,0.9500347557751572,0.0499652429209912,beta_distribution,0.0999999999999999,0.1,0.05,0.02,0.5,anchor,local_mix,0.0,none,0.7358741413693773,0.7328266936449603,0.6596125788718227,0.6546979074170971,0.7270933407765628,0.7328266936449603,0.7623926974924519,0.7054682508281914,9,,fixed,kmeans_known_k,True,stage2,results/experiments/neighbormix_beta_mechanism_20260617/stage2/Melanoma_5K/beta_distribution_mean0.05_lowvar/seed1,positive,0.6606235067505558,0.653429330393209,-0.0010109278787331366,0.0012685770238880512,5.0
Melanoma_5K,beta_distribution_mean0.05_lowvar,2,beta_distribution_mean0.05_lowvar,beta_control,pca_cosine_knn,0.3,1.0,1.0,0.9499605095561812,0.0500394910135689,beta_distribution,0.0999999999999999,0.1,0.05,0.02,0.5,anchor,local_mix,0.0,none,0.7349878129847108,0.732975828872368,0.6595846860515705,0.6503711056570978,0.7270327204629484,0.732975828872368,0.7633911570779012,0.7048912757537126,9,,fixed,kmeans_known_k,True,stage2,results/experiments/neighbormix_beta_mechanism_20260617/stage2/Melanoma_5K/beta_distribution_mean0.05_lowvar/seed2,positive,0.6629823767529525,0.6492363677351997,-0.0033976907013819613,0.0011347379218981102,4.0
Melanoma_5K,fixed_beta_0.05,0,fixed_beta_0.05,beta_control,pca_cosine_knn,0.3,1.0,1.0,0.9499998688697816,0.0500000081956386,fixed,0.05,0.05,0.05,0.02,0.5,anchor,local_mix,0.0,none,0.7349878129847108,0.733473067579326,0.6660934704374768,0.6527968656196983,0.7323554628741523,0.733473067579326,0.7620200213462026,0.7069877445028829,9,,fixed,kmeans_known_k,True,stage2,results/experiments/neighbormix_beta_mechanism_20260617/stage2/Melanoma_5K/fixed_beta_0.05/seed0,positive,0.6632890209426363,0.6493543351571583,0.0028044494948404886,0.00344253046253995,1.0
Melanoma_5K,fixed_beta_0.05,1,fixed_beta_0.05,beta_control,pca_cosine_knn,0.3,1.0,1.0,0.9499998688697816,0.0500000081956386,fixed,0.05,0.05,0.05,0.02,0.5,anchor,local_mix,0.0,none,0.7356525592732107,0.7311071498119441,0.6615350247303361,0.6515212494286939,0.728614767963011,0.7311071498119442,0.7614393260207305,0.703098979736165,9,,fixed,kmeans_known_k,True,stage2,results/experiments/neighbormix_beta_mechanism_20260617/stage2/Melanoma_5K/fixed_beta_0.05/seed1,positive,0.6606235067505558,0.653429330393209,0.0009115179797802853,-0.0019080809645151131,4.0
Melanoma_5K,fixed_beta_0.05,2,fixed_beta_0.05,beta_control,pca_cosine_knn,0.3,1.0,1.0,0.9499998688697816,0.0500000081956386,fixed,0.05,0.05,0.05,0.02,0.5,anchor,local_mix,0.0,none,0.734323066696211,0.7321185916788424,0.6602314717992628,0.6475876256645573,0.7275335416048757,0.7321185916788423,0.7632039754016755,0.7034663290096789,9,,fixed,kmeans_known_k,True,stage2,results/experiments/neighbormix_beta_mechanism_20260617/stage2/Melanoma_5K/fixed_beta_0.05/seed2,positive,0.6629823767529525,0.6492363677351997,-0.0027509049536896812,-0.0016487420706423617,3.0
Melanoma_5K,truncated_normal_beta_mean0.05_std0.02,0,truncated_normal_beta_mean0.05_std0.02,beta_control,pca_cosine_knn,0.3,1.0,1.0,0.9499980870415182,0.0500019133748377,truncated_normal,0.0999999999999999,0.1,0.05,0.02,0.5,anchor,local_mix,0.0,none,0.7345446487923776,0.7306368471310641,0.6567315111663948,0.6550672647538958,0.7247761473376464,0.730636847131064,0.7597871040355368,0.7036407218970304,9,,fixed,kmeans_known_k,True,stage2,results/experiments/neighbormix_beta_mechanism_20260617/stage2/Melanoma_5K/truncated_normal_beta_mean0.05_std0.02/seed0,positive,0.6632890209426363,0.6493543351571583,-0.006557509776241477,0.005712929596737415,5.0
Melanoma_5K,truncated_normal_beta_mean0.05_std0.02,1,truncated_normal_beta_mean0.05_std0.02,beta_control,pca_cosine_knn,0.3,1.0,1.0,0.9500171209521152,0.049982877297546,truncated_normal,0.0999999999999999,0.1,0.05,0.02,0.5,anchor,local_mix,0.0,none,0.7367604697540439,0.733558457528846,0.6619387347706249,0.6545038458555835,0.728977038885434,0.7335584575288461,0.7632362014540507,0.706102312781264,9,,fixed,kmeans_known_k,True,stage2,results/experiments/neighbormix_beta_mechanism_20260617/stage2/Melanoma_5K/truncated_normal_beta_mean0.05_std0.02/seed1,positive,0.6606235067505558,0.653429330393209,0.0013152280200691147,0.0010745154623744702,2.0
Melanoma_5K,truncated_normal_beta_mean0.05_std0.02,2,truncated_normal_beta_mean0.05_std0.02,beta_control,pca_cosine_knn,0.3,1.0,1.0,0.9500066870275664,0.0499933122465496,truncated_normal,0.0999999999999999,0.1,0.05,0.02,0.5,anchor,local_mix,0.0,none,0.7354309771770441,0.7332710317434945,0.6608251761448788,0.6508344890564367,0.7280374527577141,0.7332710317434946,0.7636706008044242,0.7051990499265158,9,,fixed,kmeans_known_k,True,stage2,results/experiments/neighbormix_beta_mechanism_20260617/stage2/Melanoma_5K/truncated_normal_beta_mean0.05_std0.02/seed2,positive,0.6629823767529525,0.6492363677351997,-0.0021572006080736728,0.0015981213212370449,2.0
Melanoma_5K,uniform_beta_0.1,0,uniform_beta_0.1,beta_control,pca_cosine_knn,0.3,1.0,1.0,0.9500355257707482,0.0499644739388981,uniform,0.0999999999999999,0.1,0.05,0.02,0.5,anchor,local_mix,0.0,none,0.7349878129847108,0.7319986620816552,0.6578141902800557,0.6554824202470165,0.7256585919202952,0.7319986620816552,0.7610869313446971,0.7050520125709631,9,,fixed,kmeans_known_k,True,stage2,results/experiments/neighbormix_beta_mechanism_20260617/stage2/Melanoma_5K/uniform_beta_0.1/seed0,positive,0.6632890209426363,0.6493543351571583,-0.005474830662580588,0.006128085089858182,3.0
Melanoma_5K,uniform_beta_0.1,1,uniform_beta_0.1,beta_control,pca_cosine_knn,0.3,1.0,1.0,0.9500087772222126,0.0499912233749295,uniform,0.0999999999999999,0.1,0.05,0.02,0.5,anchor,local_mix,0.0,none,0.8393529802791935,0.7629319934302364,0.7579288397856164,0.6834516053615586,0.8082777660663347,0.7629319934302363,0.7609929939251425,0.764880899263756,9,,fixed,kmeans_known_k,True,stage2,results/experiments/neighbormix_beta_mechanism_20260617/stage2/Melanoma_5K/uniform_beta_0.1/seed1,positive,0.6606235067505558,0.653429330393209,0.09730533303506061,0.030022274968349527,1.0
Melanoma_5K,uniform_beta_0.1,2,uniform_beta_0.1,beta_control,pca_cosine_knn,0.3,1.0,1.0,0.9500126178650294,0.0499873835401719,uniform,0.0999999999999999,0.1,0.05,0.02,0.5,anchor,local_mix,0.0,none,0.7349878129847108,0.7330669342854556,0.6595564377199592,0.6506056480425438,0.7270137294974448,0.7330669342854557,0.7634012592450742,0.7050511932196855,9,,fixed,kmeans_known_k,True,stage2,results/experiments/neighbormix_beta_mechanism_20260617/stage2/Melanoma_5K/uniform_beta_0.1/seed2,positive,0.6629823767529525,0.6492363677351997,-0.0034259390329932637,0.0013692803073441784,5.0
Shekhar,bernoulli_beta_0_or_0.1_p0.5,0,bernoulli_beta_0_or_0.1_p0.5,beta_control,pca_cosine_knn,0.3,1.0,1.0,0.9499864508541158,0.0500134792581845,bernoulli,0.0999999999999999,0.1,0.05,0.02,0.5,anchor,local_mix,0.0,none,0.8106969809914275,0.8861179641031004,0.6922177336872043,0.8944755280002293,0.760512602041994,0.8861179641031002,0.932501336755052,0.8441302413941806,18,,fixed,kmeans_known_k,True,stage2,results/experiments/neighbormix_beta_mechanism_20260617/stage2/Shekhar/bernoulli_beta_0_or_0.1_p0.5/seed0,positive,0.6929122403288671,0.8934769037671914,-0.0006945066416628176,0.0009986242330379813,5.0
Shekhar,bernoulli_beta_0_or_0.1_p0.5,1,bernoulli_beta_0_or_0.1_p0.5,beta_control,pca_cosine_knn,0.3,1.0,1.0,0.9499839626825772,0.0500159676518076,bernoulli,0.0999999999999999,0.1,0.05,0.02,0.5,anchor,local_mix,0.0,none,0.7676854267610883,0.8675464823122976,0.6714456672800837,0.8246521141665818,0.743816806438257,0.8675464823122977,0.920522326123378,0.8203363196584503,18,,fixed,kmeans_known_k,True,stage2,results/experiments/neighbormix_beta_mechanism_20260617/stage2/Shekhar/bernoulli_beta_0_or_0.1_p0.5/seed1,positive,0.5458699179711232,0.8198057388396296,0.12557574930896054,0.004846375326952201,5.0
Shekhar,bernoulli_beta_0_or_0.1_p0.5,2,bernoulli_beta_0_or_0.1_p0.5,beta_control,pca_cosine_knn,0.3,1.0,1.0,0.949958984603962,0.0500409450896908,bernoulli,0.0999999999999999,0.1,0.05,0.02,0.5,anchor,local_mix,0.0,none,0.7611256056653001,0.8690589934621259,0.662980221713437,0.8151367209656017,0.737955494835199,0.8690589934621259,0.9285777295745592,0.8167105693008817,18,,fixed,kmeans_known_k,True,stage2,results/experiments/neighbormix_beta_mechanism_20260617/stage2/Shekhar/bernoulli_beta_0_or_0.1_p0.5/seed2,positive,0.6770141511631166,0.8319132354007617,-0.014033929449679627,-0.016776514435159928,3.0
Shekhar,beta_distribution_mean0.05_lowvar,0,beta_distribution_mean0.05_lowvar,beta_control,pca_cosine_knn,0.3,1.0,1.0,0.9499952456269128,0.0500047544120417,beta_distribution,0.0999999999999999,0.1,0.05,0.02,0.5,anchor,local_mix,0.0,none,0.9220275810659708,0.9240830226257398,0.9557410286180732,0.8111563948330772,0.964555936322988,0.9240830226257398,0.931970274209677,0.9163281501223358,18,,fixed,kmeans_known_k,True,stage2,results/experiments/neighbormix_beta_mechanism_20260617/stage2/Shekhar/beta_distribution_mean0.05_lowvar/seed0,positive,0.6929122403288671,0.8934769037671914,0.2628287882892061,-0.08232050893411413,3.0
Shekhar,beta_distribution_mean0.05_lowvar,1,beta_distribution_mean0.05_lowvar,beta_control,pca_cosine_knn,0.3,1.0,1.0,0.9500086799622156,0.0499913201492745,beta_distribution,0.0999999999999999,0.1,0.05,0.02,0.5,anchor,local_mix,0.0,none,0.9362281028699218,0.9264111691804654,0.95583782971607,0.8996074429956692,0.9646524157292252,0.9264111691804652,0.9295141010463936,0.923328884988394,18,,fixed,kmeans_known_k,True,stage2,results/experiments/neighbormix_beta_mechanism_20260617/stage2/Shekhar/beta_distribution_mean0.05_lowvar/seed1,positive,0.5458699179711232,0.8198057388396296,0.40996791174494684,0.0798017041560396,1.0
Shekhar,beta_distribution_mean0.05_lowvar,2,beta_distribution_mean0.05_lowvar,beta_control,pca_cosine_knn,0.3,1.0,1.0,0.9499839172698558,0.0500160826764141,beta_distribution,0.0999999999999999,0.1,0.05,0.02,0.5,anchor,local_mix,0.0,none,0.7477450614983228,0.8618488383515721,0.6613797991307218,0.7373067318116681,0.7355933624186067,0.861848838351572,0.9154298328293484,0.8141933152685907,18,,fixed,kmeans_known_k,True,stage2,results/experiments/neighbormix_beta_mechanism_20260617/stage2/Shekhar/beta_distribution_mean0.05_lowvar/seed2,positive,0.6770141511631166,0.8319132354007617,-0.015634352032394827,-0.09460650358909362,4.0
Shekhar,fixed_beta_0.05,0,fixed_beta_0.05,beta_control,pca_cosine_knn,0.3,1.0,1.0,0.9499998688697816,0.0500000081956386,fixed,0.05,0.05,0.05,0.02,0.5,anchor,local_mix,0.0,none,0.8224375698844577,0.8922134966736751,0.6942091312361791,0.8894172880762358,0.7637095869937133,0.8922134966736752,0.9473099379937032,0.8431737164220044,18,,fixed,kmeans_known_k,True,stage2,results/experiments/neighbormix_beta_mechanism_20260617/stage2/Shekhar/fixed_beta_0.05/seed0,positive,0.6929122403288671,0.8934769037671914,0.0012968909073119983,-0.004059615690955587,4.0
Shekhar,fixed_beta_0.05,1,fixed_beta_0.05,beta_control,pca_cosine_knn,0.3,1.0,1.0,0.9499998688697816,0.0500000081956386,fixed,0.05,0.05,0.05,0.02,0.5,anchor,local_mix,0.0,none,0.8143496086470369,0.8880149221061316,0.6997587604617636,0.8136490507523635,0.7670121810270967,0.8880149221061318,0.9370139328283033,0.8438858333610615,18,,fixed,kmeans_known_k,True,stage2,results/experiments/neighbormix_beta_mechanism_20260617/stage2/Shekhar/fixed_beta_0.05/seed1,positive,0.5458699179711232,0.8198057388396296,0.1538888424906404,-0.0061566880872661045,4.0
Shekhar,fixed_beta_0.05,2,fixed_beta_0.05,beta_control,pca_cosine_knn,0.3,1.0,1.0,0.9499998688697816,0.0500000081956386,fixed,0.05,0.05,0.05,0.02,0.5,anchor,local_mix,0.0,none,0.7360417443160641,0.8582321125271546,0.6553202858345654,0.7485650173319004,0.7317085629158673,0.8582321125271547,0.9195463384626078,0.8045834701384739,18,,fixed,kmeans_known_k,True,stage2,results/experiments/neighbormix_beta_mechanism_20260617/stage2/Shekhar/fixed_beta_0.05/seed2,positive,0.6770141511631166,0.8319132354007617,-0.02169386532855122,-0.08334821806886128,5.0
Shekhar,truncated_normal_beta_mean0.05_std0.02,0,truncated_normal_beta_mean0.05_std0.02,beta_control,pca_cosine_knn,0.3,1.0,1.0,0.9500022756723828,0.0499977238028525,truncated_normal,0.0999999999999999,0.1,0.05,0.02,0.5,anchor,local_mix,0.0,none,0.9608647036898994,0.937887122915754,0.9713241800766192,0.8893310329661125,0.977137740643081,0.937887122915754,0.9287715670836592,0.9471833840487688,18,,fixed,kmeans_known_k,True,stage2,results/experiments/neighbormix_beta_mechanism_20260617/stage2/Shekhar/truncated_normal_beta_mean0.05_std0.02/seed0,positive,0.6929122403288671,0.8934769037671914,0.27841193974775214,-0.004145870801078866,1.0
Shekhar,truncated_normal_beta_mean0.05_std0.02,1,truncated_normal_beta_mean0.05_std0.02,beta_control,pca_cosine_knn,0.3,1.0,1.0,0.950018012889016,0.0499819857842969,truncated_normal,0.0999999999999999,0.1,0.05,0.02,0.5,anchor,local_mix,0.0,none,0.9108833395452852,0.91780255471476,0.9514476762161592,0.816412409105015,0.961126513430552,0.9178025547147598,0.9209384156838892,0.9146879769352314,18,,fixed,kmeans_known_k,True,stage2,results/experiments/neighbormix_beta_mechanism_20260617/stage2/Shekhar/truncated_normal_beta_mean0.05_std0.02/seed1,positive,0.5458699179711232,0.8198057388396296,0.40557775824503606,-0.003393329734614592,3.0
Shekhar,truncated_normal_beta_mean0.05_std0.02,2,truncated_normal_beta_mean0.05_std0.02,beta_control,pca_cosine_knn,0.3,1.0,1.0,0.9499985417924248,0.0500014572874463,truncated_normal,0.0999999999999999,0.1,0.05,0.02,0.5,anchor,local_mix,0.0,none,0.9313827804696236,0.9266929528070916,0.954824979310369,0.8947592346934419,0.9638317247206548,0.9266929528070916,0.9327945174869136,0.9206706920933831,18,,fixed,kmeans_known_k,True,stage2,results/experiments/neighbormix_beta_mechanism_20260617/stage2/Shekhar/truncated_normal_beta_mean0.05_std0.02/seed2,positive,0.6770141511631166,0.8319132354007617,0.27781082814725244,0.0628459992926802,1.0
Shekhar,uniform_beta_0.1,0,uniform_beta_0.1,beta_control,pca_cosine_knn,0.3,1.0,1.0,0.9500132127736624,0.0499867873409619,uniform,0.0999999999999999,0.1,0.05,0.02,0.5,anchor,local_mix,0.0,none,0.9263138278046964,0.9270620157833774,0.9562747655462384,0.8915301818793857,0.9649837674086058,0.9270620157833775,0.9345234479393952,0.9197187871590624,18,,fixed,kmeans_known_k,True,stage2,results/experiments/neighbormix_beta_mechanism_20260617/stage2/Shekhar/uniform_beta_0.1/seed0,positive,0.6929122403288671,0.8934769037671914,0.26336252521737125,-0.001946721887805647,2.0
Shekhar,uniform_beta_0.1,1,uniform_beta_0.1,beta_control,pca_cosine_knn,0.3,1.0,1.0,0.95000195695947,0.0499980430082919,uniform,0.0999999999999999,0.1,0.05,0.02,0.5,anchor,local_mix,0.0,none,0.9263883712262392,0.924520761021142,0.95279864731223,0.8964325115340197,0.9622098030269284,0.924520761021142,0.9293443572798072,0.9197469782478964,18,,fixed,kmeans_known_k,True,stage2,results/experiments/neighbormix_beta_mechanism_20260617/stage2/Shekhar/uniform_beta_0.1/seed1,positive,0.5458699179711232,0.8198057388396296,0.4069287293411068,0.07662677269439011,2.0
Shekhar,uniform_beta_0.1,2,uniform_beta_0.1,beta_control,pca_cosine_knn,0.3,1.0,1.0,0.950035783648491,0.0499642163801651,uniform,0.0999999999999999,0.1,0.05,0.02,0.5,anchor,local_mix,0.0,none,0.9262020126723816,0.9260162759784272,0.9541362560768348,0.892748362925354,0.9632748933934656,0.9260162759784272,0.9328162837216276,0.919314691614488,18,,fixed,kmeans_known_k,True,stage2,results/experiments/neighbormix_beta_mechanism_20260617/stage2/Shekhar/uniform_beta_0.1/seed2,positive,0.6770141511631166,0.8319132354007617,0.27712210491371825,0.0608351275245923,2.0
Tosches,bernoulli_beta_0_or_0.1_p0.5,0,bernoulli_beta_0_or_0.1_p0.5,beta_control,pca_cosine_knn,0.3,1.0,1.0,0.9499940931279628,0.0500058368288187,bernoulli,0.0999999999999999,0.1,0.05,0.02,0.5,anchor,local_mix,0.0,none,0.6534504929275611,0.7654693795000723,0.5469136650542432,0.6771555145205587,0.6212095989175854,0.7654693795000722,0.7831191858540606,0.7485976144223184,15,,fixed,kmeans_known_k,True,stage2,results/experiments/neighbormix_beta_mechanism_20260617/stage2/Tosches/bernoulli_beta_0_or_0.1_p0.5/seed0,negative,0.5278987630197263,0.7135889686074948,0.019014902034516945,-0.0364334540869361,3.0
Tosches,bernoulli_beta_0_or_0.1_p0.5,1,bernoulli_beta_0_or_0.1_p0.5,beta_control,pca_cosine_knn,0.3,1.0,1.0,0.949992533514483,0.0500073966337367,bernoulli,0.0999999999999999,0.1,0.05,0.02,0.5,anchor,local_mix,0.0,none,0.6129447063866267,0.7341557902141842,0.5219901350427156,0.642981991838805,0.6020220083862966,0.7341557902141841,0.7780673214671731,0.6949359187784793,15,,fixed,kmeans_known_k,True,stage2,results/experiments/neighbormix_beta_mechanism_20260617/stage2/Tosches/bernoulli_beta_0_or_0.1_p0.5/seed1,negative,0.5220412382701718,0.6391057283098266,-5.1103227456161804e-05,0.0038762635289784075,5.0
Tosches,bernoulli_beta_0_or_0.1_p0.5,2,bernoulli_beta_0_or_0.1_p0.5,beta_control,pca_cosine_knn,0.3,1.0,1.0,0.9499205113802518,0.0500794181212161,bernoulli,0.0999999999999999,0.1,0.05,0.02,0.5,anchor,local_mix,0.0,none,0.63325117873982,0.735717507828903,0.5263124903731304,0.665673286518952,0.605754503297178,0.735717507828903,0.7772776152326676,0.6983761668050049,15,,fixed,kmeans_known_k,True,stage2,results/experiments/neighbormix_beta_mechanism_20260617/stage2/Tosches/bernoulli_beta_0_or_0.1_p0.5/seed2,negative,0.5255762145236066,0.6595203145919436,0.0007362758495238486,0.006152971927008366,5.0
Tosches,beta_distribution_mean0.05_lowvar,0,beta_distribution_mean0.05_lowvar,beta_control,pca_cosine_knn,0.3,1.0,1.0,0.94999095890671,0.0500090411282144,beta_distribution,0.0999999999999999,0.1,0.05,0.02,0.5,anchor,local_mix,0.0,none,0.6535576510930133,0.7669074939775296,0.5445303263293222,0.6376731286372302,0.6193396687538513,0.7669074939775296,0.7830702133097759,0.7513984851858373,15,,fixed,kmeans_known_k,True,stage2,results/experiments/neighbormix_beta_mechanism_20260617/stage2/Tosches/beta_distribution_mean0.05_lowvar/seed0,negative,0.5278987630197263,0.7135889686074948,0.01663156330959592,-0.07591583997026452,4.0
Tosches,beta_distribution_mean0.05_lowvar,1,beta_distribution_mean0.05_lowvar,beta_control,pca_cosine_knn,0.3,1.0,1.0,0.9500091109838752,0.0499908889934886,beta_distribution,0.0999999999999999,0.1,0.05,0.02,0.5,anchor,local_mix,0.0,none,0.6249464209172739,0.7368566985929805,0.5262515468252434,0.6681763364497226,0.6056862157774668,0.7368566985929804,0.7782256545378035,0.6996639304709568,15,,fixed,kmeans_known_k,True,stage2,results/experiments/neighbormix_beta_mechanism_20260617/stage2/Tosches/beta_distribution_mean0.05_lowvar/seed1,negative,0.5220412382701718,0.6391057283098266,0.004210308555071651,0.029070608139896037,4.0
Tosches,beta_distribution_mean0.05_lowvar,2,beta_distribution_mean0.05_lowvar,beta_control,pca_cosine_knn,0.3,1.0,1.0,0.9499771557334398,0.0500228442600928,beta_distribution,0.0999999999999999,0.1,0.05,0.02,0.5,anchor,local_mix,0.0,none,0.6599335619374196,0.7605963374475123,0.5391096018331946,0.6518920087844422,0.6144965492129125,0.7605963374475122,0.7783568673040019,0.7436282445404183,15,,fixed,kmeans_known_k,True,stage2,results/experiments/neighbormix_beta_mechanism_20260617/stage2/Tosches/beta_distribution_mean0.05_lowvar/seed2,negative,0.5255762145236066,0.6595203145919436,0.013533387309587974,-0.007628305807501401,3.0
Tosches,fixed_beta_0.05,0,fixed_beta_0.05,beta_control,pca_cosine_knn,0.3,1.0,1.0,0.9499998688697816,0.0500000081956386,fixed,0.05,0.05,0.05,0.02,0.5,anchor,local_mix,0.0,none,0.663201885983712,0.7463825210587574,0.5370788741964889,0.6907624053857718,0.614922380465111,0.7463825210587574,0.7874245999847101,0.7094068754256415,15,,fixed,kmeans_known_k,True,stage2,results/experiments/neighbormix_beta_mechanism_20260617/stage2/Tosches/fixed_beta_0.05/seed0,negative,0.5278987630197263,0.7135889686074948,0.009180111176762651,-0.02282656322172294,5.0
Tosches,fixed_beta_0.05,1,fixed_beta_0.05,beta_control,pca_cosine_knn,0.3,1.0,1.0,0.9499998688697816,0.0500000081956386,fixed,0.05,0.05,0.05,0.02,0.5,anchor,local_mix,0.0,none,0.6377518216888127,0.738418956169582,0.5315622630043562,0.6994878033087902,0.6138357268413597,0.7384189561695821,0.7959111885312132,0.6886730175325897,15,,fixed,kmeans_known_k,True,stage2,results/experiments/neighbormix_beta_mechanism_20260617/stage2/Tosches/fixed_beta_0.05/seed1,negative,0.5220412382701718,0.6391057283098266,0.009521024734184369,0.06038207499896364,2.0
Tosches,fixed_beta_0.05,2,fixed_beta_0.05,beta_control,pca_cosine_knn,0.3,1.0,1.0,0.9499998688697816,0.0500000081956386,fixed,0.05,0.05,0.05,0.02,0.5,anchor,local_mix,0.0,none,0.6424132018859837,0.757495030724133,0.5372238871891293,0.6353138003261232,0.6128696083935464,0.7574950307241332,0.7773823584782562,0.7385998535861182,15,,fixed,kmeans_known_k,True,stage2,results/experiments/neighbormix_beta_mechanism_20260617/stage2/Tosches/fixed_beta_0.05/seed2,negative,0.5255762145236066,0.6595203145919436,0.01164767266552269,-0.024206514265820434,4.0
Tosches,truncated_normal_beta_mean0.05_std0.02,0,truncated_normal_beta_mean0.05_std0.02,beta_control,pca_cosine_knn,0.3,1.0,1.0,0.9499878038859204,0.0500121958062259,truncated_normal,0.0999999999999999,0.1,0.05,0.02,0.5,anchor,local_mix,0.0,none,0.6815795113587655,0.7544736002366558,0.5505166578362749,0.7384991455038422,0.6261004952328911,0.7544736002366557,0.7927598732925992,0.7197150222694986,15,,fixed,kmeans_known_k,True,stage2,results/experiments/neighbormix_beta_mechanism_20260617/stage2/Tosches/truncated_normal_beta_mean0.05_std0.02/seed0,negative,0.5278987630197263,0.7135889686074948,0.022617894816548634,0.024910176896347447,1.0
Tosches,truncated_normal_beta_mean0.05_std0.02,1,truncated_normal_beta_mean0.05_std0.02,beta_control,pca_cosine_knn,0.3,1.0,1.0,0.9500300768969788,0.0499699217176789,truncated_normal,0.0999999999999999,0.1,0.05,0.02,0.5,anchor,local_mix,0.0,none,0.6398949849978568,0.7599521117329502,0.5374675047649584,0.6631454297672721,0.6130752753372767,0.7599521117329503,0.779539936319551,0.7413245412904438,15,,fixed,kmeans_known_k,True,stage2,results/experiments/neighbormix_beta_mechanism_20260617/stage2/Tosches/truncated_normal_beta_mean0.05_std0.02/seed1,negative,0.5220412382701718,0.6391057283098266,0.015426266494786622,0.024039701457445495,1.0
Tosches,truncated_normal_beta_mean0.05_std0.02,2,truncated_normal_beta_mean0.05_std0.02,beta_control,pca_cosine_knn,0.3,1.0,1.0,0.9500118028682966,0.0499881962016742,truncated_normal,0.0999999999999999,0.1,0.05,0.02,0.5,anchor,local_mix,0.0,none,0.6494320617231033,0.7591059174775686,0.5406979034914068,0.638030783972509,0.6158839531745872,0.7591059174775686,0.7774267164185241,0.7416287320380219,15,,fixed,kmeans_known_k,True,stage2,results/experiments/neighbormix_beta_mechanism_20260617/stage2/Tosches/truncated_normal_beta_mean0.05_std0.02/seed2,negative,0.5255762145236066,0.6595203145919436,0.015121688967800195,-0.021489530619434594,2.0
Tosches,uniform_beta_0.1,0,uniform_beta_0.1,beta_control,pca_cosine_knn,0.3,1.0,1.0,0.9500035691385468,0.0499964313478105,uniform,0.0999999999999999,0.1,0.05,0.02,0.5,anchor,local_mix,0.0,none,0.672524646378054,0.771425359881691,0.550200140199793,0.6967238738538235,0.6241693639218251,0.7714253598816911,0.7842729381120225,0.7589919229587291,15,,fixed,kmeans_known_k,True,stage2,results/experiments/neighbormix_beta_mechanism_20260617/stage2/Tosches/uniform_beta_0.1/seed0,negative,0.5278987630197263,0.7135889686074948,0.02230137718006675,-0.01686509475367126,2.0
Tosches,uniform_beta_0.1,1,uniform_beta_0.1,beta_control,pca_cosine_knn,0.3,1.0,1.0,0.9500070058430234,0.0499929940366807,uniform,0.0999999999999999,0.1,0.05,0.02,0.5,anchor,local_mix,0.0,none,0.6268216888126875,0.7406748235864192,0.5283399566809455,0.7117287973173775,0.6073798143817299,0.7406748235864192,0.7810942282450176,0.704232780246053,15,,fixed,kmeans_known_k,True,stage2,results/experiments/neighbormix_beta_mechanism_20260617/stage2/Tosches/uniform_beta_0.1/seed1,negative,0.5220412382701718,0.6391057283098266,0.006298718410773674,0.07262306900755089,3.0
Tosches,uniform_beta_0.1,2,uniform_beta_0.1,beta_control,pca_cosine_knn,0.3,1.0,1.0,0.9500556997747884,0.0499443000997416,uniform,0.0999999999999999,0.1,0.05,0.02,0.5,anchor,local_mix,0.0,none,0.6470745820831547,0.7600094059673477,0.5411906133487621,0.6361913361415623,0.6163103443808743,0.7600094059673477,0.7783561988602303,0.7425076075402538,15,,fixed,kmeans_known_k,True,stage2,results/experiments/neighbormix_beta_mechanism_20260617/stage2/Tosches/uniform_beta_0.1/seed2,negative,0.5255762145236066,0.6595203145919436,0.015614398825155473,-0.023328978450381288,1.0
worm_neuron_cell,bernoulli_beta_0_or_0.1_p0.5,0,bernoulli_beta_0_or_0.1_p0.5,beta_control,pca_cosine_knn,0.3,1.0,1.0,0.949829941475764,0.0501699875865597,bernoulli,0.0999999999999999,0.1,0.05,0.02,0.5,anchor,local_mix,0.0,none,0.7018633540372671,0.6231324043461209,0.4265684229443064,0.6675649060309605,0.5313365762399456,0.6231324043461209,0.6000502981430168,0.6480613493670809,10,,fixed,kmeans_known_k,True,stage2,results/experiments/neighbormix_beta_mechanism_20260617/stage2/worm_neuron_cell/bernoulli_beta_0_or_0.1_p0.5/seed0,negative,0.5149462244397406,0.7470473079960098,-0.08837780149543417,-0.0794824019650493,3.0
worm_neuron_cell,bernoulli_beta_0_or_0.1_p0.5,1,bernoulli_beta_0_or_0.1_p0.5,beta_control,pca_cosine_knn,0.3,1.0,1.0,0.949974900111556,0.0500250290817348,bernoulli,0.0999999999999999,0.1,0.05,0.02,0.5,anchor,local_mix,0.0,none,0.6643573817486861,0.6205976822737752,0.398552302490102,0.7060665872132941,0.4952833709173571,0.6205976822737752,0.6014048023672594,0.6410559661505465,10,,fixed,kmeans_known_k,True,stage2,results/experiments/neighbormix_beta_mechanism_20260617/stage2/worm_neuron_cell/bernoulli_beta_0_or_0.1_p0.5/seed1,negative,0.5116519893983323,0.7256176500182898,-0.11309968690823036,-0.019551062804995745,3.0
worm_neuron_cell,bernoulli_beta_0_or_0.1_p0.5,2,bernoulli_beta_0_or_0.1_p0.5,beta_control,pca_cosine_knn,0.3,1.0,1.0,0.949993516970426,0.0500064132764237,bernoulli,0.0999999999999999,0.1,0.05,0.02,0.5,anchor,local_mix,0.0,none,0.7142857142857143,0.6300254487364382,0.501130529672596,0.7282595844786917,0.5774225336053241,0.6300254487364383,0.6174407546327557,0.6431338195824674,10,,fixed,kmeans_known_k,True,stage2,results/experiments/neighbormix_beta_mechanism_20260617/stage2/worm_neuron_cell/bernoulli_beta_0_or_0.1_p0.5/seed2,negative,0.5235360674895352,0.6823775970888761,-0.022405537816939214,0.045881987389815526,1.0
worm_neuron_cell,beta_distribution_mean0.05_lowvar,0,beta_distribution_mean0.05_lowvar,beta_control,pca_cosine_knn,0.3,1.0,1.0,0.9499722583685072,0.0500277409533737,beta_distribution,0.0999999999999999,0.1,0.05,0.02,0.5,anchor,local_mix,0.0,none,0.6586239847109412,0.600600466801796,0.4019879335347537,0.5757361476233618,0.5144571904104559,0.600600466801796,0.5649635815666493,0.6410358539755929,10,,fixed,kmeans_known_k,True,stage2,results/experiments/neighbormix_beta_mechanism_20260617/stage2/worm_neuron_cell/beta_distribution_mean0.05_lowvar/seed0,negative,0.5149462244397406,0.7470473079960098,-0.11295829090498688,-0.17131116037264804,5.0
worm_neuron_cell,beta_distribution_mean0.05_lowvar,1,beta_distribution_mean0.05_lowvar,beta_control,pca_cosine_knn,0.3,1.0,1.0,0.950041274074465,0.0499587246886221,beta_distribution,0.0999999999999999,0.1,0.05,0.02,0.5,anchor,local_mix,0.0,none,0.6330625895843287,0.6428981754351146,0.4135402017046631,0.6542689676190551,0.5170635052890015,0.6428981754351146,0.6057552120845142,0.6848936537624356,10,,fixed,kmeans_known_k,True,stage2,results/experiments/neighbormix_beta_mechanism_20260617/stage2/worm_neuron_cell/beta_distribution_mean0.05_lowvar/seed1,negative,0.5116519893983323,0.7256176500182898,-0.09811178769366924,-0.07134868239923475,2.0
worm_neuron_cell,beta_distribution_mean0.05_lowvar,2,beta_distribution_mean0.05_lowvar,beta_control,pca_cosine_knn,0.3,1.0,1.0,0.9499618880450724,0.0500381126446882,beta_distribution,0.0999999999999999,0.1,0.05,0.02,0.5,anchor,local_mix,0.0,none,0.6693741041567128,0.6543624119062018,0.4249944728410076,0.6917749513793771,0.5295891594051907,0.6543624119062019,0.6155652160636383,0.6983791149075337,10,,fixed,kmeans_known_k,True,stage2,results/experiments/neighbormix_beta_mechanism_20260617/stage2/worm_neuron_cell/beta_distribution_mean0.05_lowvar/seed2,negative,0.5235360674895352,0.6823775970888761,-0.09854159464852758,0.009397354290500926,2.0
worm_neuron_cell,fixed_beta_0.05,0,fixed_beta_0.05,beta_control,pca_cosine_knn,0.3,1.0,1.0,0.9499998688697816,0.0500000081956386,fixed,0.05,0.05,0.05,0.02,0.5,anchor,local_mix,0.0,none,0.7159579550883899,0.6431604095965684,0.513435442518769,0.6652614788857705,0.5890385117116929,0.6431604095965685,0.6362222936293815,0.6502515167079247,10,,fixed,kmeans_known_k,True,stage2,results/experiments/neighbormix_beta_mechanism_20260617/stage2/worm_neuron_cell/fixed_beta_0.05/seed0,negative,0.5149462244397406,0.7470473079960098,-0.0015107819209715379,-0.08178582911023935,1.0
worm_neuron_cell,fixed_beta_0.05,1,fixed_beta_0.05,beta_control,pca_cosine_knn,0.3,1.0,1.0,0.9499998688697816,0.0500000081956386,fixed,0.05,0.05,0.05,0.02,0.5,anchor,local_mix,0.0,none,0.6743908265647396,0.6239678915166925,0.4571665385412233,0.6328502210618283,0.5390345374210394,0.6239678915166925,0.6156160811935245,0.6325494296174367,10,,fixed,kmeans_known_k,True,stage2,results/experiments/neighbormix_beta_mechanism_20260617/stage2/worm_neuron_cell/fixed_beta_0.05/seed1,negative,0.5116519893983323,0.7256176500182898,-0.05448545085710904,-0.0927674289564615,1.0
worm_neuron_cell,fixed_beta_0.05,2,fixed_beta_0.05,beta_control,pca_cosine_knn,0.3,1.0,1.0,0.9499998688697816,0.0500000081956386,fixed,0.05,0.05,0.05,0.02,0.5,anchor,local_mix,0.0,none,0.626134734830387,0.6266504163113765,0.3881553294268426,0.608360919149779,0.5270858546447116,0.6266504163113766,0.5716336064587416,0.6933851934707107,10,,fixed,kmeans_known_k,True,stage2,results/experiments/neighbormix_beta_mechanism_20260617/stage2/worm_neuron_cell/fixed_beta_0.05/seed2,negative,0.5235360674895352,0.6823775970888761,-0.13538073806269257,-0.07401667793909716,4.0
worm_neuron_cell,truncated_normal_beta_mean0.05_std0.02,0,truncated_normal_beta_mean0.05_std0.02,beta_control,pca_cosine_knn,0.3,1.0,1.0,0.9499972810968756,0.0500027190748369,truncated_normal,0.0999999999999999,0.1,0.05,0.02,0.5,anchor,local_mix,0.0,none,0.7314859053989489,0.6495136269614742,0.4744430929551595,0.6761926275427231,0.57081189113252,0.6495136269614742,0.6237125474831808,0.6775414431319622,10,,fixed,kmeans_known_k,True,stage2,results/experiments/neighbormix_beta_mechanism_20260617/stage2/worm_neuron_cell/truncated_normal_beta_mean0.05_std0.02/seed0,negative,0.5149462244397406,0.7470473079960098,-0.04050313148458107,-0.07085468045328669,2.0
worm_neuron_cell,truncated_normal_beta_mean0.05_std0.02,1,truncated_normal_beta_mean0.05_std0.02,beta_control,pca_cosine_knn,0.3,1.0,1.0,0.9500283857341856,0.0499716121295932,truncated_normal,0.0999999999999999,0.1,0.05,0.02,0.5,anchor,local_mix,0.0,none,0.6194457716196846,0.5908685847221202,0.3796995626733729,0.5835164492061649,0.4840092845263547,0.5908685847221202,0.5711622253369796,0.6119833636171197,10,,fixed,kmeans_known_k,True,stage2,results/experiments/neighbormix_beta_mechanism_20260617/stage2/worm_neuron_cell/truncated_normal_beta_mean0.05_std0.02/seed1,negative,0.5116519893983323,0.7256176500182898,-0.13195242672495944,-0.14210120081212496,5.0
worm_neuron_cell,truncated_normal_beta_mean0.05_std0.02,2,truncated_normal_beta_mean0.05_std0.02,beta_control,pca_cosine_knn,0.3,1.0,1.0,0.9500123819801956,0.0499876176589168,truncated_normal,0.0999999999999999,0.1,0.05,0.02,0.5,anchor,local_mix,0.0,none,0.6557572861920689,0.6452027004276655,0.3651668824220654,0.6423132023411443,0.5338142738763176,0.6452027004276655,0.5623791299427624,0.7566350262176793,10,,fixed,kmeans_known_k,True,stage2,results/experiments/neighbormix_beta_mechanism_20260617/stage2/worm_neuron_cell/truncated_normal_beta_mean0.05_std0.02/seed2,negative,0.5235360674895352,0.6823775970888761,-0.15836918506746978,-0.040064394747731824,5.0
worm_neuron_cell,uniform_beta_0.1,0,uniform_beta_0.1,beta_control,pca_cosine_knn,0.3,1.0,1.0,0.9500518900342284,0.0499481094477232,uniform,0.0999999999999999,0.1,0.05,0.02,0.5,anchor,local_mix,0.0,none,0.6466794075489728,0.6065009770714143,0.4195163382719621,0.6052950525200739,0.5347943907250537,0.6065009770714141,0.5575706422179662,0.6648453423672226,10,,fixed,kmeans_known_k,True,stage2,results/experiments/neighbormix_beta_mechanism_20260617/stage2/worm_neuron_cell/uniform_beta_0.1/seed0,negative,0.5149462244397406,0.7470473079960098,-0.09542988616777848,-0.14175225547593595,4.0
worm_neuron_cell,uniform_beta_0.1,1,uniform_beta_0.1,beta_control,pca_cosine_knn,0.3,1.0,1.0,0.9500112829264252,0.0499887177109485,uniform,0.0999999999999999,0.1,0.05,0.02,0.5,anchor,local_mix,0.0,none,0.6605351170568562,0.6148989356436578,0.3933934934142766,0.5948123852702726,0.5264425400045541,0.6148989356436578,0.5669662662147346,0.6716847537427646,10,,fixed,kmeans_known_k,True,stage2,results/experiments/neighbormix_beta_mechanism_20260617/stage2/worm_neuron_cell/uniform_beta_0.1/seed1,negative,0.5116519893983323,0.7256176500182898,-0.11825849598405574,-0.13080526474801724,4.0
worm_neuron_cell,uniform_beta_0.1,2,uniform_beta_0.1,beta_control,pca_cosine_knn,0.3,1.0,1.0,0.9500038607046009,0.0499961404711939,uniform,0.0999999999999999,0.1,0.05,0.02,0.5,anchor,local_mix,0.0,none,0.6404682274247492,0.6231872409856692,0.4233153895660316,0.5865048252510348,0.5262569104267996,0.6231872409856692,0.5905629825034854,0.6596267651796187,10,,fixed,kmeans_known_k,True,stage2,results/experiments/neighbormix_beta_mechanism_20260617/stage2/worm_neuron_cell/uniform_beta_0.1/seed2,negative,0.5235360674895352,0.6823775970888761,-0.10022067792350359,-0.09587277183784138,3.0
Guo,anchor_target_local_mix,0,anchor_target_local_mix,beta_control,pca_cosine_knn,0.3,1.0,1.0,0.9499950680732728,0.050004931692034,truncated_normal,0.0999999999999999,0.1,0.05,0.02,0.5,anchor,local_mix,0.0,none,0.8725731895223421,0.8557757398540541,0.8451155982671587,0.8053877850930684,0.8673939840350033,0.8557757398540541,0.8657083369488805,0.8460684782391317,12,,fixed,kmeans_known_k,True,stage3,results/experiments/neighbormix_beta_mechanism_20260617/stage3/Guo/anchor_target_local_mix/seed0,neutral,0.8419856832113954,0.8353301520712294,0.0031299150557632105,-0.029942366978160995,2.0
Guo,anchor_target_local_mix,1,anchor_target_local_mix,beta_control,pca_cosine_knn,0.3,1.0,1.0,0.9500239998400212,0.0499759987276047,truncated_normal,0.0999999999999999,0.1,0.05,0.02,0.5,anchor,local_mix,0.0,none,0.8975346687211094,0.8712022350330049,0.8681662989139378,0.8270008056173581,0.8872213714537734,0.8712022350330049,0.8793482684253704,0.8632057414402607,12,,fixed,kmeans_known_k,True,stage3,results/experiments/neighbormix_beta_mechanism_20260617/stage3/Guo/anchor_target_local_mix/seed1,neutral,0.8386476962743222,0.8341045832709125,0.029518602639615588,-0.007103777653554411,1.0
Guo,anchor_target_local_mix,2,anchor_target_local_mix,beta_control,pca_cosine_knn,0.3,1.0,1.0,0.9499986237883568,0.0500013751816004,truncated_normal,0.0999999999999999,0.1,0.05,0.02,0.5,anchor,local_mix,0.0,none,0.8702619414483821,0.8528926275236677,0.8338649768105815,0.8462778972098359,0.8577224326035491,0.8528926275236677,0.8573499577157586,0.8484814046057206,12,,fixed,kmeans_known_k,True,stage3,results/experiments/neighbormix_beta_mechanism_20260617/stage3/Guo/anchor_target_local_mix/seed2,neutral,0.8312158272070158,0.7820204092535549,0.002649149603565659,0.06425748795628106,3.0
Guo,gaussian_noise_matched_anchor_target,0,gaussian_noise_matched_anchor_target,beta_control,pca_cosine_knn,0.3,1.0,1.0,0.9499914385974406,0.050008560847491,truncated_normal,0.0999999999999999,0.1,0.05,0.02,0.5,anchor,gaussian_matched,0.0,none,0.8724191063174114,0.8503820500015309,0.8359442001014544,0.7825106871002729,0.8602079782950105,0.8503820500015309,0.8496668049105369,0.8510985002862353,12,,fixed,kmeans_known_k,True,stage3,results/experiments/neighbormix_beta_mechanism_20260617/stage3/Guo/gaussian_noise_matched_anchor_target/seed0,neutral,0.8419856832113954,0.8353301520712294,-0.006041483109941015,-0.052819464970956465,4.0
Guo,gaussian_noise_matched_anchor_target,1,gaussian_noise_matched_anchor_target,beta_control,pca_cosine_knn,0.3,1.0,1.0,0.9500191421508788,0.0499808566197753,truncated_normal,0.0999999999999999,0.1,0.05,0.02,0.5,anchor,gaussian_matched,0.0,none,0.886748844375963,0.856082296182423,0.843963566973413,0.7985368912173089,0.8672655674659673,0.856082296182423,0.8538605076540684,0.8583156772890714,12,,fixed,kmeans_known_k,True,stage3,results/experiments/neighbormix_beta_mechanism_20260617/stage3/Guo/gaussian_noise_matched_anchor_target/seed1,neutral,0.8386476962743222,0.8341045832709125,0.005315870699090786,-0.03556769205360366,4.0
Guo,gaussian_noise_matched_anchor_target,2,gaussian_noise_matched_anchor_target,beta_control,pca_cosine_knn,0.3,1.0,1.0,0.950025436848402,0.0499745625387877,truncated_normal,0.0999999999999999,0.1,0.05,0.02,0.5,anchor,gaussian_matched,0.0,none,0.8687211093990755,0.849775828294044,0.8368274943853733,0.7822198923517852,0.8606621411059249,0.849775828294044,0.8506067068305947,0.8489465713893178,12,,fixed,kmeans_known_k,True,stage3,results/experiments/neighbormix_beta_mechanism_20260617/stage3/Guo/gaussian_noise_matched_anchor_target/seed2,neutral,0.8312158272070158,0.7820204092535549,0.005611667178357482,0.00019948309823036858,1.0
Guo,global_random_mix_anchor_target,0,global_random_mix_anchor_target,beta_control,global_random_excluding_self,0.3,1.0,1.0,0.9499950680732728,0.050004931692034,truncated_normal,0.0999999999999999,0.1,0.05,0.02,0.5,anchor,global_mix,0.0,none,0.8751926040061633,0.8500682585298103,0.8370483289017822,0.7882030209966886,0.8610011442434781,0.8500682585298102,0.8500826455860272,0.8500538719605667,12,,fixed,kmeans_known_k,True,stage3,results/experiments/neighbormix_beta_mechanism_20260617/stage3/Guo/global_random_mix_anchor_target/seed0,neutral,0.8419856832113954,0.8353301520712294,-0.004937354309613284,-0.04712713107454081,3.0
Guo,global_random_mix_anchor_target,1,global_random_mix_anchor_target,beta_control,global_random_excluding_self,0.3,1.0,1.0,0.9500239998400212,0.0499759987276047,truncated_normal,0.0999999999999999,0.1,0.05,0.02,0.5,anchor,global_mix,0.0,none,0.899537750385208,0.8712722141290521,0.8645036473063582,0.8296356964903332,0.884339699544126,0.8712722141290521,0.8768925313355017,0.8657234833375838,12,,fixed,kmeans_known_k,True,stage3,results/experiments/neighbormix_beta_mechanism_20260617/stage3/Guo/global_random_mix_anchor_target/seed1,neutral,0.8386476962743222,0.8341045832709125,0.025855951032035973,-0.004468886780579329,2.0
Guo,global_random_mix_anchor_target,2,global_random_mix_anchor_target,beta_control,global_random_excluding_self,0.3,1.0,1.0,0.9499986237883568,0.0500013751816004,truncated_normal,0.0999999999999999,0.1,0.05,0.02,0.5,anchor,global_mix,0.0,none,0.8650231124807396,0.847380802308022,0.8352556868928727,0.7793714299602553,0.8590779260867306,0.847380802308022,0.8499501991084559,0.8448268932452303,12,,fixed,kmeans_known_k,True,stage3,results/experiments/neighbormix_beta_mechanism_20260617/stage3/Guo/global_random_mix_anchor_target/seed2,neutral,0.8312158272070158,0.7820204092535549,0.00403985968585685,-0.002648979293299547,2.0
Guo,mixed_target_local_mix,0,mixed_target_local_mix,beta_control,pca_cosine_knn,0.3,1.0,1.0,0.9499950680732728,0.050004931692034,truncated_normal,0.0999999999999999,0.1,0.05,0.02,0.5,mixed,local_mix,0.0,none,0.8727272727272727,0.855810222601515,0.8451765758937229,0.8055767251516738,0.8674462202401528,0.8558102226015151,0.8657457232961729,0.8461001787771177,12,,fixed,kmeans_known_k,True,stage3,results/experiments/neighbormix_beta_mechanism_20260617/stage3/Guo/mixed_target_local_mix/seed0,neutral,0.8419856832113954,0.8353301520712294,0.0031908926823274175,-0.029753426919555626,1.0
Guo,mixed_target_local_mix,1,mixed_target_local_mix,beta_control,pca_cosine_knn,0.3,1.0,1.0,0.9500239998400212,0.0499759987276047,truncated_normal,0.0999999999999999,0.1,0.05,0.02,0.5,mixed,local_mix,0.0,none,0.8955315870570107,0.866081767424295,0.8642145660700594,0.8540782999401677,0.8839270896645108,0.8660817674242952,0.8692527392048407,0.8629338465120522,12,,fixed,kmeans_known_k,True,stage3,results/experiments/neighbormix_beta_mechanism_20260617/stage3/Guo/mixed_target_local_mix/seed1,neutral,0.8386476962743222,0.8341045832709125,0.02556686979573719,0.01997371666925518,3.0
Guo,mixed_target_local_mix,2,mixed_target_local_mix,beta_control,pca_cosine_knn,0.3,1.0,1.0,0.9499986237883568,0.0500013751816004,truncated_normal,0.0999999999999999,0.1,0.05,0.02,0.5,mixed,local_mix,0.0,none,0.8657935285053929,0.8488927427363823,0.8324363959729799,0.8277925214545184,0.8564864948763113,0.8488927427363824,0.856841151489097,0.8410904439845389,12,,fixed,kmeans_known_k,True,stage3,results/experiments/neighbormix_beta_mechanism_20260617/stage3/Guo/mixed_target_local_mix/seed2,neutral,0.8312158272070158,0.7820204092535549,0.001220568765964103,0.045772112200963555,4.0
Macosko,anchor_target_local_mix,0,anchor_target_local_mix,beta_control,pca_cosine_knn,0.3,1.0,1.0,0.9499906004156384,0.0500093987810292,truncated_normal,0.0999999999999999,0.1,0.05,0.02,0.5,anchor,local_mix,0.0,none,0.6890287448669881,0.6889166699784006,0.5597810625708065,0.6529369924747571,0.7361125687348063,0.6889166699784006,0.840129643524162,0.5838337890460962,12,,fixed,kmeans_known_k,True,stage3,results/experiments/neighbormix_beta_mechanism_20260617/stage3/Macosko/anchor_target_local_mix/seed0,negative,0.3878266965764106,0.4836887227059757,0.1719543659943959,0.16924826976878143,1.0
Macosko,anchor_target_local_mix,1,anchor_target_local_mix,beta_control,pca_cosine_knn,0.3,1.0,1.0,0.9500141540169714,0.0499858447177601,truncated_normal,0.0999999999999999,0.1,0.05,0.02,0.5,anchor,local_mix,0.0,none,0.690858775218711,0.6751679945071453,0.5508046173376637,0.679337225879182,0.7301794507222492,0.6751679945071453,0.8161938380042968,0.5756964335188682,12,,fixed,kmeans_known_k,True,stage3,results/experiments/neighbormix_beta_mechanism_20260617/stage3/Macosko/anchor_target_local_mix/seed1,negative,0.382798485100648,0.6174183150854969,0.16800613223701572,0.061918910793685056,2.0
Macosko,anchor_target_local_mix,2,anchor_target_local_mix,beta_control,pca_cosine_knn,0.3,1.0,1.0,0.9499948500224524,0.050005148884175,truncated_normal,0.0999999999999999,0.1,0.05,0.02,0.5,anchor,local_mix,0.0,none,0.676486341724692,0.6562407550721688,0.5273288453864444,0.65532592637478,0.714689346973699,0.656240755072169,0.776542976097358,0.5682130546220525,12,,fixed,kmeans_known_k,True,stage3,results/experiments/neighbormix_beta_mechanism_20260617/stage3/Macosko/anchor_target_local_mix/seed2,negative,0.3038171975678505,0.4604124327872176,0.2235116478185939,0.19491349358756244,3.0
Macosko,gaussian_noise_matched_anchor_target,0,gaussian_noise_matched_anchor_target,beta_control,pca_cosine_knn,0.3,1.0,1.0,0.9499939050163542,0.0500060937694673,truncated_normal,0.0999999999999999,0.1,0.05,0.02,0.5,anchor,gaussian_matched,0.0,none,0.715363327977147,0.6729914260211843,0.544148724769666,0.7446374570264047,0.7269577623526124,0.6729914260211844,0.7910334366831776,0.5856045525577993,12,,fixed,kmeans_known_k,True,stage3,results/experiments/neighbormix_beta_mechanism_20260617/stage3/Macosko/gaussian_noise_matched_anchor_target/seed0,negative,0.3878266965764106,0.4836887227059757,0.1563220281932554,0.26094873432042903,3.0
Macosko,gaussian_noise_matched_anchor_target,1,gaussian_noise_matched_anchor_target,beta_control,pca_cosine_knn,0.3,1.0,1.0,0.950002961273704,0.0499970377489392,truncated_normal,0.0999999999999999,0.1,0.05,0.02,0.5,anchor,gaussian_matched,0.0,none,0.7024415282985181,0.6719016580702944,0.5692491073523668,0.6813569017446995,0.7431349691924843,0.6719016580702944,0.8016201022062319,0.5783180326104138,12,,fixed,kmeans_known_k,True,stage3,results/experiments/neighbormix_beta_mechanism_20260617/stage3/Macosko/gaussian_noise_matched_anchor_target/seed1,negative,0.382798485100648,0.6174183150854969,0.18645062225171877,0.0639385866592026,1.0
Macosko,gaussian_noise_matched_anchor_target,2,gaussian_noise_matched_anchor_target,beta_control,pca_cosine_knn,0.3,1.0,1.0,0.9500000007408004,0.0499999983193618,truncated_normal,0.0999999999999999,0.1,0.05,0.02,0.5,anchor,gaussian_matched,0.0,none,0.8829673272629888,0.7816673575415697,0.8718883587272666,0.7370813062370681,0.93253093271152,0.7816673575415697,0.7931194441329651,0.7705412836968066,12,,fixed,kmeans_known_k,True,stage3,results/experiments/neighbormix_beta_mechanism_20260617/stage3/Macosko/gaussian_noise_matched_anchor_target/seed2,negative,0.3038171975678505,0.4604124327872176,0.568071161159416,0.2766688734498505,1.0
Macosko,global_random_mix_anchor_target,0,global_random_mix_anchor_target,beta_control,global_random_excluding_self,0.3,1.0,1.0,0.9499906004156384,0.0500093987810292,truncated_normal,0.0999999999999999,0.1,0.05,0.02,0.5,anchor,global_mix,0.0,none,0.5246607748616319,0.6021375178275368,0.3586460034738633,0.6472214248665807,0.5853705950470545,0.6021375178275367,0.7822545125204794,0.4894417456750551,12,,fixed,kmeans_known_k,True,stage3,results/experiments/neighbormix_beta_mechanism_20260617/stage3/Macosko/global_random_mix_anchor_target/seed0,negative,0.3878266965764106,0.4836887227059757,-0.02918069310254734,0.16353270216060506,4.0
Macosko,global_random_mix_anchor_target,1,global_random_mix_anchor_target,beta_control,global_random_excluding_self,0.3,1.0,1.0,0.9500141540169714,0.0499858447177601,truncated_normal,0.0999999999999999,0.1,0.05,0.02,0.5,anchor,global_mix,0.0,none,0.6110515979289413,0.672663913877433,0.4795538927471979,0.7382317511264046,0.6796618452742459,0.672663913877433,0.8140819347435785,0.5731068193426462,12,,fixed,kmeans_known_k,True,stage3,results/experiments/neighbormix_beta_mechanism_20260617/stage3/Macosko/global_random_mix_anchor_target/seed1,negative,0.382798485100648,0.6174183150854969,0.09675540764654988,0.12081343604090766,3.0
Macosko,global_random_mix_anchor_target,2,global_random_mix_anchor_target,beta_control,global_random_excluding_self,0.3,1.0,1.0,0.9499948500224524,0.050005148884175,truncated_normal,0.0999999999999999,0.1,0.05,0.02,0.5,anchor,global_mix,0.0,none,0.5293474379575076,0.6163770136765419,0.3607693566906538,0.6471369336676567,0.5867325184322181,0.616377013676542,0.8064037224235131,0.4988293238507179,12,,fixed,kmeans_known_k,True,stage3,results/experiments/neighbormix_beta_mechanism_20260617/stage3/Macosko/global_random_mix_anchor_target/seed2,negative,0.3038171975678505,0.4604124327872176,0.05695215912280327,0.18672450088043907,4.0
Macosko,mixed_target_local_mix,0,mixed_target_local_mix,beta_control,pca_cosine_knn,0.3,1.0,1.0,0.9499906004156384,0.0500093987810292,truncated_normal,0.0999999999999999,0.1,0.05,0.02,0.5,mixed,local_mix,0.0,none,0.6917961078378861,0.6847768246604616,0.559664633081978,0.6697167448856609,0.7360631812544953,0.6847768246604616,0.8322204908405777,0.581714969411853,12,,fixed,kmeans_known_k,True,stage3,results/experiments/neighbormix_beta_mechanism_20260617/stage3/Macosko/mixed_target_local_mix/seed0,negative,0.3878266965764106,0.4836887227059757,0.1718379365055674,0.18602802217968523,2.0
Macosko,mixed_target_local_mix,1,mixed_target_local_mix,beta_control,pca_cosine_knn,0.3,1.0,1.0,0.9500141540169714,0.0499858447177601,truncated_normal,0.0999999999999999,0.1,0.05,0.02,0.5,mixed,local_mix,0.0,none,0.5195500803427959,0.6128647866861026,0.3817817764681001,0.5653066462141391,0.6037703293635227,0.6128647866861026,0.807721722819452,0.4937509859570819,12,,fixed,kmeans_known_k,True,stage3,results/experiments/neighbormix_beta_mechanism_20260617/stage3/Macosko/mixed_target_local_mix/seed1,negative,0.382798485100648,0.6174183150854969,-0.0010167086325479358,-0.052111668871357875,4.0
Macosko,mixed_target_local_mix,2,mixed_target_local_mix,beta_control,pca_cosine_knn,0.3,1.0,1.0,0.9499948500224524,0.050005148884175,truncated_normal,0.0999999999999999,0.1,0.05,0.02,0.5,mixed,local_mix,0.0,none,0.6525620424924121,0.6742077102995611,0.5377936802964646,0.5432453123252622,0.7210133276008251,0.6742077102995611,0.8294202215410975,0.5679290255373081,12,,fixed,kmeans_known_k,True,stage3,results/experiments/neighbormix_beta_mechanism_20260617/stage3/Macosko/mixed_target_local_mix/seed2,negative,0.3038171975678505,0.4604124327872176,0.23397648272861404,0.08283287953804458,2.0
Melanoma_5K,anchor_target_local_mix,0,anchor_target_local_mix,beta_control,pca_cosine_knn,0.3,1.0,1.0,0.9499980870415182,0.0500019133748377,truncated_normal,0.0999999999999999,0.1,0.05,0.02,0.5,anchor,local_mix,0.0,none,0.7345446487923776,0.7306368471310641,0.6567315111663948,0.6550672647538958,0.7247761473376464,0.730636847131064,0.7597871040355368,0.7036407218970304,9,,fixed,kmeans_known_k,True,stage3,results/experiments/neighbormix_beta_mechanism_20260617/stage3/Melanoma_5K/anchor_target_local_mix/seed0,positive,0.6632890209426363,0.6493543351571583,-0.006557509776241477,0.005712929596737415,2.0
Melanoma_5K,anchor_target_local_mix,1,anchor_target_local_mix,beta_control,pca_cosine_knn,0.3,1.0,1.0,0.9500171209521152,0.049982877297546,truncated_normal,0.0999999999999999,0.1,0.05,0.02,0.5,anchor,local_mix,0.0,none,0.7367604697540439,0.733558457528846,0.6619387347706249,0.6545038458555835,0.728977038885434,0.7335584575288461,0.7632362014540507,0.706102312781264,9,,fixed,kmeans_known_k,True,stage3,results/experiments/neighbormix_beta_mechanism_20260617/stage3/Melanoma_5K/anchor_target_local_mix/seed1,positive,0.6606235067505558,0.653429330393209,0.0013152280200691147,0.0010745154623744702,2.0
Melanoma_5K,anchor_target_local_mix,2,anchor_target_local_mix,beta_control,pca_cosine_knn,0.3,1.0,1.0,0.9500066870275664,0.0499933122465496,truncated_normal,0.0999999999999999,0.1,0.05,0.02,0.5,anchor,local_mix,0.0,none,0.7354309771770441,0.7332710317434945,0.6608251761448788,0.6508344890564367,0.7280374527577141,0.7332710317434946,0.7636706008044242,0.7051990499265158,9,,fixed,kmeans_known_k,True,stage3,results/experiments/neighbormix_beta_mechanism_20260617/stage3/Melanoma_5K/anchor_target_local_mix/seed2,positive,0.6629823767529525,0.6492363677351997,-0.0021572006080736728,0.0015981213212370449,2.0
Melanoma_5K,gaussian_noise_matched_anchor_target,0,gaussian_noise_matched_anchor_target,beta_control,pca_cosine_knn,0.3,1.0,1.0,0.950003943460829,0.0499960566651733,truncated_normal,0.0999999999999999,0.1,0.05,0.02,0.5,anchor,gaussian_matched,0.0,none,0.730113006869045,0.7255503151945975,0.64451681169179,0.6544800969535545,0.7149018438754046,0.7255503151945975,0.7541401384176413,0.6990490232198314,9,,fixed,kmeans_known_k,True,stage3,results/experiments/neighbormix_beta_mechanism_20260617/stage3/Melanoma_5K/gaussian_noise_matched_anchor_target/seed0,positive,0.6632890209426363,0.6493543351571583,-0.018772209250846328,0.005125761796396122,4.0
Melanoma_5K,gaussian_noise_matched_anchor_target,1,gaussian_noise_matched_anchor_target,beta_control,pca_cosine_knn,0.3,1.0,1.0,0.9500174491282772,0.0499825502006227,truncated_normal,0.0999999999999999,0.1,0.05,0.02,0.5,anchor,gaussian_matched,0.0,none,0.7376467981387104,0.7283703677878641,0.6498111833831393,0.6573087241462439,0.7192992840297158,0.728370367787864,0.754817991123579,0.7037133692208892,9,,fixed,kmeans_known_k,True,stage3,results/experiments/neighbormix_beta_mechanism_20260617/stage3/Melanoma_5K/gaussian_noise_matched_anchor_target/seed1,positive,0.6606235067505558,0.653429330393209,-0.010812323367416554,0.00387939375303481,3.0
Melanoma_5K,gaussian_noise_matched_anchor_target,2,gaussian_noise_matched_anchor_target,beta_control,pca_cosine_knn,0.3,1.0,1.0,0.9499905017368931,0.0500094983452821,truncated_normal,0.0999999999999999,0.1,0.05,0.02,0.5,anchor,gaussian_matched,0.0,none,0.7287835142920452,0.7253841217334175,0.6392097214379324,0.6506963682403365,0.7106118664894643,0.7253841217334175,0.7542782067888263,0.6986220532467339,9,,fixed,kmeans_known_k,True,stage3,results/experiments/neighbormix_beta_mechanism_20260617/stage3/Melanoma_5K/gaussian_noise_matched_anchor_target/seed2,positive,0.6629823767529525,0.6492363677351997,-0.02377265531502004,0.001460000505136838,4.0
Melanoma_5K,global_random_mix_anchor_target,0,global_random_mix_anchor_target,beta_control,global_random_excluding_self,0.3,1.0,1.0,0.9499980870415182,0.0500019133748377,truncated_normal,0.0999999999999999,0.1,0.05,0.02,0.5,anchor,global_mix,0.0,none,0.730113006869045,0.7268981160005396,0.6460012648500766,0.6537499800077664,0.7160994885798129,0.7268981160005396,0.7557121273798859,0.7002006618925217,9,,fixed,kmeans_known_k,True,stage3,results/experiments/neighbormix_beta_mechanism_20260617/stage3/Melanoma_5K/global_random_mix_anchor_target/seed0,positive,0.6632890209426363,0.6493543351571583,-0.017287756092559725,0.00439564485060806,3.0
Melanoma_5K,global_random_mix_anchor_target,1,global_random_mix_anchor_target,beta_control,global_random_excluding_self,0.3,1.0,1.0,0.9500171209521152,0.049982877297546,truncated_normal,0.0999999999999999,0.1,0.05,0.02,0.5,anchor,global_mix,0.0,none,0.7321072457345447,0.7277441622843704,0.6488075199145329,0.6529523500931316,0.7183738639293277,0.7277441622843704,0.7567123861113496,0.7009120685363958,9,,fixed,kmeans_known_k,True,stage3,results/experiments/neighbormix_beta_mechanism_20260617/stage3/Melanoma_5K/global_random_mix_anchor_target/seed1,positive,0.6606235067505558,0.653429330393209,-0.011815986836022918,-0.0004769803000774786,4.0
Melanoma_5K,global_random_mix_anchor_target,2,global_random_mix_anchor_target,beta_control,global_random_excluding_self,0.3,1.0,1.0,0.9500066870275664,0.0499933122465496,truncated_normal,0.0999999999999999,0.1,0.05,0.02,0.5,anchor,global_mix,0.0,none,0.8366939951251939,0.7623271203230694,0.752185272899616,0.6805320769185996,0.8036992220311172,0.7623271203230695,0.7607056651443047,0.7639555025775452,9,,fixed,kmeans_known_k,True,stage3,results/experiments/neighbormix_beta_mechanism_20260617/stage3/Melanoma_5K/global_random_mix_anchor_target/seed2,positive,0.6629823767529525,0.6492363677351997,0.08920289614666355,0.03129570918339997,1.0
Melanoma_5K,mixed_target_local_mix,0,mixed_target_local_mix,beta_control,pca_cosine_knn,0.3,1.0,1.0,0.9499980870415182,0.0500019133748377,truncated_normal,0.0999999999999999,0.1,0.05,0.02,0.5,mixed,local_mix,0.0,none,0.7338799025038777,0.7321531648562973,0.6605630761495731,0.6548792379941001,0.7279287282436955,0.7321531648562974,0.7597473864419231,0.7064931508805659,9,,fixed,kmeans_known_k,True,stage3,results/experiments/neighbormix_beta_mechanism_20260617/stage3/Melanoma_5K/mixed_target_local_mix/seed0,positive,0.6632890209426363,0.6493543351571583,-0.0027259447930632064,0.005524902836941736,1.0
Melanoma_5K,mixed_target_local_mix,1,mixed_target_local_mix,beta_control,pca_cosine_knn,0.3,1.0,1.0,0.9500171209521152,0.049982877297546,truncated_normal,0.0999999999999999,0.1,0.05,0.02,0.5,mixed,local_mix,0.0,none,0.7367604697540439,0.7337513146059103,0.6621892864217934,0.6545701355542685,0.7291757865623076,0.7337513146059104,0.7634964658887822,0.706236943972182,9,,fixed,kmeans_known_k,True,stage3,results/experiments/neighbormix_beta_mechanism_20260617/stage3/Melanoma_5K/mixed_target_local_mix/seed1,positive,0.6606235067505558,0.653429330393209,0.0015657796712376104,0.0011408051610594105,1.0
Melanoma_5K,mixed_target_local_mix,2,mixed_target_local_mix,beta_control,pca_cosine_knn,0.3,1.0,1.0,0.9500066870275664,0.0499933122465496,truncated_normal,0.0999999999999999,0.1,0.05,0.02,0.5,mixed,local_mix,0.0,none,0.7354309771770441,0.7331090787629808,0.6607609774649625,0.6508762338502536,0.7279843141034601,0.7331090787629807,0.7635145691485732,0.7050325227190419,9,,fixed,kmeans_known_k,True,stage3,results/experiments/neighbormix_beta_mechanism_20260617/stage3/Melanoma_5K/mixed_target_local_mix/seed2,positive,0.6629823767529525,0.6492363677351997,-0.0022213992879899225,0.0016398661150539562,3.0
Shekhar,anchor_target_local_mix,0,anchor_target_local_mix,beta_control,pca_cosine_knn,0.3,1.0,1.0,0.9500022756723828,0.0499977238028525,truncated_normal,0.0999999999999999,0.1,0.05,0.02,0.5,anchor,local_mix,0.0,none,0.9608647036898994,0.937887122915754,0.9713241800766192,0.8893310329661125,0.977137740643081,0.937887122915754,0.9287715670836592,0.9471833840487688,18,,fixed,kmeans_known_k,True,stage3,results/experiments/neighbormix_beta_mechanism_20260617/stage3/Shekhar/anchor_target_local_mix/seed0,positive,0.6929122403288671,0.8934769037671914,0.27841193974775214,-0.004145870801078866,2.0
Shekhar,anchor_target_local_mix,1,anchor_target_local_mix,beta_control,pca_cosine_knn,0.3,1.0,1.0,0.950018012889016,0.0499819857842969,truncated_normal,0.0999999999999999,0.1,0.05,0.02,0.5,anchor,local_mix,0.0,none,0.9108833395452852,0.91780255471476,0.9514476762161592,0.816412409105015,0.961126513430552,0.9178025547147598,0.9209384156838892,0.9146879769352314,18,,fixed,kmeans_known_k,True,stage3,results/experiments/neighbormix_beta_mechanism_20260617/stage3/Shekhar/anchor_target_local_mix/seed1,positive,0.5458699179711232,0.8198057388396296,0.40557775824503606,-0.003393329734614592,2.0
Shekhar,anchor_target_local_mix,2,anchor_target_local_mix,beta_control,pca_cosine_knn,0.3,1.0,1.0,0.9499985417924248,0.0500014572874463,truncated_normal,0.0999999999999999,0.1,0.05,0.02,0.5,anchor,local_mix,0.0,none,0.9313827804696236,0.9266929528070916,0.954824979310369,0.8947592346934419,0.9638317247206548,0.9266929528070916,0.9327945174869136,0.9206706920933831,18,,fixed,kmeans_known_k,True,stage3,results/experiments/neighbormix_beta_mechanism_20260617/stage3/Shekhar/anchor_target_local_mix/seed2,positive,0.6770141511631166,0.8319132354007617,0.27781082814725244,0.0628459992926802,1.0
Shekhar,gaussian_noise_matched_anchor_target,0,gaussian_noise_matched_anchor_target,beta_control,pca_cosine_knn,0.3,1.0,1.0,0.949995470276246,0.0500045289737709,truncated_normal,0.0999999999999999,0.1,0.05,0.02,0.5,anchor,gaussian_matched,0.0,none,0.9603056280283264,0.9337459982672356,0.960512818587288,0.8839139470828958,0.9687426857141648,0.9337459982672356,0.922719472004805,0.9450392465263298,18,,fixed,kmeans_known_k,True,stage3,results/experiments/neighbormix_beta_mechanism_20260617/stage3/Shekhar/gaussian_noise_matched_anchor_target/seed0,positive,0.6929122403288671,0.8934769037671914,0.2676005782584209,-0.00956295668429552,3.0
Shekhar,gaussian_noise_matched_anchor_target,1,gaussian_noise_matched_anchor_target,beta_control,pca_cosine_knn,0.3,1.0,1.0,0.9500106513786776,0.0499893479026818,truncated_normal,0.0999999999999999,0.1,0.05,0.02,0.5,anchor,gaussian_matched,0.0,none,0.9580320536712637,0.9317923476344168,0.9607459872059152,0.8868034770070493,0.9689257884958896,0.9317923476344168,0.91960443010716,0.9443076679179424,18,,fixed,kmeans_known_k,True,stage3,results/experiments/neighbormix_beta_mechanism_20260617/stage3/Shekhar/gaussian_noise_matched_anchor_target/seed1,positive,0.5458699179711232,0.8198057388396296,0.41487606923479203,0.06699773816741972,1.0
Shekhar,gaussian_noise_matched_anchor_target,2,gaussian_noise_matched_anchor_target,beta_control,pca_cosine_knn,0.3,1.0,1.0,0.9500037100954124,0.0499962890681882,truncated_normal,0.0999999999999999,0.1,0.05,0.02,0.5,anchor,gaussian_matched,0.0,none,0.8957137532612747,0.9016787141748366,0.9187829071606184,0.7666441252824008,0.9357604651830532,0.9016787141748368,0.8907577029318383,0.9128708404729272,18,,fixed,kmeans_known_k,True,stage3,results/experiments/neighbormix_beta_mechanism_20260617/stage3/Shekhar/gaussian_noise_matched_anchor_target/seed2,positive,0.6770141511631166,0.8319132354007617,0.2417687559975018,-0.0652691101183609,2.0
Shekhar,global_random_mix_anchor_target,0,global_random_mix_anchor_target,beta_control,global_random_excluding_self,0.3,1.0,1.0,0.9500022756723828,0.0499977238028525,truncated_normal,0.0999999999999999,0.1,0.05,0.02,0.5,anchor,global_mix,0.0,none,0.9139768915393216,0.9142694936776868,0.9467431016848228,0.8105949017681172,0.9574570143082792,0.9142694936776864,0.9135576624843864,0.9149824350335802,18,,fixed,kmeans_known_k,True,stage3,results/experiments/neighbormix_beta_mechanism_20260617/stage3/Shekhar/global_random_mix_anchor_target/seed0,positive,0.6929122403288671,0.8934769037671914,0.2538308613559557,-0.08288200199907414,4.0
Shekhar,global_random_mix_anchor_target,1,global_random_mix_anchor_target,beta_control,global_random_excluding_self,0.3,1.0,1.0,0.950018012889016,0.0499819857842969,truncated_normal,0.0999999999999999,0.1,0.05,0.02,0.5,anchor,global_mix,0.0,none,0.9306000745434216,0.920998766802724,0.949138974722442,0.8968466880429212,0.9593479243760236,0.920998766802724,0.9231744824932008,0.9188332823496212,18,,fixed,kmeans_known_k,True,stage3,results/experiments/neighbormix_beta_mechanism_20260617/stage3/Shekhar/global_random_mix_anchor_target/seed1,positive,0.5458699179711232,0.8198057388396296,0.40326905675131886,0.07704094920329163,4.0
Shekhar,global_random_mix_anchor_target,2,global_random_mix_anchor_target,beta_control,global_random_excluding_self,0.3,1.0,1.0,0.9499985417924248,0.0500014572874463,truncated_normal,0.0999999999999999,0.1,0.05,0.02,0.5,anchor,global_mix,0.0,none,0.725232948192322,0.8590683319664311,0.6461392598004913,0.8192895971513633,0.7228100641034793,0.8590683319664311,0.9103328686458864,0.8132698098714682,18,,fixed,kmeans_known_k,True,stage3,results/experiments/neighbormix_beta_mechanism_20260617/stage3/Shekhar/global_random_mix_anchor_target/seed2,positive,0.6770141511631166,0.8319132354007617,-0.030874891362625334,-0.012623638249398383,4.0
Shekhar,mixed_target_local_mix,0,mixed_target_local_mix,beta_control,pca_cosine_knn,0.3,1.0,1.0,0.9500022756723828,0.0499977238028525,truncated_normal,0.0999999999999999,0.1,0.05,0.02,0.5,mixed,local_mix,0.0,none,0.9813641446142378,0.9471767396143818,0.9766348462293002,0.9667239971486676,0.9813330368611572,0.9471767396143818,0.945158651075906,0.9492034645778208,18,,fixed,kmeans_known_k,True,stage3,results/experiments/neighbormix_beta_mechanism_20260617/stage3/Shekhar/mixed_target_local_mix/seed0,positive,0.6929122403288671,0.8934769037671914,0.2837226059004331,0.07324709338147628,1.0
Shekhar,mixed_target_local_mix,1,mixed_target_local_mix,beta_control,pca_cosine_knn,0.3,1.0,1.0,0.950018012889016,0.0499819857842969,truncated_normal,0.0999999999999999,0.1,0.05,0.02,0.5,mixed,local_mix,0.0,none,0.9064852776742452,0.9172875033538124,0.9494363926038104,0.8154500594930689,0.9595279750642834,0.9172875033538124,0.9175483514087456,0.9170268035687108,18,,fixed,kmeans_known_k,True,stage3,results/experiments/neighbormix_beta_mechanism_20260617/stage3/Shekhar/mixed_target_local_mix/seed1,positive,0.5458699179711232,0.8198057388396296,0.40356647463268724,-0.00435567934656067,3.0
Shekhar,mixed_target_local_mix,2,mixed_target_local_mix,beta_control,pca_cosine_knn,0.3,1.0,1.0,0.9499985417924248,0.0500014572874463,truncated_normal,0.0999999999999999,0.1,0.05,0.02,0.5,mixed,local_mix,0.0,none,0.7585165859112933,0.8648156509916479,0.6640172030942811,0.8217925800356088,0.7376101783391067,0.8648156509916478,0.9173654180282966,0.8179601509551001,18,,fixed,kmeans_known_k,True,stage3,results/experiments/neighbormix_beta_mechanism_20260617/stage3/Shekhar/mixed_target_local_mix/seed2,positive,0.6770141511631166,0.8319132354007617,-0.012996948068835446,-0.01012065536515283,3.0
Tosches,anchor_target_local_mix,0,anchor_target_local_mix,beta_control,pca_cosine_knn,0.3,1.0,1.0,0.9499878038859204,0.0500121958062259,truncated_normal,0.0999999999999999,0.1,0.05,0.02,0.5,anchor,local_mix,0.0,none,0.6815795113587655,0.7544736002366558,0.5505166578362749,0.7384991455038422,0.6261004952328911,0.7544736002366557,0.7927598732925992,0.7197150222694986,15,,fixed,kmeans_known_k,True,stage3,results/experiments/neighbormix_beta_mechanism_20260617/stage3/Tosches/anchor_target_local_mix/seed0,negative,0.5278987630197263,0.7135889686074948,0.022617894816548634,0.024910176896347447,2.0
Tosches,anchor_target_local_mix,1,anchor_target_local_mix,beta_control,pca_cosine_knn,0.3,1.0,1.0,0.9500300768969788,0.0499699217176789,truncated_normal,0.0999999999999999,0.1,0.05,0.02,0.5,anchor,local_mix,0.0,none,0.6398949849978568,0.7599521117329502,0.5374675047649584,0.6631454297672721,0.6130752753372767,0.7599521117329503,0.779539936319551,0.7413245412904438,15,,fixed,kmeans_known_k,True,stage3,results/experiments/neighbormix_beta_mechanism_20260617/stage3/Tosches/anchor_target_local_mix/seed1,negative,0.5220412382701718,0.6391057283098266,0.015426266494786622,0.024039701457445495,3.0
Tosches,anchor_target_local_mix,2,anchor_target_local_mix,beta_control,pca_cosine_knn,0.3,1.0,1.0,0.9500118028682966,0.0499881962016742,truncated_normal,0.0999999999999999,0.1,0.05,0.02,0.5,anchor,local_mix,0.0,none,0.6494320617231033,0.7591059174775686,0.5406979034914068,0.638030783972509,0.6158839531745872,0.7591059174775686,0.7774267164185241,0.7416287320380219,15,,fixed,kmeans_known_k,True,stage3,results/experiments/neighbormix_beta_mechanism_20260617/stage3/Tosches/anchor_target_local_mix/seed2,negative,0.5255762145236066,0.6595203145919436,0.015121688967800195,-0.021489530619434594,2.0
Tosches,gaussian_noise_matched_anchor_target,0,gaussian_noise_matched_anchor_target,beta_control,pca_cosine_knn,0.3,1.0,1.0,0.949995918168376,0.0500040810050753,truncated_normal,0.0999999999999999,0.1,0.05,0.02,0.5,anchor,gaussian_matched,0.0,none,0.645145735105015,0.7490972131937707,0.5144203291976905,0.6332242859449715,0.5962828688875361,0.7490972131937709,0.7439257131992488,0.7543411172753769,15,,fixed,kmeans_known_k,True,stage3,results/experiments/neighbormix_beta_mechanism_20260617/stage3/Tosches/gaussian_noise_matched_anchor_target/seed0,negative,0.5278987630197263,0.7135889686074948,-0.01347843382203573,-0.08036468266252328,4.0
Tosches,gaussian_noise_matched_anchor_target,1,gaussian_noise_matched_anchor_target,beta_control,pca_cosine_knn,0.3,1.0,1.0,0.9500185816755724,0.0499814174920579,truncated_normal,0.0999999999999999,0.1,0.05,0.02,0.5,anchor,gaussian_matched,0.0,none,0.7775932276039434,0.7998859464899621,0.7487652795848513,0.6531834126261599,0.7951383536542402,0.799885946489962,0.7788708636016782,0.8220665115716672,15,,fixed,kmeans_known_k,True,stage3,results/experiments/neighbormix_beta_mechanism_20260617/stage3/Tosches/gaussian_noise_matched_anchor_target/seed1,negative,0.5220412382701718,0.6391057283098266,0.2267240413146795,0.014077684316333272,1.0
Tosches,gaussian_noise_matched_anchor_target,2,gaussian_noise_matched_anchor_target,beta_control,pca_cosine_knn,0.3,1.0,1.0,0.950007047317922,0.0499929519001549,truncated_normal,0.0999999999999999,0.1,0.05,0.02,0.5,anchor,gaussian_matched,0.0,none,0.6513073296185169,0.7615850338661753,0.5380828497103085,0.6947646558325048,0.6136598306721611,0.7615850338661754,0.7763671792660254,0.747355279312932,15,,fixed,kmeans_known_k,True,stage3,results/experiments/neighbormix_beta_mechanism_20260617/stage3/Tosches/gaussian_noise_matched_anchor_target/seed2,negative,0.5255762145236066,0.6595203145919436,0.01250663518670192,0.035244341240561194,3.0
Tosches,global_random_mix_anchor_target,0,global_random_mix_anchor_target,beta_control,global_random_excluding_self,0.3,1.0,1.0,0.9499878038859204,0.0500121958062259,truncated_normal,0.0999999999999999,0.1,0.05,0.02,0.5,anchor,global_mix,0.0,none,0.6514144877839692,0.762306199230332,0.5438150601530266,0.6363420370686566,0.6186452413361638,0.762306199230332,0.7788023277133199,0.7464943981286113,15,,fixed,kmeans_known_k,True,stage3,results/experiments/neighbormix_beta_mechanism_20260617/stage3/Tosches/global_random_mix_anchor_target/seed0,negative,0.5278987630197263,0.7135889686074948,0.01591629713330034,-0.07724693153883821,3.0
Tosches,global_random_mix_anchor_target,1,global_random_mix_anchor_target,beta_control,global_random_excluding_self,0.3,1.0,1.0,0.9500300768969788,0.0499699217176789,truncated_normal,0.0999999999999999,0.1,0.05,0.02,0.5,anchor,global_mix,0.0,none,0.6450921560222889,0.7611162814369412,0.5397224258585162,0.6372611694382535,0.6150607410780972,0.7611162814369412,0.7790004409178981,0.7440348559031084,15,,fixed,kmeans_known_k,True,stage3,results/experiments/neighbormix_beta_mechanism_20260617/stage3/Tosches/global_random_mix_anchor_target/seed1,negative,0.5220412382701718,0.6391057283098266,0.01768118758834436,-0.0018445588715730876,2.0
Tosches,global_random_mix_anchor_target,2,global_random_mix_anchor_target,beta_control,global_random_excluding_self,0.3,1.0,1.0,0.9500118028682966,0.0499881962016742,truncated_normal,0.0999999999999999,0.1,0.05,0.02,0.5,anchor,global_mix,0.0,none,0.6499142734676382,0.7608178144513703,0.5415519051993345,0.6388395916130754,0.6166422341358142,0.7608178144513703,0.778600793124285,0.7438290115054865,15,,fixed,kmeans_known_k,True,stage3,results/experiments/neighbormix_beta_mechanism_20260617/stage3/Tosches/global_random_mix_anchor_target/seed2,negative,0.5255762145236066,0.6595203145919436,0.015975690675727905,-0.02068072297886825,1.0
Tosches,mixed_target_local_mix,0,mixed_target_local_mix,beta_control,pca_cosine_knn,0.3,1.0,1.0,0.9499878038859204,0.0500121958062259,truncated_normal,0.0999999999999999,0.1,0.05,0.02,0.5,mixed,local_mix,0.0,none,0.784076296613802,0.8062883912338136,0.7498524492676473,0.6983321441437269,0.7964095171725657,0.8062883912338136,0.7837267702826634,0.8301875057378162,15,,fixed,kmeans_known_k,True,stage3,results/experiments/neighbormix_beta_mechanism_20260617/stage3/Tosches/mixed_target_local_mix/seed0,negative,0.5278987630197263,0.7135889686074948,0.221953686247921,-0.01525682446376786,1.0
Tosches,mixed_target_local_mix,1,mixed_target_local_mix,beta_control,pca_cosine_knn,0.3,1.0,1.0,0.9500300768969788,0.0499699217176789,truncated_normal,0.0999999999999999,0.1,0.05,0.02,0.5,mixed,local_mix,0.0,none,0.6255357908272611,0.7375968138320915,0.5263551341362349,0.6682177637421809,0.6057827703168421,0.7375968138320914,0.7790895462182056,0.7003002404071333,15,,fixed,kmeans_known_k,True,stage3,results/experiments/neighbormix_beta_mechanism_20260617/stage3/Tosches/mixed_target_local_mix/seed1,negative,0.5220412382701718,0.6391057283098266,0.004313895866063122,0.0291120354323543,4.0
Tosches,mixed_target_local_mix,2,mixed_target_local_mix,beta_control,pca_cosine_knn,0.3,1.0,1.0,0.9500118028682966,0.0499881962016742,truncated_normal,0.0999999999999999,0.1,0.05,0.02,0.5,mixed,local_mix,0.0,none,0.6353943420488641,0.7381958434426473,0.5298184557006214,0.7094045516101318,0.6087107041733492,0.7381958434426473,0.7789815908943273,0.7014685089512801,15,,fixed,kmeans_known_k,True,stage3,results/experiments/neighbormix_beta_mechanism_20260617/stage3/Tosches/mixed_target_local_mix/seed2,negative,0.5255762145236066,0.6595203145919436,0.004242241177014772,0.04988423701818823,4.0
worm_neuron_cell,anchor_target_local_mix,0,anchor_target_local_mix,beta_control,pca_cosine_knn,0.3,1.0,1.0,0.9499972810968756,0.0500027190748369,truncated_normal,0.0999999999999999,0.1,0.05,0.02,0.5,anchor,local_mix,0.0,none,0.7314859053989489,0.6495136269614742,0.4744430929551595,0.6761926275427231,0.57081189113252,0.6495136269614742,0.6237125474831808,0.6775414431319622,10,,fixed,kmeans_known_k,True,stage3,results/experiments/neighbormix_beta_mechanism_20260617/stage3/worm_neuron_cell/anchor_target_local_mix/seed0,negative,0.5149462244397406,0.7470473079960098,-0.04050313148458107,-0.07085468045328669,1.0
worm_neuron_cell,anchor_target_local_mix,1,anchor_target_local_mix,beta_control,pca_cosine_knn,0.3,1.0,1.0,0.9500283857341856,0.0499716121295932,truncated_normal,0.0999999999999999,0.1,0.05,0.02,0.5,anchor,local_mix,0.0,none,0.6194457716196846,0.5908685847221202,0.3796995626733729,0.5835164492061649,0.4840092845263547,0.5908685847221202,0.5711622253369796,0.6119833636171197,10,,fixed,kmeans_known_k,True,stage3,results/experiments/neighbormix_beta_mechanism_20260617/stage3/worm_neuron_cell/anchor_target_local_mix/seed1,negative,0.5116519893983323,0.7256176500182898,-0.13195242672495944,-0.14210120081212496,2.0
worm_neuron_cell,anchor_target_local_mix,2,anchor_target_local_mix,beta_control,pca_cosine_knn,0.3,1.0,1.0,0.9500123819801956,0.0499876176589168,truncated_normal,0.0999999999999999,0.1,0.05,0.02,0.5,anchor,local_mix,0.0,none,0.6557572861920689,0.6452027004276655,0.3651668824220654,0.6423132023411443,0.5338142738763176,0.6452027004276655,0.5623791299427624,0.7566350262176793,10,,fixed,kmeans_known_k,True,stage3,results/experiments/neighbormix_beta_mechanism_20260617/stage3/worm_neuron_cell/anchor_target_local_mix/seed2,negative,0.5235360674895352,0.6823775970888761,-0.15836918506746978,-0.040064394747731824,3.0
worm_neuron_cell,gaussian_noise_matched_anchor_target,0,gaussian_noise_matched_anchor_target,beta_control,pca_cosine_knn,0.3,1.0,1.0,0.9499929616227746,0.050007038086187,truncated_normal,0.0999999999999999,0.1,0.05,0.02,0.5,anchor,gaussian_matched,0.0,none,0.55303392259914,0.5333639534912634,0.3094016316603121,0.4621340833613593,0.4558861102544964,0.5333639534912634,0.4747595258806594,0.6084741451780185,10,,fixed,kmeans_known_k,True,stage3,results/experiments/neighbormix_beta_mechanism_20260617/stage3/worm_neuron_cell/gaussian_noise_matched_anchor_target/seed0,negative,0.5149462244397406,0.7470473079960098,-0.2055445927794285,-0.2849132246346505,4.0
worm_neuron_cell,gaussian_noise_matched_anchor_target,1,gaussian_noise_matched_anchor_target,beta_control,pca_cosine_knn,0.3,1.0,1.0,0.9500304055400192,0.0499695933249313,truncated_normal,0.0999999999999999,0.1,0.05,0.02,0.5,anchor,gaussian_matched,0.0,none,0.540133779264214,0.5431934808219617,0.2586148584791264,0.4690100073833801,0.4293373240856104,0.5431934808219618,0.4778815663217236,0.6291838245612567,10,,fixed,kmeans_known_k,True,stage3,results/experiments/neighbormix_beta_mechanism_20260617/stage3/worm_neuron_cell/gaussian_noise_matched_anchor_target/seed1,negative,0.5116519893983323,0.7256176500182898,-0.25303713091920593,-0.2566076426349097,4.0
worm_neuron_cell,gaussian_noise_matched_anchor_target,2,gaussian_noise_matched_anchor_target,beta_control,pca_cosine_knn,0.3,1.0,1.0,0.9499824119266124,0.0500175883295014,truncated_normal,0.0999999999999999,0.1,0.05,0.02,0.5,anchor,gaussian_matched,0.0,none,0.5955566172957477,0.5416732475445285,0.2456884199375862,0.5549855926640697,0.456348993903075,0.5416732475445284,0.4530306638872662,0.6734429698967503,10,,fixed,kmeans_known_k,True,stage3,results/experiments/neighbormix_beta_mechanism_20260617/stage3/worm_neuron_cell/gaussian_noise_matched_anchor_target/seed2,negative,0.5235360674895352,0.6823775970888761,-0.277847647551949,-0.12739200442480647,4.0
worm_neuron_cell,global_random_mix_anchor_target,0,global_random_mix_anchor_target,beta_control,global_random_excluding_self,0.3,1.0,1.0,0.9499972810968756,0.0500027190748369,truncated_normal,0.0999999999999999,0.1,0.05,0.02,0.5,anchor,global_mix,0.0,none,0.554945054945055,0.5566105238896751,0.330804061521665,0.5106361035513924,0.4687931526569979,0.5566105238896751,0.5037219242043742,0.6219081617917313,10,,fixed,kmeans_known_k,True,stage3,results/experiments/neighbormix_beta_mechanism_20260617/stage3/worm_neuron_cell/global_random_mix_anchor_target/seed0,negative,0.5149462244397406,0.7470473079960098,-0.18414216291807556,-0.23641120444461738,3.0
worm_neuron_cell,global_random_mix_anchor_target,1,global_random_mix_anchor_target,beta_control,global_random_excluding_self,0.3,1.0,1.0,0.9500283857341856,0.0499716121295932,truncated_normal,0.0999999999999999,0.1,0.05,0.02,0.5,anchor,global_mix,0.0,none,0.5721452460582895,0.6004810502874836,0.3377832542918436,0.6129814396980434,0.4582915335832666,0.6004810502874837,0.5615949836135556,0.645152846388881,10,,fixed,kmeans_known_k,True,stage3,results/experiments/neighbormix_beta_mechanism_20260617/stage3/worm_neuron_cell/global_random_mix_anchor_target/seed1,negative,0.5116519893983323,0.7256176500182898,-0.17386873510648876,-0.1126362103202464,3.0
worm_neuron_cell,global_random_mix_anchor_target,2,global_random_mix_anchor_target,beta_control,global_random_excluding_self,0.3,1.0,1.0,0.9500123819801956,0.0499876176589168,truncated_normal,0.0999999999999999,0.1,0.05,0.02,0.5,anchor,global_mix,0.0,none,0.6982799808886765,0.649178055137434,0.4884255629130597,0.6960972109442294,0.5788086990591745,0.6491780551374339,0.6209751225133958,0.680064667671437,10,,fixed,kmeans_known_k,True,stage3,results/experiments/neighbormix_beta_mechanism_20260617/stage3/worm_neuron_cell/global_random_mix_anchor_target/seed2,negative,0.5235360674895352,0.6823775970888761,-0.035110504576475465,0.013719613855353252,1.0
worm_neuron_cell,mixed_target_local_mix,0,mixed_target_local_mix,beta_control,pca_cosine_knn,0.3,1.0,1.0,0.9499972810968756,0.0500027190748369,truncated_normal,0.0999999999999999,0.1,0.05,0.02,0.5,mixed,local_mix,0.0,none,0.7150023889154324,0.644660094232668,0.4654628566847659,0.7035871439067687,0.5702230979768546,0.644660094232668,0.6055156244358704,0.6892154664143122,10,,fixed,kmeans_known_k,True,stage3,results/experiments/neighbormix_beta_mechanism_20260617/stage3/worm_neuron_cell/mixed_target_local_mix/seed0,negative,0.5149462244397406,0.7470473079960098,-0.049483367754974694,-0.04346016408924114,2.0
worm_neuron_cell,mixed_target_local_mix,1,mixed_target_local_mix,beta_control,pca_cosine_knn,0.3,1.0,1.0,0.9500283857341856,0.0499716121295932,truncated_normal,0.0999999999999999,0.1,0.05,0.02,0.5,mixed,local_mix,0.0,none,0.670090778786431,0.6053742053261054,0.4272017566602041,0.6409727628736699,0.5134926440659,0.6053742053261052,0.5974357352389936,0.6135264823672076,10,,fixed,kmeans_known_k,True,stage3,results/experiments/neighbormix_beta_mechanism_20260617/stage3/worm_neuron_cell/mixed_target_local_mix/seed1,negative,0.5116519893983323,0.7256176500182898,-0.08445023273812824,-0.08464488714461993,1.0
worm_neuron_cell,mixed_target_local_mix,2,mixed_target_local_mix,beta_control,pca_cosine_knn,0.3,1.0,1.0,0.9500123819801956,0.0499876176589168,truncated_normal,0.0999999999999999,0.1,0.05,0.02,0.5,mixed,local_mix,0.0,none,0.619684663162924,0.6237649263163526,0.3735711295273689,0.6098025336164619,0.4830640547873278,0.6237649263163527,0.6027867932230634,0.6462558662763586,10,,fixed,kmeans_known_k,True,stage3,results/experiments/neighbormix_beta_mechanism_20260617/stage3/worm_neuron_cell/mixed_target_local_mix/seed2,negative,0.5235360674895352,0.6823775970888761,-0.1499649379621663,-0.07257506347241427,2.0
Macosko,fixed_beta_0.05_bad0,0,fixed_beta_0.05_bad0,beta_control,pca_cosine_knn,0.3,1.0,1.0,0.9499998688697816,0.0500000081956386,fixed,0.05,0.05,0.05,0.02,0.5,anchor,local_mix,0.0,none,0.5576459560792716,0.621260082606654,0.3792751091819349,0.5566871465234807,0.6017083073342447,0.6212600826066541,0.8162237865154001,0.5014769880345077,12,,fixed,kmeans_known_k,True,stage4,results/experiments/neighbormix_beta_mechanism_20260617/stage4/Macosko/fixed_beta_0.05_bad0/seed0,negative,0.3878266965764106,0.4836887227059757,-0.008551587394475701,0.07299842381750504,9.0
Macosko,fixed_beta_0.05_bad0,1,fixed_beta_0.05_bad0,beta_control,pca_cosine_knn,0.3,1.0,1.0,0.9499998688697816,0.0500000081956386,fixed,0.05,0.05,0.05,0.02,0.5,anchor,local_mix,0.0,none,0.5135913229780397,0.6116448653837354,0.3821678938220423,0.5340096335511161,0.6040186389271903,0.6116448653837353,0.8076574929671149,0.4921931503660651,12,,fixed,kmeans_known_k,True,stage4,results/experiments/neighbormix_beta_mechanism_20260617/stage4/Macosko/fixed_beta_0.05_bad0/seed1,negative,0.382798485100648,0.6174183150854969,-0.0006305912786057077,-0.08340868153438086,8.0
Macosko,fixed_beta_0.05_bad0,2,fixed_beta_0.05_bad0,beta_control,pca_cosine_knn,0.3,1.0,1.0,0.9499998688697816,0.0500000081956386,fixed,0.05,0.05,0.05,0.02,0.5,anchor,local_mix,0.0,none,0.5676218532404927,0.6198483685148465,0.3880619270126847,0.6518629878583705,0.6089579045379935,0.6198483685148466,0.8042606284870664,0.504231120573468,12,,fixed,kmeans_known_k,True,stage4,results/experiments/neighbormix_beta_mechanism_20260617/stage4/Macosko/fixed_beta_0.05_bad0/seed2,negative,0.3038171975678505,0.4604124327872176,0.08424472944483419,0.19145055507115288,5.0
Macosko,fixed_beta_0.05_bad0.1,0,fixed_beta_0.05_bad0.1,beta_control,pca_cosine_knn_bad_edge_injected_0.1,0.3,1.0,1.0,0.9499998688697816,0.0500000081956386,fixed,0.05,0.05,0.05,0.02,0.5,anchor,local_mix,0.1,none,0.6668898410998036,0.6834898440495345,0.5422149720900267,0.6510459004244892,0.7239035067316693,0.6834898440495345,0.8362963357980766,0.5778975008610858,12,,fixed,kmeans_known_k,True,stage4,results/experiments/neighbormix_beta_mechanism_20260617/stage4/Macosko/fixed_beta_0.05_bad0.1/seed0,negative,0.3878266965764106,0.4836887227059757,0.15438827551361606,0.1673571777185135,7.0
Macosko,fixed_beta_0.05_bad0.1,1,fixed_beta_0.05_bad0.1,beta_control,pca_cosine_knn_bad_edge_injected_0.1,0.3,1.0,1.0,0.9499998688697816,0.0500000081956386,fixed,0.05,0.05,0.05,0.02,0.5,anchor,local_mix,0.1,none,0.5128325299053741,0.6029133864809262,0.3782095379361099,0.486205549626929,0.6007913390761548,0.6029133864809262,0.8000111281944653,0.4837359621188135,12,,fixed,kmeans_known_k,True,stage4,results/experiments/neighbormix_beta_mechanism_20260617/stage4/Macosko/fixed_beta_0.05_bad0.1/seed1,negative,0.382798485100648,0.6174183150854969,-0.004588947164538115,-0.13121276545856791,11.0
Macosko,fixed_beta_0.05_bad0.1,2,fixed_beta_0.05_bad0.1,beta_control,pca_cosine_knn_bad_edge_injected_0.1,0.3,1.0,1.0,0.9499998688697816,0.0500000081956386,fixed,0.05,0.05,0.05,0.02,0.5,anchor,local_mix,0.1,none,0.4690680235672201,0.5668722515343179,0.294578557494974,0.558458950273866,0.5288550579513484,0.5668722515343179,0.7740278705162393,0.4471894670122009,12,,fixed,kmeans_known_k,True,stage4,results/experiments/neighbormix_beta_mechanism_20260617/stage4/Macosko/fixed_beta_0.05_bad0.1/seed2,negative,0.3038171975678505,0.4604124327872176,-0.009238640072876503,0.09804651748664844,12.0
Macosko,fixed_beta_0.05_bad0.2,0,fixed_beta_0.05_bad0.2,beta_control,pca_cosine_knn_bad_edge_injected_0.2,0.3,1.0,1.0,0.9499998688697816,0.0500000081956386,fixed,0.05,0.05,0.05,0.02,0.5,anchor,local_mix,0.2,none,0.6694786645241921,0.6775186297567869,0.5478130090754971,0.563626094741748,0.7277942653295262,0.6775186297567869,0.8354569596423981,0.5698010253165481,12,,fixed,kmeans_known_k,True,stage4,results/experiments/neighbormix_beta_mechanism_20260617/stage4/Macosko/fixed_beta_0.05_bad0.2/seed0,negative,0.3878266965764106,0.4836887227059757,0.1599863124990865,0.07993737203577228,4.0
Macosko,fixed_beta_0.05_bad0.2,1,fixed_beta_0.05_bad0.2,beta_control,pca_cosine_knn_bad_edge_injected_0.2,0.3,1.0,1.0,0.9499998688697816,0.0500000081956386,fixed,0.05,0.05,0.05,0.02,0.5,anchor,local_mix,0.2,none,0.5590073201214069,0.6241380922742942,0.3852520744075065,0.637909583583825,0.6066231952853051,0.6241380922742943,0.8104825495331467,0.5074632096046101,12,,fixed,kmeans_known_k,True,stage4,results/experiments/neighbormix_beta_mechanism_20260617/stage4/Macosko/fixed_beta_0.05_bad0.2/seed1,negative,0.382798485100648,0.6174183150854969,0.0024535893068584613,0.020491268498328052,7.0
Macosko,fixed_beta_0.05_bad0.2,2,fixed_beta_0.05_bad0.2,beta_control,pca_cosine_knn_bad_edge_injected_0.2,0.3,1.0,1.0,0.9499998688697816,0.0500000081956386,fixed,0.05,0.05,0.05,0.02,0.5,anchor,local_mix,0.2,none,0.5385645420460632,0.6168720525053876,0.383930042822336,0.5774977597940001,0.6054541208759116,0.6168720525053877,0.8179703088329828,0.4951413874872679,12,,fixed,kmeans_known_k,True,stage4,results/experiments/neighbormix_beta_mechanism_20260617/stage4/Macosko/fixed_beta_0.05_bad0.2/seed2,negative,0.3038171975678505,0.4604124327872176,0.08011284525448548,0.11708532700678248,7.0
Macosko,fixed_beta_0.05_bad0.4,0,fixed_beta_0.05_bad0.4,beta_control,pca_cosine_knn_bad_edge_injected_0.4,0.3,1.0,1.0,0.9499998688697816,0.0500000081956386,fixed,0.05,0.05,0.05,0.02,0.5,anchor,local_mix,0.4,none,0.5665282985181218,0.6257635428448304,0.381942706950958,0.6561339393028899,0.6038887549319485,0.6257635428448303,0.8163532800045046,0.5073217769038116,12,,fixed,kmeans_known_k,True,stage4,results/experiments/neighbormix_beta_mechanism_20260617/stage4/Macosko/fixed_beta_0.05_bad0.4/seed0,negative,0.3878266965764106,0.4836887227059757,-0.0058839896254526125,0.1724452165969142,8.0
Macosko,fixed_beta_0.05_bad0.4,1,fixed_beta_0.05_bad0.4,beta_control,pca_cosine_knn_bad_edge_injected_0.4,0.3,1.0,1.0,0.9499998688697816,0.0500000081956386,fixed,0.05,0.05,0.05,0.02,0.5,anchor,local_mix,0.4,none,0.5200187466523835,0.61537369027841,0.3858668181253565,0.5294565772740112,0.6069786604725604,0.6153736902784099,0.8200747767718933,0.4924515299163308,12,,fixed,kmeans_known_k,True,stage4,results/experiments/neighbormix_beta_mechanism_20260617/stage4/Macosko/fixed_beta_0.05_bad0.4/seed1,negative,0.382798485100648,0.6174183150854969,0.0030683330247084917,-0.08796173781148575,6.0
Macosko,fixed_beta_0.05_bad0.4,2,fixed_beta_0.05_bad0.4,beta_control,pca_cosine_knn_bad_edge_injected_0.4,0.3,1.0,1.0,0.9499998688697816,0.0500000081956386,fixed,0.05,0.05,0.05,0.02,0.5,anchor,local_mix,0.4,none,0.5597214783074451,0.6233688137431644,0.3873911455765955,0.6541308598831869,0.6084762456536074,0.6233688137431644,0.8105812283954328,0.5064083764293754,12,,fixed,kmeans_known_k,True,stage4,results/experiments/neighbormix_beta_mechanism_20260617/stage4/Macosko/fixed_beta_0.05_bad0.4/seed2,negative,0.3038171975678505,0.4604124327872176,0.08357394800874496,0.19371842709596926,6.0
Macosko,fixed_beta_0.1_bad0,0,fixed_beta_0.1_bad0,beta_control,pca_cosine_knn,0.3,1.0,1.0,0.8999998569488525,0.1000000163912773,fixed,0.1,0.1,0.05,0.02,0.5,anchor,local_mix,0.0,none,0.5230762363863596,0.6128796636932126,0.3769024644167392,0.5623962687799303,0.599693249477332,0.6128796636932125,0.8131298423927428,0.4917708401310606,12,,fixed,kmeans_known_k,True,stage4,results/experiments/neighbormix_beta_mechanism_20260617/stage4/Macosko/fixed_beta_0.1_bad0/seed0,negative,0.3878266965764106,0.4836887227059757,-0.010924232159671421,0.07870754607395464,10.0
Macosko,fixed_beta_0.1_bad0,1,fixed_beta_0.1_bad0,beta_control,pca_cosine_knn,0.3,1.0,1.0,0.8999998569488525,0.1000000163912773,fixed,0.1,0.1,0.05,0.02,0.5,anchor,local_mix,0.0,none,0.6615113372612034,0.6749428595859188,0.5359461830707533,0.5516889325728304,0.7196223460363959,0.6749428595859189,0.8312615155421125,0.5681098512868232,12,,fixed,kmeans_known_k,True,stage4,results/experiments/neighbormix_beta_mechanism_20260617/stage4/Macosko/fixed_beta_0.1_bad0/seed1,negative,0.382798485100648,0.6174183150854969,0.15314769797010525,-0.06572938251266658,4.0
Macosko,fixed_beta_0.1_bad0,2,fixed_beta_0.1_bad0,beta_control,pca_cosine_knn,0.3,1.0,1.0,0.8999998569488525,0.1000000163912773,fixed,0.1,0.1,0.05,0.02,0.5,anchor,local_mix,0.0,none,0.508391358685949,0.6177578343749399,0.3788974501177174,0.556128500779326,0.6013942453175729,0.6177578343749399,0.8199020934888751,0.495575313568977,12,,fixed,kmeans_known_k,True,stage4,results/experiments/neighbormix_beta_mechanism_20260617/stage4/Macosko/fixed_beta_0.1_bad0/seed2,negative,0.3038171975678505,0.4604124327872176,0.07508025254986689,0.09571606799210836,8.0
Macosko,fixed_beta_0.1_bad0.1,0,fixed_beta_0.1_bad0.1,beta_control,pca_cosine_knn_bad_edge_injected_0.1,0.3,1.0,1.0,0.8999998569488525,0.1000000163912773,fixed,0.1,0.1,0.05,0.02,0.5,anchor,local_mix,0.1,none,0.5177646848777004,0.618070151160114,0.3665437402226893,0.5601359661909192,0.591136598903443,0.6180701511601141,0.8284653367448582,0.492895518605865,12,,fixed,kmeans_known_k,True,stage4,results/experiments/neighbormix_beta_mechanism_20260617/stage4/Macosko/fixed_beta_0.1_bad0.1/seed0,negative,0.3878266965764106,0.4836887227059757,-0.021282956353721294,0.07644724348494353,12.0
Macosko,fixed_beta_0.1_bad0.1,1,fixed_beta_0.1_bad0.1,beta_control,pca_cosine_knn_bad_edge_injected_0.1,0.3,1.0,1.0,0.8999998569488525,0.1000000163912773,fixed,0.1,0.1,0.05,0.02,0.5,anchor,local_mix,0.1,none,0.6631181931797894,0.668554260656391,0.5389249214137706,0.5868373447262084,0.72175741214152,0.6685542606563909,0.8177075508557752,0.5654193901357338,12,,fixed,kmeans_known_k,True,stage4,results/experiments/neighbormix_beta_mechanism_20260617/stage4/Macosko/fixed_beta_0.1_bad0.1/seed1,negative,0.382798485100648,0.6174183150854969,0.15612643631312256,-0.03058097035928853,3.0
Macosko,fixed_beta_0.1_bad0.1,2,fixed_beta_0.1_bad0.1,beta_control,pca_cosine_knn_bad_edge_injected_0.1,0.3,1.0,1.0,0.8999998569488525,0.1000000163912773,fixed,0.1,0.1,0.05,0.02,0.5,anchor,local_mix,0.1,none,0.512185324049277,0.6156153266694834,0.3754757740117565,0.5723168943267634,0.5985707635234888,0.6156153266694835,0.8180428473482839,0.4934976364610932,12,,fixed,kmeans_known_k,True,stage4,results/experiments/neighbormix_beta_mechanism_20260617/stage4/Macosko/fixed_beta_0.1_bad0.1/seed2,negative,0.3038171975678505,0.4604124327872176,0.071658576443906,0.11190446153954575,10.0
Macosko,fixed_beta_0.1_bad0.2,0,fixed_beta_0.1_bad0.2,beta_control,pca_cosine_knn_bad_edge_injected_0.2,0.3,1.0,1.0,0.8999998569488525,0.1000000163912773,fixed,0.1,0.1,0.05,0.02,0.5,anchor,local_mix,0.2,none,0.6693224424209963,0.6864763849558445,0.5451760400130813,0.6428933301443128,0.7259816394988611,0.6864763849558445,0.8410939181239756,0.5798779471430501,12,,fixed,kmeans_known_k,True,stage4,results/experiments/neighbormix_beta_mechanism_20260617/stage4/Macosko/fixed_beta_0.1_bad0.2/seed0,negative,0.3878266965764106,0.4836887227059757,0.15734934343667067,0.15920460743833714,5.0
Macosko,fixed_beta_0.1_bad0.2,1,fixed_beta_0.1_bad0.2,beta_control,pca_cosine_knn_bad_edge_injected_0.2,0.3,1.0,1.0,0.8999998569488525,0.1000000163912773,fixed,0.1,0.1,0.05,0.02,0.5,anchor,local_mix,0.2,none,0.5205320478485984,0.6164716611386754,0.3628987821792756,0.5627021739984456,0.5881166442814463,0.6164716611386754,0.8263798598820445,0.4916005358864959,12,,fixed,kmeans_known_k,True,stage4,results/experiments/neighbormix_beta_mechanism_20260617/stage4/Macosko/fixed_beta_0.1_bad0.2/seed1,negative,0.382798485100648,0.6174183150854969,-0.019899702921372386,-0.05471614108705136,12.0
Macosko,fixed_beta_0.1_bad0.2,2,fixed_beta_0.1_bad0.2,beta_control,pca_cosine_knn_bad_edge_injected_0.2,0.3,1.0,1.0,0.8999998569488525,0.1000000163912773,fixed,0.1,0.1,0.05,0.02,0.5,anchor,local_mix,0.2,none,0.6659301910373148,0.6785072063771478,0.5302888513941606,0.6649128414726613,0.7157054497392661,0.6785072063771477,0.8305457633540899,0.5735195178688643,12,,fixed,kmeans_known_k,True,stage4,results/experiments/neighbormix_beta_mechanism_20260617/stage4/Macosko/fixed_beta_0.1_bad0.2/seed2,negative,0.3038171975678505,0.4604124327872176,0.22647165382631007,0.20450040868544367,3.0
Macosko,fixed_beta_0.1_bad0.4,0,fixed_beta_0.1_bad0.4,beta_control,pca_cosine_knn_bad_edge_injected_0.4,0.3,1.0,1.0,0.8999998569488525,0.1000000163912773,fixed,0.1,0.1,0.05,0.02,0.5,anchor,local_mix,0.4,none,0.6517362970898054,0.6697717498881326,0.5423122004782871,0.4796526307267332,0.7240529167629854,0.6697717498881327,0.8280171379625945,0.5623071675033238,12,,fixed,kmeans_known_k,True,stage4,results/experiments/neighbormix_beta_mechanism_20260617/stage4/Macosko/fixed_beta_0.1_bad0.4/seed0,negative,0.3878266965764106,0.4836887227059757,0.1544855039018765,-0.004036091979242484,6.0
Macosko,fixed_beta_0.1_bad0.4,1,fixed_beta_0.1_bad0.4,beta_control,pca_cosine_knn_bad_edge_injected_0.4,0.3,1.0,1.0,0.8999998569488525,0.1000000163912773,fixed,0.1,0.1,0.05,0.02,0.5,anchor,local_mix,0.4,none,0.5156668452062132,0.6215810766407556,0.3783943898891008,0.5465334017496325,0.6009018065117978,0.6215810766407556,0.8293259831250416,0.4970666351180744,12,,fixed,kmeans_known_k,True,stage4,results/experiments/neighbormix_beta_mechanism_20260617/stage4/Macosko/fixed_beta_0.1_bad0.4/seed1,negative,0.382798485100648,0.6174183150854969,-0.004404095211547221,-0.07088491333586444,10.0
Macosko,fixed_beta_0.1_bad0.4,2,fixed_beta_0.1_bad0.4,beta_control,pca_cosine_knn_bad_edge_injected_0.4,0.3,1.0,1.0,0.8999998569488525,0.1000000163912773,fixed,0.1,0.1,0.05,0.02,0.5,anchor,local_mix,0.4,none,0.5164702731655062,0.6157323828212219,0.3772276923860634,0.5718802334372848,0.6000005635094936,0.615732382821222,0.8179100025731115,0.4936964862585126,12,,fixed,kmeans_known_k,True,stage4,results/experiments/neighbormix_beta_mechanism_20260617/stage4/Macosko/fixed_beta_0.1_bad0.4/seed2,negative,0.3038171975678505,0.4604124327872176,0.07341049481821288,0.11146780065006717,9.0
Macosko,random_beta_uniform_0.1_bad0,0,random_beta_uniform_0.1_bad0,beta_control,pca_cosine_knn,0.3,1.0,1.0,0.950003647702081,0.0499963524591709,uniform,0.0999999999999999,0.1,0.05,0.02,0.5,anchor,local_mix,0.0,none,0.5642742367434387,0.6194858127555044,0.3768237487651865,0.6529239886708077,0.5998319046925275,0.6194858127555045,0.80790574424964,0.5023318768059518,12,,fixed,kmeans_known_k,True,stage4,results/experiments/neighbormix_beta_mechanism_20260617/stage4/Macosko/random_beta_uniform_0.1_bad0/seed0,negative,0.3878266965764106,0.4836887227059757,-0.011002947811224129,0.16923526596483202,11.0
Macosko,random_beta_uniform_0.1_bad0,1,random_beta_uniform_0.1_bad0,beta_control,pca_cosine_knn,0.3,1.0,1.0,0.9500080565001284,0.0499919434211083,uniform,0.0999999999999999,0.1,0.05,0.02,0.5,anchor,local_mix,0.0,none,0.686194429566149,0.6852154288053748,0.5580397388951099,0.6337488684502359,0.7349595784459397,0.6852154288053749,0.8339429168370701,0.5815078489476153,12,,fixed,kmeans_known_k,True,stage4,results/experiments/neighbormix_beta_mechanism_20260617/stage4/Macosko/random_beta_uniform_0.1_bad0/seed1,negative,0.382798485100648,0.6174183150854969,0.17524125379446193,0.016330553364738987,1.0
Macosko,random_beta_uniform_0.1_bad0,2,random_beta_uniform_0.1_bad0,beta_control,pca_cosine_knn,0.3,1.0,1.0,0.9500379283470768,0.0499620717074722,uniform,0.0999999999999999,0.1,0.05,0.02,0.5,anchor,local_mix,0.0,none,0.6612212104981253,0.6684275645049572,0.5350112968845268,0.6340047564295133,0.7192299265935613,0.6684275645049571,0.8083079351190795,0.5698185699768625,12,,fixed,kmeans_known_k,True,stage4,results/experiments/neighbormix_beta_mechanism_20260617/stage4/Macosko/random_beta_uniform_0.1_bad0/seed2,negative,0.3038171975678505,0.4604124327872176,0.23119409931667623,0.17359232364229565,1.0
Macosko,random_beta_uniform_0.1_bad0.1,0,random_beta_uniform_0.1_bad0.1,beta_control,pca_cosine_knn_bad_edge_injected_0.1,0.3,1.0,1.0,0.950003647702081,0.0499963524591709,uniform,0.0999999999999999,0.1,0.05,0.02,0.5,anchor,local_mix,0.1,none,0.7044277807534369,0.667008018814481,0.5491416791926154,0.6638916952880928,0.7295308455138797,0.667008018814481,0.7877023970866326,0.5783858216456753,12,,fixed,kmeans_known_k,True,stage4,results/experiments/neighbormix_beta_mechanism_20260617/stage4/Macosko/random_beta_uniform_0.1_bad0.1/seed0,negative,0.3878266965764106,0.4836887227059757,0.16131498261620475,0.1802029725821171,3.0
Macosko,random_beta_uniform_0.1_bad0.1,1,random_beta_uniform_0.1_bad0.1,beta_control,pca_cosine_knn_bad_edge_injected_0.1,0.3,1.0,1.0,0.9500080565001284,0.0499919434211083,uniform,0.0999999999999999,0.1,0.05,0.02,0.5,anchor,local_mix,0.1,none,0.6618460989109087,0.6667852294004718,0.556252155628113,0.5420173155541307,0.7338376616350774,0.6667852294004718,0.8094475268535941,0.5668754182572622,12,,fixed,kmeans_known_k,True,stage4,results/experiments/neighbormix_beta_mechanism_20260617/stage4/Macosko/random_beta_uniform_0.1_bad0.1/seed1,negative,0.382798485100648,0.6174183150854969,0.17345367052746502,-0.07540099953136625,2.0
Macosko,random_beta_uniform_0.1_bad0.1,2,random_beta_uniform_0.1_bad0.1,beta_control,pca_cosine_knn_bad_edge_injected_0.1,0.3,1.0,1.0,0.9500379283470768,0.0499620717074722,uniform,0.0999999999999999,0.1,0.05,0.02,0.5,anchor,local_mix,0.1,none,0.6987145152651312,0.6780344584806896,0.5295028133183619,0.7462485928224853,0.7160236312560346,0.6780344584806896,0.8049862539727126,0.5856702804550962,12,,fixed,kmeans_known_k,True,stage4,results/experiments/neighbormix_beta_mechanism_20260617/stage4/Macosko/random_beta_uniform_0.1_bad0.1/seed2,negative,0.3038171975678505,0.4604124327872176,0.22568561575051138,0.28583616003526774,4.0
Macosko,random_beta_uniform_0.1_bad0.2,0,random_beta_uniform_0.1_bad0.2,beta_control,pca_cosine_knn_bad_edge_injected_0.2,0.3,1.0,1.0,0.950003647702081,0.0499963524591709,uniform,0.0999999999999999,0.1,0.05,0.02,0.5,anchor,local_mix,0.2,none,0.6909926798785931,0.685061960078933,0.5640160095029139,0.6524516421446332,0.7390425513102319,0.6850619600789329,0.8317056659646962,0.5823787801456455,12,,fixed,kmeans_known_k,True,stage4,results/experiments/neighbormix_beta_mechanism_20260617/stage4/Macosko/random_beta_uniform_0.1_bad0.2/seed0,negative,0.3878266965764106,0.4836887227059757,0.17618931292650325,0.16876291943865757,1.0
Macosko,random_beta_uniform_0.1_bad0.2,1,random_beta_uniform_0.1_bad0.2,beta_control,pca_cosine_knn_bad_edge_injected_0.2,0.3,1.0,1.0,0.9500080565001284,0.0499919434211083,uniform,0.0999999999999999,0.1,0.05,0.02,0.5,anchor,local_mix,0.2,none,0.540550794500982,0.6165523388811484,0.3818019633717402,0.6334822380972568,0.6041634820944147,0.6165523388811485,0.7963087003896079,0.5030053946833035,12,,fixed,kmeans_known_k,True,stage4,results/experiments/neighbormix_beta_mechanism_20260617/stage4/Macosko/random_beta_uniform_0.1_bad0.2/seed1,negative,0.382798485100648,0.6174183150854969,-0.0009965217289077954,0.01606392301175985,9.0
Macosko,random_beta_uniform_0.1_bad0.2,2,random_beta_uniform_0.1_bad0.2,beta_control,pca_cosine_knn_bad_edge_injected_0.2,0.3,1.0,1.0,0.9500379283470768,0.0499620717074722,uniform,0.0999999999999999,0.1,0.05,0.02,0.5,anchor,local_mix,0.2,none,0.5488082485270488,0.597904577570281,0.3715498095854983,0.652118572005925,0.5961298886372168,0.597904577570281,0.7679874576317849,0.4894976399784009,12,,fixed,kmeans_known_k,True,stage4,results/experiments/neighbormix_beta_mechanism_20260617/stage4/Macosko/random_beta_uniform_0.1_bad0.2/seed2,negative,0.3038171975678505,0.4604124327872176,0.0677326120176478,0.19170613921870744,11.0
Macosko,random_beta_uniform_0.1_bad0.4,0,random_beta_uniform_0.1_bad0.4,beta_control,pca_cosine_knn_bad_edge_injected_0.4,0.3,1.0,1.0,0.950003647702081,0.0499963524591709,uniform,0.0999999999999999,0.1,0.05,0.02,0.5,anchor,local_mix,0.4,none,0.6870424924120693,0.6811582125376456,0.557529042997847,0.6523097237954812,0.7346654600293477,0.6811582125376455,0.8268580323416437,0.57911325078468,12,,fixed,kmeans_known_k,True,stage4,results/experiments/neighbormix_beta_mechanism_20260617/stage4/Macosko/random_beta_uniform_0.1_bad0.4/seed0,negative,0.3878266965764106,0.4836887227059757,0.1697023464214364,0.16862100108950556,2.0
Macosko,random_beta_uniform_0.1_bad0.4,1,random_beta_uniform_0.1_bad0.4,beta_control,pca_cosine_knn_bad_edge_injected_0.4,0.3,1.0,1.0,0.9500080565001284,0.0499919434211083,uniform,0.0999999999999999,0.1,0.05,0.02,0.5,anchor,local_mix,0.4,none,0.5112926263167291,0.6213454759235131,0.3878735253184062,0.5560020141381489,0.6086548015661288,0.6213454759235132,0.8212712185791989,0.4997010131652788,12,,fixed,kmeans_known_k,True,stage4,results/experiments/neighbormix_beta_mechanism_20260617/stage4/Macosko/random_beta_uniform_0.1_bad0.4/seed1,negative,0.382798485100648,0.6174183150854969,0.0050750402177581755,-0.06141630094734807,5.0
Macosko,random_beta_uniform_0.1_bad0.4,2,random_beta_uniform_0.1_bad0.4,beta_control,pca_cosine_knn_bad_edge_injected_0.4,0.3,1.0,1.0,0.9500379283470768,0.0499620717074722,uniform,0.0999999999999999,0.1,0.05,0.02,0.5,anchor,local_mix,0.4,none,0.6992947687912873,0.6705826375579604,0.530835692885681,0.7505725753083552,0.7171735439414908,0.6705826375579603,0.7910049570368445,0.5819819135092941,12,,fixed,kmeans_known_k,True,stage4,results/experiments/neighbormix_beta_mechanism_20260617/stage4/Macosko/random_beta_uniform_0.1_bad0.4/seed2,negative,0.3038171975678505,0.4604124327872176,0.22701849531783047,0.2901601425211376,2.0
Tosches,fixed_beta_0.05_bad0,0,fixed_beta_0.05_bad0,beta_control,pca_cosine_knn,0.3,1.0,1.0,0.9499998688697816,0.0500000081956386,fixed,0.05,0.05,0.05,0.02,0.5,anchor,local_mix,0.0,none,0.663201885983712,0.7463825210587574,0.5370788741964889,0.6907624053857718,0.614922380465111,0.7463825210587574,0.7874245999847101,0.7094068754256415,15,,fixed,kmeans_known_k,True,stage4,results/experiments/neighbormix_beta_mechanism_20260617/stage4/Tosches/fixed_beta_0.05_bad0/seed0,negative,0.5278987630197263,0.7135889686074948,0.009180111176762651,-0.02282656322172294,10.0
Tosches,fixed_beta_0.05_bad0,1,fixed_beta_0.05_bad0,beta_control,pca_cosine_knn,0.3,1.0,1.0,0.9499998688697816,0.0500000081956386,fixed,0.05,0.05,0.05,0.02,0.5,anchor,local_mix,0.0,none,0.6377518216888127,0.738418956169582,0.5315622630043562,0.6994878033087902,0.6138357268413597,0.7384189561695821,0.7959111885312132,0.6886730175325897,15,,fixed,kmeans_known_k,True,stage4,results/experiments/neighbormix_beta_mechanism_20260617/stage4/Tosches/fixed_beta_0.05_bad0/seed1,negative,0.5220412382701718,0.6391057283098266,0.009521024734184369,0.06038207499896364,3.0
Tosches,fixed_beta_0.05_bad0,2,fixed_beta_0.05_bad0,beta_control,pca_cosine_knn,0.3,1.0,1.0,0.9499998688697816,0.0500000081956386,fixed,0.05,0.05,0.05,0.02,0.5,anchor,local_mix,0.0,none,0.6424132018859837,0.757495030724133,0.5372238871891293,0.6353138003261232,0.6128696083935464,0.7574950307241332,0.7773823584782562,0.7385998535861182,15,,fixed,kmeans_known_k,True,stage4,results/experiments/neighbormix_beta_mechanism_20260617/stage4/Tosches/fixed_beta_0.05_bad0/seed2,negative,0.5255762145236066,0.6595203145919436,0.01164767266552269,-0.024206514265820434,6.0
Tosches,fixed_beta_0.05_bad0.1,0,fixed_beta_0.05_bad0.1,beta_control,pca_cosine_knn_bad_edge_injected_0.1,0.3,1.0,1.0,0.9499998688697816,0.0500000081956386,fixed,0.05,0.05,0.05,0.02,0.5,anchor,local_mix,0.1,none,0.6660415773681955,0.7475473801538479,0.5385923921252048,0.6928082048687835,0.6162133451365385,0.747547380153848,0.78845972641489,0.7106713889419528,15,,fixed,kmeans_known_k,True,stage4,results/experiments/neighbormix_beta_mechanism_20260617/stage4/Tosches/fixed_beta_0.05_bad0.1/seed0,negative,0.5278987630197263,0.7135889686074948,0.010693629105478553,-0.020780763738711294,9.0
Tosches,fixed_beta_0.05_bad0.1,1,fixed_beta_0.05_bad0.1,beta_control,pca_cosine_knn_bad_edge_injected_0.1,0.3,1.0,1.0,0.9499998688697816,0.0500000081956386,fixed,0.05,0.05,0.05,0.02,0.5,anchor,local_mix,0.1,none,0.6149271324474925,0.7373166538350922,0.5202532975695765,0.6559913005564837,0.600710108292477,0.7373166538350922,0.7806473787633469,0.6985432143841973,15,,fixed,kmeans_known_k,True,stage4,results/experiments/neighbormix_beta_mechanism_20260617/stage4/Tosches/fixed_beta_0.05_bad0.1/seed1,negative,0.5220412382701718,0.6391057283098266,-0.0017879407005952919,0.0168855722466571,10.0
Tosches,fixed_beta_0.05_bad0.1,2,fixed_beta_0.05_bad0.1,beta_control,pca_cosine_knn_bad_edge_injected_0.1,0.3,1.0,1.0,0.9499998688697816,0.0500000081956386,fixed,0.05,0.05,0.05,0.02,0.5,anchor,local_mix,0.1,none,0.6421453064723532,0.7581070665892037,0.5369324194337847,0.6356194915999677,0.6126249229140873,0.7581070665892038,0.7779118352669551,0.7392856768719496,15,,fixed,kmeans_known_k,True,stage4,results/experiments/neighbormix_beta_mechanism_20260617/stage4/Tosches/fixed_beta_0.05_bad0.1/seed2,negative,0.5255762145236066,0.6595203145919436,0.01135620491017808,-0.023900822991975934,7.0
Tosches,fixed_beta_0.05_bad0.2,0,fixed_beta_0.05_bad0.2,beta_control,pca_cosine_knn_bad_edge_injected_0.2,0.3,1.0,1.0,0.9499998688697816,0.0500000081956386,fixed,0.05,0.05,0.05,0.02,0.5,anchor,local_mix,0.2,none,0.6463780540077154,0.7617907366058324,0.5404356375499112,0.6363127774312004,0.6156727942620175,0.7617907366058323,0.7807240066729617,0.7437540224154812,15,,fixed,kmeans_known_k,True,stage4,results/experiments/neighbormix_beta_mechanism_20260617/stage4/Tosches/fixed_beta_0.05_bad0.2/seed0,negative,0.5278987630197263,0.7135889686074948,0.012536874530184927,-0.07727619117629436,7.0
Tosches,fixed_beta_0.05_bad0.2,1,fixed_beta_0.05_bad0.2,beta_control,pca_cosine_knn_bad_edge_injected_0.2,0.3,1.0,1.0,0.9499998688697816,0.0500000081956386,fixed,0.05,0.05,0.05,0.02,0.5,anchor,local_mix,0.2,none,0.6090334333476211,0.738685825827259,0.5181847494109566,0.6570353277238886,0.598641770809796,0.7386858258272588,0.7817243003370425,0.7001390920812924,15,,fixed,kmeans_known_k,True,stage4,results/experiments/neighbormix_beta_mechanism_20260617/stage4/Tosches/fixed_beta_0.05_bad0.2/seed1,negative,0.5220412382701718,0.6391057283098266,-0.0038564888592151902,0.017929599414062025,11.0
Tosches,fixed_beta_0.05_bad0.2,2,fixed_beta_0.05_bad0.2,beta_control,pca_cosine_knn_bad_edge_injected_0.2,0.3,1.0,1.0,0.9499998688697816,0.0500000081956386,fixed,0.05,0.05,0.05,0.02,0.5,anchor,local_mix,0.2,none,0.6289112730390056,0.7351328894882544,0.5239663255648512,0.6677385846781689,0.603824274444119,0.7351328894882544,0.7772943772354888,0.6973098685823005,15,,fixed,kmeans_known_k,True,stage4,results/experiments/neighbormix_beta_mechanism_20260617/stage4/Tosches/fixed_beta_0.05_bad0.2/seed2,negative,0.5255762145236066,0.6595203145919436,-0.0016098889587553566,0.008218270086225332,9.0
Tosches,fixed_beta_0.05_bad0.4,0,fixed_beta_0.05_bad0.4,beta_control,pca_cosine_knn_bad_edge_injected_0.4,0.3,1.0,1.0,0.9499998688697816,0.0500000081956386,fixed,0.05,0.05,0.05,0.02,0.5,anchor,local_mix,0.4,none,0.6668988426918131,0.7490211484049082,0.5391747442776607,0.694186568920282,0.6167019606508836,0.7490211484049082,0.7898995757123218,0.7121655667025865,15,,fixed,kmeans_known_k,True,stage4,results/experiments/neighbormix_beta_mechanism_20260617/stage4/Tosches/fixed_beta_0.05_bad0.4/seed0,negative,0.5278987630197263,0.7135889686074948,0.011275981257934387,-0.0194023996872128,8.0
Tosches,fixed_beta_0.05_bad0.4,1,fixed_beta_0.05_bad0.4,beta_control,pca_cosine_knn_bad_edge_injected_0.4,0.3,1.0,1.0,0.9499998688697816,0.0500000081956386,fixed,0.05,0.05,0.05,0.02,0.5,anchor,local_mix,0.4,none,0.607908272610373,0.7358943249969077,0.5215465114088194,0.6406383092530973,0.6018127906885443,0.7358943249969075,0.7806888037848619,0.6959613506688148,15,,fixed,kmeans_known_k,True,stage4,results/experiments/neighbormix_beta_mechanism_20260617/stage4/Tosches/fixed_beta_0.05_bad0.4/seed1,negative,0.5220412382701718,0.6391057283098266,-0.0004947268613524347,0.0015325809432706894,9.0
Tosches,fixed_beta_0.05_bad0.4,2,fixed_beta_0.05_bad0.4,beta_control,pca_cosine_knn_bad_edge_injected_0.4,0.3,1.0,1.0,0.9499998688697816,0.0500000081956386,fixed,0.05,0.05,0.05,0.02,0.5,anchor,local_mix,0.4,none,0.6245713673381912,0.7332310172597817,0.519136789670218,0.6575521762887379,0.5996818020034639,0.7332310172597816,0.7761813988273695,0.694784759011428,15,,fixed,kmeans_known_k,True,stage4,results/experiments/neighbormix_beta_mechanism_20260617/stage4/Tosches/fixed_beta_0.05_bad0.4/seed2,negative,0.5255762145236066,0.6595203145919436,-0.006439424853388553,-0.0019681383032057465,12.0
Tosches,fixed_beta_0.1_bad0,0,fixed_beta_0.1_bad0,beta_control,pca_cosine_knn,0.3,1.0,1.0,0.8999998569488525,0.1000000163912773,fixed,0.1,0.1,0.05,0.02,0.5,anchor,local_mix,0.0,none,0.6688276896699529,0.7489739795721652,0.5408463687560828,0.6915478571896249,0.6181003564723794,0.7489739795721653,0.7895569643537225,0.7123589490024147,15,,fixed,kmeans_known_k,True,stage4,results/experiments/neighbormix_beta_mechanism_20260617/stage4/Tosches/fixed_beta_0.1_bad0/seed0,negative,0.5278987630197263,0.7135889686074948,0.01294760573635656,-0.022041111417869907,5.0
Tosches,fixed_beta_0.1_bad0,1,fixed_beta_0.1_bad0,beta_control,pca_cosine_knn,0.3,1.0,1.0,0.8999998569488525,0.1000000163912773,fixed,0.1,0.1,0.05,0.02,0.5,anchor,local_mix,0.0,none,0.6280004286326618,0.7391664052241632,0.5239444078235469,0.6700781547673363,0.6037434347599933,0.7391664052241631,0.7815697989182155,0.7011273471975671,15,,fixed,kmeans_known_k,True,stage4,results/experiments/neighbormix_beta_mechanism_20260617/stage4/Tosches/fixed_beta_0.1_bad0/seed1,negative,0.5220412382701718,0.6391057283098266,0.0019031695533751058,0.03097242645750975,7.0
Tosches,fixed_beta_0.1_bad0,2,fixed_beta_0.1_bad0,beta_control,pca_cosine_knn,0.3,1.0,1.0,0.8999998569488525,0.1000000163912773,fixed,0.1,0.1,0.05,0.02,0.5,anchor,local_mix,0.0,none,0.6566116588084012,0.7616784845742699,0.5373847658265396,0.6781673481055032,0.6130062057136794,0.76167848457427,0.7805013479336604,0.7437421205352821,15,,fixed,kmeans_known_k,True,stage4,results/experiments/neighbormix_beta_mechanism_20260617/stage4/Tosches/fixed_beta_0.1_bad0/seed2,negative,0.5255762145236066,0.6595203145919436,0.011808551302933012,0.018647033513559563,5.0
Tosches,fixed_beta_0.1_bad0.1,0,fixed_beta_0.1_bad0.1,beta_control,pca_cosine_knn_bad_edge_injected_0.1,0.3,1.0,1.0,0.8999998569488525,0.1000000163912773,fixed,0.1,0.1,0.05,0.02,0.5,anchor,local_mix,0.1,none,0.6450921560222889,0.7633844799353697,0.5404680206107977,0.6333908682582756,0.6157152391782125,0.7633844799353696,0.7819603386500481,0.7456706997328775,15,,fixed,kmeans_known_k,True,stage4,results/experiments/neighbormix_beta_mechanism_20260617/stage4/Tosches/fixed_beta_0.1_bad0.1/seed0,negative,0.5278987630197263,0.7135889686074948,0.012569257591071414,-0.08019810034921915,6.0
Tosches,fixed_beta_0.1_bad0.1,1,fixed_beta_0.1_bad0.1,beta_control,pca_cosine_knn_bad_edge_injected_0.1,0.3,1.0,1.0,0.8999998569488525,0.1000000163912773,fixed,0.1,0.1,0.05,0.02,0.5,anchor,local_mix,0.1,none,0.6254822117445349,0.7371539025620831,0.5222964763791259,0.6689717596940057,0.602407153309596,0.737153902562083,0.7797452442055656,0.6989744341447416,15,,fixed,kmeans_known_k,True,stage4,results/experiments/neighbormix_beta_mechanism_20260617/stage4/Tosches/fixed_beta_0.1_bad0.1/seed1,negative,0.5220412382701718,0.6391057283098266,0.0002552381089541145,0.029866031384179093,8.0
Tosches,fixed_beta_0.1_bad0.1,2,fixed_beta_0.1_bad0.1,beta_control,pca_cosine_knn_bad_edge_injected_0.1,0.3,1.0,1.0,0.8999998569488525,0.1000000163912773,fixed,0.1,0.1,0.05,0.02,0.5,anchor,local_mix,0.1,none,0.6273574796399486,0.7337792985053064,0.5209246117536519,0.6595326282495613,0.6012018582254375,0.7337792985053064,0.7765179313782797,0.6954998077852439,15,,fixed,kmeans_known_k,True,stage4,results/experiments/neighbormix_beta_mechanism_20260617/stage4/Tosches/fixed_beta_0.1_bad0.1/seed2,negative,0.5255762145236066,0.6595203145919436,-0.004651602769954688,1.231365761766856e-05,11.0
Tosches,fixed_beta_0.1_bad0.2,0,fixed_beta_0.1_bad0.2,beta_control,pca_cosine_knn_bad_edge_injected_0.2,0.3,1.0,1.0,0.8999998569488525,0.1000000163912773,fixed,0.1,0.1,0.05,0.02,0.5,anchor,local_mix,0.2,none,0.6328761251607372,0.7385403031745716,0.5291094784611073,0.672961990196533,0.6080998781471363,0.7385403031745716,0.780117876821154,0.7011703581070523,15,,fixed,kmeans_known_k,True,stage4,results/experiments/neighbormix_beta_mechanism_20260617/stage4/Tosches/fixed_beta_0.1_bad0.2/seed0,negative,0.5278987630197263,0.7135889686074948,0.0012107154413810717,-0.040626978410961745,11.0
Tosches,fixed_beta_0.1_bad0.2,1,fixed_beta_0.1_bad0.2,beta_control,pca_cosine_knn_bad_edge_injected_0.2,0.3,1.0,1.0,0.8999998569488525,0.1000000163912773,fixed,0.1,0.1,0.05,0.02,0.5,anchor,local_mix,0.2,none,0.6231247321045864,0.7303332638509291,0.5149106823444699,0.6615460872924318,0.594508421568661,0.7303332638509291,0.7600332363059372,0.7028671809020043,15,,fixed,kmeans_known_k,True,stage4,results/experiments/neighbormix_beta_mechanism_20260617/stage4/Tosches/fixed_beta_0.1_bad0.2/seed1,negative,0.5220412382701718,0.6391057283098266,-0.007130555925701887,0.022440358982605213,12.0
Tosches,fixed_beta_0.1_bad0.2,2,fixed_beta_0.1_bad0.2,beta_control,pca_cosine_knn_bad_edge_injected_0.2,0.3,1.0,1.0,0.8999998569488525,0.1000000163912773,fixed,0.1,0.1,0.05,0.02,0.5,anchor,local_mix,0.2,none,0.6571474496356622,0.7611941357559225,0.5368918744358685,0.6542080511743255,0.6126100732875592,0.7611941357559224,0.7788905482202514,0.7442839852556071,15,,fixed,kmeans_known_k,True,stage4,results/experiments/neighbormix_beta_mechanism_20260617/stage4/Tosches/fixed_beta_0.1_bad0.2/seed2,negative,0.5255762145236066,0.6595203145919436,0.01131565991226191,-0.005312263417618146,8.0
Tosches,fixed_beta_0.1_bad0.4,0,fixed_beta_0.1_bad0.4,beta_control,pca_cosine_knn_bad_edge_injected_0.4,0.3,1.0,1.0,0.8999998569488525,0.1000000163912773,fixed,0.1,0.1,0.05,0.02,0.5,anchor,local_mix,0.4,none,0.633786969567081,0.7388504304360927,0.5281327574481295,0.6712939942104089,0.6073789945032477,0.7388504304360926,0.7806868668169465,0.7012698914924165,15,,fixed,kmeans_known_k,True,stage4,results/experiments/neighbormix_beta_mechanism_20260617/stage4/Tosches/fixed_beta_0.1_bad0.4/seed0,negative,0.5278987630197263,0.7135889686074948,0.00023399442840321694,-0.04229497439708585,12.0
Tosches,fixed_beta_0.1_bad0.4,1,fixed_beta_0.1_bad0.4,beta_control,pca_cosine_knn_bad_edge_injected_0.4,0.3,1.0,1.0,0.8999998569488525,0.1000000163912773,fixed,0.1,0.1,0.05,0.02,0.5,anchor,local_mix,0.4,none,0.6425203600514359,0.7351746708478303,0.5302505545444363,0.6989775684930802,0.6125532487458557,0.7351746708478302,0.7925234918855212,0.6855655707644568,15,,fixed,kmeans_known_k,True,stage4,results/experiments/neighbormix_beta_mechanism_20260617/stage4/Tosches/fixed_beta_0.1_bad0.4/seed1,negative,0.5220412382701718,0.6391057283098266,0.008209316274264467,0.059871840183253644,4.0
Tosches,fixed_beta_0.1_bad0.4,2,fixed_beta_0.1_bad0.4,beta_control,pca_cosine_knn_bad_edge_injected_0.4,0.3,1.0,1.0,0.8999998569488525,0.1000000163912773,fixed,0.1,0.1,0.05,0.02,0.5,anchor,local_mix,0.4,none,0.6263930561508787,0.7342557569824778,0.5236232429967715,0.6776526971936757,0.6035315293979895,0.7342557569824777,0.7765610587200755,0.6963217144430447,15,,fixed,kmeans_known_k,True,stage4,results/experiments/neighbormix_beta_mechanism_20260617/stage4/Tosches/fixed_beta_0.1_bad0.4/seed2,negative,0.5255762145236066,0.6595203145919436,-0.0019529715268350456,0.01813238260173211,10.0
Tosches,random_beta_uniform_0.1_bad0,0,random_beta_uniform_0.1_bad0,beta_control,pca_cosine_knn,0.3,1.0,1.0,0.9500035691385468,0.0499964313478105,uniform,0.0999999999999999,0.1,0.05,0.02,0.5,anchor,local_mix,0.0,none,0.672524646378054,0.771425359881691,0.550200140199793,0.6967238738538235,0.6241693639218251,0.7714253598816911,0.7842729381120225,0.7589919229587291,15,,fixed,kmeans_known_k,True,stage4,results/experiments/neighbormix_beta_mechanism_20260617/stage4/Tosches/random_beta_uniform_0.1_bad0/seed0,negative,0.5278987630197263,0.7135889686074948,0.02230137718006675,-0.01686509475367126,1.0
Tosches,random_beta_uniform_0.1_bad0,1,random_beta_uniform_0.1_bad0,beta_control,pca_cosine_knn,0.3,1.0,1.0,0.9500070058430234,0.0499929940366807,uniform,0.0999999999999999,0.1,0.05,0.02,0.5,anchor,local_mix,0.0,none,0.6268216888126875,0.7406748235864192,0.5283399566809455,0.7117287973173775,0.6073798143817299,0.7406748235864192,0.7810942282450176,0.704232780246053,15,,fixed,kmeans_known_k,True,stage4,results/experiments/neighbormix_beta_mechanism_20260617/stage4/Tosches/random_beta_uniform_0.1_bad0/seed1,negative,0.5220412382701718,0.6391057283098266,0.006298718410773674,0.07262306900755089,5.0
Tosches,random_beta_uniform_0.1_bad0,2,random_beta_uniform_0.1_bad0,beta_control,pca_cosine_knn,0.3,1.0,1.0,0.9500556997747884,0.0499443000997416,uniform,0.0999999999999999,0.1,0.05,0.02,0.5,anchor,local_mix,0.0,none,0.6470745820831547,0.7600094059673477,0.5411906133487621,0.6361913361415623,0.6163103443808743,0.7600094059673477,0.7783561988602303,0.7425076075402538,15,,fixed,kmeans_known_k,True,stage4,results/experiments/neighbormix_beta_mechanism_20260617/stage4/Tosches/random_beta_uniform_0.1_bad0/seed2,negative,0.5255762145236066,0.6595203145919436,0.015614398825155473,-0.023328978450381288,3.0
Tosches,random_beta_uniform_0.1_bad0.1,0,random_beta_uniform_0.1_bad0.1,beta_control,pca_cosine_knn_bad_edge_injected_0.1,0.3,1.0,1.0,0.9500035691385468,0.0499964313478105,uniform,0.0999999999999999,0.1,0.05,0.02,0.5,anchor,local_mix,0.1,none,0.6559151307329618,0.7658289650996325,0.5456258666682857,0.6398605841038807,0.6202862275275091,0.7658289650996324,0.7817237812336363,0.7505676476848602,15,,fixed,kmeans_known_k,True,stage4,results/experiments/neighbormix_beta_mechanism_20260617/stage4/Tosches/random_beta_uniform_0.1_bad0.1/seed0,negative,0.5278987630197263,0.7135889686074948,0.01772710364855945,-0.07372838450361408,3.0
Tosches,random_beta_uniform_0.1_bad0.1,1,random_beta_uniform_0.1_bad0.1,beta_control,pca_cosine_knn_bad_edge_injected_0.1,0.3,1.0,1.0,0.9500070058430234,0.0499929940366807,uniform,0.0999999999999999,0.1,0.05,0.02,0.5,anchor,local_mix,0.1,none,0.6514680668666952,0.760924221883551,0.5373659279734299,0.6525559912318356,0.6129958257100472,0.7609242218835511,0.7778378724268687,0.7447304732628679,15,,fixed,kmeans_known_k,True,stage4,results/experiments/neighbormix_beta_mechanism_20260617/stage4/Tosches/random_beta_uniform_0.1_bad0.1/seed1,negative,0.5220412382701718,0.6391057283098266,0.015324689703258065,0.013450262922009015,2.0
Tosches,random_beta_uniform_0.1_bad0.1,2,random_beta_uniform_0.1_bad0.1,beta_control,pca_cosine_knn_bad_edge_injected_0.1,0.3,1.0,1.0,0.9500556997747884,0.0499443000997416,uniform,0.0999999999999999,0.1,0.05,0.02,0.5,anchor,local_mix,0.1,none,0.6452528932704672,0.7600818814563923,0.5413154244007836,0.6352897662990925,0.6163883305690183,0.7600818814563923,0.7790751667434188,0.7419926411421413,15,,fixed,kmeans_known_k,True,stage4,results/experiments/neighbormix_beta_mechanism_20260617/stage4/Tosches/random_beta_uniform_0.1_bad0.1/seed2,negative,0.5255762145236066,0.6595203145919436,0.01573920987717703,-0.024230548292851095,2.0
Tosches,random_beta_uniform_0.1_bad0.2,0,random_beta_uniform_0.1_bad0.2,beta_control,pca_cosine_knn_bad_edge_injected_0.2,0.3,1.0,1.0,0.9500035691385468,0.0499964313478105,uniform,0.0999999999999999,0.1,0.05,0.02,0.5,anchor,local_mix,0.2,none,0.6603086155165023,0.7662808852110862,0.5479683889589584,0.6433118334375608,0.6222466488183459,0.7662808852110862,0.7818527388133604,0.7513171960093508,15,,fixed,kmeans_known_k,True,stage4,results/experiments/neighbormix_beta_mechanism_20260617/stage4/Tosches/random_beta_uniform_0.1_bad0.2/seed0,negative,0.5278987630197263,0.7135889686074948,0.020069625939232116,-0.07027713516993395,2.0
Tosches,random_beta_uniform_0.1_bad0.2,1,random_beta_uniform_0.1_bad0.2,beta_control,pca_cosine_knn_bad_edge_injected_0.2,0.3,1.0,1.0,0.9500070058430234,0.0499929940366807,uniform,0.0999999999999999,0.1,0.05,0.02,0.5,anchor,local_mix,0.2,none,0.638394770681526,0.7594108011464403,0.537822607160966,0.6301507234171595,0.6133928602511655,0.7594108011464402,0.7775891515364899,0.7420629758082516,15,,fixed,kmeans_known_k,True,stage4,results/experiments/neighbormix_beta_mechanism_20260617/stage4/Tosches/random_beta_uniform_0.1_bad0.2/seed1,negative,0.5220412382701718,0.6391057283098266,0.01578136889079418,-0.008955004892667096,1.0
Tosches,random_beta_uniform_0.1_bad0.2,2,random_beta_uniform_0.1_bad0.2,beta_control,pca_cosine_knn_bad_edge_injected_0.2,0.3,1.0,1.0,0.9500556997747884,0.0499443000997416,uniform,0.0999999999999999,0.1,0.05,0.02,0.5,anchor,local_mix,0.2,none,0.6458958422631804,0.7601875402220478,0.5408152356478383,0.6362708983861564,0.6159769009159524,0.7601875402220479,0.7788061339596384,0.7424383753364232,15,,fixed,kmeans_known_k,True,stage4,results/experiments/neighbormix_beta_mechanism_20260617/stage4/Tosches/random_beta_uniform_0.1_bad0.2/seed2,negative,0.5255762145236066,0.6595203145919436,0.0152390211242317,-0.023249416205787243,4.0
Tosches,random_beta_uniform_0.1_bad0.4,0,random_beta_uniform_0.1_bad0.4,beta_control,pca_cosine_knn_bad_edge_injected_0.4,0.3,1.0,1.0,0.9500035691385468,0.0499964313478105,uniform,0.0999999999999999,0.1,0.05,0.02,0.5,anchor,local_mix,0.4,none,0.6547899699957137,0.7659153628050289,0.5443183728579748,0.6396724267857771,0.6192032628054754,0.7659153628050289,0.7816660554512377,0.7507868901446111,15,,fixed,kmeans_known_k,True,stage4,results/experiments/neighbormix_beta_mechanism_20260617/stage4/Tosches/random_beta_uniform_0.1_bad0.4/seed0,negative,0.5278987630197263,0.7135889686074948,0.016419609838248528,-0.0739165418217177,4.0
Tosches,random_beta_uniform_0.1_bad0.4,1,random_beta_uniform_0.1_bad0.4,beta_control,pca_cosine_knn_bad_edge_injected_0.4,0.3,1.0,1.0,0.9500070058430234,0.0499929940366807,uniform,0.0999999999999999,0.1,0.05,0.02,0.5,anchor,local_mix,0.4,none,0.6125696528075439,0.7359464323131393,0.5255228593613295,0.6448533820574764,0.60500852698567,0.7359464323131394,0.779369605278047,0.6971066052409043,15,,fixed,kmeans_known_k,True,stage4,results/experiments/neighbormix_beta_mechanism_20260617/stage4/Tosches/random_beta_uniform_0.1_bad0.4/seed1,negative,0.5220412382701718,0.6391057283098266,0.003481621091157683,0.00574765374764985,6.0
Tosches,random_beta_uniform_0.1_bad0.4,2,random_beta_uniform_0.1_bad0.4,beta_control,pca_cosine_knn_bad_edge_injected_0.4,0.3,1.0,1.0,0.9500556997747884,0.0499443000997416,uniform,0.0999999999999999,0.1,0.05,0.02,0.5,anchor,local_mix,0.4,none,0.663201885983712,0.7650243553203084,0.5447845574989223,0.6983499327393478,0.6193737729094696,0.7650243553203085,0.7802906633829406,0.7503439516497646,15,,fixed,kmeans_known_k,True,stage4,results/experiments/neighbormix_beta_mechanism_20260617/stage4/Tosches/random_beta_uniform_0.1_bad0.4/seed2,negative,0.5255762145236066,0.6595203145919436,0.019208342975315706,0.038829618147404155,1.0
worm_neuron_cell,fixed_beta_0.05_bad0,0,fixed_beta_0.05_bad0,beta_control,pca_cosine_knn,0.3,1.0,1.0,0.9499998688697816,0.0500000081956386,fixed,0.05,0.05,0.05,0.02,0.5,anchor,local_mix,0.0,none,0.7159579550883899,0.6431604095965684,0.513435442518769,0.6652614788857705,0.5890385117116929,0.6431604095965685,0.6362222936293815,0.6502515167079247,10,,fixed,kmeans_known_k,True,stage4,results/experiments/neighbormix_beta_mechanism_20260617/stage4/worm_neuron_cell/fixed_beta_0.05_bad0/seed0,negative,0.5149462244397406,0.7470473079960098,-0.0015107819209715379,-0.08178582911023935,4.0
worm_neuron_cell,fixed_beta_0.05_bad0,1,fixed_beta_0.05_bad0,beta_control,pca_cosine_knn,0.3,1.0,1.0,0.9499998688697816,0.0500000081956386,fixed,0.05,0.05,0.05,0.02,0.5,anchor,local_mix,0.0,none,0.6743908265647396,0.6239678915166925,0.4571665385412233,0.6328502210618283,0.5390345374210394,0.6239678915166925,0.6156160811935245,0.6325494296174367,10,,fixed,kmeans_known_k,True,stage4,results/experiments/neighbormix_beta_mechanism_20260617/stage4/worm_neuron_cell/fixed_beta_0.05_bad0/seed1,negative,0.5116519893983323,0.7256176500182898,-0.05448545085710904,-0.0927674289564615,7.0
worm_neuron_cell,fixed_beta_0.05_bad0,2,fixed_beta_0.05_bad0,beta_control,pca_cosine_knn,0.3,1.0,1.0,0.9499998688697816,0.0500000081956386,fixed,0.05,0.05,0.05,0.02,0.5,anchor,local_mix,0.0,none,0.626134734830387,0.6266504163113765,0.3881553294268426,0.608360919149779,0.5270858546447116,0.6266504163113766,0.5716336064587416,0.6933851934707107,10,,fixed,kmeans_known_k,True,stage4,results/experiments/neighbormix_beta_mechanism_20260617/stage4/worm_neuron_cell/fixed_beta_0.05_bad0/seed2,negative,0.5235360674895352,0.6823775970888761,-0.13538073806269257,-0.07401667793909716,10.0
worm_neuron_cell,fixed_beta_0.05_bad0.1,0,fixed_beta_0.05_bad0.1,beta_control,pca_cosine_knn_bad_edge_injected_0.1,0.3,1.0,1.0,0.9499998688697816,0.0500000081956386,fixed,0.05,0.05,0.05,0.02,0.5,anchor,local_mix,0.1,none,0.7577639751552795,0.6683794877842744,0.5618964404850783,0.6914392621169351,0.633152344577542,0.6683794877842744,0.6517239155936906,0.6859086922000426,10,,fixed,kmeans_known_k,True,stage4,results/experiments/neighbormix_beta_mechanism_20260617/stage4/worm_neuron_cell/fixed_beta_0.05_bad0.1/seed0,negative,0.5149462244397406,0.7470473079960098,0.04695021604533767,-0.05560804587907475,1.0
worm_neuron_cell,fixed_beta_0.05_bad0.1,1,fixed_beta_0.05_bad0.1,beta_control,pca_cosine_knn_bad_edge_injected_0.1,0.3,1.0,1.0,0.9499998688697816,0.0500000081956386,fixed,0.05,0.05,0.05,0.02,0.5,anchor,local_mix,0.1,none,0.7379359770664119,0.656858928203968,0.5424265207586535,0.6749884241927827,0.6166561566438451,0.6568589282039679,0.6428307052589394,0.6715130743745895,10,,fixed,kmeans_known_k,True,stage4,results/experiments/neighbormix_beta_mechanism_20260617/stage4/worm_neuron_cell/fixed_beta_0.05_bad0.1/seed1,negative,0.5116519893983323,0.7256176500182898,0.030774531360321156,-0.05062922582550711,1.0
worm_neuron_cell,fixed_beta_0.05_bad0.1,2,fixed_beta_0.05_bad0.1,beta_control,pca_cosine_knn_bad_edge_injected_0.1,0.3,1.0,1.0,0.9499998688697816,0.0500000081956386,fixed,0.05,0.05,0.05,0.02,0.5,anchor,local_mix,0.1,none,0.6712852365026278,0.6496103917135947,0.4426649293395768,0.701610195993023,0.5331291191234736,0.6496103917135949,0.6296110725110095,0.6709219322321118,10,,fixed,kmeans_known_k,True,stage4,results/experiments/neighbormix_beta_mechanism_20260617/stage4/worm_neuron_cell/fixed_beta_0.05_bad0.1/seed2,negative,0.5235360674895352,0.6823775970888761,-0.08087113814995839,0.019232598904146858,6.0
worm_neuron_cell,fixed_beta_0.05_bad0.2,0,fixed_beta_0.05_bad0.2,beta_control,pca_cosine_knn_bad_edge_injected_0.2,0.3,1.0,1.0,0.9499998688697816,0.0500000081956386,fixed,0.05,0.05,0.05,0.02,0.5,anchor,local_mix,0.2,none,0.6495461060678452,0.6267364118116193,0.4448809889809436,0.6461070584458114,0.5240454707118337,0.6267364118116193,0.6268848621557273,0.6265880317588475,10,,fixed,kmeans_known_k,True,stage4,results/experiments/neighbormix_beta_mechanism_20260617/stage4/worm_neuron_cell/fixed_beta_0.05_bad0.2/seed0,negative,0.5149462244397406,0.7470473079960098,-0.070065235458797,-0.10094024955019842,7.0
worm_neuron_cell,fixed_beta_0.05_bad0.2,1,fixed_beta_0.05_bad0.2,beta_control,pca_cosine_knn_bad_edge_injected_0.2,0.3,1.0,1.0,0.9499998688697816,0.0500000081956386,fixed,0.05,0.05,0.05,0.02,0.5,anchor,local_mix,0.2,none,0.7398471094123268,0.645283752791829,0.5303850983096001,0.685259223123994,0.6029250045253607,0.645283752791829,0.6311023891122973,0.6601170996832152,10,,fixed,kmeans_known_k,True,stage4,results/experiments/neighbormix_beta_mechanism_20260617/stage4/worm_neuron_cell/fixed_beta_0.05_bad0.2/seed1,negative,0.5116519893983323,0.7256176500182898,0.018733108911267782,-0.04035842689429581,2.0
worm_neuron_cell,fixed_beta_0.05_bad0.2,2,fixed_beta_0.05_bad0.2,beta_control,pca_cosine_knn_bad_edge_injected_0.2,0.3,1.0,1.0,0.9499998688697816,0.0500000081956386,fixed,0.05,0.05,0.05,0.02,0.5,anchor,local_mix,0.2,none,0.7095078834209269,0.6269553279777779,0.5003424699713057,0.7018036185037873,0.5764072630725917,0.6269553279777779,0.6166200366180289,0.6376429892374009,10,,fixed,kmeans_known_k,True,stage4,results/experiments/neighbormix_beta_mechanism_20260617/stage4/worm_neuron_cell/fixed_beta_0.05_bad0.2/seed2,negative,0.5235360674895352,0.6823775970888761,-0.02319359751822947,0.01942602141491112,2.0
worm_neuron_cell,fixed_beta_0.05_bad0.4,0,fixed_beta_0.05_bad0.4,beta_control,pca_cosine_knn_bad_edge_injected_0.4,0.3,1.0,1.0,0.9499998688697816,0.0500000081956386,fixed,0.05,0.05,0.05,0.02,0.5,anchor,local_mix,0.4,none,0.6512183468705208,0.6249545187779469,0.4331916228286562,0.652840214129778,0.5156743006986649,0.6249545187779468,0.6241521380407752,0.6257589651767792,10,,fixed,kmeans_known_k,True,stage4,results/experiments/neighbormix_beta_mechanism_20260617/stage4/worm_neuron_cell/fixed_beta_0.05_bad0.4/seed0,negative,0.5149462244397406,0.7470473079960098,-0.08175460161108439,-0.09420709386623183,9.0
worm_neuron_cell,fixed_beta_0.05_bad0.4,1,fixed_beta_0.05_bad0.4,beta_control,pca_cosine_knn_bad_edge_injected_0.4,0.3,1.0,1.0,0.9499998688697816,0.0500000081956386,fixed,0.05,0.05,0.05,0.02,0.5,anchor,local_mix,0.4,none,0.6810797897754419,0.6175341657221313,0.4590317884875949,0.6642035484135775,0.5354476904812072,0.6175341657221313,0.6207652905231543,0.6143365031885937,10,,fixed,kmeans_known_k,True,stage4,results/experiments/neighbormix_beta_mechanism_20260617/stage4/worm_neuron_cell/fixed_beta_0.05_bad0.4/seed1,negative,0.5116519893983323,0.7256176500182898,-0.052620200910737436,-0.06141410160471228,6.0
worm_neuron_cell,fixed_beta_0.05_bad0.4,2,fixed_beta_0.05_bad0.4,beta_control,pca_cosine_knn_bad_edge_injected_0.4,0.3,1.0,1.0,0.9499998688697816,0.0500000081956386,fixed,0.05,0.05,0.05,0.02,0.5,anchor,local_mix,0.4,none,0.7508361204013378,0.6742927713867047,0.574245845968848,0.7434176476829623,0.6385011126746427,0.6742927713867047,0.6623345925282049,0.6866906895672534,10,,fixed,kmeans_known_k,True,stage4,results/experiments/neighbormix_beta_mechanism_20260617/stage4/worm_neuron_cell/fixed_beta_0.05_bad0.4/seed2,negative,0.5235360674895352,0.6823775970888761,0.050709778479312795,0.061040050594086126,1.0
worm_neuron_cell,fixed_beta_0.1_bad0,0,fixed_beta_0.1_bad0,beta_control,pca_cosine_knn,0.3,1.0,1.0,0.8999998569488525,0.1000000163912773,fixed,0.1,0.1,0.05,0.02,0.5,anchor,local_mix,0.0,none,0.6939799331103679,0.6404894014512472,0.4414672795597398,0.6251383246223852,0.5574957917715254,0.6404894014512472,0.5979076521649227,0.6896013895140609,10,,fixed,kmeans_known_k,True,stage4,results/experiments/neighbormix_beta_mechanism_20260617/stage4/worm_neuron_cell/fixed_beta_0.1_bad0/seed0,negative,0.5149462244397406,0.7470473079960098,-0.07347894488000078,-0.12190898337362466,8.0
worm_neuron_cell,fixed_beta_0.1_bad0,1,fixed_beta_0.1_bad0,beta_control,pca_cosine_knn,0.3,1.0,1.0,0.8999998569488525,0.1000000163912773,fixed,0.1,0.1,0.05,0.02,0.5,anchor,local_mix,0.0,none,0.7195413282369804,0.6483067790493061,0.4956056446833552,0.6924307679483819,0.5712375005007921,0.6483067790493061,0.6454268830751637,0.6512124904143488,10,,fixed,kmeans_known_k,True,stage4,results/experiments/neighbormix_beta_mechanism_20260617/stage4/worm_neuron_cell/fixed_beta_0.1_bad0/seed1,negative,0.5116519893983323,0.7256176500182898,-0.016046344714977123,-0.03318688206990794,3.0
worm_neuron_cell,fixed_beta_0.1_bad0,2,fixed_beta_0.1_bad0,beta_control,pca_cosine_knn,0.3,1.0,1.0,0.8999998569488525,0.1000000163912773,fixed,0.1,0.1,0.05,0.02,0.5,anchor,local_mix,0.0,none,0.7269469660774008,0.629527413096551,0.4848777451547018,0.7312413448265997,0.567665883230726,0.629527413096551,0.6154982858885673,0.6442109925150173,10,,fixed,kmeans_known_k,True,stage4,results/experiments/neighbormix_beta_mechanism_20260617/stage4/worm_neuron_cell/fixed_beta_0.1_bad0/seed2,negative,0.5235360674895352,0.6823775970888761,-0.038658322334833406,0.04886374773772362,3.0
worm_neuron_cell,fixed_beta_0.1_bad0.1,0,fixed_beta_0.1_bad0.1,beta_control,pca_cosine_knn_bad_edge_injected_0.1,0.3,1.0,1.0,0.8999998569488525,0.1000000163912773,fixed,0.1,0.1,0.05,0.02,0.5,anchor,local_mix,0.1,none,0.754897276636407,0.6784920495826929,0.5182141164743397,0.753060838712446,0.606464265731781,0.6784920495826929,0.6496075182407931,0.7100647886064425,10,,fixed,kmeans_known_k,True,stage4,results/experiments/neighbormix_beta_mechanism_20260617/stage4/worm_neuron_cell/fixed_beta_0.1_bad0.1/seed0,negative,0.5149462244397406,0.7470473079960098,0.003267892034599096,0.006013530716436177,2.0
worm_neuron_cell,fixed_beta_0.1_bad0.1,1,fixed_beta_0.1_bad0.1,beta_control,pca_cosine_knn_bad_edge_injected_0.1,0.3,1.0,1.0,0.8999998569488525,0.1000000163912773,fixed,0.1,0.1,0.05,0.02,0.5,anchor,local_mix,0.1,none,0.7016244624940277,0.635774320426742,0.4754262635442959,0.6864315288502933,0.5494812936474207,0.635774320426742,0.6395540486477036,0.6320390056842513,10,,fixed,kmeans_known_k,True,stage4,results/experiments/neighbormix_beta_mechanism_20260617/stage4/worm_neuron_cell/fixed_beta_0.1_bad0.1/seed1,negative,0.5116519893983323,0.7256176500182898,-0.03622572585403644,-0.03918612116799647,5.0
worm_neuron_cell,fixed_beta_0.1_bad0.1,2,fixed_beta_0.1_bad0.1,beta_control,pca_cosine_knn_bad_edge_injected_0.1,0.3,1.0,1.0,0.8999998569488525,0.1000000163912773,fixed,0.1,0.1,0.05,0.02,0.5,anchor,local_mix,0.1,none,0.7016244624940277,0.6370858413289394,0.4739432480756405,0.7289557003550595,0.5538831700324188,0.6370858413289394,0.6242896256656859,0.6504176085864443,10,,fixed,kmeans_known_k,True,stage4,results/experiments/neighbormix_beta_mechanism_20260617/stage4/worm_neuron_cell/fixed_beta_0.1_bad0.1/seed2,negative,0.5235360674895352,0.6823775970888761,-0.049592819413894706,0.04657810326618339,4.0
worm_neuron_cell,fixed_beta_0.1_bad0.2,0,fixed_beta_0.1_bad0.2,beta_control,pca_cosine_knn_bad_edge_injected_0.2,0.3,1.0,1.0,0.8999998569488525,0.1000000163912773,fixed,0.1,0.1,0.05,0.02,0.5,anchor,local_mix,0.2,none,0.7486860965121834,0.6551561318348955,0.514874785206836,0.6813967710361577,0.6000940038148784,0.6551561318348955,0.6309769424160098,0.6812622670872708,10,,fixed,kmeans_known_k,True,stage4,results/experiments/neighbormix_beta_mechanism_20260617/stage4/worm_neuron_cell/fixed_beta_0.1_bad0.2/seed0,negative,0.5149462244397406,0.7470473079960098,-7.143923290453547e-05,-0.06565053695985212,3.0
worm_neuron_cell,fixed_beta_0.1_bad0.2,1,fixed_beta_0.1_bad0.2,beta_control,pca_cosine_knn_bad_edge_injected_0.2,0.3,1.0,1.0,0.8999998569488525,0.1000000163912773,fixed,0.1,0.1,0.05,0.02,0.5,anchor,local_mix,0.2,none,0.707596751075012,0.6311248460405272,0.4947346089050925,0.6569424631009587,0.574508473327069,0.6311248460405272,0.6232004652368002,0.6392533492299969,10,,fixed,kmeans_known_k,True,stage4,results/experiments/neighbormix_beta_mechanism_20260617/stage4/worm_neuron_cell/fixed_beta_0.1_bad0.2/seed1,negative,0.5116519893983323,0.7256176500182898,-0.01691738049323982,-0.0686751869173311,4.0
worm_neuron_cell,fixed_beta_0.1_bad0.2,2,fixed_beta_0.1_bad0.2,beta_control,pca_cosine_knn_bad_edge_injected_0.2,0.3,1.0,1.0,0.8999998569488525,0.1000000163912773,fixed,0.1,0.1,0.05,0.02,0.5,anchor,local_mix,0.2,none,0.68561872909699,0.6535334045162056,0.4516357477709412,0.7000594660995699,0.5549751425963774,0.6535334045162055,0.6222866954063863,0.6880839741188198,10,,fixed,kmeans_known_k,True,stage4,results/experiments/neighbormix_beta_mechanism_20260617/stage4/worm_neuron_cell/fixed_beta_0.1_bad0.2/seed2,negative,0.5235360674895352,0.6823775970888761,-0.07190031971859401,0.017681869010693796,5.0
worm_neuron_cell,fixed_beta_0.1_bad0.4,0,fixed_beta_0.1_bad0.4,beta_control,pca_cosine_knn_bad_edge_injected_0.4,0.3,1.0,1.0,0.8999998569488525,0.1000000163912773,fixed,0.1,0.1,0.05,0.02,0.5,anchor,local_mix,0.4,none,0.6051122790253225,0.6290041823917856,0.3933216119667886,0.580639183540358,0.4954689785130641,0.6290041823917856,0.6030845210801363,0.6572518747023424,10,,fixed,kmeans_known_k,True,stage4,results/experiments/neighbormix_beta_mechanism_20260617/stage4/worm_neuron_cell/fixed_beta_0.1_bad0.4/seed0,negative,0.5149462244397406,0.7470473079960098,-0.12162461247295198,-0.16640812445565178,11.0
worm_neuron_cell,fixed_beta_0.1_bad0.4,1,fixed_beta_0.1_bad0.4,beta_control,pca_cosine_knn_bad_edge_injected_0.4,0.3,1.0,1.0,0.8999998569488525,0.1000000163912773,fixed,0.1,0.1,0.05,0.02,0.5,anchor,local_mix,0.4,none,0.5719063545150501,0.6133091875081728,0.3215106582709157,0.566626510264,0.4650251596740361,0.6133091875081729,0.5607672726926872,0.6767149947669976,10,,fixed,kmeans_known_k,True,stage4,results/experiments/neighbormix_beta_mechanism_20260617/stage4/worm_neuron_cell/fixed_beta_0.1_bad0.4/seed1,negative,0.5116519893983323,0.7256176500182898,-0.19014133112741666,-0.1589911397542898,12.0
worm_neuron_cell,fixed_beta_0.1_bad0.4,2,fixed_beta_0.1_bad0.4,beta_control,pca_cosine_knn_bad_edge_injected_0.4,0.3,1.0,1.0,0.8999998569488525,0.1000000163912773,fixed,0.1,0.1,0.05,0.02,0.5,anchor,local_mix,0.4,none,0.5520783564261825,0.5686222802819378,0.3292272498769471,0.5534286180078405,0.4515388495797758,0.5686222802819378,0.5320446586468154,0.6106005534419391,10,,fixed,kmeans_known_k,True,stage4,results/experiments/neighbormix_beta_mechanism_20260617/stage4/worm_neuron_cell/fixed_beta_0.1_bad0.4/seed2,negative,0.5235360674895352,0.6823775970888761,-0.19430881761258806,-0.12894897908103564,11.0
worm_neuron_cell,random_beta_uniform_0.1_bad0,0,random_beta_uniform_0.1_bad0,beta_control,pca_cosine_knn,0.3,1.0,1.0,0.9500518900342284,0.0499481094477232,uniform,0.0999999999999999,0.1,0.05,0.02,0.5,anchor,local_mix,0.0,none,0.6466794075489728,0.6065009770714143,0.4195163382719621,0.6052950525200739,0.5347943907250537,0.6065009770714141,0.5575706422179662,0.6648453423672226,10,,fixed,kmeans_known_k,True,stage4,results/experiments/neighbormix_beta_mechanism_20260617/stage4/worm_neuron_cell/random_beta_uniform_0.1_bad0/seed0,negative,0.5149462244397406,0.7470473079960098,-0.09542988616777848,-0.14175225547593595,10.0
worm_neuron_cell,random_beta_uniform_0.1_bad0,1,random_beta_uniform_0.1_bad0,beta_control,pca_cosine_knn,0.3,1.0,1.0,0.9500112829264252,0.0499887177109485,uniform,0.0999999999999999,0.1,0.05,0.02,0.5,anchor,local_mix,0.0,none,0.6605351170568562,0.6148989356436578,0.3933934934142766,0.5948123852702726,0.5264425400045541,0.6148989356436578,0.5669662662147346,0.6716847537427646,10,,fixed,kmeans_known_k,True,stage4,results/experiments/neighbormix_beta_mechanism_20260617/stage4/worm_neuron_cell/random_beta_uniform_0.1_bad0/seed1,negative,0.5116519893983323,0.7256176500182898,-0.11825849598405574,-0.13080526474801724,11.0
worm_neuron_cell,random_beta_uniform_0.1_bad0,2,random_beta_uniform_0.1_bad0,beta_control,pca_cosine_knn,0.3,1.0,1.0,0.9500038607046009,0.0499961404711939,uniform,0.0999999999999999,0.1,0.05,0.02,0.5,anchor,local_mix,0.0,none,0.6404682274247492,0.6231872409856692,0.4233153895660316,0.5865048252510348,0.5262569104267996,0.6231872409856692,0.5905629825034854,0.6596267651796187,10,,fixed,kmeans_known_k,True,stage4,results/experiments/neighbormix_beta_mechanism_20260617/stage4/worm_neuron_cell/random_beta_uniform_0.1_bad0/seed2,negative,0.5235360674895352,0.6823775970888761,-0.10022067792350359,-0.09587277183784138,8.0
worm_neuron_cell,random_beta_uniform_0.1_bad0.1,0,random_beta_uniform_0.1_bad0.1,beta_control,pca_cosine_knn_bad_edge_injected_0.1,0.3,1.0,1.0,0.9500518900342284,0.0499481094477232,uniform,0.0999999999999999,0.1,0.05,0.02,0.5,anchor,local_mix,0.1,none,0.6751075011944577,0.6144973175770614,0.389270843038748,0.6006149814301092,0.5199949968718743,0.6144973175770614,0.5634611215007157,0.6756996596806952,10,,fixed,kmeans_known_k,True,stage4,results/experiments/neighbormix_beta_mechanism_20260617/stage4/worm_neuron_cell/random_beta_uniform_0.1_bad0.1/seed0,negative,0.5149462244397406,0.7470473079960098,-0.1256753814009926,-0.14643232656590066,12.0
worm_neuron_cell,random_beta_uniform_0.1_bad0.1,1,random_beta_uniform_0.1_bad0.1,beta_control,pca_cosine_knn_bad_edge_injected_0.1,0.3,1.0,1.0,0.9500112829264252,0.0499887177109485,uniform,0.0999999999999999,0.1,0.05,0.02,0.5,anchor,local_mix,0.1,none,0.6029622551361682,0.6071301872668432,0.4102311069908588,0.5237369546021845,0.5148711597030805,0.6071301872668432,0.5728991047261736,0.6457118789532051,10,,fixed,kmeans_known_k,True,stage4,results/experiments/neighbormix_beta_mechanism_20260617/stage4/worm_neuron_cell/random_beta_uniform_0.1_bad0.1/seed1,negative,0.5116519893983323,0.7256176500182898,-0.10142088240747354,-0.20188069541610532,8.0
worm_neuron_cell,random_beta_uniform_0.1_bad0.1,2,random_beta_uniform_0.1_bad0.1,beta_control,pca_cosine_knn_bad_edge_injected_0.1,0.3,1.0,1.0,0.9500038607046009,0.0499961404711939,uniform,0.0999999999999999,0.1,0.05,0.02,0.5,anchor,local_mix,0.1,none,0.6951743908265647,0.627881835394633,0.4318234913980949,0.6880319323928666,0.5462252241111546,0.6278818353946329,0.5867034256741124,0.6752768671857181,10,,fixed,kmeans_known_k,True,stage4,results/experiments/neighbormix_beta_mechanism_20260617/stage4/worm_neuron_cell/random_beta_uniform_0.1_bad0.1/seed2,negative,0.5235360674895352,0.6823775970888761,-0.09171257609144029,0.00565433530399051,7.0
worm_neuron_cell,random_beta_uniform_0.1_bad0.2,0,random_beta_uniform_0.1_bad0.2,beta_control,pca_cosine_knn_bad_edge_injected_0.2,0.3,1.0,1.0,0.9500518900342284,0.0499481094477232,uniform,0.0999999999999999,0.1,0.05,0.02,0.5,anchor,local_mix,0.2,none,0.6851409460105112,0.6433984315473297,0.4501651042640531,0.6903775235820542,0.5426490590867017,0.6433984315473296,0.6151748580127293,0.6743362681702925,10,,fixed,kmeans_known_k,True,stage4,results/experiments/neighbormix_beta_mechanism_20260617/stage4/worm_neuron_cell/random_beta_uniform_0.1_bad0.2/seed0,negative,0.5149462244397406,0.7470473079960098,-0.06478112017568749,-0.05666978441395565,6.0
worm_neuron_cell,random_beta_uniform_0.1_bad0.2,1,random_beta_uniform_0.1_bad0.2,beta_control,pca_cosine_knn_bad_edge_injected_0.2,0.3,1.0,1.0,0.9500112829264252,0.0499887177109485,uniform,0.0999999999999999,0.1,0.05,0.02,0.5,anchor,local_mix,0.2,none,0.6457238413760152,0.5956612041640703,0.4004721310506107,0.5984395345142588,0.5082414258362821,0.5956612041640701,0.5670799004772497,0.62727646532193,10,,fixed,kmeans_known_k,True,stage4,results/experiments/neighbormix_beta_mechanism_20260617/stage4/worm_neuron_cell/random_beta_uniform_0.1_bad0.2/seed1,negative,0.5116519893983323,0.7256176500182898,-0.11117985834772165,-0.12717811550403102,9.0
worm_neuron_cell,random_beta_uniform_0.1_bad0.2,2,random_beta_uniform_0.1_bad0.2,beta_control,pca_cosine_knn_bad_edge_injected_0.2,0.3,1.0,1.0,0.9500038607046009,0.0499961404711939,uniform,0.0999999999999999,0.1,0.05,0.02,0.5,anchor,local_mix,0.2,none,0.6149068322981367,0.5725087945859383,0.3175744722013265,0.5809972291258355,0.4896336906251148,0.5725087945859384,0.5019531090847671,0.6661434531379328,10,,fixed,kmeans_known_k,True,stage4,results/experiments/neighbormix_beta_mechanism_20260617/stage4/worm_neuron_cell/random_beta_uniform_0.1_bad0.2/seed2,negative,0.5235360674895352,0.6823775970888761,-0.20596159528820868,-0.10138036796304062,12.0
worm_neuron_cell,random_beta_uniform_0.1_bad0.4,0,random_beta_uniform_0.1_bad0.4,beta_control,pca_cosine_knn_bad_edge_injected_0.4,0.3,1.0,1.0,0.9500518900342284,0.0499481094477232,uniform,0.0999999999999999,0.1,0.05,0.02,0.5,anchor,local_mix,0.4,none,0.7154801720019112,0.644942316176168,0.4871581106948859,0.6470330049239037,0.576814508842306,0.644942316176168,0.6196208732783485,0.672421511337075,10,,fixed,kmeans_known_k,True,stage4,results/experiments/neighbormix_beta_mechanism_20260617/stage4/worm_neuron_cell/random_beta_uniform_0.1_bad0.4/seed0,negative,0.5149462244397406,0.7470473079960098,-0.02778811374485468,-0.10001430307210613,5.0
worm_neuron_cell,random_beta_uniform_0.1_bad0.4,1,random_beta_uniform_0.1_bad0.4,beta_control,pca_cosine_knn_bad_edge_injected_0.4,0.3,1.0,1.0,0.9500112829264252,0.0499887177109485,uniform,0.0999999999999999,0.1,0.05,0.02,0.5,anchor,local_mix,0.4,none,0.6278069756330625,0.6000589407504217,0.4003371276370885,0.6052501467568157,0.5113564101979928,0.6000589407504217,0.5633602047977436,0.6418721470040231,10,,fixed,kmeans_known_k,True,stage4,results/experiments/neighbormix_beta_mechanism_20260617/stage4/worm_neuron_cell/random_beta_uniform_0.1_bad0.4/seed1,negative,0.5116519893983323,0.7256176500182898,-0.11131486176124383,-0.12036750326147416,10.0
worm_neuron_cell,random_beta_uniform_0.1_bad0.4,2,random_beta_uniform_0.1_bad0.4,beta_control,pca_cosine_knn_bad_edge_injected_0.4,0.3,1.0,1.0,0.9500038607046009,0.0499961404711939,uniform,0.0999999999999999,0.1,0.05,0.02,0.5,anchor,local_mix,0.4,none,0.6519350215002389,0.652095196405855,0.4067090036644945,0.6910704248215963,0.5106518389884769,0.6520951964058549,0.620489124436916,0.6870939412700972,10,,fixed,kmeans_known_k,True,stage4,results/experiments/neighbormix_beta_mechanism_20260617/stage4/worm_neuron_cell/random_beta_uniform_0.1_bad0.4/seed2,negative,0.5235360674895352,0.6823775970888761,-0.11682706382504071,0.008692827732720176,9.0
