neighbor_backend,neighbor_k,effective_neighbor_count,edge_keep_rate,neighbor_similarity_mean,neighbor_similarity_std,mutual_ratio,snn_mean,snn_std,consensus_mean,consensus_std,fallback_rate,fallback_cell_rate,hubness_mean,hubness_max,hubness_p95,knn_pca_dim,bad_edge_ratio_requested,bad_edge_ratio_observed,same_label_edge_ratio,same_label_edge_ratio_weighted,minority_class_neighbor_purity,dataset,seed,method,pseudo_branch_activation_rate,edge_keep_rate_observed,effective_neighbor_count_sampled,perturbation_norm_mean,perturbation_norm_std,perturbation_norm_p95,alpha_mean_observed,beta_mean_observed,beta_mode,beta_fixed,beta_max,beta_target_mean,beta_std,beta_p,target_mode,noise_mode,oracle_neighbor,label_leakage_diagnostic,stage,variant,run_dir,snn_zero_row_fallback_rate
pca_cosine_knn,5,4.994472026824951,1.0,0.9560685753822328,0.0427916869521141,0.3333744221879815,0.1566529721021652,0.1447712332010269,1.0,0.0,0.0,0.0,5.0,78.0,15.0,50.0,0.0,0.0,0.9518335901386747,0.952261447906494,0.9076267679532368,Guo,0,fixed_beta_0.05,1.0,1.0,3.996962932447235,1.0903047077059749,0.616841382175684,2.1916494484543803,0.9499998688697816,0.0500000081956386,fixed,0.05,0.05,0.05,0.02,0.5,anchor,local_mix,none,False,full,fixed_beta_0.05,results/experiments/neighbormix_beta_mechanism_20260617/full/Guo/fixed_beta_0.05/seed0,
pca_cosine_knn,5,4.994463920593262,1.0,0.9560303092002868,0.0429082550108432,0.3340523882896764,0.1553142964839935,0.1437475383281707,1.0,0.0,0.0,0.0,5.0,82.0,16.0,50.0,0.0,0.0,0.9514329738058552,0.9518691897392272,0.9027627110481262,Guo,1,fixed_beta_0.05,1.0,1.0,3.99694732779468,1.0907577156722543,0.6177421760857106,2.194182909965515,0.9499998688697816,0.0500000081956386,fixed,0.05,0.05,0.05,0.02,0.5,anchor,local_mix,none,False,full,fixed_beta_0.05,results/experiments/neighbormix_beta_mechanism_20260617/full/Guo/fixed_beta_0.05/seed1,
pca_cosine_knn,5,4.994489192962647,1.0,0.9558459520339966,0.0427838116884231,0.3326964560862866,0.1548590213060379,0.1423371285200119,1.0,0.0,0.0,0.0,5.0,66.0,16.0,50.0,0.0,0.0,0.9522650231124808,0.9526740908622742,0.9084535241127014,Guo,2,fixed_beta_0.05,1.0,1.0,3.996963213096729,1.0890555021762849,0.6161750048995017,2.190661979734897,0.9499998688697816,0.0500000081956386,fixed,0.05,0.05,0.05,0.02,0.5,anchor,local_mix,none,False,full,fixed_beta_0.05,results/experiments/neighbormix_beta_mechanism_20260617/full/Guo/fixed_beta_0.05/seed2,
pca_cosine_knn,5,4.994472026824951,1.0,0.9560685753822328,0.0427916869521141,0.3333744221879815,0.1566529721021652,0.1447712332010269,1.0,0.0,0.0,0.0,5.0,78.0,15.0,50.0,0.0,0.0,0.9518335901386747,0.952261447906494,0.9076267679532368,Guo,0,fixed_beta_0.1,1.0,1.0,3.996962932447235,2.180609413802624,1.233682753324509,4.383298908472062,0.8999998569488525,0.1000000163912773,fixed,0.1,0.1,0.05,0.02,0.5,anchor,local_mix,none,False,full,fixed_beta_0.1,results/experiments/neighbormix_beta_mechanism_20260617/full/Guo/fixed_beta_0.1/seed0,
pca_cosine_knn,5,4.994463920593262,1.0,0.9560303092002868,0.0429082550108432,0.3340523882896764,0.1553142964839935,0.1437475383281707,1.0,0.0,0.0,0.0,5.0,82.0,16.0,50.0,0.0,0.0,0.9514329738058552,0.9518691897392272,0.9027627110481262,Guo,1,fixed_beta_0.1,1.0,1.0,3.99694732779468,2.1815154321193697,1.2354843426942823,4.38836581993103,0.8999998569488525,0.1000000163912773,fixed,0.1,0.1,0.05,0.02,0.5,anchor,local_mix,none,False,full,fixed_beta_0.1,results/experiments/neighbormix_beta_mechanism_20260617/full/Guo/fixed_beta_0.1/seed1,
pca_cosine_knn,5,4.994489192962647,1.0,0.9558459520339966,0.0427838116884231,0.3326964560862866,0.1548590213060379,0.1423371285200119,1.0,0.0,0.0,0.0,5.0,66.0,16.0,50.0,0.0,0.0,0.9522650231124808,0.9526740908622742,0.9084535241127014,Guo,2,fixed_beta_0.1,1.0,1.0,3.996963213096729,2.1781110028624537,1.2323500029444694,4.381323985695839,0.8999998569488525,0.1000000163912773,fixed,0.1,0.1,0.05,0.02,0.5,anchor,local_mix,none,False,full,fixed_beta_0.1,results/experiments/neighbormix_beta_mechanism_20260617/full/Guo/fixed_beta_0.1/seed2,
pca_cosine_knn,5,4.994472026824951,1.0,0.9560685753822328,0.0427916869521141,0.3333744221879815,0.1566529721021652,0.1447712332010269,1.0,0.0,0.0,0.0,5.0,78.0,15.0,50.0,0.0,0.0,0.9518335901386747,0.952261447906494,0.9076267679532368,Guo,0,gaussian_noise_matched_anchor_target,1.0,1.0,3.9969819287473194,1.0904908363223076,0.7902447546720504,2.665303878188133,0.9499914385974406,0.050008560847491,truncated_normal,0.0999999999999999,0.1,0.05,0.02,0.5,anchor,gaussian_matched,none,False,full,gaussian_noise_matched_anchor_target,results/experiments/neighbormix_beta_mechanism_20260617/full/Guo/gaussian_noise_matched_anchor_target/seed0,
pca_cosine_knn,5,4.994463920593262,1.0,0.9560303092002868,0.0429082550108432,0.3340523882896764,0.1553142964839935,0.1437475383281707,1.0,0.0,0.0,0.0,5.0,82.0,16.0,50.0,0.0,0.0,0.9514329738058552,0.9518691897392272,0.9027627110481262,Guo,1,gaussian_noise_matched_anchor_target,1.0,1.0,3.996942176437244,1.090696946144104,0.7900294798016548,2.6629793862104414,0.9500191421508788,0.0499808566197753,truncated_normal,0.0999999999999999,0.1,0.05,0.02,0.5,anchor,gaussian_matched,none,False,full,gaussian_noise_matched_anchor_target,results/experiments/neighbormix_beta_mechanism_20260617/full/Guo/gaussian_noise_matched_anchor_target/seed1,
pca_cosine_knn,5,4.994489192962647,1.0,0.9558459520339966,0.0427838116884231,0.3326964560862866,0.1548590213060379,0.1423371285200119,1.0,0.0,0.0,0.0,5.0,66.0,16.0,50.0,0.0,0.0,0.9522650231124808,0.9526740908622742,0.9084535241127014,Guo,2,gaussian_noise_matched_anchor_target,1.0,1.0,3.99693349939601,1.088818475574255,0.7891587461233139,2.664066268444061,0.950025436848402,0.0499745625387877,truncated_normal,0.0999999999999999,0.1,0.05,0.02,0.5,anchor,gaussian_matched,none,False,full,gaussian_noise_matched_anchor_target,results/experiments/neighbormix_beta_mechanism_20260617/full/Guo/gaussian_noise_matched_anchor_target/seed2,
global_random_excluding_self,5,5.000000476837158,1.0,0.0680221393704414,0.3906375169754028,0.0007395993836671,0.0003115904983133,0.0058757192455232,0.0,0.0,0.0,0.0,5.0,15.0,9.0,50.0,0.0,0.0,0.1460708782742681,0.1460708379745483,0.0320115263263384,Guo,0,global_random_neighbor_control,1.0,1.0,4.000000015237235,3.448094963312149,1.4286712802648542,6.070113668441772,0.8999998569488525,0.1000000163912773,fixed,0.0999999999999999,0.0999999999999999,0.05,0.02,0.5,anchor,local_mix,none,False,full,global_random_neighbor_control,results/experiments/neighbormix_beta_mechanism_20260617/full/Guo/global_random_neighbor_control/seed0,
global_random_excluding_self,5,5.000000476837158,1.0,0.069460742175579,0.3908553421497345,0.0009861325115562,0.0003458311839494,0.0061891903169453,0.0,0.0,0.0,0.0,5.0,14.0,9.0,50.0,0.0,0.0,0.1466255778120185,0.1466255486011505,0.0294663682579994,Guo,1,global_random_neighbor_control,1.0,1.0,4.000000015237235,3.4498144794702528,1.436066677927971,6.073912587165832,0.8999998569488525,0.1000000163912773,fixed,0.0999999999999999,0.0999999999999999,0.05,0.02,0.5,anchor,local_mix,none,False,full,global_random_neighbor_control,results/experiments/neighbormix_beta_mechanism_20260617/full/Guo/global_random_neighbor_control/seed1,
global_random_excluding_self,5,5.000000476837158,1.0,0.0662233978509903,0.3905977308750152,0.0008012326656394,0.00039376821951,0.0066027990542352,0.0,0.0,0.0,0.0,5.0,14.0,9.0,50.0,0.0,0.0,0.1455161787365177,0.1455161422491073,0.0354153737425804,Guo,2,global_random_neighbor_control,1.0,1.0,4.000000015237235,3.450942465543747,1.4330312249064443,6.095687300920487,0.8999998569488525,0.1000000163912773,fixed,0.0999999999999999,0.0999999999999999,0.05,0.02,0.5,anchor,local_mix,none,False,full,global_random_neighbor_control,results/experiments/neighbormix_beta_mechanism_20260617/full/Guo/global_random_neighbor_control/seed2,
none,0,0.0,0.0,0.0,0.0,0.0,0.0,0.0,0.0,0.0,0.0,,0.0,0.0,0.0,,0.0,0.0,0.0,0.0,0.0,Guo,0,nm_scmae_nomix,0.0,0.0,0.0,0.0,0.0,0.0,1.0,0.0,fixed,0.0999999999999999,0.0999999999999999,0.05,0.02,0.5,anchor,local_mix,none,False,full,nm_scmae_nomix,results/experiments/neighbormix_beta_mechanism_20260617/full/Guo/nm_scmae_nomix/seed0,
none,0,0.0,0.0,0.0,0.0,0.0,0.0,0.0,0.0,0.0,0.0,,0.0,0.0,0.0,,0.0,0.0,0.0,0.0,0.0,Guo,1,nm_scmae_nomix,0.0,0.0,0.0,0.0,0.0,0.0,1.0,0.0,fixed,0.0999999999999999,0.0999999999999999,0.05,0.02,0.5,anchor,local_mix,none,False,full,nm_scmae_nomix,results/experiments/neighbormix_beta_mechanism_20260617/full/Guo/nm_scmae_nomix/seed1,
none,0,0.0,0.0,0.0,0.0,0.0,0.0,0.0,0.0,0.0,0.0,,0.0,0.0,0.0,,0.0,0.0,0.0,0.0,0.0,Guo,2,nm_scmae_nomix,0.0,0.0,0.0,0.0,0.0,0.0,1.0,0.0,fixed,0.0999999999999999,0.0999999999999999,0.05,0.02,0.5,anchor,local_mix,none,False,full,nm_scmae_nomix,results/experiments/neighbormix_beta_mechanism_20260617/full/Guo/nm_scmae_nomix/seed2,
pca_cosine_knn,5,4.994472026824951,1.0,0.9560685753822328,0.0427916869521141,0.3333744221879815,0.1566529721021652,0.1447712332010269,1.0,0.0,0.0,0.0,5.0,78.0,15.0,50.0,0.0,0.0,0.9518335901386747,0.952261447906494,0.9076267679532368,Guo,0,random_beta_uniform_0.1,1.0,1.0,3.996939646015384,1.090238070309162,0.9492939558327198,3.07683358502388,0.9500173563361168,0.0499826442543417,uniform,0.0999999999999999,0.1,0.05,0.02,0.5,anchor,local_mix,none,False,full,random_beta_uniform_0.1,results/experiments/neighbormix_beta_mechanism_20260617/full/Guo/random_beta_uniform_0.1/seed0,
pca_cosine_knn,5,4.994463920593262,1.0,0.9560303092002868,0.0429082550108432,0.3340523882896764,0.1553142964839935,0.1437475383281707,1.0,0.0,0.0,0.0,5.0,82.0,16.0,50.0,0.0,0.0,0.9514329738058552,0.9518691897392272,0.9027627110481262,Guo,1,random_beta_uniform_0.1,1.0,1.0,3.996934418674087,1.0910131194293498,0.9501477848291398,3.0817223590612413,0.9500070888996124,0.0499929113481193,uniform,0.0999999999999999,0.1,0.05,0.02,0.5,anchor,local_mix,none,False,full,random_beta_uniform_0.1,results/experiments/neighbormix_beta_mechanism_20260617/full/Guo/random_beta_uniform_0.1/seed1,
pca_cosine_knn,5,4.994489192962647,1.0,0.9558459520339966,0.0427838116884231,0.3326964560862866,0.1548590213060379,0.1423371285200119,1.0,0.0,0.0,0.0,5.0,66.0,16.0,50.0,0.0,0.0,0.9522650231124808,0.9526740908622742,0.9084535241127014,Guo,2,random_beta_uniform_0.1,1.0,1.0,3.996964060824266,1.0884337265491486,0.9481305095255376,3.073731717944145,0.950037062048912,0.0499629387054592,uniform,0.0999999999999999,0.1,0.05,0.02,0.5,anchor,local_mix,none,False,full,random_beta_uniform_0.1,results/experiments/neighbormix_beta_mechanism_20260617/full/Guo/random_beta_uniform_0.1/seed2,
snn_jaccard_weighted_knn,5,3.528010606765747,0.752788906009245,0.9560685753822328,0.0427916869521141,0.3333744221879815,0.1566529721021652,0.1447712332010269,0.1566529721021652,0.1447712332010269,0.021879815100154,0.021879815100154,5.0,78.0,15.0,50.0,0.0,0.0,0.9518335901386747,0.9535868763923644,0.906703233718872,Guo,0,snn_neighbormix,1.0,1.0,3.865432571930447,2.2961016567945483,1.301617228925228,4.657243674278259,0.8999998569488525,0.1000000163912773,fixed,0.0999999999999999,0.0999999999999999,0.05,0.02,0.5,anchor,local_mix,none,False,full,snn_neighbormix,results/experiments/neighbormix_beta_mechanism_20260617/full/Guo/snn_neighbormix/seed0,0.021879815100154
snn_jaccard_weighted_knn,5,3.520768642425537,0.7500462249614792,0.9560303092002868,0.0429082550108432,0.3340523882896764,0.1553142964839935,0.1437475383281707,0.1553142964839935,0.1437475383281707,0.0221879815100154,0.0221879815100154,5.0,82.0,16.0,50.0,0.0,0.0,0.9514329738058552,0.9519935846328736,0.8997493783632914,Guo,1,snn_neighbormix,1.0,1.0,3.8673997784868535,2.297210173606872,1.2998171057701111,4.660870718717575,0.8999998569488525,0.1000000163912773,fixed,0.0999999999999999,0.0999999999999999,0.05,0.02,0.5,anchor,local_mix,none,False,full,snn_neighbormix,results/experiments/neighbormix_beta_mechanism_20260617/full/Guo/snn_neighbormix/seed1,0.0221879815100154
snn_jaccard_weighted_knn,5,3.522455930709839,0.750939907550077,0.9558459520339966,0.0427838116884231,0.3326964560862866,0.1548590213060379,0.1423371285200119,0.1548590213060379,0.1423371285200119,0.0226502311248073,0.0226502311248073,5.0,66.0,16.0,50.0,0.0,0.0,0.9522650231124808,0.95425683259964,0.9046305020650228,Guo,2,snn_neighbormix,1.0,1.0,3.865545871257363,2.295260601401329,1.297670295417309,4.653007917881012,0.8999998569488525,0.1000000163912773,fixed,0.0999999999999999,0.0999999999999999,0.05,0.02,0.5,anchor,local_mix,none,False,full,snn_neighbormix,results/experiments/neighbormix_beta_mechanism_20260617/full/Guo/snn_neighbormix/seed2,0.0226502311248073
pca_cosine_knn,5,4.994472026824951,1.0,0.9560685753822328,0.0427916869521141,0.3333744221879815,0.1566529721021652,0.1447712332010269,1.0,0.0,0.0,0.0,5.0,78.0,15.0,50.0,0.0,0.0,0.9518335901386747,0.952261447906494,0.9076267679532368,Guo,0,truncated_normal_beta_mean0.05_std0.02,1.0,1.0,3.9969568250382537,1.090342603981495,0.7901968683302403,2.658918186068535,0.9499950680732728,0.050004931692034,truncated_normal,0.0999999999999999,0.1,0.05,0.02,0.5,anchor,local_mix,none,False,full,truncated_normal_beta_mean0.05_std0.02,results/experiments/neighbormix_beta_mechanism_20260617/full/Guo/truncated_normal_beta_mean0.05_std0.02/seed0,
pca_cosine_knn,5,4.994463920593262,1.0,0.9560303092002868,0.0429082550108432,0.3340523882896764,0.1553142964839935,0.1437475383281707,1.0,0.0,0.0,0.0,5.0,82.0,16.0,50.0,0.0,0.0,0.9514329738058552,0.9518691897392272,0.9027627110481262,Guo,1,truncated_normal_beta_mean0.05_std0.02,1.0,1.0,3.996965165492085,1.0903647680580617,0.7905067047774792,2.664107587099076,0.9500239998400212,0.0499759987276047,truncated_normal,0.0999999999999999,0.1,0.05,0.02,0.5,anchor,local_mix,none,False,full,truncated_normal_beta_mean0.05_std0.02,results/experiments/neighbormix_beta_mechanism_20260617/full/Guo/truncated_normal_beta_mean0.05_std0.02/seed1,
pca_cosine_knn,5,4.994489192962647,1.0,0.9558459520339966,0.0427838116884231,0.3326964560862866,0.1548590213060379,0.1423371285200119,1.0,0.0,0.0,0.0,5.0,66.0,16.0,50.0,0.0,0.0,0.9522650231124808,0.9526740908622742,0.9084535241127014,Guo,2,truncated_normal_beta_mean0.05_std0.02,1.0,1.0,3.9969642635896223,1.0891826332211494,0.7901562823653221,2.6642233523130416,0.9499986237883568,0.0500013751816004,truncated_normal,0.0999999999999999,0.1,0.05,0.02,0.5,anchor,local_mix,none,False,full,truncated_normal_beta_mean0.05_std0.02,results/experiments/neighbormix_beta_mechanism_20260617/full/Guo/truncated_normal_beta_mean0.05_std0.02/seed2,
pca_cosine_knn,5,4.992573261260986,1.0,0.9250876903533936,0.0551818795502185,0.2979110873058382,0.1052853986620903,0.1226002499461174,1.0,0.0,0.0,0.0,5.0,58.0,15.0,50.0,0.0,0.0,0.962542403142296,0.9627015590667723,0.9294465978940328,Macosko,0,fixed_beta_0.05,1.0,1.0,3.995776267974509,1.2958120351689204,0.8939607103743723,2.259760672552245,0.9499998688697816,0.0500000081956386,fixed,0.05,0.05,0.05,0.02,0.5,anchor,local_mix,none,False,full,fixed_beta_0.05,results/experiments/neighbormix_beta_mechanism_20260617/full/Macosko/fixed_beta_0.05/seed0,
pca_cosine_knn,5,4.992573261260986,1.0,0.9250876903533936,0.0551818795502185,0.2979110873058382,0.1052853986620903,0.1226002499461174,1.0,0.0,0.0,0.0,5.0,58.0,15.0,50.0,0.0,0.0,0.962542403142296,0.9627015590667723,0.9294465978940328,Macosko,1,fixed_beta_0.05,1.0,1.0,3.9957703436264023,1.2959167516316683,0.8943784043490887,2.258832668193749,0.9499998688697816,0.0500000081956386,fixed,0.05,0.05,0.05,0.02,0.5,anchor,local_mix,none,False,full,fixed_beta_0.05,results/experiments/neighbormix_beta_mechanism_20260617/full/Macosko/fixed_beta_0.05/seed1,
pca_cosine_knn,5,4.992573261260986,1.0,0.9250876903533936,0.0551818795502185,0.2979110873058382,0.1052853986620903,0.1226002499461174,1.0,0.0,0.0,0.0,5.0,58.0,15.0,50.0,0.0,0.0,0.962542403142296,0.9627015590667723,0.9294465978940328,Macosko,2,fixed_beta_0.05,1.0,1.0,3.995783358115047,1.295873421558312,0.8944145858692272,2.259192758721965,0.9499998688697816,0.0500000081956386,fixed,0.05,0.05,0.05,0.02,0.5,anchor,local_mix,none,False,full,fixed_beta_0.05,results/experiments/neighbormix_beta_mechanism_20260617/full/Macosko/fixed_beta_0.05/seed2,
pca_cosine_knn,5,4.992573261260986,1.0,0.9250876903533936,0.0551818795502185,0.2979110873058382,0.1052853986620903,0.1226002499461174,1.0,0.0,0.0,0.0,5.0,58.0,15.0,50.0,0.0,0.0,0.962542403142296,0.9627015590667723,0.9294465978940328,Macosko,0,fixed_beta_0.1,1.0,1.0,3.995776267974509,2.591624151825905,1.7879220939704354,4.519521295257976,0.8999998569488525,0.1000000163912773,fixed,0.1,0.1,0.05,0.02,0.5,anchor,local_mix,none,False,full,fixed_beta_0.1,results/experiments/neighbormix_beta_mechanism_20260617/full/Macosko/fixed_beta_0.1/seed0,
pca_cosine_knn,5,4.992573261260986,1.0,0.9250876903533936,0.0551818795502185,0.2979110873058382,0.1052853986620903,0.1226002499461174,1.0,0.0,0.0,0.0,5.0,58.0,15.0,50.0,0.0,0.0,0.962542403142296,0.9627015590667723,0.9294465978940328,Macosko,1,fixed_beta_0.1,1.0,1.0,3.9957703436264023,2.591833583968026,1.7887574798805377,4.51766527385371,0.8999998569488525,0.1000000163912773,fixed,0.1,0.1,0.05,0.02,0.5,anchor,local_mix,none,False,full,fixed_beta_0.1,results/experiments/neighbormix_beta_mechanism_20260617/full/Macosko/fixed_beta_0.1/seed1,
pca_cosine_knn,5,4.992573261260986,1.0,0.9250876903533936,0.0551818795502185,0.2979110873058382,0.1052853986620903,0.1226002499461174,1.0,0.0,0.0,0.0,5.0,58.0,15.0,50.0,0.0,0.0,0.962542403142296,0.9627015590667723,0.9294465978940328,Macosko,2,fixed_beta_0.1,1.0,1.0,3.995783358115047,2.5917469245365687,1.788829845441239,4.51838542505673,0.8999998569488525,0.1000000163912773,fixed,0.1,0.1,0.05,0.02,0.5,anchor,local_mix,none,False,full,fixed_beta_0.1,results/experiments/neighbormix_beta_mechanism_20260617/full/Macosko/fixed_beta_0.1/seed2,
pca_cosine_knn,5,4.992573261260986,1.0,0.9250876903533936,0.0551818795502185,0.2979110873058382,0.1052853986620903,0.1226002499461174,1.0,0.0,0.0,0.0,5.0,58.0,15.0,50.0,0.0,0.0,0.962542403142296,0.9627015590667723,0.9294465978940328,Macosko,0,gaussian_noise_matched_anchor_target,1.0,1.0,3.995784615708844,1.296136754027435,1.083715601512364,2.56110626330546,0.9499939050163542,0.0500060937694673,truncated_normal,0.0999999999999999,0.1,0.05,0.02,0.5,anchor,gaussian_matched,none,False,full,gaussian_noise_matched_anchor_target,results/experiments/neighbormix_beta_mechanism_20260617/full/Macosko/gaussian_noise_matched_anchor_target/seed0,
pca_cosine_knn,5,4.992573261260986,1.0,0.9250876903533936,0.0551818795502185,0.2979110873058382,0.1052853986620903,0.1226002499461174,1.0,0.0,0.0,0.0,5.0,58.0,15.0,50.0,0.0,0.0,0.962542403142296,0.9627015590667723,0.9294465978940328,Macosko,1,gaussian_noise_matched_anchor_target,1.0,1.0,3.995784610354778,1.2957442426681518,1.0823369934558869,2.557172879917281,0.950002961273704,0.0499970377489392,truncated_normal,0.0999999999999999,0.1,0.05,0.02,0.5,anchor,gaussian_matched,none,False,full,gaussian_noise_matched_anchor_target,results/experiments/neighbormix_beta_mechanism_20260617/full/Macosko/gaussian_noise_matched_anchor_target/seed1,
pca_cosine_knn,5,4.992573261260986,1.0,0.9250876903533936,0.0551818795502185,0.2979110873058382,0.1052853986620903,0.1226002499461174,1.0,0.0,0.0,0.0,5.0,58.0,15.0,50.0,0.0,0.0,0.962542403142296,0.9627015590667723,0.9294465978940328,Macosko,2,gaussian_noise_matched_anchor_target,1.0,1.0,3.9957858602085694,1.2954387428590228,1.07963291633342,2.558111177367824,0.9500000007408004,0.0499999983193618,truncated_normal,0.0999999999999999,0.1,0.05,0.02,0.5,anchor,gaussian_matched,none,False,full,gaussian_noise_matched_anchor_target,results/experiments/neighbormix_beta_mechanism_20260617/full/Macosko/gaussian_noise_matched_anchor_target/seed2,
global_random_excluding_self,5,5.000000476837158,1.0,0.0837182030081749,0.3614538908004761,0.0001249776825566,5.901724216528237e-05,0.0025600760709494,0.0,0.0,0.0,0.0,5.0,18.0,9.0,50.0,0.0,0.0,0.4641447955722192,0.4641447365283966,0.0009950246506681,Macosko,0,global_random_neighbor_control,1.0,1.0,4.000000015237228,3.147577654549054,1.9654655880246843,6.029423217943737,0.8999998569488525,0.1000000163912773,fixed,0.0999999999999999,0.0999999999999999,0.05,0.02,0.5,anchor,local_mix,none,False,full,global_random_neighbor_control,results/experiments/neighbormix_beta_mechanism_20260617/full/Macosko/global_random_neighbor_control/seed0,
global_random_excluding_self,5,5.000000476837158,1.0,0.0839407444000244,0.3621217310428619,0.0001785395465095,4.810648897546344e-05,0.0023114604409784,0.0,0.0,0.0,0.0,5.0,17.0,9.0,50.0,0.0,0.0,0.4637163006605963,0.4637162387371063,0.0020532255681852,Macosko,1,global_random_neighbor_control,1.0,1.0,4.000000015237228,3.1495440949542184,1.972279711237976,6.044452367850712,0.8999998569488525,0.1000000163912773,fixed,0.0999999999999999,0.0999999999999999,0.05,0.02,0.5,anchor,local_mix,none,False,full,global_random_neighbor_control,results/experiments/neighbormix_beta_mechanism_20260617/full/Macosko/global_random_neighbor_control/seed1,
global_random_excluding_self,5,5.000000476837158,1.0,0.0828077346086502,0.3619174659252167,0.0001071237279057,4.413894566823728e-05,0.0022141316439956,0.0,0.0,0.0,0.0,5.0,17.0,9.0,50.0,0.0,0.0,0.4639082306730941,0.4639081656932831,0.0009950246506681,Macosko,2,global_random_neighbor_control,1.0,1.0,4.000000015237228,3.152083790114948,1.9752982588027208,6.058671014411109,0.8999998569488525,0.1000000163912773,fixed,0.0999999999999999,0.0999999999999999,0.05,0.02,0.5,anchor,local_mix,none,False,full,global_random_neighbor_control,results/experiments/neighbormix_beta_mechanism_20260617/full/Macosko/global_random_neighbor_control/seed2,
none,0,0.0,0.0,0.0,0.0,0.0,0.0,0.0,0.0,0.0,0.0,,0.0,0.0,0.0,,0.0,0.0,0.0,0.0,0.0,Macosko,0,nm_scmae_nomix,0.0,0.0,0.0,0.0,0.0,0.0,1.0,0.0,fixed,0.0999999999999999,0.0999999999999999,0.05,0.02,0.5,anchor,local_mix,none,False,full,nm_scmae_nomix,results/experiments/neighbormix_beta_mechanism_20260617/full/Macosko/nm_scmae_nomix/seed0,
none,0,0.0,0.0,0.0,0.0,0.0,0.0,0.0,0.0,0.0,0.0,,0.0,0.0,0.0,,0.0,0.0,0.0,0.0,0.0,Macosko,1,nm_scmae_nomix,0.0,0.0,0.0,0.0,0.0,0.0,1.0,0.0,fixed,0.0999999999999999,0.0999999999999999,0.05,0.02,0.5,anchor,local_mix,none,False,full,nm_scmae_nomix,results/experiments/neighbormix_beta_mechanism_20260617/full/Macosko/nm_scmae_nomix/seed1,
none,0,0.0,0.0,0.0,0.0,0.0,0.0,0.0,0.0,0.0,0.0,,0.0,0.0,0.0,,0.0,0.0,0.0,0.0,0.0,Macosko,2,nm_scmae_nomix,0.0,0.0,0.0,0.0,0.0,0.0,1.0,0.0,fixed,0.0999999999999999,0.0999999999999999,0.05,0.02,0.5,anchor,local_mix,none,False,full,nm_scmae_nomix,results/experiments/neighbormix_beta_mechanism_20260617/full/Macosko/nm_scmae_nomix/seed2,
pca_cosine_knn,5,4.992573261260986,1.0,0.9250876903533936,0.0551818795502185,0.2979110873058382,0.1052853986620903,0.1226002499461174,1.0,0.0,0.0,0.0,5.0,58.0,15.0,50.0,0.0,0.0,0.962542403142296,0.9627015590667723,0.9294465978940328,Macosko,0,random_beta_uniform_0.1,1.0,1.0,3.995780355095541,1.295716045481818,1.2662173527096,2.779886362331254,0.950003647702081,0.0499963524591709,uniform,0.0999999999999999,0.1,0.05,0.02,0.5,anchor,local_mix,none,False,full,random_beta_uniform_0.1,results/experiments/neighbormix_beta_mechanism_20260617/full/Macosko/random_beta_uniform_0.1/seed0,
pca_cosine_knn,5,4.992573261260986,1.0,0.9250876903533936,0.0551818795502185,0.2979110873058382,0.1052853986620903,0.1226002499461174,1.0,0.0,0.0,0.0,5.0,58.0,15.0,50.0,0.0,0.0,0.962542403142296,0.9627015590667723,0.9294465978940328,Macosko,1,random_beta_uniform_0.1,1.0,1.0,3.9957912798164896,1.2957931083355632,1.2659562637337616,2.779833414043699,0.9500080565001284,0.0499919434211083,uniform,0.0999999999999999,0.1,0.05,0.02,0.5,anchor,local_mix,none,False,full,random_beta_uniform_0.1,results/experiments/neighbormix_beta_mechanism_20260617/full/Macosko/random_beta_uniform_0.1/seed1,
pca_cosine_knn,5,4.992573261260986,1.0,0.9250876903533936,0.0551818795502185,0.2979110873058382,0.1052853986620903,0.1226002499461174,1.0,0.0,0.0,0.0,5.0,58.0,15.0,50.0,0.0,0.0,0.962542403142296,0.9627015590667723,0.9294465978940328,Macosko,2,random_beta_uniform_0.1,1.0,1.0,3.9957819063345874,1.2950164275509972,1.2649101069016115,2.783435685379165,0.9500379283470768,0.0499620717074722,uniform,0.0999999999999999,0.1,0.05,0.02,0.5,anchor,local_mix,none,False,full,random_beta_uniform_0.1,results/experiments/neighbormix_beta_mechanism_20260617/full/Macosko/random_beta_uniform_0.1/seed2,
snn_jaccard_weighted_knn,5,3.111138105392456,0.6523477950366006,0.9250876903533936,0.0551818795502185,0.2979110873058382,0.1052853986620903,0.1226002499461174,0.1052853986620903,0.1226002499461174,0.0757900374933047,0.0757900374933047,5.0,58.0,15.0,50.0,0.0,0.0,0.962542403142296,0.9631838798522948,0.9199952085812888,Macosko,0,snn_neighbormix,1.0,1.0,3.90440337281082,2.758935192533902,1.8513959972177232,4.816341158185686,0.8999998569488525,0.1000000163912773,fixed,0.0999999999999999,0.0999999999999999,0.05,0.02,0.5,anchor,local_mix,none,False,full,snn_neighbormix,results/experiments/neighbormix_beta_mechanism_20260617/full/Macosko/snn_neighbormix/seed0,0.0757900374933047
snn_jaccard_weighted_knn,5,3.111138105392456,0.6523477950366006,0.9250876903533936,0.0551818795502185,0.2979110873058382,0.1052853986620903,0.1226002499461174,0.1052853986620903,0.1226002499461174,0.0757900374933047,0.0757900374933047,5.0,58.0,15.0,50.0,0.0,0.0,0.962542403142296,0.9631838798522948,0.9199952085812888,Macosko,1,snn_neighbormix,1.0,1.0,3.904257293375653,2.7588274449961525,1.850436468000923,4.81361225106035,0.8999998569488525,0.1000000163912773,fixed,0.0999999999999999,0.0999999999999999,0.05,0.02,0.5,anchor,local_mix,none,False,full,snn_neighbormix,results/experiments/neighbormix_beta_mechanism_20260617/full/Macosko/snn_neighbormix/seed1,0.0757900374933047
snn_jaccard_weighted_knn,5,3.111138105392456,0.6523477950366006,0.9250876903533936,0.0551818795502185,0.2979110873058382,0.1052853986620903,0.1226002499461174,0.1052853986620903,0.1226002499461174,0.0757900374933047,0.0757900374933047,5.0,58.0,15.0,50.0,0.0,0.0,0.962542403142296,0.9631838798522948,0.9199952085812888,Macosko,2,snn_neighbormix,1.0,1.0,3.904324701349329,2.7587832937240604,1.8505946965089863,4.816852446079254,0.8999998569488525,0.1000000163912773,fixed,0.0999999999999999,0.0999999999999999,0.05,0.02,0.5,anchor,local_mix,none,False,full,snn_neighbormix,results/experiments/neighbormix_beta_mechanism_20260617/full/Macosko/snn_neighbormix/seed2,0.0757900374933047
pca_cosine_knn,5,4.992573261260986,1.0,0.9250876903533936,0.0551818795502185,0.2979110873058382,0.1052853986620903,0.1226002499461174,1.0,0.0,0.0,0.0,5.0,58.0,15.0,50.0,0.0,0.0,0.962542403142296,0.9627015590667723,0.9294465978940328,Macosko,0,truncated_normal_beta_mean0.05_std0.02,1.0,1.0,3.995774790397004,1.2958472079549517,1.0815062203620165,2.5587692773086683,0.9499906004156384,0.0500093987810292,truncated_normal,0.0999999999999999,0.1,0.05,0.02,0.5,anchor,local_mix,none,False,full,truncated_normal_beta_mean0.05_std0.02,results/experiments/neighbormix_beta_mechanism_20260617/full/Macosko/truncated_normal_beta_mean0.05_std0.02/seed0,
pca_cosine_knn,5,4.992573261260986,1.0,0.9250876903533936,0.0551818795502185,0.2979110873058382,0.1052853986620903,0.1226002499461174,1.0,0.0,0.0,0.0,5.0,58.0,15.0,50.0,0.0,0.0,0.962542403142296,0.9627015590667723,0.9294465978940328,Macosko,1,truncated_normal_beta_mean0.05_std0.02,1.0,1.0,3.995784709107962,1.2954193934202194,1.080884800778968,2.5584038510322573,0.9500141540169714,0.0499858447177601,truncated_normal,0.0999999999999999,0.1,0.05,0.02,0.5,anchor,local_mix,none,False,full,truncated_normal_beta_mean0.05_std0.02,results/experiments/neighbormix_beta_mechanism_20260617/full/Macosko/truncated_normal_beta_mean0.05_std0.02/seed1,
pca_cosine_knn,5,4.992573261260986,1.0,0.9250876903533936,0.0551818795502185,0.2979110873058382,0.1052853986620903,0.1226002499461174,1.0,0.0,0.0,0.0,5.0,58.0,15.0,50.0,0.0,0.0,0.962542403142296,0.9627015590667723,0.9294465978940328,Macosko,2,truncated_normal_beta_mean0.05_std0.02,1.0,1.0,3.995786655921567,1.2959461382882935,1.081217223827328,2.561077813122954,0.9499948500224524,0.050005148884175,truncated_normal,0.0999999999999999,0.1,0.05,0.02,0.5,anchor,local_mix,none,False,full,truncated_normal_beta_mean0.05_std0.02,results/experiments/neighbormix_beta_mechanism_20260617/full/Macosko/truncated_normal_beta_mean0.05_std0.02/seed2,
pca_cosine_knn,5,4.972256183624268,1.0,0.8924466371536255,0.0820034891366958,0.3274983381342787,0.1681741327047348,0.1579177677631378,1.0,0.0,0.0,0.0,5.0,61.0,16.0,50.0,0.0,0.0,0.8719698648349213,0.8740304112434387,0.8484357992808024,Melanoma_5K,0,fixed_beta_0.05,1.0,1.0,3.9840242800933536,1.310932775981286,0.7058018012958415,2.72902848527712,0.9499998688697816,0.0500000081956386,fixed,0.05,0.05,0.05,0.02,0.5,anchor,local_mix,none,False,full,fixed_beta_0.05,results/experiments/neighbormix_beta_mechanism_20260617/full/Melanoma_5K/fixed_beta_0.05/seed0,
pca_cosine_knn,5,4.971978664398193,1.0,0.8924643993377686,0.0825860425829887,0.325637048526479,0.1703208535909652,0.1597455739974975,1.0,0.0,0.0,0.0,5.0,72.0,16.0,50.0,0.0,0.0,0.8716153334810547,0.8739621043205261,0.8518532117207845,Melanoma_5K,1,fixed_beta_0.05,1.0,1.0,3.983792342810544,1.3117234879556825,0.7070429398294757,2.730913470071905,0.9499998688697816,0.0500000081956386,fixed,0.05,0.05,0.05,0.02,0.5,anchor,local_mix,none,False,full,fixed_beta_0.05,results/experiments/neighbormix_beta_mechanism_20260617/full/Melanoma_5K/fixed_beta_0.05/seed1,
pca_cosine_knn,5,4.972635269165039,1.0,0.892723798751831,0.0818581134080886,0.3270551739419455,0.1687456667423248,0.1583421230316162,1.0,0.0,0.0,0.0,5.0,65.0,16.0,50.0,0.0,0.0,0.8717482827387547,0.8739094734191895,0.8498106002807617,Melanoma_5K,2,fixed_beta_0.05,1.0,1.0,3.984076629721741,1.3125887600814594,0.7058007709243718,2.730194842114168,0.9499998688697816,0.0500000081956386,fixed,0.05,0.05,0.05,0.02,0.5,anchor,local_mix,none,False,full,fixed_beta_0.05,results/experiments/neighbormix_beta_mechanism_20260617/full/Melanoma_5K/fixed_beta_0.05/seed2,
pca_cosine_knn,5,4.972256183624268,1.0,0.8924466371536255,0.0820034891366958,0.3274983381342787,0.1681741327047348,0.1579177677631378,1.0,0.0,0.0,0.0,5.0,61.0,16.0,50.0,0.0,0.0,0.8719698648349213,0.8740304112434387,0.8484357992808024,Melanoma_5K,0,fixed_beta_0.1,1.0,1.0,3.9840242800933536,2.621865520231864,1.41160357953871,5.458056974060395,0.8999998569488525,0.1000000163912773,fixed,0.1,0.1,0.05,0.02,0.5,anchor,local_mix,none,False,full,fixed_beta_0.1,results/experiments/neighbormix_beta_mechanism_20260617/full/Melanoma_5K/fixed_beta_0.1/seed0,
pca_cosine_knn,5,4.971978664398193,1.0,0.8924643993377686,0.0825860425829887,0.325637048526479,0.1703208535909652,0.1597455739974975,1.0,0.0,0.0,0.0,5.0,72.0,16.0,50.0,0.0,0.0,0.8716153334810547,0.8739621043205261,0.8518532117207845,Melanoma_5K,1,fixed_beta_0.1,1.0,1.0,3.983792342810544,2.6234469413757324,1.4140858564306709,5.461826950662276,0.8999998569488525,0.1000000163912773,fixed,0.1,0.1,0.05,0.02,0.5,anchor,local_mix,none,False,full,fixed_beta_0.1,results/experiments/neighbormix_beta_mechanism_20260617/full/Melanoma_5K/fixed_beta_0.1/seed1,
pca_cosine_knn,5,4.972635269165039,1.0,0.892723798751831,0.0818581134080886,0.3270551739419455,0.1687456667423248,0.1583421230316162,1.0,0.0,0.0,0.0,5.0,65.0,16.0,50.0,0.0,0.0,0.8717482827387547,0.8739094734191895,0.8498106002807617,Melanoma_5K,2,fixed_beta_0.1,1.0,1.0,3.984076629721741,2.6251774991259853,1.411601523178465,5.460389761714374,0.8999998569488525,0.1000000163912773,fixed,0.1,0.1,0.05,0.02,0.5,anchor,local_mix,none,False,full,fixed_beta_0.1,results/experiments/neighbormix_beta_mechanism_20260617/full/Melanoma_5K/fixed_beta_0.1/seed2,
pca_cosine_knn,5,4.972256183624268,1.0,0.8924466371536255,0.0820034891366958,0.3274983381342787,0.1681741327047348,0.1579177677631378,1.0,0.0,0.0,0.0,5.0,61.0,16.0,50.0,0.0,0.0,0.8719698648349213,0.8740304112434387,0.8484357992808024,Melanoma_5K,0,gaussian_noise_matched_anchor_target,1.0,1.0,3.983973040674057,1.3119058185640502,0.9205406669746428,3.017476686659981,0.950003943460829,0.0499960566651733,truncated_normal,0.0999999999999999,0.1,0.05,0.02,0.5,anchor,gaussian_matched,none,False,full,gaussian_noise_matched_anchor_target,results/experiments/neighbormix_beta_mechanism_20260617/full/Melanoma_5K/gaussian_noise_matched_anchor_target/seed0,
pca_cosine_knn,5,4.971978664398193,1.0,0.8924643993377686,0.0825860425829887,0.325637048526479,0.1703208535909652,0.1597455739974975,1.0,0.0,0.0,0.0,5.0,72.0,16.0,50.0,0.0,0.0,0.8716153334810547,0.8739621043205261,0.8518532117207845,Melanoma_5K,1,gaussian_noise_matched_anchor_target,1.0,1.0,3.983812818237607,1.311112959332326,0.9191338894998328,3.01775019624654,0.9500174491282772,0.0499825502006227,truncated_normal,0.0999999999999999,0.1,0.05,0.02,0.5,anchor,gaussian_matched,none,False,full,gaussian_noise_matched_anchor_target,results/experiments/neighbormix_beta_mechanism_20260617/full/Melanoma_5K/gaussian_noise_matched_anchor_target/seed1,
pca_cosine_knn,5,4.972635269165039,1.0,0.892723798751831,0.0818581134080886,0.3270551739419455,0.1687456667423248,0.1583421230316162,1.0,0.0,0.0,0.0,5.0,65.0,16.0,50.0,0.0,0.0,0.8717482827387547,0.8739094734191895,0.8498106002807617,Melanoma_5K,2,gaussian_noise_matched_anchor_target,1.0,1.0,3.98407988050203,1.314429389816873,0.9205963700571482,3.0266195575980577,0.9499905017368931,0.0500094983452821,truncated_normal,0.0999999999999999,0.1,0.05,0.02,0.5,anchor,gaussian_matched,none,False,full,gaussian_noise_matched_anchor_target,results/experiments/neighbormix_beta_mechanism_20260617/full/Melanoma_5K/gaussian_noise_matched_anchor_target/seed2,
global_random_excluding_self,5,5.000000476837158,1.0,0.0356071889400482,0.2960521280765533,0.0009749612231331,0.0005564172752201,0.0078431200236082,0.0,0.0,0.0,0.0,5.0,16.0,9.0,50.0,0.0,0.0,0.2065145136272989,0.2065144926309585,0.0114038578855494,Melanoma_5K,0,global_random_neighbor_control,1.0,1.0,4.000000015237235,3.4245329183690685,1.4918116591432515,6.473418794660009,0.8999998569488525,0.1000000163912773,fixed,0.0999999999999999,0.0999999999999999,0.05,0.02,0.5,anchor,local_mix,none,False,full,global_random_neighbor_control,results/experiments/neighbormix_beta_mechanism_20260617/full/Melanoma_5K/global_random_neighbor_control/seed0,
global_random_excluding_self,5,5.000000476837158,1.0,0.0359328687191009,0.2974249720573425,0.0012408597385331,0.0005071767955087,0.0074897091835737,0.0,0.0,0.0,0.0,5.0,15.0,9.0,50.0,0.0,0.0,0.2045645911810325,0.2045645862817764,0.0132955967759092,Melanoma_5K,1,global_random_neighbor_control,1.0,1.0,4.000000015237235,3.4417663767057305,1.5002107749967013,6.512988166598712,0.8999998569488525,0.1000000163912773,fixed,0.0999999999999999,0.0999999999999999,0.05,0.02,0.5,anchor,local_mix,none,False,full,global_random_neighbor_control,results/experiments/neighbormix_beta_mechanism_20260617/full/Melanoma_5K/global_random_neighbor_control/seed1,
global_random_excluding_self,5,5.000000476837158,1.0,0.0364352911710739,0.296875923871994,0.0006204298692665,0.0004887116374447,0.007456621620804,0.0,0.0,0.0,0.0,5.0,16.0,9.0,50.0,0.0,0.0,0.2051850210502991,0.2051849961280822,0.0191327696666121,Melanoma_5K,2,global_random_neighbor_control,1.0,1.0,4.000000015237235,3.4307547718286515,1.4915975215680457,6.476717493463964,0.8999998569488525,0.1000000163912773,fixed,0.0999999999999999,0.0999999999999999,0.05,0.02,0.5,anchor,local_mix,none,False,full,global_random_neighbor_control,results/experiments/neighbormix_beta_mechanism_20260617/full/Melanoma_5K/global_random_neighbor_control/seed2,
none,0,0.0,0.0,0.0,0.0,0.0,0.0,0.0,0.0,0.0,0.0,,0.0,0.0,0.0,,0.0,0.0,0.0,0.0,0.0,Melanoma_5K,0,nm_scmae_nomix,0.0,0.0,0.0,0.0,0.0,0.0,1.0,0.0,fixed,0.0999999999999999,0.0999999999999999,0.05,0.02,0.5,anchor,local_mix,none,False,full,nm_scmae_nomix,results/experiments/neighbormix_beta_mechanism_20260617/full/Melanoma_5K/nm_scmae_nomix/seed0,
none,0,0.0,0.0,0.0,0.0,0.0,0.0,0.0,0.0,0.0,0.0,,0.0,0.0,0.0,,0.0,0.0,0.0,0.0,0.0,Melanoma_5K,1,nm_scmae_nomix,0.0,0.0,0.0,0.0,0.0,0.0,1.0,0.0,fixed,0.0999999999999999,0.0999999999999999,0.05,0.02,0.5,anchor,local_mix,none,False,full,nm_scmae_nomix,results/experiments/neighbormix_beta_mechanism_20260617/full/Melanoma_5K/nm_scmae_nomix/seed1,
none,0,0.0,0.0,0.0,0.0,0.0,0.0,0.0,0.0,0.0,0.0,,0.0,0.0,0.0,,0.0,0.0,0.0,0.0,0.0,Melanoma_5K,2,nm_scmae_nomix,0.0,0.0,0.0,0.0,0.0,0.0,1.0,0.0,fixed,0.0999999999999999,0.0999999999999999,0.05,0.02,0.5,anchor,local_mix,none,False,full,nm_scmae_nomix,results/experiments/neighbormix_beta_mechanism_20260617/full/Melanoma_5K/nm_scmae_nomix/seed2,
pca_cosine_knn,5,4.972256183624268,1.0,0.8924466371536255,0.0820034891366958,0.3274983381342787,0.1681741327047348,0.1579177677631378,1.0,0.0,0.0,0.0,5.0,61.0,16.0,50.0,0.0,0.0,0.8719698648349213,0.8740304112434387,0.8484357992808024,Melanoma_5K,0,random_beta_uniform_0.1,1.0,1.0,3.983987488513149,1.3102141874677995,1.1082873384742176,3.3374260053915137,0.9500355257707482,0.0499644739388981,uniform,0.0999999999999999,0.1,0.05,0.02,0.5,anchor,local_mix,none,False,full,random_beta_uniform_0.1,results/experiments/neighbormix_beta_mechanism_20260617/full/Melanoma_5K/random_beta_uniform_0.1/seed0,
pca_cosine_knn,5,4.971978664398193,1.0,0.8924643993377686,0.0825860425829887,0.325637048526479,0.1703208535909652,0.1597455739974975,1.0,0.0,0.0,0.0,5.0,72.0,16.0,50.0,0.0,0.0,0.8716153334810547,0.8739621043205261,0.8518532117207845,Melanoma_5K,1,random_beta_uniform_0.1,1.0,1.0,3.983821094190926,1.3100178208421258,1.1066927605692078,3.333432229652124,0.9500087772222126,0.0499912233749295,uniform,0.0999999999999999,0.1,0.05,0.02,0.5,anchor,local_mix,none,False,full,random_beta_uniform_0.1,results/experiments/neighbormix_beta_mechanism_20260617/full/Melanoma_5K/random_beta_uniform_0.1/seed1,
pca_cosine_knn,5,4.972635269165039,1.0,0.892723798751831,0.0818581134080886,0.3270551739419455,0.1687456667423248,0.1583421230316162,1.0,0.0,0.0,0.0,5.0,65.0,16.0,50.0,0.0,0.0,0.8717482827387547,0.8739094734191895,0.8498106002807617,Melanoma_5K,2,random_beta_uniform_0.1,1.0,1.0,3.984099664550372,1.3118706295595448,1.111038968317649,3.336932496288243,0.9500126178650294,0.0499873835401719,uniform,0.0999999999999999,0.1,0.05,0.02,0.5,anchor,local_mix,none,False,full,random_beta_uniform_0.1,results/experiments/neighbormix_beta_mechanism_20260617/full/Melanoma_5K/random_beta_uniform_0.1/seed2,
snn_jaccard_weighted_knn,5,3.5573155879974365,0.7575448703744737,0.8924466371536255,0.0820034891366958,0.3274983381342787,0.1681741327047348,0.1579177677631378,0.1681741327047348,0.1579177677631378,0.0219366275204963,0.0219366275204963,5.0,61.0,16.0,50.0,0.0,0.0,0.8719698648349213,0.8711131811141968,0.8384696046511332,Melanoma_5K,0,snn_neighbormix,1.0,1.0,3.867961319697854,2.751010048389434,1.4961715621983305,5.755331968910555,0.8999998569488525,0.1000000163912773,fixed,0.0999999999999999,0.0999999999999999,0.05,0.02,0.5,anchor,local_mix,none,False,full,snn_neighbormix,results/experiments/neighbormix_beta_mechanism_20260617/full/Melanoma_5K/snn_neighbormix/seed0,0.0219366275204963
snn_jaccard_weighted_knn,5,3.558389663696289,0.7588300465322402,0.8924643993377686,0.0825860425829887,0.325637048526479,0.1703208535909652,0.1597455739974975,0.1703208535909652,0.1597455739974975,0.0208287170396631,0.0208287170396631,5.0,72.0,16.0,50.0,0.0,0.0,0.8716153334810547,0.8747488856315613,0.8518459995587667,Melanoma_5K,1,snn_neighbormix,1.0,1.0,3.866459797021736,2.747333498386776,1.4826048144522834,5.738537521222058,0.8999998569488525,0.1000000163912773,fixed,0.0999999999999999,0.0999999999999999,0.05,0.02,0.5,anchor,local_mix,none,False,full,snn_neighbormix,results/experiments/neighbormix_beta_mechanism_20260617/full/Melanoma_5K/snn_neighbormix/seed1,0.0208287170396631
snn_jaccard_weighted_knn,5,3.553051710128784,0.7573232882783071,0.892723798751831,0.0818581134080886,0.3270551739419455,0.1687456667423248,0.1583421230316162,0.1687456667423248,0.1583421230316162,0.0217150454243297,0.0217150454243297,5.0,65.0,16.0,50.0,0.0,0.0,0.8717482827387547,0.8740057945251465,0.8467047413190206,Melanoma_5K,2,snn_neighbormix,1.0,1.0,3.866688384972636,2.749526823969448,1.4688345337615292,5.70369857970406,0.8999998569488525,0.1000000163912773,fixed,0.0999999999999999,0.0999999999999999,0.05,0.02,0.5,anchor,local_mix,none,False,full,snn_neighbormix,results/experiments/neighbormix_beta_mechanism_20260617/full/Melanoma_5K/snn_neighbormix/seed2,0.0217150454243297
pca_cosine_knn,5,4.972256183624268,1.0,0.8924466371536255,0.0820034891366958,0.3274983381342787,0.1681741327047348,0.1579177677631378,1.0,0.0,0.0,0.0,5.0,61.0,16.0,50.0,0.0,0.0,0.8719698648349213,0.8740304112434387,0.8484357992808024,Melanoma_5K,0,truncated_normal_beta_mean0.05_std0.02,1.0,1.0,3.983918332210747,1.3102023107164047,0.9149816741399904,3.0013548716026195,0.9499980870415182,0.0500019133748377,truncated_normal,0.0999999999999999,0.1,0.05,0.02,0.5,anchor,local_mix,none,False,full,truncated_normal_beta_mean0.05_std0.02,results/experiments/neighbormix_beta_mechanism_20260617/full/Melanoma_5K/truncated_normal_beta_mean0.05_std0.02/seed0,
pca_cosine_knn,5,4.971978664398193,1.0,0.8924643993377686,0.0825860425829887,0.325637048526479,0.1703208535909652,0.1597455739974975,1.0,0.0,0.0,0.0,5.0,72.0,16.0,50.0,0.0,0.0,0.8716153334810547,0.8739621043205261,0.8518532117207845,Melanoma_5K,1,truncated_normal_beta_mean0.05_std0.02,1.0,1.0,3.9837616053816247,1.3105673868866528,0.9155062626389896,3.014674730335965,0.9500171209521152,0.049982877297546,truncated_normal,0.0999999999999999,0.1,0.05,0.02,0.5,anchor,local_mix,none,False,full,truncated_normal_beta_mean0.05_std0.02,results/experiments/neighbormix_beta_mechanism_20260617/full/Melanoma_5K/truncated_normal_beta_mean0.05_std0.02/seed1,
pca_cosine_knn,5,4.972635269165039,1.0,0.892723798751831,0.0818581134080886,0.3270551739419455,0.1687456667423248,0.1583421230316162,1.0,0.0,0.0,0.0,5.0,65.0,16.0,50.0,0.0,0.0,0.8717482827387547,0.8739094734191895,0.8498106002807617,Melanoma_5K,2,truncated_normal_beta_mean0.05_std0.02,1.0,1.0,3.984154751201781,1.3119645254576906,0.9154766110374648,3.004617370051496,0.9500066870275664,0.0499933122465496,truncated_normal,0.0999999999999999,0.1,0.05,0.02,0.5,anchor,local_mix,none,False,full,truncated_normal_beta_mean0.05_std0.02,results/experiments/neighbormix_beta_mechanism_20260617/full/Melanoma_5K/truncated_normal_beta_mean0.05_std0.02/seed2,
pca_cosine_knn,5,4.953795433044434,1.0,0.8200443387031555,0.244206890463829,0.3707641196013289,0.245298758149147,0.1587735414505005,1.0,0.0,0.0,0.0,5.0,31.0,17.0,50.0,0.0,0.0,0.8897009966777408,0.8924514651298523,0.7818401008844376,Pollen,0,fixed_beta_0.05,1.0,1.0,3.975699385887667,1.2809362232685089,0.8565445303916931,3.389739263057709,0.9499998688697816,0.0500000081956386,fixed,0.05,0.05,0.05,0.02,0.5,anchor,local_mix,none,False,full,fixed_beta_0.05,results/experiments/neighbormix_beta_mechanism_20260617/full/Pollen/fixed_beta_0.05/seed0,
pca_cosine_knn,5,4.954550266265869,1.0,0.8187931776046753,0.2451605498790741,0.3720930232558139,0.2472973763942718,0.1640246212482452,1.0,0.0,0.0,0.0,5.0,33.0,15.0,50.0,0.0,0.0,0.891029900332226,0.8935224413871765,0.7860180884599686,Pollen,1,fixed_beta_0.05,1.0,1.0,3.976741433567997,1.281596304476261,0.8554482758045197,3.3947213023900984,0.9499998688697816,0.0500000081956386,fixed,0.05,0.05,0.05,0.02,0.5,anchor,local_mix,none,False,full,fixed_beta_0.05,results/experiments/neighbormix_beta_mechanism_20260617/full/Pollen/fixed_beta_0.05/seed1,
pca_cosine_knn,5,4.9565019607543945,1.0,0.8189609050750732,0.2462056428194046,0.3667774086378738,0.2456362545490265,0.1657811850309372,1.0,0.0,0.0,0.0,5.0,31.0,17.0,50.0,0.0,0.0,0.8916943521594685,0.8931140303611755,0.7822647169232368,Pollen,2,fixed_beta_0.05,1.0,1.0,3.978328870118282,1.275105421245098,0.8484122231602669,3.366169214248657,0.9499998688697816,0.0500000081956386,fixed,0.05,0.05,0.05,0.02,0.5,anchor,local_mix,none,False,full,fixed_beta_0.05,results/experiments/neighbormix_beta_mechanism_20260617/full/Pollen/fixed_beta_0.05/seed2,
pca_cosine_knn,5,4.953795433044434,1.0,0.8200443387031555,0.244206890463829,0.3707641196013289,0.245298758149147,0.1587735414505005,1.0,0.0,0.0,0.0,5.0,31.0,17.0,50.0,0.0,0.0,0.8897009966777408,0.8924514651298523,0.7818401008844376,Pollen,0,fixed_beta_0.1,1.0,1.0,3.975699385887667,2.5618724286556245,1.7130890190601349,6.779478418827057,0.8999998569488525,0.1000000163912773,fixed,0.1,0.1,0.05,0.02,0.5,anchor,local_mix,none,False,full,fixed_beta_0.1,results/experiments/neighbormix_beta_mechanism_20260617/full/Pollen/fixed_beta_0.1/seed0,
pca_cosine_knn,5,4.954550266265869,1.0,0.8187931776046753,0.2451605498790741,0.3720930232558139,0.2472973763942718,0.1640246212482452,1.0,0.0,0.0,0.0,5.0,33.0,15.0,50.0,0.0,0.0,0.891029900332226,0.8935224413871765,0.7860180884599686,Pollen,1,fixed_beta_0.1,1.0,1.0,3.976741433567997,2.563192576169968,1.710896521806717,6.789442622661591,0.8999998569488525,0.1000000163912773,fixed,0.1,0.1,0.05,0.02,0.5,anchor,local_mix,none,False,full,fixed_beta_0.1,results/experiments/neighbormix_beta_mechanism_20260617/full/Pollen/fixed_beta_0.1/seed1,
pca_cosine_knn,5,4.9565019607543945,1.0,0.8189609050750732,0.2462056428194046,0.3667774086378738,0.2456362545490265,0.1657811850309372,1.0,0.0,0.0,0.0,5.0,31.0,17.0,50.0,0.0,0.0,0.8916943521594685,0.8931140303611755,0.7822647169232368,Pollen,2,fixed_beta_0.1,1.0,1.0,3.978328870118282,2.550210806727409,1.6968244090676308,6.732338190078735,0.8999998569488525,0.1000000163912773,fixed,0.1,0.1,0.05,0.02,0.5,anchor,local_mix,none,False,full,fixed_beta_0.1,results/experiments/neighbormix_beta_mechanism_20260617/full/Pollen/fixed_beta_0.1/seed2,
pca_cosine_knn,5,4.953795433044434,1.0,0.8200443387031555,0.244206890463829,0.3707641196013289,0.245298758149147,0.1587735414505005,1.0,0.0,0.0,0.0,5.0,31.0,17.0,50.0,0.0,0.0,0.8897009966777408,0.8924514651298523,0.7818401008844376,Pollen,0,gaussian_noise_matched_anchor_target,1.0,1.0,3.97600572183264,1.2831765919923783,1.0552898064255714,3.5929500848054885,0.9500310868024826,0.0499689104035496,truncated_normal,0.0999999999999999,0.1,0.05,0.02,0.5,anchor,gaussian_matched,none,False,full,gaussian_noise_matched_anchor_target,results/experiments/neighbormix_beta_mechanism_20260617/full/Pollen/gaussian_noise_matched_anchor_target/seed0,
pca_cosine_knn,5,4.954550266265869,1.0,0.8187931776046753,0.2451605498790741,0.3720930232558139,0.2472973763942718,0.1640246212482452,1.0,0.0,0.0,0.0,5.0,33.0,15.0,50.0,0.0,0.0,0.891029900332226,0.8935224413871765,0.7860180884599686,Pollen,1,gaussian_noise_matched_anchor_target,1.0,1.0,3.97615363666933,1.2854438975453375,1.0577057249844075,3.5835879325866697,0.9498653575778008,0.0501346371136605,truncated_normal,0.0999999999999999,0.1,0.05,0.02,0.5,anchor,gaussian_matched,none,False,full,gaussian_noise_matched_anchor_target,results/experiments/neighbormix_beta_mechanism_20260617/full/Pollen/gaussian_noise_matched_anchor_target/seed1,
pca_cosine_knn,5,4.9565019607543945,1.0,0.8189609050750732,0.2462056428194046,0.3667774086378738,0.2456362545490265,0.1657811850309372,1.0,0.0,0.0,0.0,5.0,31.0,17.0,50.0,0.0,0.0,0.8916943521594685,0.8931140303611755,0.7822647169232368,Pollen,2,gaussian_noise_matched_anchor_target,1.0,1.0,3.9787292783892902,1.285832765698433,1.0631013534963132,3.607802850008011,0.9498830281198024,0.0501169735565781,truncated_normal,0.0999999999999999,0.1,0.05,0.02,0.5,anchor,gaussian_matched,none,False,full,gaussian_noise_matched_anchor_target,results/experiments/neighbormix_beta_mechanism_20260617/full/Pollen/gaussian_noise_matched_anchor_target/seed2,
global_random_excluding_self,5,5.000000476837158,1.0,0.0384688973426818,0.3122470080852508,0.0212624584717608,0.0075673684477806,0.0288044475018978,0.0,0.0,0.0,0.0,5.0,14.0,9.0,50.0,0.0,0.0,0.1142857142857142,0.1142856925725936,0.0594957908615469,Pollen,0,global_random_neighbor_control,1.0,1.0,4.000000015237235,3.3862680733203887,1.596913430094719,7.053470999002457,0.8999998569488525,0.1000000163912773,fixed,0.0999999999999999,0.0999999999999999,0.05,0.02,0.5,anchor,local_mix,none,False,full,global_random_neighbor_control,results/experiments/neighbormix_beta_mechanism_20260617/full/Pollen/global_random_neighbor_control/seed0,
global_random_excluding_self,5,5.000000476837158,1.0,0.0362498499453067,0.3115711808204651,0.0146179401993355,0.0083794761449098,0.0301161035895347,0.0,0.0,0.0,0.0,5.0,11.0,9.0,50.0,0.0,0.0,0.1122923588039867,0.1122923493385315,0.044005595613271,Pollen,1,global_random_neighbor_control,1.0,1.0,4.000000015237235,3.353081032633781,1.596537747979164,7.038882756233216,0.8999998569488525,0.1000000163912773,fixed,0.0999999999999999,0.0999999999999999,0.05,0.02,0.5,anchor,local_mix,none,False,full,global_random_neighbor_control,results/experiments/neighbormix_beta_mechanism_20260617/full/Pollen/global_random_neighbor_control/seed1,
global_random_excluding_self,5,5.000000476837158,1.0,0.0282791294157505,0.3037023246288299,0.0172757475083056,0.0083056474104523,0.0300001427531242,0.0,0.0,0.0,0.0,5.0,15.0,9.0,50.0,0.0,0.0,0.1009966777408638,0.100996658205986,0.0419607744552195,Pollen,2,global_random_neighbor_control,1.0,1.0,4.000000015237235,3.410703292489052,1.5657752990722655,6.963412207365036,0.8999998569488525,0.1000000163912773,fixed,0.0999999999999999,0.0999999999999999,0.05,0.02,0.5,anchor,local_mix,none,False,full,global_random_neighbor_control,results/experiments/neighbormix_beta_mechanism_20260617/full/Pollen/global_random_neighbor_control/seed2,
none,0,0.0,0.0,0.0,0.0,0.0,0.0,0.0,0.0,0.0,0.0,,0.0,0.0,0.0,,0.0,0.0,0.0,0.0,0.0,Pollen,0,nm_scmae_nomix,0.0,0.0,0.0,0.0,0.0,0.0,1.0,0.0,fixed,0.0999999999999999,0.0999999999999999,0.05,0.02,0.5,anchor,local_mix,none,False,full,nm_scmae_nomix,results/experiments/neighbormix_beta_mechanism_20260617/full/Pollen/nm_scmae_nomix/seed0,
none,0,0.0,0.0,0.0,0.0,0.0,0.0,0.0,0.0,0.0,0.0,,0.0,0.0,0.0,,0.0,0.0,0.0,0.0,0.0,Pollen,1,nm_scmae_nomix,0.0,0.0,0.0,0.0,0.0,0.0,1.0,0.0,fixed,0.0999999999999999,0.0999999999999999,0.05,0.02,0.5,anchor,local_mix,none,False,full,nm_scmae_nomix,results/experiments/neighbormix_beta_mechanism_20260617/full/Pollen/nm_scmae_nomix/seed1,
none,0,0.0,0.0,0.0,0.0,0.0,0.0,0.0,0.0,0.0,0.0,,0.0,0.0,0.0,,0.0,0.0,0.0,0.0,0.0,Pollen,2,nm_scmae_nomix,0.0,0.0,0.0,0.0,0.0,0.0,1.0,0.0,fixed,0.0999999999999999,0.0999999999999999,0.05,0.02,0.5,anchor,local_mix,none,False,full,nm_scmae_nomix,results/experiments/neighbormix_beta_mechanism_20260617/full/Pollen/nm_scmae_nomix/seed2,
pca_cosine_knn,5,4.953795433044434,1.0,0.8200443387031555,0.244206890463829,0.3707641196013289,0.245298758149147,0.1587735414505005,1.0,0.0,0.0,0.0,5.0,31.0,17.0,50.0,0.0,0.0,0.8897009966777408,0.8924514651298523,0.7818401008844376,Pollen,0,random_beta_uniform_0.1,1.0,1.0,3.9762083483527952,1.278718338906765,1.2388163670897483,3.922634226083756,0.9501765869557858,0.0498234114143997,uniform,0.0999999999999999,0.1,0.05,0.02,0.5,anchor,local_mix,none,False,full,random_beta_uniform_0.1,results/experiments/neighbormix_beta_mechanism_20260617/full/Pollen/random_beta_uniform_0.1/seed0,
pca_cosine_knn,5,4.954550266265869,1.0,0.8187931776046753,0.2451605498790741,0.3720930232558139,0.2472973763942718,0.1640246212482452,1.0,0.0,0.0,0.0,5.0,33.0,15.0,50.0,0.0,0.0,0.891029900332226,0.8935224413871765,0.7860180884599686,Pollen,1,random_beta_uniform_0.1,1.0,1.0,3.9766230133684006,1.2831517830491066,1.2409203514456748,3.9756437301635743,0.9500575192272664,0.0499424777925014,uniform,0.0999999999999999,0.1,0.05,0.02,0.5,anchor,local_mix,none,False,full,random_beta_uniform_0.1,results/experiments/neighbormix_beta_mechanism_20260617/full/Pollen/random_beta_uniform_0.1/seed1,
pca_cosine_knn,5,4.9565019607543945,1.0,0.8189609050750732,0.2462056428194046,0.3667774086378738,0.2456362545490265,0.1657811850309372,1.0,0.0,0.0,0.0,5.0,31.0,17.0,50.0,0.0,0.0,0.8916943521594685,0.8931140303611755,0.7822647169232368,Pollen,2,random_beta_uniform_0.1,1.0,1.0,3.9777544511959406,1.2827594980597496,1.2333299100399018,3.912670999765396,0.94989939853549,0.0501006066333502,uniform,0.0999999999999999,0.1,0.05,0.02,0.5,anchor,local_mix,none,False,full,random_beta_uniform_0.1,results/experiments/neighbormix_beta_mechanism_20260617/full/Pollen/random_beta_uniform_0.1/seed2,
snn_jaccard_weighted_knn,5,4.342256546020508,0.9295681063122924,0.8200443387031555,0.244206890463829,0.3707641196013289,0.245298758149147,0.1587735414505005,0.245298758149147,0.1587735414505005,0.0066445182724252,0.0066445182724252,5.0,31.0,17.0,50.0,0.0,0.0,0.8897009966777408,0.8981582522392273,0.7974549606442451,Pollen,0,snn_neighbormix,1.0,1.0,3.8479752691357616,2.623592844605446,1.7412599310278891,6.900944650173187,0.8999998569488525,0.1000000163912773,fixed,0.0999999999999999,0.0999999999999999,0.05,0.02,0.5,anchor,local_mix,none,False,full,snn_neighbormix,results/experiments/neighbormix_beta_mechanism_20260617/full/Pollen/snn_neighbormix/seed0,0.0066445182724252
snn_jaccard_weighted_knn,5,4.276462554931641,0.9169435215946844,0.8187931776046753,0.2451605498790741,0.3720930232558139,0.2472973763942718,0.1640246212482452,0.2472973763942718,0.1640246212482452,0.0066445182724252,0.0066445182724252,5.0,33.0,15.0,50.0,0.0,0.0,0.891029900332226,0.9005032777786255,0.8065457418560982,Pollen,1,snn_neighbormix,1.0,1.0,3.851403719338791,2.63597885966301,1.7603181704878808,7.066772019863128,0.8999998569488525,0.1000000163912773,fixed,0.0999999999999999,0.0999999999999999,0.05,0.02,0.5,anchor,local_mix,none,False,full,snn_neighbormix,results/experiments/neighbormix_beta_mechanism_20260617/full/Pollen/snn_neighbormix/seed1,0.0066445182724252
snn_jaccard_weighted_knn,5,4.24932336807251,0.9069767441860463,0.8189609050750732,0.2462056428194046,0.3667774086378738,0.2456362545490265,0.1657811850309372,0.2456362545490265,0.1657811850309372,0.0033222591362126,0.0033222591362126,5.0,31.0,17.0,50.0,0.0,0.0,0.8916943521594685,0.8995121121406555,0.8148761093616486,Pollen,2,snn_neighbormix,1.0,1.0,3.8502749662472175,2.623172292113304,1.7310823440551757,6.842611747980118,0.8999998569488525,0.1000000163912773,fixed,0.0999999999999999,0.0999999999999999,0.05,0.02,0.5,anchor,local_mix,none,False,full,snn_neighbormix,results/experiments/neighbormix_beta_mechanism_20260617/full/Pollen/snn_neighbormix/seed2,0.0033222591362126
pca_cosine_knn,5,4.953795433044434,1.0,0.8200443387031555,0.244206890463829,0.3707641196013289,0.245298758149147,0.1587735414505005,1.0,0.0,0.0,0.0,5.0,31.0,17.0,50.0,0.0,0.0,0.8897009966777408,0.8924514651298523,0.7818401008844376,Pollen,0,truncated_normal_beta_mean0.05_std0.02,1.0,1.0,3.9762212242707577,1.2829597145318985,1.0484894759953023,3.558634105324745,0.9499052003026008,0.0500948044937104,truncated_normal,0.0999999999999999,0.1,0.05,0.02,0.5,anchor,local_mix,none,False,full,truncated_normal_beta_mean0.05_std0.02,results/experiments/neighbormix_beta_mechanism_20260617/full/Pollen/truncated_normal_beta_mean0.05_std0.02/seed0,
pca_cosine_knn,5,4.954550266265869,1.0,0.8187931776046753,0.2451605498790741,0.3720930232558139,0.2472973763942718,0.1640246212482452,1.0,0.0,0.0,0.0,5.0,33.0,15.0,50.0,0.0,0.0,0.891029900332226,0.8935224413871765,0.7860180884599686,Pollen,1,truncated_normal_beta_mean0.05_std0.02,1.0,1.0,3.975881321084347,1.2811998680233956,1.048951817303896,3.552402466535568,0.9499892309308052,0.0500107718165963,truncated_normal,0.0999999999999999,0.1,0.05,0.02,0.5,anchor,local_mix,none,False,full,truncated_normal_beta_mean0.05_std0.02,results/experiments/neighbormix_beta_mechanism_20260617/full/Pollen/truncated_normal_beta_mean0.05_std0.02/seed1,
pca_cosine_knn,5,4.9565019607543945,1.0,0.8189609050750732,0.2462056428194046,0.3667774086378738,0.2456362545490265,0.1657811850309372,1.0,0.0,0.0,0.0,5.0,31.0,17.0,50.0,0.0,0.0,0.8916943521594685,0.8931140303611755,0.7822647169232368,Pollen,2,truncated_normal_beta_mean0.05_std0.02,1.0,1.0,3.978279396426013,1.279089629650116,1.0528930373489858,3.543963313102722,0.9499409645795822,0.05005903262645,truncated_normal,0.0999999999999999,0.1,0.05,0.02,0.5,anchor,local_mix,none,False,full,truncated_normal_beta_mean0.05_std0.02,results/experiments/neighbormix_beta_mechanism_20260617/full/Pollen/truncated_normal_beta_mean0.05_std0.02/seed2,
pca_cosine_knn,5,4.98863697052002,1.0,0.8721168041229248,0.0630894154310226,0.2189340290719344,0.0812448486685752,0.1126705706119537,1.0,0.0,0.0,0.0,5.0,106.0,18.0,50.0,0.0,0.0,0.9728960119269474,0.973282754421234,0.9436135530471802,Shekhar,0,fixed_beta_0.05,1.0,1.0,3.99309948939806,1.455190845908454,0.5493658519529092,2.561576776407086,0.9499998688697816,0.0500000081956386,fixed,0.05,0.05,0.05,0.02,0.5,anchor,local_mix,none,False,full,fixed_beta_0.05,results/experiments/neighbormix_beta_mechanism_20260617/full/Shekhar/fixed_beta_0.05/seed0,
pca_cosine_knn,5,4.98863697052002,1.0,0.8721168041229248,0.0630894154310226,0.2189340290719344,0.0812448486685752,0.1126705706119537,1.0,0.0,0.0,0.0,5.0,106.0,18.0,50.0,0.0,0.0,0.9728960119269474,0.973282754421234,0.9436135530471802,Shekhar,1,fixed_beta_0.05,1.0,1.0,3.993122443156911,1.455405236307818,0.5495869361616383,2.562344880745961,0.9499998688697816,0.0500000081956386,fixed,0.05,0.05,0.05,0.02,0.5,anchor,local_mix,none,False,full,fixed_beta_0.05,results/experiments/neighbormix_beta_mechanism_20260617/full/Shekhar/fixed_beta_0.05/seed1,
pca_cosine_knn,5,4.98863697052002,1.0,0.8721168041229248,0.0630894154310226,0.2189340290719344,0.0812448486685752,0.1126705706119537,1.0,0.0,0.0,0.0,5.0,106.0,18.0,50.0,0.0,0.0,0.9728960119269474,0.973282754421234,0.9436135530471802,Shekhar,2,fixed_beta_0.05,1.0,1.0,3.9931082260312274,1.4552825132528175,0.5494611841698106,2.562052013610418,0.9499998688697816,0.0500000081956386,fixed,0.05,0.05,0.05,0.02,0.5,anchor,local_mix,none,False,full,fixed_beta_0.05,results/experiments/neighbormix_beta_mechanism_20260617/full/Shekhar/fixed_beta_0.05/seed2,
pca_cosine_knn,5,4.98863697052002,1.0,0.8721168041229248,0.0630894154310226,0.2189340290719344,0.0812448486685752,0.1126705706119537,1.0,0.0,0.0,0.0,5.0,106.0,18.0,50.0,0.0,0.0,0.9728960119269474,0.973282754421234,0.9436135530471802,Shekhar,0,fixed_beta_0.1,1.0,1.0,3.99309948939806,2.91038169757678,1.098731700853946,5.123153542899169,0.8999998569488525,0.1000000163912773,fixed,0.1,0.1,0.05,0.02,0.5,anchor,local_mix,none,False,full,fixed_beta_0.1,results/experiments/neighbormix_beta_mechanism_20260617/full/Shekhar/fixed_beta_0.1/seed0,
pca_cosine_knn,5,4.98863697052002,1.0,0.8721168041229248,0.0630894154310226,0.2189340290719344,0.0812448486685752,0.1126705706119537,1.0,0.0,0.0,0.0,5.0,106.0,18.0,50.0,0.0,0.0,0.9728960119269474,0.973282754421234,0.9436135530471802,Shekhar,1,fixed_beta_0.1,1.0,1.0,3.993122443156911,2.910810473790536,1.0991738686338066,5.124689754098654,0.8999998569488525,0.1000000163912773,fixed,0.1,0.1,0.05,0.02,0.5,anchor,local_mix,none,False,full,fixed_beta_0.1,results/experiments/neighbormix_beta_mechanism_20260617/full/Shekhar/fixed_beta_0.1/seed1,
pca_cosine_knn,5,4.98863697052002,1.0,0.8721168041229248,0.0630894154310226,0.2189340290719344,0.0812448486685752,0.1126705706119537,1.0,0.0,0.0,0.0,5.0,106.0,18.0,50.0,0.0,0.0,0.9728960119269474,0.973282754421234,0.9436135530471802,Shekhar,2,fixed_beta_0.1,1.0,1.0,3.9931082260312274,2.9105650300016768,1.0989223660972829,5.12410403982951,0.8999998569488525,0.1000000163912773,fixed,0.1,0.1,0.05,0.02,0.5,anchor,local_mix,none,False,full,fixed_beta_0.1,results/experiments/neighbormix_beta_mechanism_20260617/full/Shekhar/fixed_beta_0.1/seed2,
pca_cosine_knn,5,4.98863697052002,1.0,0.8721168041229248,0.0630894154310226,0.2189340290719344,0.0812448486685752,0.1126705706119537,1.0,0.0,0.0,0.0,5.0,106.0,18.0,50.0,0.0,0.0,0.9728960119269474,0.973282754421234,0.9436135530471802,Shekhar,0,gaussian_noise_matched_anchor_target,1.0,1.0,3.9931152183322767,1.4554128053669746,0.822443912206934,3.024180557263585,0.949995470276246,0.0500045289737709,truncated_normal,0.0999999999999999,0.1,0.05,0.02,0.5,anchor,gaussian_matched,none,False,full,gaussian_noise_matched_anchor_target,results/experiments/neighbormix_beta_mechanism_20260617/full/Shekhar/gaussian_noise_matched_anchor_target/seed0,
pca_cosine_knn,5,4.98863697052002,1.0,0.8721168041229248,0.0630894154310226,0.2189340290719344,0.0812448486685752,0.1126705706119537,1.0,0.0,0.0,0.0,5.0,106.0,18.0,50.0,0.0,0.0,0.9728960119269474,0.973282754421234,0.9436135530471802,Shekhar,1,gaussian_noise_matched_anchor_target,1.0,1.0,3.993113322162805,1.4552811740969236,0.8235055016783569,3.028088135702106,0.9500106513786776,0.0499893479026818,truncated_normal,0.0999999999999999,0.1,0.05,0.02,0.5,anchor,gaussian_matched,none,False,full,gaussian_noise_matched_anchor_target,results/experiments/neighbormix_beta_mechanism_20260617/full/Shekhar/gaussian_noise_matched_anchor_target/seed1,
pca_cosine_knn,5,4.98863697052002,1.0,0.8721168041229248,0.0630894154310226,0.2189340290719344,0.0812448486685752,0.1126705706119537,1.0,0.0,0.0,0.0,5.0,106.0,18.0,50.0,0.0,0.0,0.9728960119269474,0.973282754421234,0.9436135530471802,Shekhar,2,gaussian_noise_matched_anchor_target,1.0,1.0,3.9931135948731176,1.4551427691028669,0.8231516402358047,3.023158304593884,0.9500037100954124,0.0499962890681882,truncated_normal,0.0999999999999999,0.1,0.05,0.02,0.5,anchor,gaussian_matched,none,False,full,gaussian_noise_matched_anchor_target,results/experiments/neighbormix_beta_mechanism_20260617/full/Shekhar/gaussian_noise_matched_anchor_target/seed2,
global_random_excluding_self,5,5.000000476837158,1.0,0.0684579387307167,0.3351857364177704,0.0002385389489377,8.862384856911376e-05,0.0031367561314255,0.0,0.0,0.0,0.0,5.0,18.0,9.0,50.0,0.0,0.0,0.2006783451360417,0.2006783187389373,0.0099688729271292,Shekhar,0,global_random_neighbor_control,1.0,1.0,4.000000015237233,3.5668495265910254,1.1271135010828193,5.760098188427778,0.8999998569488525,0.1000000163912773,fixed,0.0999999999999999,0.0999999999999999,0.05,0.02,0.5,anchor,local_mix,none,False,full,global_random_neighbor_control,results/experiments/neighbormix_beta_mechanism_20260617/full/Shekhar/global_random_neighbor_control/seed0,
global_random_excluding_self,5,5.000000476837158,1.0,0.0674121007323265,0.3342320024967193,0.000149086843086,7.537168130511418e-05,0.0028929139953106,0.0,0.0,0.0,0.0,5.0,17.0,9.0,50.0,0.0,0.0,0.1981811405143496,0.1981811225414276,0.0081688445992767,Shekhar,1,global_random_neighbor_control,1.0,1.0,4.000000015237233,3.567612894509847,1.1246947824023663,5.7603778147353575,0.8999998569488525,0.1000000163912773,fixed,0.0999999999999999,0.0999999999999999,0.05,0.02,0.5,anchor,local_mix,none,False,full,global_random_neighbor_control,results/experiments/neighbormix_beta_mechanism_20260617/full/Shekhar/global_random_neighbor_control/seed1,
global_random_excluding_self,5,5.000000476837158,1.0,0.069454088807106,0.3348840773105621,0.0001341781587774,8.282603084808215e-05,0.0030324955005198,0.0,0.0,0.0,0.0,5.0,18.0,9.0,50.0,0.0,0.0,0.2010361535594483,0.2010361105203628,0.0085285802371799,Shekhar,2,global_random_neighbor_control,1.0,1.0,4.000000015237233,3.5650052536565524,1.1260485104571742,5.759987283326113,0.8999998569488525,0.1000000163912773,fixed,0.0999999999999999,0.0999999999999999,0.05,0.02,0.5,anchor,local_mix,none,False,full,global_random_neighbor_control,results/experiments/neighbormix_beta_mechanism_20260617/full/Shekhar/global_random_neighbor_control/seed2,
none,0,0.0,0.0,0.0,0.0,0.0,0.0,0.0,0.0,0.0,0.0,,0.0,0.0,0.0,,0.0,0.0,0.0,0.0,0.0,Shekhar,0,nm_scmae_nomix,0.0,0.0,0.0,0.0,0.0,0.0,1.0,0.0,fixed,0.0999999999999999,0.0999999999999999,0.05,0.02,0.5,anchor,local_mix,none,False,full,nm_scmae_nomix,results/experiments/neighbormix_beta_mechanism_20260617/full/Shekhar/nm_scmae_nomix/seed0,
none,0,0.0,0.0,0.0,0.0,0.0,0.0,0.0,0.0,0.0,0.0,,0.0,0.0,0.0,,0.0,0.0,0.0,0.0,0.0,Shekhar,1,nm_scmae_nomix,0.0,0.0,0.0,0.0,0.0,0.0,1.0,0.0,fixed,0.0999999999999999,0.0999999999999999,0.05,0.02,0.5,anchor,local_mix,none,False,full,nm_scmae_nomix,results/experiments/neighbormix_beta_mechanism_20260617/full/Shekhar/nm_scmae_nomix/seed1,
none,0,0.0,0.0,0.0,0.0,0.0,0.0,0.0,0.0,0.0,0.0,,0.0,0.0,0.0,,0.0,0.0,0.0,0.0,0.0,Shekhar,2,nm_scmae_nomix,0.0,0.0,0.0,0.0,0.0,0.0,1.0,0.0,fixed,0.0999999999999999,0.0999999999999999,0.05,0.02,0.5,anchor,local_mix,none,False,full,nm_scmae_nomix,results/experiments/neighbormix_beta_mechanism_20260617/full/Shekhar/nm_scmae_nomix/seed2,
pca_cosine_knn,5,4.98863697052002,1.0,0.8721168041229248,0.0630894154310226,0.2189340290719344,0.0812448486685752,0.1126705706119537,1.0,0.0,0.0,0.0,5.0,106.0,18.0,50.0,0.0,0.0,0.9728960119269474,0.973282754421234,0.9436135530471802,Shekhar,0,random_beta_uniform_0.1,1.0,1.0,3.99311451903104,1.4550311876747473,1.0509367875253353,3.454128914211805,0.9500132127736624,0.0499867873409619,uniform,0.0999999999999999,0.1,0.05,0.02,0.5,anchor,local_mix,none,False,full,random_beta_uniform_0.1,results/experiments/neighbormix_beta_mechanism_20260617/full/Shekhar/random_beta_uniform_0.1/seed0,
pca_cosine_knn,5,4.98863697052002,1.0,0.8721168041229248,0.0630894154310226,0.2189340290719344,0.0812448486685752,0.1126705706119537,1.0,0.0,0.0,0.0,5.0,106.0,18.0,50.0,0.0,0.0,0.9728960119269474,0.973282754421234,0.9436135530471802,Shekhar,1,random_beta_uniform_0.1,1.0,1.0,3.9931054549772327,1.4550594958691645,1.0502916981681036,3.452033258229494,0.95000195695947,0.0499980430082919,uniform,0.0999999999999999,0.1,0.05,0.02,0.5,anchor,local_mix,none,False,full,random_beta_uniform_0.1,results/experiments/neighbormix_beta_mechanism_20260617/full/Shekhar/random_beta_uniform_0.1/seed1,
pca_cosine_knn,5,4.98863697052002,1.0,0.8721168041229248,0.0630894154310226,0.2189340290719344,0.0812448486685752,0.1126705706119537,1.0,0.0,0.0,0.0,5.0,106.0,18.0,50.0,0.0,0.0,0.9728960119269474,0.973282754421234,0.9436135530471802,Shekhar,2,random_beta_uniform_0.1,1.0,1.0,3.9931263389685823,1.45371097433739,1.0491742841612832,3.447039144457533,0.950035783648491,0.0499642163801651,uniform,0.0999999999999999,0.1,0.05,0.02,0.5,anchor,local_mix,none,False,full,random_beta_uniform_0.1,results/experiments/neighbormix_beta_mechanism_20260617/full/Shekhar/random_beta_uniform_0.1/seed2,
snn_jaccard_weighted_knn,5,2.936305046081543,0.6074468878121506,0.8721168041229248,0.0630894154310226,0.2189340290719344,0.0812448486685752,0.1126705706119537,0.0812448486685752,0.1126705706119537,0.1337681699590011,0.1337681699590011,5.0,106.0,18.0,50.0,0.0,0.0,0.9728960119269474,0.9745763540267944,0.947367537021637,Shekhar,0,snn_neighbormix,1.0,1.0,3.931729288273118,3.125312154740095,1.1944649492247172,5.544361192962298,0.8999998569488525,0.1000000163912773,fixed,0.0999999999999999,0.0999999999999999,0.05,0.02,0.5,anchor,local_mix,none,False,full,snn_neighbormix,results/experiments/neighbormix_beta_mechanism_20260617/full/Shekhar/snn_neighbormix/seed0,0.1337681699590011
snn_jaccard_weighted_knn,5,2.936305046081543,0.6074468878121506,0.8721168041229248,0.0630894154310226,0.2189340290719344,0.0812448486685752,0.1126705706119537,0.0812448486685752,0.1126705706119537,0.1337681699590011,0.1337681699590011,5.0,106.0,18.0,50.0,0.0,0.0,0.9728960119269474,0.9745763540267944,0.947367537021637,Shekhar,1,snn_neighbormix,1.0,1.0,3.9316638997170985,3.125391064870816,1.1948915197084156,5.544588460372045,0.8999998569488525,0.1000000163912773,fixed,0.0999999999999999,0.0999999999999999,0.05,0.02,0.5,anchor,local_mix,none,False,full,snn_neighbormix,results/experiments/neighbormix_beta_mechanism_20260617/full/Shekhar/snn_neighbormix/seed1,0.1337681699590011
snn_jaccard_weighted_knn,5,2.936305046081543,0.6074468878121506,0.8721168041229248,0.0630894154310226,0.2189340290719344,0.0812448486685752,0.1126705706119537,0.0812448486685752,0.1126705706119537,0.1337681699590011,0.1337681699590011,5.0,106.0,18.0,50.0,0.0,0.0,0.9728960119269474,0.9745763540267944,0.947367537021637,Shekhar,2,snn_neighbormix,1.0,1.0,3.931755713413591,3.125406812188717,1.1946822085776008,5.544465307547496,0.8999998569488525,0.1000000163912773,fixed,0.0999999999999999,0.0999999999999999,0.05,0.02,0.5,anchor,local_mix,none,False,full,snn_neighbormix,results/experiments/neighbormix_beta_mechanism_20260617/full/Shekhar/snn_neighbormix/seed2,0.1337681699590011
pca_cosine_knn,5,4.98863697052002,1.0,0.8721168041229248,0.0630894154310226,0.2189340290719344,0.0812448486685752,0.1126705706119537,1.0,0.0,0.0,0.0,5.0,106.0,18.0,50.0,0.0,0.0,0.9728960119269474,0.973282754421234,0.9436135530471802,Shekhar,0,truncated_normal_beta_mean0.05_std0.02,1.0,1.0,3.993100957459062,1.4552234725453534,0.8229402311791022,3.0236114190748102,0.9500022756723828,0.0499977238028525,truncated_normal,0.0999999999999999,0.1,0.05,0.02,0.5,anchor,local_mix,none,False,full,truncated_normal_beta_mean0.05_std0.02,results/experiments/neighbormix_beta_mechanism_20260617/full/Shekhar/truncated_normal_beta_mean0.05_std0.02/seed0,
pca_cosine_knn,5,4.98863697052002,1.0,0.8721168041229248,0.0630894154310226,0.2189340290719344,0.0812448486685752,0.1126705706119537,1.0,0.0,0.0,0.0,5.0,106.0,18.0,50.0,0.0,0.0,0.9728960119269474,0.973282754421234,0.9436135530471802,Shekhar,1,truncated_normal_beta_mean0.05_std0.02,1.0,1.0,3.99310933157483,1.4548172020854857,0.8228802082845226,3.023176241465486,0.950018012889016,0.0499819857842969,truncated_normal,0.0999999999999999,0.1,0.05,0.02,0.5,anchor,local_mix,none,False,full,truncated_normal_beta_mean0.05_std0.02,results/experiments/neighbormix_beta_mechanism_20260617/full/Shekhar/truncated_normal_beta_mean0.05_std0.02/seed1,
pca_cosine_knn,5,4.98863697052002,1.0,0.8721168041229248,0.0630894154310226,0.2189340290719344,0.0812448486685752,0.1126705706119537,1.0,0.0,0.0,0.0,5.0,106.0,18.0,50.0,0.0,0.0,0.9728960119269474,0.973282754421234,0.9436135530471802,Shekhar,2,truncated_normal_beta_mean0.05_std0.02,1.0,1.0,3.9931119953019776,1.4554996138725145,0.82337113218382,3.0239220939863185,0.9499985417924248,0.0500014572874463,truncated_normal,0.0999999999999999,0.1,0.05,0.02,0.5,anchor,local_mix,none,False,full,truncated_normal_beta_mean0.05_std0.02,results/experiments/neighbormix_beta_mechanism_20260617/full/Shekhar/truncated_normal_beta_mean0.05_std0.02/seed2,
pca_cosine_knn,5,4.993261814117432,1.0,0.9280492067337036,0.0460587814450264,0.3246678096870981,0.1042781248688697,0.1192926988005638,1.0,0.0,0.0,0.0,5.0,64.0,16.0,50.0,0.0,0.0,0.8928525503643377,0.8931488990783691,0.8116998821496964,Tosches,0,fixed_beta_0.05,1.0,1.0,3.9960245146376137,1.2780542671887412,0.7628384923614148,2.627447330910299,0.9499998688697816,0.0500000081956386,fixed,0.05,0.05,0.05,0.02,0.5,anchor,local_mix,none,False,full,fixed_beta_0.05,results/experiments/neighbormix_beta_mechanism_20260617/full/Tosches/fixed_beta_0.05/seed0,
pca_cosine_knn,5,4.993261814117432,1.0,0.9280492067337036,0.0460587814450264,0.3246678096870981,0.1042781248688697,0.1192926988005638,1.0,0.0,0.0,0.0,5.0,64.0,16.0,50.0,0.0,0.0,0.8928525503643377,0.8931488990783691,0.8116998821496964,Tosches,1,fixed_beta_0.05,1.0,1.0,3.996006821623874,1.2782354114991097,0.7629371299201415,2.6264110372091336,0.9499998688697816,0.0500000081956386,fixed,0.05,0.05,0.05,0.02,0.5,anchor,local_mix,none,False,full,fixed_beta_0.05,results/experiments/neighbormix_beta_mechanism_20260617/full/Tosches/fixed_beta_0.05/seed1,
pca_cosine_knn,5,4.993261814117432,1.0,0.9280492067337036,0.0460587814450264,0.3246678096870981,0.1042781248688697,0.1192926988005638,1.0,0.0,0.0,0.0,5.0,64.0,16.0,50.0,0.0,0.0,0.8928525503643377,0.8931488990783691,0.8116998821496964,Tosches,2,fixed_beta_0.05,1.0,1.0,3.9960101378770942,1.2782113306845229,0.763184473089253,2.6265627454966305,0.9499998688697816,0.0500000081956386,fixed,0.05,0.05,0.05,0.02,0.5,anchor,local_mix,none,False,full,fixed_beta_0.05,results/experiments/neighbormix_beta_mechanism_20260617/full/Tosches/fixed_beta_0.05/seed2,
pca_cosine_knn,5,4.993261814117432,1.0,0.9280492067337036,0.0460587814450264,0.3246678096870981,0.1042781248688697,0.1192926988005638,1.0,0.0,0.0,0.0,5.0,64.0,16.0,50.0,0.0,0.0,0.8928525503643377,0.8931488990783691,0.8116998821496964,Tosches,0,fixed_beta_0.1,1.0,1.0,3.9960245146376137,2.556108536364304,1.5256770471835304,5.254894610577159,0.8999998569488525,0.1000000163912773,fixed,0.1,0.1,0.05,0.02,0.5,anchor,local_mix,none,False,full,fixed_beta_0.1,results/experiments/neighbormix_beta_mechanism_20260617/full/Tosches/fixed_beta_0.1/seed0,
pca_cosine_knn,5,4.993261814117432,1.0,0.9280492067337036,0.0460587814450264,0.3246678096870981,0.1042781248688697,0.1192926988005638,1.0,0.0,0.0,0.0,5.0,64.0,16.0,50.0,0.0,0.0,0.8928525503643377,0.8931488990783691,0.8116998821496964,Tosches,1,fixed_beta_0.1,1.0,1.0,3.996006821623874,2.5564708264751568,1.52587431875161,5.252822008604804,0.8999998569488525,0.1000000163912773,fixed,0.1,0.1,0.05,0.02,0.5,anchor,local_mix,none,False,full,fixed_beta_0.1,results/experiments/neighbormix_beta_mechanism_20260617/full/Tosches/fixed_beta_0.1/seed1,
pca_cosine_knn,5,4.993261814117432,1.0,0.9280492067337036,0.0460587814450264,0.3246678096870981,0.1042781248688697,0.1192926988005638,1.0,0.0,0.0,0.0,5.0,64.0,16.0,50.0,0.0,0.0,0.8928525503643377,0.8931488990783691,0.8116998821496964,Tosches,2,fixed_beta_0.1,1.0,1.0,3.9960101378770942,2.5564226602928506,1.5263690060521995,5.253125404607919,0.8999998569488525,0.1000000163912773,fixed,0.1,0.1,0.05,0.02,0.5,anchor,local_mix,none,False,full,fixed_beta_0.1,results/experiments/neighbormix_beta_mechanism_20260617/full/Tosches/fixed_beta_0.1/seed2,
pca_cosine_knn,5,4.993261814117432,1.0,0.9280492067337036,0.0460587814450264,0.3246678096870981,0.1042781248688697,0.1192926988005638,1.0,0.0,0.0,0.0,5.0,64.0,16.0,50.0,0.0,0.0,0.8928525503643377,0.8931488990783691,0.8116998821496964,Tosches,0,gaussian_noise_matched_anchor_target,1.0,1.0,3.9960202760262375,1.2783984711807634,0.9600411008008652,2.8817920150028336,0.949995918168376,0.0500040810050753,truncated_normal,0.0999999999999999,0.1,0.05,0.02,0.5,anchor,gaussian_matched,none,False,full,gaussian_noise_matched_anchor_target,results/experiments/neighbormix_beta_mechanism_20260617/full/Tosches/gaussian_noise_matched_anchor_target/seed0,
pca_cosine_knn,5,4.993261814117432,1.0,0.9280492067337036,0.0460587814450264,0.3246678096870981,0.1042781248688697,0.1192926988005638,1.0,0.0,0.0,0.0,5.0,64.0,16.0,50.0,0.0,0.0,0.8928525503643377,0.8931488990783691,0.8116998821496964,Tosches,1,gaussian_noise_matched_anchor_target,1.0,1.0,3.996003066428413,1.277590302646988,0.95932134270875,2.881745396181941,0.9500185816755724,0.0499814174920579,truncated_normal,0.0999999999999999,0.1,0.05,0.02,0.5,anchor,gaussian_matched,none,False,full,gaussian_noise_matched_anchor_target,results/experiments/neighbormix_beta_mechanism_20260617/full/Tosches/gaussian_noise_matched_anchor_target/seed1,
pca_cosine_knn,5,4.993261814117432,1.0,0.9280492067337036,0.0460587814450264,0.3246678096870981,0.1042781248688697,0.1192926988005638,1.0,0.0,0.0,0.0,5.0,64.0,16.0,50.0,0.0,0.0,0.8928525503643377,0.8931488990783691,0.8116998821496964,Tosches,2,gaussian_noise_matched_anchor_target,1.0,1.0,3.996016225943734,1.2778171266946527,0.9590547908097504,2.878208733888136,0.950007047317922,0.0499929519001549,truncated_normal,0.0999999999999999,0.1,0.05,0.02,0.5,anchor,gaussian_matched,none,False,full,gaussian_noise_matched_anchor_target,results/experiments/neighbormix_beta_mechanism_20260617/full/Tosches/gaussian_noise_matched_anchor_target/seed2,
global_random_excluding_self,5,5.000000476837158,1.0,0.0255855899304151,0.4201829731464386,0.0002571795970852,0.0001357336877845,0.0038811205886304,0.0,0.0,0.0,0.0,5.0,15.0,9.0,50.0,0.0,0.0,0.1764144877839691,0.1764144897460937,0.004988208936993,Tosches,0,global_random_neighbor_control,1.0,1.0,4.000000015237239,3.340490322063367,1.6565388424528968,6.511020976636144,0.8999998569488525,0.1000000163912773,fixed,0.0999999999999999,0.0999999999999999,0.05,0.02,0.5,anchor,local_mix,none,False,full,global_random_neighbor_control,results/experiments/neighbormix_beta_mechanism_20260617/full/Tosches/global_random_neighbor_control/seed0,
global_random_excluding_self,5,5.000000476837158,1.0,0.0226643178611993,0.4191274642944336,0.0001714530647235,0.0001202552739414,0.003653387306258,0.0,0.0,0.0,0.0,5.0,18.0,9.0,50.0,0.0,0.0,0.1729747106729532,0.1729747056961059,0.0077405192423611,Tosches,1,global_random_neighbor_control,1.0,1.0,4.000000015237239,3.3405858491030003,1.6576028653110064,6.511494184782107,0.8999998569488525,0.1000000163912773,fixed,0.0999999999999999,0.0999999999999999,0.05,0.02,0.5,anchor,local_mix,none,False,full,global_random_neighbor_control,results/experiments/neighbormix_beta_mechanism_20260617/full/Tosches/global_random_neighbor_control/seed1,
global_random_excluding_self,5,5.000000476837158,1.0,0.0230241622775793,0.4200518131256103,0.0003000428632661,0.000108348816866,0.0034679993987083,0.0,0.0,0.0,0.0,5.0,18.0,9.0,50.0,0.0,0.0,0.174078439777111,0.1740784347057342,0.0056984520924743,Tosches,2,global_random_neighbor_control,1.0,1.0,4.000000015237239,3.337909114029672,1.6589016544943056,6.502486049466663,0.8999998569488525,0.1000000163912773,fixed,0.0999999999999999,0.0999999999999999,0.05,0.02,0.5,anchor,local_mix,none,False,full,global_random_neighbor_control,results/experiments/neighbormix_beta_mechanism_20260617/full/Tosches/global_random_neighbor_control/seed2,
none,0,0.0,0.0,0.0,0.0,0.0,0.0,0.0,0.0,0.0,0.0,,0.0,0.0,0.0,,0.0,0.0,0.0,0.0,0.0,Tosches,0,nm_scmae_nomix,0.0,0.0,0.0,0.0,0.0,0.0,1.0,0.0,fixed,0.0999999999999999,0.0999999999999999,0.05,0.02,0.5,anchor,local_mix,none,False,full,nm_scmae_nomix,results/experiments/neighbormix_beta_mechanism_20260617/full/Tosches/nm_scmae_nomix/seed0,
none,0,0.0,0.0,0.0,0.0,0.0,0.0,0.0,0.0,0.0,0.0,,0.0,0.0,0.0,,0.0,0.0,0.0,0.0,0.0,Tosches,1,nm_scmae_nomix,0.0,0.0,0.0,0.0,0.0,0.0,1.0,0.0,fixed,0.0999999999999999,0.0999999999999999,0.05,0.02,0.5,anchor,local_mix,none,False,full,nm_scmae_nomix,results/experiments/neighbormix_beta_mechanism_20260617/full/Tosches/nm_scmae_nomix/seed1,
none,0,0.0,0.0,0.0,0.0,0.0,0.0,0.0,0.0,0.0,0.0,,0.0,0.0,0.0,,0.0,0.0,0.0,0.0,0.0,Tosches,2,nm_scmae_nomix,0.0,0.0,0.0,0.0,0.0,0.0,1.0,0.0,fixed,0.0999999999999999,0.0999999999999999,0.05,0.02,0.5,anchor,local_mix,none,False,full,nm_scmae_nomix,results/experiments/neighbormix_beta_mechanism_20260617/full/Tosches/nm_scmae_nomix/seed2,
pca_cosine_knn,5,4.993261814117432,1.0,0.9280492067337036,0.0460587814450264,0.3246678096870981,0.1042781248688697,0.1192926988005638,1.0,0.0,0.0,0.0,5.0,64.0,16.0,50.0,0.0,0.0,0.8928525503643377,0.8931488990783691,0.8116998821496964,Tosches,0,random_beta_uniform_0.1,1.0,1.0,3.9960070725118015,1.2772087420854303,1.1401011416999,3.166815741525756,0.9500035691385468,0.0499964313478105,uniform,0.0999999999999999,0.1,0.05,0.02,0.5,anchor,local_mix,none,False,full,random_beta_uniform_0.1,results/experiments/neighbormix_beta_mechanism_20260617/full/Tosches/random_beta_uniform_0.1/seed0,
pca_cosine_knn,5,4.993261814117432,1.0,0.9280492067337036,0.0460587814450264,0.3246678096870981,0.1042781248688697,0.1192926988005638,1.0,0.0,0.0,0.0,5.0,64.0,16.0,50.0,0.0,0.0,0.8928525503643377,0.8931488990783691,0.8116998821496964,Tosches,1,random_beta_uniform_0.1,1.0,1.0,3.9960192011883593,1.277636260829038,1.1427753283745712,3.166754414472315,0.9500070058430234,0.0499929940366807,uniform,0.0999999999999999,0.1,0.05,0.02,0.5,anchor,local_mix,none,False,full,random_beta_uniform_0.1,results/experiments/neighbormix_beta_mechanism_20260617/full/Tosches/random_beta_uniform_0.1/seed1,
pca_cosine_knn,5,4.993261814117432,1.0,0.9280492067337036,0.0460587814450264,0.3246678096870981,0.1042781248688697,0.1192926988005638,1.0,0.0,0.0,0.0,5.0,64.0,16.0,50.0,0.0,0.0,0.8928525503643377,0.8931488990783691,0.8116998821496964,Tosches,2,random_beta_uniform_0.1,1.0,1.0,3.996011266917158,1.2764975683556663,1.1430869948015443,3.164666758105158,0.9500556997747884,0.0499443000997416,uniform,0.0999999999999999,0.1,0.05,0.02,0.5,anchor,local_mix,none,False,full,random_beta_uniform_0.1,results/experiments/neighbormix_beta_mechanism_20260617/full/Tosches/random_beta_uniform_0.1/seed2,
snn_jaccard_weighted_knn,5,3.104967832565308,0.6514359194170596,0.9280492067337036,0.0460587814450264,0.3246678096870981,0.1042781248688697,0.1192926988005638,0.1042781248688697,0.1192926988005638,0.0669202743249035,0.0669202743249035,5.0,64.0,16.0,50.0,0.0,0.0,0.8928525503643377,0.8939467072486877,0.8106951862573624,Tosches,0,snn_neighbormix,1.0,1.0,3.901854295878688,2.7198180263241136,1.5968688766989445,5.564777017053631,0.8999998569488525,0.1000000163912773,fixed,0.0999999999999999,0.0999999999999999,0.05,0.02,0.5,anchor,local_mix,none,False,full,snn_neighbormix,results/experiments/neighbormix_beta_mechanism_20260617/full/Tosches/snn_neighbormix/seed0,0.0669202743249035
snn_jaccard_weighted_knn,5,3.104967832565308,0.6514359194170596,0.9280492067337036,0.0460587814450264,0.3246678096870981,0.1042781248688697,0.1192926988005638,0.1042781248688697,0.1192926988005638,0.0669202743249035,0.0669202743249035,5.0,64.0,16.0,50.0,0.0,0.0,0.8928525503643377,0.8939467072486877,0.8106951862573624,Tosches,1,snn_neighbormix,1.0,1.0,3.901871237421648,2.7198462341394687,1.5954471250168152,5.55849611937172,0.8999998569488525,0.1000000163912773,fixed,0.0999999999999999,0.0999999999999999,0.05,0.02,0.5,anchor,local_mix,none,False,full,snn_neighbormix,results/experiments/neighbormix_beta_mechanism_20260617/full/Tosches/snn_neighbormix/seed1,0.0669202743249035
snn_jaccard_weighted_knn,5,3.104967832565308,0.6514359194170596,0.9280492067337036,0.0460587814450264,0.3246678096870981,0.1042781248688697,0.1192926988005638,0.1042781248688697,0.1192926988005638,0.0669202743249035,0.0669202743249035,5.0,64.0,16.0,50.0,0.0,0.0,0.8928525503643377,0.8939467072486877,0.8106951862573624,Tosches,2,snn_neighbormix,1.0,1.0,3.9018640590248017,2.7196669336408377,1.596999619073338,5.564358486235141,0.8999998569488525,0.1000000163912773,fixed,0.0999999999999999,0.0999999999999999,0.05,0.02,0.5,anchor,local_mix,none,False,full,snn_neighbormix,results/experiments/neighbormix_beta_mechanism_20260617/full/Tosches/snn_neighbormix/seed2,0.0669202743249035
pca_cosine_knn,5,4.993261814117432,1.0,0.9280492067337036,0.0460587814450264,0.3246678096870981,0.1042781248688697,0.1192926988005638,1.0,0.0,0.0,0.0,5.0,64.0,16.0,50.0,0.0,0.0,0.8928525503643377,0.8931488990783691,0.8116998821496964,Tosches,0,truncated_normal_beta_mean0.05_std0.02,1.0,1.0,3.9960217375076623,1.2788168052625326,0.9626223758587406,2.879442022823625,0.9499878038859204,0.0500121958062259,truncated_normal,0.0999999999999999,0.1,0.05,0.02,0.5,anchor,local_mix,none,False,full,truncated_normal_beta_mean0.05_std0.02,results/experiments/neighbormix_beta_mechanism_20260617/full/Tosches/truncated_normal_beta_mean0.05_std0.02/seed0,
pca_cosine_knn,5,4.993261814117432,1.0,0.9280492067337036,0.0460587814450264,0.3246678096870981,0.1042781248688697,0.1192926988005638,1.0,0.0,0.0,0.0,5.0,64.0,16.0,50.0,0.0,0.0,0.8928525503643377,0.8931488990783691,0.8116998821496964,Tosches,1,truncated_normal_beta_mean0.05_std0.02,1.0,1.0,3.9960211670039194,1.2772636890204416,0.9587745451057952,2.8800778988334867,0.9500300768969788,0.0499699217176789,truncated_normal,0.0999999999999999,0.1,0.05,0.02,0.5,anchor,local_mix,none,False,full,truncated_normal_beta_mean0.05_std0.02,results/experiments/neighbormix_beta_mechanism_20260617/full/Tosches/truncated_normal_beta_mean0.05_std0.02/seed1,
pca_cosine_knn,5,4.993261814117432,1.0,0.9280492067337036,0.0460587814450264,0.3246678096870981,0.1042781248688697,0.1192926988005638,1.0,0.0,0.0,0.0,5.0,64.0,16.0,50.0,0.0,0.0,0.8928525503643377,0.8931488990783691,0.8116998821496964,Tosches,2,truncated_normal_beta_mean0.05_std0.02,1.0,1.0,3.9960159891119007,1.2779799208872848,0.9598803754999404,2.879895003636678,0.9500118028682966,0.0499881962016742,truncated_normal,0.0999999999999999,0.1,0.05,0.02,0.5,anchor,local_mix,none,False,full,truncated_normal_beta_mean0.05_std0.02,results/experiments/neighbormix_beta_mechanism_20260617/full/Tosches/truncated_normal_beta_mean0.05_std0.02/seed2,
pca_cosine_knn,5,4.992001056671143,1.0,0.947519838809967,0.0467977412045002,0.2693980460132367,0.117218792438507,0.1344814598560333,1.0,0.0,0.0,0.0,5.0,63.0,17.0,50.0,0.0,0.0,0.9948313898518752,0.9951817989349364,0.9936339259147644,Wang,0,fixed_beta_0.05,1.0,1.0,3.995735596119196,1.0253858527218973,0.7943921465325999,2.2568418394069414,0.9499998688697816,0.0500000081956386,fixed,0.05,0.05,0.05,0.02,0.5,anchor,local_mix,none,False,full,fixed_beta_0.05,results/experiments/neighbormix_beta_mechanism_20260617/full/Wang/fixed_beta_0.05/seed0,
pca_cosine_knn,5,4.991875648498535,1.0,0.9476736783981324,0.046741921454668,0.2752810169135413,0.1195653900504112,0.1353727132081985,1.0,0.0,0.0,0.0,5.0,63.0,17.0,50.0,0.0,0.0,0.994999474734741,0.995352029800415,0.9935706853866576,Wang,1,fixed_beta_0.05,1.0,1.0,3.995657871788,1.0260030882181348,0.7947383827353651,2.256706050964626,0.9499998688697816,0.0500000081956386,fixed,0.05,0.05,0.05,0.02,0.5,anchor,local_mix,none,False,full,fixed_beta_0.05,results/experiments/neighbormix_beta_mechanism_20260617/full/Wang/fixed_beta_0.05/seed1,
pca_cosine_knn,5,4.991868019104004,1.0,0.947214424610138,0.0469580888748168,0.2718772980355079,0.1183983013033866,0.1341956704854965,1.0,0.0,0.0,0.0,5.0,67.0,17.0,50.0,0.0,0.0,0.9951885702279653,0.995509922504425,0.9938285946846008,Wang,2,fixed_beta_0.05,1.0,1.0,3.9957010380198983,1.0257756676826928,0.7957747063725381,2.2495518574038065,0.9499998688697816,0.0500000081956386,fixed,0.05,0.05,0.05,0.02,0.5,anchor,local_mix,none,False,full,fixed_beta_0.05,results/experiments/neighbormix_beta_mechanism_20260617/full/Wang/fixed_beta_0.05/seed2,
pca_cosine_knn,5,4.992001056671143,1.0,0.947519838809967,0.0467977412045002,0.2693980460132367,0.117218792438507,0.1344814598560333,1.0,0.0,0.0,0.0,5.0,63.0,17.0,50.0,0.0,0.0,0.9948313898518752,0.9951817989349364,0.9936339259147644,Wang,0,fixed_beta_0.1,1.0,1.0,3.995735596119196,2.050771687844315,1.5887842815067317,4.513683679699898,0.8999998569488525,0.1000000163912773,fixed,0.1,0.1,0.05,0.02,0.5,anchor,local_mix,none,False,full,fixed_beta_0.1,results/experiments/neighbormix_beta_mechanism_20260617/full/Wang/fixed_beta_0.1/seed0,
pca_cosine_knn,5,4.991875648498535,1.0,0.9476736783981324,0.046741921454668,0.2752810169135413,0.1195653900504112,0.1353727132081985,1.0,0.0,0.0,0.0,5.0,63.0,17.0,50.0,0.0,0.0,0.994999474734741,0.995352029800415,0.9935706853866576,Wang,1,fixed_beta_0.1,1.0,1.0,3.995657871788,2.0520061567023,1.5894767534692544,4.513412106359327,0.8999998569488525,0.1000000163912773,fixed,0.1,0.1,0.05,0.02,0.5,anchor,local_mix,none,False,full,fixed_beta_0.1,results/experiments/neighbormix_beta_mechanism_20260617/full/Wang/fixed_beta_0.1/seed1,
pca_cosine_knn,5,4.991868019104004,1.0,0.947214424610138,0.0469580888748168,0.2718772980355079,0.1183983013033866,0.1341956704854965,1.0,0.0,0.0,0.0,5.0,67.0,17.0,50.0,0.0,0.0,0.9951885702279653,0.995509922504425,0.9938285946846008,Wang,2,fixed_beta_0.1,1.0,1.0,3.9957010380198983,2.05155131627579,1.5915493983070592,4.499103735991427,0.8999998569488525,0.1000000163912773,fixed,0.1,0.1,0.05,0.02,0.5,anchor,local_mix,none,False,full,fixed_beta_0.1,results/experiments/neighbormix_beta_mechanism_20260617/full/Wang/fixed_beta_0.1/seed2,
pca_cosine_knn,5,4.992001056671143,1.0,0.947519838809967,0.0467977412045002,0.2693980460132367,0.117218792438507,0.1344814598560333,1.0,0.0,0.0,0.0,5.0,63.0,17.0,50.0,0.0,0.0,0.9948313898518752,0.9951817989349364,0.9936339259147644,Wang,0,gaussian_noise_matched_anchor_target,1.0,1.0,3.995773705662714,1.026211510014695,0.9437618369991714,2.279063385563928,0.9499908317786616,0.0500091672711376,truncated_normal,0.0999999999999999,0.1,0.05,0.02,0.5,anchor,gaussian_matched,none,False,full,gaussian_noise_matched_anchor_target,results/experiments/neighbormix_beta_mechanism_20260617/full/Wang/gaussian_noise_matched_anchor_target/seed0,
pca_cosine_knn,5,4.991875648498535,1.0,0.9476736783981324,0.046741921454668,0.2752810169135413,0.1195653900504112,0.1353727132081985,1.0,0.0,0.0,0.0,5.0,63.0,17.0,50.0,0.0,0.0,0.994999474734741,0.995352029800415,0.9935706853866576,Wang,1,gaussian_noise_matched_anchor_target,1.0,1.0,3.995685881764999,1.025533820527631,0.9397374450354964,2.275268386183558,0.9500054679005532,0.0499945310397526,truncated_normal,0.0999999999999999,0.1,0.05,0.02,0.5,anchor,gaussian_matched,none,False,full,gaussian_noise_matched_anchor_target,results/experiments/neighbormix_beta_mechanism_20260617/full/Wang/gaussian_noise_matched_anchor_target/seed1,
pca_cosine_knn,5,4.991868019104004,1.0,0.947214424610138,0.0469580888748168,0.2718772980355079,0.1183983013033866,0.1341956704854965,1.0,0.0,0.0,0.0,5.0,67.0,17.0,50.0,0.0,0.0,0.9951885702279653,0.995509922504425,0.9938285946846008,Wang,2,gaussian_noise_matched_anchor_target,1.0,1.0,3.995728134042001,1.0259032035397515,0.9435074419387288,2.281385633993793,0.950011858686402,0.0499881405081297,truncated_normal,0.0999999999999999,0.1,0.05,0.02,0.5,anchor,gaussian_matched,none,False,full,gaussian_noise_matched_anchor_target,results/experiments/neighbormix_beta_mechanism_20260617/full/Wang/gaussian_noise_matched_anchor_target/seed2,
global_random_excluding_self,5,5.000000476837158,1.0,0.0775238722562789,0.5187579393386841,0.0003781909864481,0.0001867609826149,0.0045515201054513,0.0,0.0,0.0,0.0,5.0,18.0,9.0,50.0,0.0,0.0,0.6569177434604475,0.6569177508354187,0.2257047146558761,Wang,0,global_random_neighbor_control,1.0,1.0,4.000000015237236,2.9803120199087503,2.232249496192545,7.451129624328098,0.8999998569488525,0.1000000163912773,fixed,0.0999999999999999,0.0999999999999999,0.05,0.02,0.5,anchor,local_mix,none,False,full,global_random_neighbor_control,results/experiments/neighbormix_beta_mechanism_20260617/full/Wang/global_random_neighbor_control/seed0,
global_random_excluding_self,5,5.000000476837158,1.0,0.0767865478992462,0.5159906148910522,0.0006723395314633,0.0002171096566598,0.0049067460931837,0.0,0.0,0.0,0.0,5.0,15.0,9.0,50.0,0.0,0.0,0.6590188044962706,0.6590188145637512,0.2208313047885894,Wang,1,global_random_neighbor_control,1.0,1.0,4.000000015237236,2.9885447974946047,2.2438326364433445,7.507121982767775,0.8999998569488525,0.1000000163912773,fixed,0.0999999999999999,0.0999999999999999,0.05,0.02,0.5,anchor,local_mix,none,False,full,global_random_neighbor_control,results/experiments/neighbormix_beta_mechanism_20260617/full/Wang/global_random_neighbor_control/seed1,
global_random_excluding_self,5,5.000000476837158,1.0,0.0728853791952133,0.516508162021637,0.000546275869314,0.0002334512391826,0.0050876843743026,0.0,0.0,0.0,0.0,5.0,16.0,9.0,50.0,0.0,0.0,0.6538291837377875,0.6538292169570923,0.2157668322324752,Wang,2,global_random_neighbor_control,1.0,1.0,4.000000015237236,2.995581120574797,2.2454962959966145,7.522947361501489,0.8999998569488525,0.1000000163912773,fixed,0.0999999999999999,0.0999999999999999,0.05,0.02,0.5,anchor,local_mix,none,False,full,global_random_neighbor_control,results/experiments/neighbormix_beta_mechanism_20260617/full/Wang/global_random_neighbor_control/seed2,
none,0,0.0,0.0,0.0,0.0,0.0,0.0,0.0,0.0,0.0,0.0,,0.0,0.0,0.0,,0.0,0.0,0.0,0.0,0.0,Wang,0,nm_scmae_nomix,0.0,0.0,0.0,0.0,0.0,0.0,1.0,0.0,fixed,0.0999999999999999,0.0999999999999999,0.05,0.02,0.5,anchor,local_mix,none,False,full,nm_scmae_nomix,results/experiments/neighbormix_beta_mechanism_20260617/full/Wang/nm_scmae_nomix/seed0,
none,0,0.0,0.0,0.0,0.0,0.0,0.0,0.0,0.0,0.0,0.0,,0.0,0.0,0.0,,0.0,0.0,0.0,0.0,0.0,Wang,1,nm_scmae_nomix,0.0,0.0,0.0,0.0,0.0,0.0,1.0,0.0,fixed,0.0999999999999999,0.0999999999999999,0.05,0.02,0.5,anchor,local_mix,none,False,full,nm_scmae_nomix,results/experiments/neighbormix_beta_mechanism_20260617/full/Wang/nm_scmae_nomix/seed1,
none,0,0.0,0.0,0.0,0.0,0.0,0.0,0.0,0.0,0.0,0.0,,0.0,0.0,0.0,,0.0,0.0,0.0,0.0,0.0,Wang,2,nm_scmae_nomix,0.0,0.0,0.0,0.0,0.0,0.0,1.0,0.0,fixed,0.0999999999999999,0.0999999999999999,0.05,0.02,0.5,anchor,local_mix,none,False,full,nm_scmae_nomix,results/experiments/neighbormix_beta_mechanism_20260617/full/Wang/nm_scmae_nomix/seed2,
pca_cosine_knn,5,4.992001056671143,1.0,0.947519838809967,0.0467977412045002,0.2693980460132367,0.117218792438507,0.1344814598560333,1.0,0.0,0.0,0.0,5.0,63.0,17.0,50.0,0.0,0.0,0.9948313898518752,0.9951817989349364,0.9936339259147644,Wang,0,random_beta_uniform_0.1,1.0,1.0,3.9957373580524314,1.025711068390189,1.0852325740496855,2.3449878881106505,0.950015397812869,0.0499846026553092,uniform,0.0999999999999999,0.1,0.05,0.02,0.5,anchor,local_mix,none,False,full,random_beta_uniform_0.1,results/experiments/neighbormix_beta_mechanism_20260617/full/Wang/random_beta_uniform_0.1/seed0,
pca_cosine_knn,5,4.991875648498535,1.0,0.9476736783981324,0.046741921454668,0.2752810169135413,0.1195653900504112,0.1353727132081985,1.0,0.0,0.0,0.0,5.0,63.0,17.0,50.0,0.0,0.0,0.994999474734741,0.995352029800415,0.9935706853866576,Wang,1,random_beta_uniform_0.1,1.0,1.0,3.995745407072336,1.026730924905152,1.0876208932617226,2.338161464800706,0.9500022586535763,0.0499977415389809,uniform,0.0999999999999999,0.1,0.05,0.02,0.5,anchor,local_mix,none,False,full,random_beta_uniform_0.1,results/experiments/neighbormix_beta_mechanism_20260617/full/Wang/random_beta_uniform_0.1/seed1,
pca_cosine_knn,5,4.991868019104004,1.0,0.947214424610138,0.0469580888748168,0.2718772980355079,0.1183983013033866,0.1341956704854965,1.0,0.0,0.0,0.0,5.0,67.0,17.0,50.0,0.0,0.0,0.9951885702279653,0.995509922504425,0.9938285946846008,Wang,2,random_beta_uniform_0.1,1.0,1.0,3.995696337887948,1.0247162929660565,1.0854219863140906,2.327350860350841,0.9500358328625962,0.0499641675778941,uniform,0.0999999999999999,0.1,0.05,0.02,0.5,anchor,local_mix,none,False,full,random_beta_uniform_0.1,results/experiments/neighbormix_beta_mechanism_20260617/full/Wang/random_beta_uniform_0.1/seed2,
snn_jaccard_weighted_knn,5,3.142064332962036,0.6612039079735267,0.947519838809967,0.0467977412045002,0.2693980460132367,0.117218792438507,0.1344814598560333,0.117218792438507,0.1344814598560333,0.0511608362222922,0.0511608362222922,5.0,63.0,17.0,50.0,0.0,0.0,0.9948313898518752,0.9956214427947998,0.9947961568832396,Wang,0,snn_neighbormix,1.0,1.0,3.895785118572317,2.1714445680379866,1.6334505267441273,4.690663880512521,0.8999998569488525,0.1000000163912773,fixed,0.0999999999999999,0.0999999999999999,0.05,0.02,0.5,anchor,local_mix,none,False,full,snn_neighbormix,results/experiments/neighbormix_beta_mechanism_20260617/full/Wang/snn_neighbormix/seed0,0.0511608362222922
snn_jaccard_weighted_knn,5,3.1686339378356934,0.6674020380292047,0.9476736783981324,0.046741921454668,0.2752810169135413,0.1195653900504112,0.1353727132081985,0.1195653900504112,0.1353727132081985,0.049690093497216,0.049690093497216,5.0,63.0,17.0,50.0,0.0,0.0,0.994999474734741,0.995827853679657,0.994877815246582,Wang,1,snn_neighbormix,1.0,1.0,3.8939547915102266,2.1746112138838383,1.6339522036547596,4.714660425685547,0.8999998569488525,0.1000000163912773,fixed,0.0999999999999999,0.0999999999999999,0.05,0.02,0.5,anchor,local_mix,none,False,full,snn_neighbormix,results/experiments/neighbormix_beta_mechanism_20260617/full/Wang/snn_neighbormix/seed1,0.049690093497216
snn_jaccard_weighted_knn,5,3.15932846069336,0.6650698602794411,0.947214424610138,0.0469580888748168,0.2718772980355079,0.1183983013033866,0.1341956704854965,0.1183983013033866,0.1341956704854965,0.0506355709633364,0.0506355709633364,5.0,67.0,17.0,50.0,0.0,0.0,0.9951885702279653,0.9959108233451844,0.9955577850341796,Wang,2,snn_neighbormix,1.0,1.0,3.894754936487151,2.1706931794817383,1.6327912545687444,4.675928408793501,0.8999998569488525,0.1000000163912773,fixed,0.0999999999999999,0.0999999999999999,0.05,0.02,0.5,anchor,local_mix,none,False,full,snn_neighbormix,results/experiments/neighbormix_beta_mechanism_20260617/full/Wang/snn_neighbormix/seed2,0.0506355709633364
pca_cosine_knn,5,4.992001056671143,1.0,0.947519838809967,0.0467977412045002,0.2693980460132367,0.117218792438507,0.1344814598560333,1.0,0.0,0.0,0.0,5.0,63.0,17.0,50.0,0.0,0.0,0.9948313898518752,0.9951817989349364,0.9936339259147644,Wang,0,truncated_normal_beta_mean0.05_std0.02,1.0,1.0,3.9957572995870265,1.0253183275058464,0.9395259707864074,2.2843412664291023,0.949991640045836,0.0500083594293509,truncated_normal,0.0999999999999999,0.1,0.05,0.02,0.5,anchor,local_mix,none,False,full,truncated_normal_beta_mean0.05_std0.02,results/experiments/neighbormix_beta_mechanism_20260617/full/Wang/truncated_normal_beta_mean0.05_std0.02/seed0,
pca_cosine_knn,5,4.991875648498535,1.0,0.9476736783981324,0.046741921454668,0.2752810169135413,0.1195653900504112,0.1353727132081985,1.0,0.0,0.0,0.0,5.0,63.0,17.0,50.0,0.0,0.0,0.994999474734741,0.995352029800415,0.9935706853866576,Wang,1,truncated_normal_beta_mean0.05_std0.02,1.0,1.0,3.995728848868664,1.0250551572723967,0.938737491951198,2.280050275092189,0.9500212146422348,0.0499787839708497,truncated_normal,0.0999999999999999,0.1,0.05,0.02,0.5,anchor,local_mix,none,False,full,truncated_normal_beta_mean0.05_std0.02,results/experiments/neighbormix_beta_mechanism_20260617/full/Wang/truncated_normal_beta_mean0.05_std0.02/seed1,
pca_cosine_knn,5,4.991868019104004,1.0,0.947214424610138,0.0469580888748168,0.2718772980355079,0.1183983013033866,0.1341956704854965,1.0,0.0,0.0,0.0,5.0,67.0,17.0,50.0,0.0,0.0,0.9951885702279653,0.995509922504425,0.9938285946846008,Wang,2,truncated_normal_beta_mean0.05_std0.02,1.0,1.0,3.9956847335654553,1.0260154644379744,0.9444355299243248,2.27516196112375,0.9500092406127904,0.0499907585767072,truncated_normal,0.0999999999999999,0.1,0.05,0.02,0.5,anchor,local_mix,none,False,full,truncated_normal_beta_mean0.05_std0.02,results/experiments/neighbormix_beta_mechanism_20260617/full/Wang/truncated_normal_beta_mean0.05_std0.02/seed2,
pca_cosine_knn,5,4.936015605926514,1.0,0.8006296753883362,0.1239117980003357,0.3220735785953177,0.1898256987333297,0.1707164049148559,1.0,0.0,0.0,0.0,5.0,56.0,16.0,50.0,0.0,0.0,0.8391304347826087,0.840212345123291,0.9505194226900736,worm_neuron_cell,0,fixed_beta_0.05,1.0,1.0,3.961888514949595,1.408175754826516,0.7131575036328286,2.7336175832897425,0.9499998688697816,0.0500000081956386,fixed,0.05,0.05,0.05,0.02,0.5,anchor,local_mix,none,False,full,fixed_beta_0.05,results/experiments/neighbormix_beta_mechanism_20260617/full/worm_neuron_cell/fixed_beta_0.05/seed0,
pca_cosine_knn,5,4.934866428375244,1.0,0.8006459474563599,0.1244399473071098,0.3213569039655996,0.1901690512895584,0.169335126876831,1.0,0.0,0.0,0.0,5.0,61.0,16.75,50.0,0.0,0.0,0.8363592928810321,0.8372862339019775,0.9460172653198242,worm_neuron_cell,1,fixed_beta_0.05,1.0,1.0,3.961453991295224,1.4090297597460448,0.7141091338824481,2.7409400450065733,0.9499998688697816,0.0500000081956386,fixed,0.05,0.05,0.05,0.02,0.5,anchor,local_mix,none,False,full,fixed_beta_0.05,results/experiments/neighbormix_beta_mechanism_20260617/full/worm_neuron_cell/fixed_beta_0.05/seed1,
pca_cosine_knn,5,4.937593460083008,1.0,0.7998592853546143,0.1243199482560157,0.3258002866698519,0.1881612241268158,0.168255016207695,1.0,0.0,0.0,0.0,5.0,59.0,16.0,50.0,0.0,0.0,0.8337314859053989,0.8347968459129333,0.9486454327901204,worm_neuron_cell,2,fixed_beta_0.05,1.0,1.0,3.962847941419189,1.410911493282765,0.7167247121687979,2.7443012351170184,0.9499998688697816,0.0500000081956386,fixed,0.05,0.05,0.05,0.02,0.5,anchor,local_mix,none,False,full,fixed_beta_0.05,results/experiments/neighbormix_beta_mechanism_20260617/full/worm_neuron_cell/fixed_beta_0.05/seed2,
pca_cosine_knn,5,4.936015605926514,1.0,0.8006296753883362,0.1239117980003357,0.3220735785953177,0.1898256987333297,0.1707164049148559,1.0,0.0,0.0,0.0,5.0,56.0,16.0,50.0,0.0,0.0,0.8391304347826087,0.840212345123291,0.9505194226900736,worm_neuron_cell,0,fixed_beta_0.1,1.0,1.0,3.961888514949595,2.81635149307549,1.4263150195591152,5.467235065624118,0.8999998569488525,0.1000000163912773,fixed,0.1,0.1,0.05,0.02,0.5,anchor,local_mix,none,False,full,fixed_beta_0.1,results/experiments/neighbormix_beta_mechanism_20260617/full/worm_neuron_cell/fixed_beta_0.1/seed0,
pca_cosine_knn,5,4.934866428375244,1.0,0.8006459474563599,0.1244399473071098,0.3213569039655996,0.1901690512895584,0.169335126876831,1.0,0.0,0.0,0.0,5.0,61.0,16.75,50.0,0.0,0.0,0.8363592928810321,0.8372862339019775,0.9460172653198242,worm_neuron_cell,1,fixed_beta_0.1,1.0,1.0,3.961453991295224,2.8180594947189093,1.4282182813622055,5.481879941001535,0.8999998569488525,0.1000000163912773,fixed,0.1,0.1,0.05,0.02,0.5,anchor,local_mix,none,False,full,fixed_beta_0.1,results/experiments/neighbormix_beta_mechanism_20260617/full/worm_neuron_cell/fixed_beta_0.1/seed1,
pca_cosine_knn,5,4.937593460083008,1.0,0.7998592853546143,0.1243199482560157,0.3258002866698519,0.1881612241268158,0.168255016207695,1.0,0.0,0.0,0.0,5.0,59.0,16.0,50.0,0.0,0.0,0.8337314859053989,0.8347968459129333,0.9486454327901204,worm_neuron_cell,2,fixed_beta_0.1,1.0,1.0,3.962847941419189,2.821822969056666,1.433449440822005,5.488602402806282,0.8999998569488525,0.1000000163912773,fixed,0.1,0.1,0.05,0.02,0.5,anchor,local_mix,none,False,full,fixed_beta_0.1,results/experiments/neighbormix_beta_mechanism_20260617/full/worm_neuron_cell/fixed_beta_0.1/seed2,
pca_cosine_knn,5,4.936015605926514,1.0,0.8006296753883362,0.1239117980003357,0.3220735785953177,0.1898256987333297,0.1707164049148559,1.0,0.0,0.0,0.0,5.0,56.0,16.0,50.0,0.0,0.0,0.8391304347826087,0.840212345123291,0.9505194226900736,worm_neuron_cell,0,gaussian_noise_matched_anchor_target,1.0,1.0,3.962039151513481,1.4083557051606477,0.9447155181784184,3.176191492937505,0.9499929616227746,0.050007038086187,truncated_normal,0.0999999999999999,0.1,0.05,0.02,0.5,anchor,gaussian_matched,none,False,full,gaussian_noise_matched_anchor_target,results/experiments/neighbormix_beta_mechanism_20260617/full/worm_neuron_cell/gaussian_noise_matched_anchor_target/seed0,
pca_cosine_knn,5,4.934866428375244,1.0,0.8006459474563599,0.1244399473071098,0.3213569039655996,0.1901690512895584,0.169335126876831,1.0,0.0,0.0,0.0,5.0,61.0,16.75,50.0,0.0,0.0,0.8363592928810321,0.8372862339019775,0.9460172653198242,worm_neuron_cell,1,gaussian_noise_matched_anchor_target,1.0,1.0,3.9615215986002994,1.4089377558790148,0.945642164023593,3.177286266908049,0.9500304055400192,0.0499695933249313,truncated_normal,0.0999999999999999,0.1,0.05,0.02,0.5,anchor,gaussian_matched,none,False,full,gaussian_noise_matched_anchor_target,results/experiments/neighbormix_beta_mechanism_20260617/full/worm_neuron_cell/gaussian_noise_matched_anchor_target/seed1,
pca_cosine_knn,5,4.937593460083008,1.0,0.7998592853546143,0.1243199482560157,0.3258002866698519,0.1881612241268158,0.168255016207695,1.0,0.0,0.0,0.0,5.0,59.0,16.0,50.0,0.0,0.0,0.8337314859053989,0.8347968459129333,0.9486454327901204,worm_neuron_cell,2,gaussian_noise_matched_anchor_target,1.0,1.0,3.9629572954155465,1.411363450344652,0.9483865046408028,3.193515283241868,0.9499824119266124,0.0500175883295014,truncated_normal,0.0999999999999999,0.1,0.05,0.02,0.5,anchor,gaussian_matched,none,False,full,gaussian_noise_matched_anchor_target,results/experiments/neighbormix_beta_mechanism_20260617/full/worm_neuron_cell/gaussian_noise_matched_anchor_target/seed2,
global_random_excluding_self,5,5.000000476837158,1.0,0.0090087307617068,0.1756231635808944,0.0012422360248447,0.0004990178858861,0.0074294959194958,0.0,0.0,0.0,0.0,5.0,13.0,9.0,50.0,0.0,0.0,0.1421404682274247,0.1421404480934143,0.0386959525446097,worm_neuron_cell,0,global_random_neighbor_control,1.0,1.0,4.000000015237235,3.5134755412116645,1.2749235994182526,5.967653762176633,0.8999998569488525,0.1000000163912773,fixed,0.0999999999999999,0.0999999999999999,0.05,0.02,0.5,anchor,local_mix,none,False,full,global_random_neighbor_control,results/experiments/neighbormix_beta_mechanism_20260617/full/worm_neuron_cell/global_random_neighbor_control/seed0,
global_random_excluding_self,5,5.000000476837158,1.0,0.0071319579146802,0.1772836744785308,0.0013377926421404,0.0005149439675733,0.0075465780682861,0.0,0.0,0.0,0.0,5.0,15.0,9.0,50.0,0.0,0.0,0.1432393693263258,0.1432393491268158,0.034251590569814,worm_neuron_cell,1,global_random_neighbor_control,1.0,1.0,4.000000015237235,3.522141427360475,1.27686933176592,5.968651438131928,0.8999998569488525,0.1000000163912773,fixed,0.0999999999999999,0.0999999999999999,0.05,0.02,0.5,anchor,local_mix,none,False,full,global_random_neighbor_control,results/experiments/neighbormix_beta_mechanism_20260617/full/worm_neuron_cell/global_random_neighbor_control/seed1,
global_random_excluding_self,5,5.000000476837158,1.0,0.0094445114955306,0.1781434863805771,0.0005733397037744,0.0004618570092134,0.0071487156674265,0.0,0.0,0.0,0.0,5.0,16.0,9.0,50.0,0.0,0.0,0.1436215957955088,0.1436215788125991,0.0389831084758043,worm_neuron_cell,2,global_random_neighbor_control,1.0,1.0,4.000000015237235,3.517948021553457,1.2813809108920395,5.9953863199800255,0.8999998569488525,0.1000000163912773,fixed,0.0999999999999999,0.0999999999999999,0.05,0.02,0.5,anchor,local_mix,none,False,full,global_random_neighbor_control,results/experiments/neighbormix_beta_mechanism_20260617/full/worm_neuron_cell/global_random_neighbor_control/seed2,
none,0,0.0,0.0,0.0,0.0,0.0,0.0,0.0,0.0,0.0,0.0,,0.0,0.0,0.0,,0.0,0.0,0.0,0.0,0.0,worm_neuron_cell,0,nm_scmae_nomix,0.0,0.0,0.0,0.0,0.0,0.0,1.0,0.0,fixed,0.0999999999999999,0.0999999999999999,0.05,0.02,0.5,anchor,local_mix,none,False,full,nm_scmae_nomix,results/experiments/neighbormix_beta_mechanism_20260617/full/worm_neuron_cell/nm_scmae_nomix/seed0,
none,0,0.0,0.0,0.0,0.0,0.0,0.0,0.0,0.0,0.0,0.0,,0.0,0.0,0.0,,0.0,0.0,0.0,0.0,0.0,worm_neuron_cell,1,nm_scmae_nomix,0.0,0.0,0.0,0.0,0.0,0.0,1.0,0.0,fixed,0.0999999999999999,0.0999999999999999,0.05,0.02,0.5,anchor,local_mix,none,False,full,nm_scmae_nomix,results/experiments/neighbormix_beta_mechanism_20260617/full/worm_neuron_cell/nm_scmae_nomix/seed1,
none,0,0.0,0.0,0.0,0.0,0.0,0.0,0.0,0.0,0.0,0.0,,0.0,0.0,0.0,,0.0,0.0,0.0,0.0,0.0,worm_neuron_cell,2,nm_scmae_nomix,0.0,0.0,0.0,0.0,0.0,0.0,1.0,0.0,fixed,0.0999999999999999,0.0999999999999999,0.05,0.02,0.5,anchor,local_mix,none,False,full,nm_scmae_nomix,results/experiments/neighbormix_beta_mechanism_20260617/full/worm_neuron_cell/nm_scmae_nomix/seed2,
pca_cosine_knn,5,4.936015605926514,1.0,0.8006296753883362,0.1239117980003357,0.3220735785953177,0.1898256987333297,0.1707164049148559,1.0,0.0,0.0,0.0,5.0,56.0,16.0,50.0,0.0,0.0,0.8391304347826087,0.840212345123291,0.9505194226900736,worm_neuron_cell,0,random_beta_uniform_0.1,1.0,1.0,3.9619851441880822,1.4078234661370517,1.155228656390682,3.5852778598666197,0.9500518900342284,0.0499481094477232,uniform,0.0999999999999999,0.1,0.05,0.02,0.5,anchor,local_mix,none,False,full,random_beta_uniform_0.1,results/experiments/neighbormix_beta_mechanism_20260617/full/worm_neuron_cell/random_beta_uniform_0.1/seed0,
pca_cosine_knn,5,4.934866428375244,1.0,0.8006459474563599,0.1244399473071098,0.3213569039655996,0.1901690512895584,0.169335126876831,1.0,0.0,0.0,0.0,5.0,61.0,16.75,50.0,0.0,0.0,0.8363592928810321,0.8372862339019775,0.9460172653198242,worm_neuron_cell,1,random_beta_uniform_0.1,1.0,1.0,3.9616110662303887,1.410462567768991,1.1562852078583092,3.5950797580182554,0.9500112829264252,0.0499887177109485,uniform,0.0999999999999999,0.1,0.05,0.02,0.5,anchor,local_mix,none,False,full,random_beta_uniform_0.1,results/experiments/neighbormix_beta_mechanism_20260617/full/worm_neuron_cell/random_beta_uniform_0.1/seed1,
pca_cosine_knn,5,4.937593460083008,1.0,0.7998592853546143,0.1243199482560157,0.3258002866698519,0.1881612241268158,0.168255016207695,1.0,0.0,0.0,0.0,5.0,59.0,16.0,50.0,0.0,0.0,0.8337314859053989,0.8347968459129333,0.9486454327901204,worm_neuron_cell,2,random_beta_uniform_0.1,1.0,1.0,3.962861507256489,1.409843460749835,1.1563613425940276,3.597707380540669,0.9500038607046009,0.0499961404711939,uniform,0.0999999999999999,0.1,0.05,0.02,0.5,anchor,local_mix,none,False,full,random_beta_uniform_0.1,results/experiments/neighbormix_beta_mechanism_20260617/full/worm_neuron_cell/random_beta_uniform_0.1/seed2,
snn_jaccard_weighted_knn,5,3.699413776397705,0.7865265169612996,0.8006296753883362,0.1239117980003357,0.3220735785953177,0.1898256987333297,0.1707164049148559,0.1898256987333297,0.1707164049148559,0.0360726230291447,0.0360726230291447,5.0,56.0,16.0,50.0,0.0,0.0,0.8391304347826087,0.8414924740791321,0.9531370202700296,worm_neuron_cell,0,snn_neighbormix,1.0,1.0,3.8721430414749065,2.986648876406252,1.5067487441934646,5.831701537594199,0.8999998569488525,0.1000000163912773,fixed,0.0999999999999999,0.0999999999999999,0.05,0.02,0.5,anchor,local_mix,none,False,full,snn_neighbormix,results/experiments/neighbormix_beta_mechanism_20260617/full/worm_neuron_cell/snn_neighbormix/seed0,0.0360726230291447
snn_jaccard_weighted_knn,5,3.696158647537232,0.7873865265169613,0.8006459474563599,0.1244399473071098,0.3213569039655996,0.1901690512895584,0.169335126876831,0.1901690512895584,0.169335126876831,0.0293836598184424,0.0293836598184424,5.0,61.0,16.75,50.0,0.0,0.0,0.8363592928810321,0.8370549082756042,0.9410736958185832,worm_neuron_cell,1,snn_neighbormix,1.0,1.0,3.871010973539384,2.9918276462703943,1.5102064427919686,5.819788880646229,0.8999998569488525,0.1000000163912773,fixed,0.0999999999999999,0.0999999999999999,0.05,0.02,0.5,anchor,local_mix,none,False,full,snn_neighbormix,results/experiments/neighbormix_beta_mechanism_20260617/full/worm_neuron_cell/snn_neighbormix/seed1,0.0293836598184424
snn_jaccard_weighted_knn,5,3.691096782684326,0.7847109412326804,0.7998592853546143,0.1243199482560157,0.3258002866698519,0.1881612241268158,0.168255016207695,0.1881612241268158,0.168255016207695,0.0286669851887243,0.0286669851887243,5.0,59.0,16.0,50.0,0.0,0.0,0.8337314859053989,0.8360275626182556,0.9449329574902852,worm_neuron_cell,2,snn_neighbormix,1.0,1.0,3.871630570694349,2.989451176300645,1.511059816647321,5.849783289059997,0.8999998569488525,0.1000000163912773,fixed,0.0999999999999999,0.0999999999999999,0.05,0.02,0.5,anchor,local_mix,none,False,full,snn_neighbormix,results/experiments/neighbormix_beta_mechanism_20260617/full/worm_neuron_cell/snn_neighbormix/seed2,0.0286669851887243
pca_cosine_knn,5,4.936015605926514,1.0,0.8006296753883362,0.1239117980003357,0.3220735785953177,0.1898256987333297,0.1707164049148559,1.0,0.0,0.0,0.0,5.0,56.0,16.0,50.0,0.0,0.0,0.8391304347826087,0.840212345123291,0.9505194226900736,worm_neuron_cell,0,truncated_normal_beta_mean0.05_std0.02,1.0,1.0,3.962013831464216,1.4086745999753476,0.9479950656183064,3.180665191821754,0.9499972810968756,0.0500027190748369,truncated_normal,0.0999999999999999,0.1,0.05,0.02,0.5,anchor,local_mix,none,False,full,truncated_normal_beta_mean0.05_std0.02,results/experiments/neighbormix_beta_mechanism_20260617/full/worm_neuron_cell/truncated_normal_beta_mean0.05_std0.02/seed0,
pca_cosine_knn,5,4.934866428375244,1.0,0.8006459474563599,0.1244399473071098,0.3213569039655996,0.1901690512895584,0.169335126876831,1.0,0.0,0.0,0.0,5.0,61.0,16.75,50.0,0.0,0.0,0.8363592928810321,0.8372862339019775,0.9460172653198242,worm_neuron_cell,1,truncated_normal_beta_mean0.05_std0.02,1.0,1.0,3.961466751890656,1.409740250185132,0.949294690042734,3.189077680185437,0.9500283857341856,0.0499716121295932,truncated_normal,0.0999999999999999,0.1,0.05,0.02,0.5,anchor,local_mix,none,False,full,truncated_normal_beta_mean0.05_std0.02,results/experiments/neighbormix_beta_mechanism_20260617/full/worm_neuron_cell/truncated_normal_beta_mean0.05_std0.02/seed1,
pca_cosine_knn,5,4.937593460083008,1.0,0.7998592853546143,0.1243199482560157,0.3258002866698519,0.1881612241268158,0.168255016207695,1.0,0.0,0.0,0.0,5.0,59.0,16.0,50.0,0.0,0.0,0.8337314859053989,0.8347968459129333,0.9486454327901204,worm_neuron_cell,2,truncated_normal_beta_mean0.05_std0.02,1.0,1.0,3.962910520595989,1.4097522144205867,0.9476890647318216,3.1845317985862494,0.9500123819801956,0.0499876176589168,truncated_normal,0.0999999999999999,0.1,0.05,0.02,0.5,anchor,local_mix,none,False,full,truncated_normal_beta_mean0.05_std0.02,results/experiments/neighbormix_beta_mechanism_20260617/full/worm_neuron_cell/truncated_normal_beta_mean0.05_std0.02/seed2,
pca_cosine_knn,5,4.994472026824951,1.0,0.9560685753822328,0.0427916869521141,0.3333744221879815,0.1566529721021652,0.1447712332010269,1.0,0.0,0.0,0.0,5.0,78.0,15.0,50.0,0.0,0.0,0.9518335901386747,0.952261447906494,0.9076267679532368,Guo,0,fixed_beta_0.025,1.0,1.0,3.996962932447235,0.5451518660485745,0.3084204231649637,1.0958237501680852,0.9750001430511476,0.0250000040978193,fixed,0.025,0.025,0.05,0.02,0.5,anchor,local_mix,none,False,stage1,fixed_beta_0.025,results/experiments/neighbormix_beta_mechanism_20260617/stage1/Guo/fixed_beta_0.025/seed0,
pca_cosine_knn,5,4.994463920593262,1.0,0.9560303092002868,0.0429082550108432,0.3340523882896764,0.1553142964839935,0.1437475383281707,1.0,0.0,0.0,0.0,5.0,82.0,16.0,50.0,0.0,0.0,0.9514329738058552,0.9518691897392272,0.9027627110481262,Guo,1,fixed_beta_0.025,1.0,1.0,3.99694732779468,0.5453783710449933,0.3088708185851573,1.0970904684066771,0.9750001430511476,0.0250000040978193,fixed,0.025,0.025,0.05,0.02,0.5,anchor,local_mix,none,False,stage1,fixed_beta_0.025,results/experiments/neighbormix_beta_mechanism_20260617/stage1/Guo/fixed_beta_0.025/seed1,
pca_cosine_knn,5,4.994489192962647,1.0,0.9558459520339966,0.0427838116884231,0.3326964560862866,0.1548590213060379,0.1423371285200119,1.0,0.0,0.0,0.0,5.0,66.0,16.0,50.0,0.0,0.0,0.9522650231124808,0.9526740908622742,0.9084535241127014,Guo,2,fixed_beta_0.025,1.0,1.0,3.996963213096729,0.5445272646695376,0.3080872333198786,1.0953300222754478,0.9750001430511476,0.0250000040978193,fixed,0.025,0.025,0.05,0.02,0.5,anchor,local_mix,none,False,stage1,fixed_beta_0.025,results/experiments/neighbormix_beta_mechanism_20260617/stage1/Guo/fixed_beta_0.025/seed2,
pca_cosine_knn,5,4.994472026824951,1.0,0.9560685753822328,0.0427916869521141,0.3333744221879815,0.1566529721021652,0.1447712332010269,1.0,0.0,0.0,0.0,5.0,78.0,15.0,50.0,0.0,0.0,0.9518335901386747,0.952261447906494,0.9076267679532368,Guo,0,fixed_beta_0.05,1.0,1.0,3.996962932447235,1.0903047077059749,0.616841382175684,2.1916494484543803,0.9499998688697816,0.0500000081956386,fixed,0.05,0.05,0.05,0.02,0.5,anchor,local_mix,none,False,stage1,fixed_beta_0.05,results/experiments/neighbormix_beta_mechanism_20260617/stage1/Guo/fixed_beta_0.05/seed0,
pca_cosine_knn,5,4.994463920593262,1.0,0.9560303092002868,0.0429082550108432,0.3340523882896764,0.1553142964839935,0.1437475383281707,1.0,0.0,0.0,0.0,5.0,82.0,16.0,50.0,0.0,0.0,0.9514329738058552,0.9518691897392272,0.9027627110481262,Guo,1,fixed_beta_0.05,1.0,1.0,3.99694732779468,1.0907577156722543,0.6177421760857106,2.194182909965515,0.9499998688697816,0.0500000081956386,fixed,0.05,0.05,0.05,0.02,0.5,anchor,local_mix,none,False,stage1,fixed_beta_0.05,results/experiments/neighbormix_beta_mechanism_20260617/stage1/Guo/fixed_beta_0.05/seed1,
pca_cosine_knn,5,4.994489192962647,1.0,0.9558459520339966,0.0427838116884231,0.3326964560862866,0.1548590213060379,0.1423371285200119,1.0,0.0,0.0,0.0,5.0,66.0,16.0,50.0,0.0,0.0,0.9522650231124808,0.9526740908622742,0.9084535241127014,Guo,2,fixed_beta_0.05,1.0,1.0,3.996963213096729,1.0890555021762849,0.6161750048995017,2.190661979734897,0.9499998688697816,0.0500000081956386,fixed,0.05,0.05,0.05,0.02,0.5,anchor,local_mix,none,False,stage1,fixed_beta_0.05,results/experiments/neighbormix_beta_mechanism_20260617/stage1/Guo/fixed_beta_0.05/seed2,
pca_cosine_knn,5,4.994472026824951,1.0,0.9560685753822328,0.0427916869521141,0.3333744221879815,0.1566529721021652,0.1447712332010269,1.0,0.0,0.0,0.0,5.0,78.0,15.0,50.0,0.0,0.0,0.9518335901386747,0.952261447906494,0.9076267679532368,Guo,0,fixed_beta_0.1,1.0,1.0,3.996962932447235,2.180609413802624,1.233682753324509,4.383298908472062,0.8999998569488525,0.1000000163912773,fixed,0.1,0.1,0.05,0.02,0.5,anchor,local_mix,none,False,stage1,fixed_beta_0.1,results/experiments/neighbormix_beta_mechanism_20260617/stage1/Guo/fixed_beta_0.1/seed0,
pca_cosine_knn,5,4.994463920593262,1.0,0.9560303092002868,0.0429082550108432,0.3340523882896764,0.1553142964839935,0.1437475383281707,1.0,0.0,0.0,0.0,5.0,82.0,16.0,50.0,0.0,0.0,0.9514329738058552,0.9518691897392272,0.9027627110481262,Guo,1,fixed_beta_0.1,1.0,1.0,3.99694732779468,2.1815154321193697,1.2354843426942823,4.38836581993103,0.8999998569488525,0.1000000163912773,fixed,0.1,0.1,0.05,0.02,0.5,anchor,local_mix,none,False,stage1,fixed_beta_0.1,results/experiments/neighbormix_beta_mechanism_20260617/stage1/Guo/fixed_beta_0.1/seed1,
pca_cosine_knn,5,4.994489192962647,1.0,0.9558459520339966,0.0427838116884231,0.3326964560862866,0.1548590213060379,0.1423371285200119,1.0,0.0,0.0,0.0,5.0,66.0,16.0,50.0,0.0,0.0,0.9522650231124808,0.9526740908622742,0.9084535241127014,Guo,2,fixed_beta_0.1,1.0,1.0,3.996963213096729,2.1781110028624537,1.2323500029444694,4.381323985695839,0.8999998569488525,0.1000000163912773,fixed,0.1,0.1,0.05,0.02,0.5,anchor,local_mix,none,False,stage1,fixed_beta_0.1,results/experiments/neighbormix_beta_mechanism_20260617/stage1/Guo/fixed_beta_0.1/seed2,
pca_cosine_knn,5,4.994472026824951,1.0,0.9560685753822328,0.0427916869521141,0.3333744221879815,0.1566529721021652,0.1447712332010269,1.0,0.0,0.0,0.0,5.0,78.0,15.0,50.0,0.0,0.0,0.9518335901386747,0.952261447906494,0.9076267679532368,Guo,0,fixed_beta_0.2,1.0,1.0,3.996962932447235,4.36121782875061,2.467364965677261,8.766595881700514,0.8000001311302185,0.2000000327825546,fixed,0.2,0.2,0.05,0.02,0.5,anchor,local_mix,none,False,stage1,fixed_beta_0.2,results/experiments/neighbormix_beta_mechanism_20260617/stage1/Guo/fixed_beta_0.2/seed0,
pca_cosine_knn,5,4.994463920593262,1.0,0.9560303092002868,0.0429082550108432,0.3340523882896764,0.1553142964839935,0.1437475383281707,1.0,0.0,0.0,0.0,5.0,82.0,16.0,50.0,0.0,0.0,0.9514329738058552,0.9518691897392272,0.9027627110481262,Guo,1,fixed_beta_0.2,1.0,1.0,3.99694732779468,4.363029871225358,2.4709681465625764,8.77672969031334,0.8000001311302185,0.2000000327825546,fixed,0.2,0.2,0.05,0.02,0.5,anchor,local_mix,none,False,stage1,fixed_beta_0.2,results/experiments/neighbormix_beta_mechanism_20260617/stage1/Guo/fixed_beta_0.2/seed1,
pca_cosine_knn,5,4.994489192962647,1.0,0.9558459520339966,0.0427838116884231,0.3326964560862866,0.1548590213060379,0.1423371285200119,1.0,0.0,0.0,0.0,5.0,66.0,16.0,50.0,0.0,0.0,0.9522650231124808,0.9526740908622742,0.9084535241127014,Guo,2,fixed_beta_0.2,1.0,1.0,3.996963213096729,4.356221025586128,2.4646994645595552,8.762646026611328,0.8000001311302185,0.2000000327825546,fixed,0.2,0.2,0.05,0.02,0.5,anchor,local_mix,none,False,stage1,fixed_beta_0.2,results/experiments/neighbormix_beta_mechanism_20260617/stage1/Guo/fixed_beta_0.2/seed2,
none,0,0.0,0.0,0.0,0.0,0.0,0.0,0.0,0.0,0.0,0.0,,0.0,0.0,0.0,,0.0,0.0,0.0,0.0,0.0,Guo,0,nm_scmae_nomix,0.0,0.0,0.0,0.0,0.0,0.0,1.0,0.0,fixed,0.0999999999999999,0.0999999999999999,0.05,0.02,0.5,anchor,local_mix,none,False,stage1,nm_scmae_nomix,results/experiments/neighbormix_beta_mechanism_20260617/stage1/Guo/nm_scmae_nomix/seed0,
none,0,0.0,0.0,0.0,0.0,0.0,0.0,0.0,0.0,0.0,0.0,,0.0,0.0,0.0,,0.0,0.0,0.0,0.0,0.0,Guo,1,nm_scmae_nomix,0.0,0.0,0.0,0.0,0.0,0.0,1.0,0.0,fixed,0.0999999999999999,0.0999999999999999,0.05,0.02,0.5,anchor,local_mix,none,False,stage1,nm_scmae_nomix,results/experiments/neighbormix_beta_mechanism_20260617/stage1/Guo/nm_scmae_nomix/seed1,
none,0,0.0,0.0,0.0,0.0,0.0,0.0,0.0,0.0,0.0,0.0,,0.0,0.0,0.0,,0.0,0.0,0.0,0.0,0.0,Guo,2,nm_scmae_nomix,0.0,0.0,0.0,0.0,0.0,0.0,1.0,0.0,fixed,0.0999999999999999,0.0999999999999999,0.05,0.02,0.5,anchor,local_mix,none,False,stage1,nm_scmae_nomix,results/experiments/neighbormix_beta_mechanism_20260617/stage1/Guo/nm_scmae_nomix/seed2,
pca_cosine_knn,5,4.994472026824951,1.0,0.9560685753822328,0.0427916869521141,0.3333744221879815,0.1566529721021652,0.1447712332010269,1.0,0.0,0.0,0.0,5.0,78.0,15.0,50.0,0.0,0.0,0.9518335901386747,0.952261447906494,0.9076267679532368,Guo,0,random_beta_uniform_0.05,1.0,1.0,3.996939646015384,0.5451190360188484,0.4746469803154468,1.5384168037772177,0.9750086771845818,0.0249913221271708,uniform,0.0999999999999999,0.05,0.025,0.02,0.5,anchor,local_mix,none,False,stage1,random_beta_uniform_0.05,results/experiments/neighbormix_beta_mechanism_20260617/stage1/Guo/random_beta_uniform_0.05/seed0,
pca_cosine_knn,5,4.994463920593262,1.0,0.9560303092002868,0.0429082550108432,0.3340523882896764,0.1553142964839935,0.1437475383281707,1.0,0.0,0.0,0.0,5.0,82.0,16.0,50.0,0.0,0.0,0.9514329738058552,0.9518691897392272,0.9027627110481262,Guo,1,random_beta_uniform_0.05,1.0,1.0,3.996934418674087,0.5455065597146749,0.4750738940834999,1.5408611783981323,0.9750035443007944,0.0249964556740596,uniform,0.0999999999999999,0.05,0.025,0.02,0.5,anchor,local_mix,none,False,stage1,random_beta_uniform_0.05,results/experiments/neighbormix_beta_mechanism_20260617/stage1/Guo/random_beta_uniform_0.05/seed1,
pca_cosine_knn,5,4.994489192962647,1.0,0.9558459520339966,0.0427838116884231,0.3326964560862866,0.1548590213060379,0.1423371285200119,1.0,0.0,0.0,0.0,5.0,66.0,16.0,50.0,0.0,0.0,0.9522650231124808,0.9526740908622742,0.9084535241127014,Guo,2,random_beta_uniform_0.05,1.0,1.0,3.996964060824266,0.5442168637961149,0.4740652554780244,1.536865850329399,0.9750185302197936,0.0249814693527296,uniform,0.0999999999999999,0.05,0.025,0.02,0.5,anchor,local_mix,none,False,stage1,random_beta_uniform_0.05,results/experiments/neighbormix_beta_mechanism_20260617/stage1/Guo/random_beta_uniform_0.05/seed2,
pca_cosine_knn,5,4.994472026824951,1.0,0.9560685753822328,0.0427916869521141,0.3333744221879815,0.1566529721021652,0.1447712332010269,1.0,0.0,0.0,0.0,5.0,78.0,15.0,50.0,0.0,0.0,0.9518335901386747,0.952261447906494,0.9076267679532368,Guo,0,random_beta_uniform_0.1,1.0,1.0,3.996939646015384,1.090238070309162,0.9492939558327198,3.07683358502388,0.9500173563361168,0.0499826442543417,uniform,0.0999999999999999,0.1,0.05,0.02,0.5,anchor,local_mix,none,False,stage1,random_beta_uniform_0.1,results/experiments/neighbormix_beta_mechanism_20260617/stage1/Guo/random_beta_uniform_0.1/seed0,
pca_cosine_knn,5,4.994463920593262,1.0,0.9560303092002868,0.0429082550108432,0.3340523882896764,0.1553142964839935,0.1437475383281707,1.0,0.0,0.0,0.0,5.0,82.0,16.0,50.0,0.0,0.0,0.9514329738058552,0.9518691897392272,0.9027627110481262,Guo,1,random_beta_uniform_0.1,1.0,1.0,3.996934418674087,1.0910131194293498,0.9501477848291398,3.0817223590612413,0.9500070888996124,0.0499929113481193,uniform,0.0999999999999999,0.1,0.05,0.02,0.5,anchor,local_mix,none,False,stage1,random_beta_uniform_0.1,results/experiments/neighbormix_beta_mechanism_20260617/stage1/Guo/random_beta_uniform_0.1/seed1,
pca_cosine_knn,5,4.994489192962647,1.0,0.9558459520339966,0.0427838116884231,0.3326964560862866,0.1548590213060379,0.1423371285200119,1.0,0.0,0.0,0.0,5.0,66.0,16.0,50.0,0.0,0.0,0.9522650231124808,0.9526740908622742,0.9084535241127014,Guo,2,random_beta_uniform_0.1,1.0,1.0,3.996964060824266,1.0884337265491486,0.9481305095255376,3.073731717944145,0.950037062048912,0.0499629387054592,uniform,0.0999999999999999,0.1,0.05,0.02,0.5,anchor,local_mix,none,False,stage1,random_beta_uniform_0.1,results/experiments/neighbormix_beta_mechanism_20260617/stage1/Guo/random_beta_uniform_0.1/seed2,
pca_cosine_knn,5,4.994472026824951,1.0,0.9560685753822328,0.0427916869521141,0.3333744221879815,0.1566529721021652,0.1447712332010269,1.0,0.0,0.0,0.0,5.0,78.0,15.0,50.0,0.0,0.0,0.9518335901386747,0.952261447906494,0.9076267679532368,Guo,0,random_beta_uniform_0.2,1.0,1.0,3.996939646015384,2.1804761387705804,1.898587914288044,6.153667137384415,0.900034711778164,0.0999652885086834,uniform,0.0999999999999999,0.2,0.1,0.02,0.5,anchor,local_mix,none,False,stage1,random_beta_uniform_0.2,results/experiments/neighbormix_beta_mechanism_20260617/stage1/Guo/random_beta_uniform_0.2/seed0,
pca_cosine_knn,5,4.994463920593262,1.0,0.9560303092002868,0.0429082550108432,0.3340523882896764,0.1553142964839935,0.1437475383281707,1.0,0.0,0.0,0.0,5.0,82.0,16.0,50.0,0.0,0.0,0.9514329738058552,0.9518691897392272,0.9027627110481262,Guo,1,random_beta_uniform_0.2,1.0,1.0,3.996934418674087,2.182026241123676,1.9002955728769304,6.16344470500946,0.9000141781270505,0.0999858226962387,uniform,0.0999999999999999,0.2,0.1,0.02,0.5,anchor,local_mix,none,False,stage1,random_beta_uniform_0.2,results/experiments/neighbormix_beta_mechanism_20260617/stage1/Guo/random_beta_uniform_0.2/seed1,
pca_cosine_knn,5,4.994489192962647,1.0,0.9558459520339966,0.0427838116884231,0.3326964560862866,0.1548590213060379,0.1423371285200119,1.0,0.0,0.0,0.0,5.0,66.0,16.0,50.0,0.0,0.0,0.9522650231124808,0.9526740908622742,0.9084535241127014,Guo,2,random_beta_uniform_0.2,1.0,1.0,3.996964060824266,2.1768674535751344,1.8962610162496567,6.147463459968567,0.9000741223692893,0.0999258774109184,uniform,0.0999999999999999,0.2,0.1,0.02,0.5,anchor,local_mix,none,False,stage1,random_beta_uniform_0.2,results/experiments/neighbormix_beta_mechanism_20260617/stage1/Guo/random_beta_uniform_0.2/seed2,
pca_cosine_knn,5,4.992573261260986,1.0,0.9250876903533936,0.0551818795502185,0.2979110873058382,0.1052853986620903,0.1226002499461174,1.0,0.0,0.0,0.0,5.0,58.0,15.0,50.0,0.0,0.0,0.962542403142296,0.9627015590667723,0.9294465978940328,Macosko,0,fixed_beta_0.025,1.0,1.0,3.995776267974509,0.6479054902664253,0.446980197554188,1.129879342683724,0.9750001430511476,0.0250000040978193,fixed,0.025,0.025,0.05,0.02,0.5,anchor,local_mix,none,False,stage1,fixed_beta_0.025,results/experiments/neighbormix_beta_mechanism_20260617/stage1/Macosko/fixed_beta_0.025/seed0,
pca_cosine_knn,5,4.992573261260986,1.0,0.9250876903533936,0.0551818795502185,0.2979110873058382,0.1052853986620903,0.1226002499461174,1.0,0.0,0.0,0.0,5.0,58.0,15.0,50.0,0.0,0.0,0.962542403142296,0.9627015590667723,0.9294465978940328,Macosko,1,fixed_beta_0.025,1.0,1.0,3.9957703436264023,0.6479578476037298,0.4471890440082976,1.1294153353657042,0.9750001430511476,0.0250000040978193,fixed,0.025,0.025,0.05,0.02,0.5,anchor,local_mix,none,False,stage1,fixed_beta_0.025,results/experiments/neighbormix_beta_mechanism_20260617/stage1/Macosko/fixed_beta_0.025/seed1,
pca_cosine_knn,5,4.992573261260986,1.0,0.9250876903533936,0.0551818795502185,0.2979110873058382,0.1052853986620903,0.1226002499461174,1.0,0.0,0.0,0.0,5.0,58.0,15.0,50.0,0.0,0.0,0.962542403142296,0.9627015590667723,0.9294465978940328,Macosko,2,fixed_beta_0.025,1.0,1.0,3.995783358115047,0.6479361832908221,0.4472071358220917,1.12959538601126,0.9750001430511476,0.0250000040978193,fixed,0.025,0.025,0.05,0.02,0.5,anchor,local_mix,none,False,stage1,fixed_beta_0.025,results/experiments/neighbormix_beta_mechanism_20260617/stage1/Macosko/fixed_beta_0.025/seed2,
pca_cosine_knn,5,4.992573261260986,1.0,0.9250876903533936,0.0551818795502185,0.2979110873058382,0.1052853986620903,0.1226002499461174,1.0,0.0,0.0,0.0,5.0,58.0,15.0,50.0,0.0,0.0,0.962542403142296,0.9627015590667723,0.9294465978940328,Macosko,0,fixed_beta_0.05,1.0,1.0,3.995776267974509,1.2958120351689204,0.8939607103743723,2.259760672552245,0.9499998688697816,0.0500000081956386,fixed,0.05,0.05,0.05,0.02,0.5,anchor,local_mix,none,False,stage1,fixed_beta_0.05,results/experiments/neighbormix_beta_mechanism_20260617/stage1/Macosko/fixed_beta_0.05/seed0,
pca_cosine_knn,5,4.992573261260986,1.0,0.9250876903533936,0.0551818795502185,0.2979110873058382,0.1052853986620903,0.1226002499461174,1.0,0.0,0.0,0.0,5.0,58.0,15.0,50.0,0.0,0.0,0.962542403142296,0.9627015590667723,0.9294465978940328,Macosko,1,fixed_beta_0.05,1.0,1.0,3.9957703436264023,1.2959167516316683,0.8943784043490887,2.258832668193749,0.9499998688697816,0.0500000081956386,fixed,0.05,0.05,0.05,0.02,0.5,anchor,local_mix,none,False,stage1,fixed_beta_0.05,results/experiments/neighbormix_beta_mechanism_20260617/stage1/Macosko/fixed_beta_0.05/seed1,
pca_cosine_knn,5,4.992573261260986,1.0,0.9250876903533936,0.0551818795502185,0.2979110873058382,0.1052853986620903,0.1226002499461174,1.0,0.0,0.0,0.0,5.0,58.0,15.0,50.0,0.0,0.0,0.962542403142296,0.9627015590667723,0.9294465978940328,Macosko,2,fixed_beta_0.05,1.0,1.0,3.995783358115047,1.295873421558312,0.8944145858692272,2.259192758721965,0.9499998688697816,0.0500000081956386,fixed,0.05,0.05,0.05,0.02,0.5,anchor,local_mix,none,False,stage1,fixed_beta_0.05,results/experiments/neighbormix_beta_mechanism_20260617/stage1/Macosko/fixed_beta_0.05/seed2,
pca_cosine_knn,5,4.992573261260986,1.0,0.9250876903533936,0.0551818795502185,0.2979110873058382,0.1052853986620903,0.1226002499461174,1.0,0.0,0.0,0.0,5.0,58.0,15.0,50.0,0.0,0.0,0.962542403142296,0.9627015590667723,0.9294465978940328,Macosko,0,fixed_beta_0.1,1.0,1.0,3.995776267974509,2.591624151825905,1.7879220939704354,4.519521295257976,0.8999998569488525,0.1000000163912773,fixed,0.1,0.1,0.05,0.02,0.5,anchor,local_mix,none,False,stage1,fixed_beta_0.1,results/experiments/neighbormix_beta_mechanism_20260617/stage1/Macosko/fixed_beta_0.1/seed0,
pca_cosine_knn,5,4.992573261260986,1.0,0.9250876903533936,0.0551818795502185,0.2979110873058382,0.1052853986620903,0.1226002499461174,1.0,0.0,0.0,0.0,5.0,58.0,15.0,50.0,0.0,0.0,0.962542403142296,0.9627015590667723,0.9294465978940328,Macosko,1,fixed_beta_0.1,1.0,1.0,3.9957703436264023,2.591833583968026,1.7887574798805377,4.51766527385371,0.8999998569488525,0.1000000163912773,fixed,0.1,0.1,0.05,0.02,0.5,anchor,local_mix,none,False,stage1,fixed_beta_0.1,results/experiments/neighbormix_beta_mechanism_20260617/stage1/Macosko/fixed_beta_0.1/seed1,
pca_cosine_knn,5,4.992573261260986,1.0,0.9250876903533936,0.0551818795502185,0.2979110873058382,0.1052853986620903,0.1226002499461174,1.0,0.0,0.0,0.0,5.0,58.0,15.0,50.0,0.0,0.0,0.962542403142296,0.9627015590667723,0.9294465978940328,Macosko,2,fixed_beta_0.1,1.0,1.0,3.995783358115047,2.5917469245365687,1.788829845441239,4.51838542505673,0.8999998569488525,0.1000000163912773,fixed,0.1,0.1,0.05,0.02,0.5,anchor,local_mix,none,False,stage1,fixed_beta_0.1,results/experiments/neighbormix_beta_mechanism_20260617/stage1/Macosko/fixed_beta_0.1/seed2,
pca_cosine_knn,5,4.992573261260986,1.0,0.9250876903533936,0.0551818795502185,0.2979110873058382,0.1052853986620903,0.1226002499461174,1.0,0.0,0.0,0.0,5.0,58.0,15.0,50.0,0.0,0.0,0.962542403142296,0.9627015590667723,0.9294465978940328,Macosko,0,fixed_beta_0.2,1.0,1.0,3.995776267974509,5.1832471108436575,3.5758431290473256,9.03904064341954,0.8000001311302185,0.2000000327825546,fixed,0.2,0.2,0.05,0.02,0.5,anchor,local_mix,none,False,stage1,fixed_beta_0.2,results/experiments/neighbormix_beta_mechanism_20260617/stage1/Macosko/fixed_beta_0.2/seed0,
pca_cosine_knn,5,4.992573261260986,1.0,0.9250876903533936,0.0551818795502185,0.2979110873058382,0.1052853986620903,0.1226002499461174,1.0,0.0,0.0,0.0,5.0,58.0,15.0,50.0,0.0,0.0,0.962542403142296,0.9627015590667723,0.9294465978940328,Macosko,1,fixed_beta_0.2,1.0,1.0,3.9957703436264023,5.18366597362927,3.577513901012284,9.035328591448922,0.8000001311302185,0.2000000327825546,fixed,0.2,0.2,0.05,0.02,0.5,anchor,local_mix,none,False,stage1,fixed_beta_0.2,results/experiments/neighbormix_beta_mechanism_20260617/stage1/Macosko/fixed_beta_0.2/seed1,
pca_cosine_knn,5,4.992573261260986,1.0,0.9250876903533936,0.0551818795502185,0.2979110873058382,0.1052853986620903,0.1226002499461174,1.0,0.0,0.0,0.0,5.0,58.0,15.0,50.0,0.0,0.0,0.962542403142296,0.9627015590667723,0.9294465978940328,Macosko,2,fixed_beta_0.2,1.0,1.0,3.995783358115047,5.183492654153278,3.5776586342198518,9.0367689271995,0.8000001311302185,0.2000000327825546,fixed,0.2,0.2,0.05,0.02,0.5,anchor,local_mix,none,False,stage1,fixed_beta_0.2,results/experiments/neighbormix_beta_mechanism_20260617/stage1/Macosko/fixed_beta_0.2/seed2,
none,0,0.0,0.0,0.0,0.0,0.0,0.0,0.0,0.0,0.0,0.0,,0.0,0.0,0.0,,0.0,0.0,0.0,0.0,0.0,Macosko,0,nm_scmae_nomix,0.0,0.0,0.0,0.0,0.0,0.0,1.0,0.0,fixed,0.0999999999999999,0.0999999999999999,0.05,0.02,0.5,anchor,local_mix,none,False,stage1,nm_scmae_nomix,results/experiments/neighbormix_beta_mechanism_20260617/stage1/Macosko/nm_scmae_nomix/seed0,
none,0,0.0,0.0,0.0,0.0,0.0,0.0,0.0,0.0,0.0,0.0,,0.0,0.0,0.0,,0.0,0.0,0.0,0.0,0.0,Macosko,1,nm_scmae_nomix,0.0,0.0,0.0,0.0,0.0,0.0,1.0,0.0,fixed,0.0999999999999999,0.0999999999999999,0.05,0.02,0.5,anchor,local_mix,none,False,stage1,nm_scmae_nomix,results/experiments/neighbormix_beta_mechanism_20260617/stage1/Macosko/nm_scmae_nomix/seed1,
none,0,0.0,0.0,0.0,0.0,0.0,0.0,0.0,0.0,0.0,0.0,,0.0,0.0,0.0,,0.0,0.0,0.0,0.0,0.0,Macosko,2,nm_scmae_nomix,0.0,0.0,0.0,0.0,0.0,0.0,1.0,0.0,fixed,0.0999999999999999,0.0999999999999999,0.05,0.02,0.5,anchor,local_mix,none,False,stage1,nm_scmae_nomix,results/experiments/neighbormix_beta_mechanism_20260617/stage1/Macosko/nm_scmae_nomix/seed2,
pca_cosine_knn,5,4.992573261260986,1.0,0.9250876903533936,0.0551818795502185,0.2979110873058382,0.1052853986620903,0.1226002499461174,1.0,0.0,0.0,0.0,5.0,58.0,15.0,50.0,0.0,0.0,0.962542403142296,0.9627015590667723,0.9294465978940328,Macosko,0,random_beta_uniform_0.05,1.0,1.0,3.995780355095541,0.6478580220256532,0.633108671565141,1.3899431909663336,0.975001823782921,0.0249981762295854,uniform,0.0999999999999999,0.05,0.025,0.02,0.5,anchor,local_mix,none,False,stage1,random_beta_uniform_0.05,results/experiments/neighbormix_beta_mechanism_20260617/stage1/Macosko/random_beta_uniform_0.05/seed0,
pca_cosine_knn,5,4.992573261260986,1.0,0.9250876903533936,0.0551818795502185,0.2979110873058382,0.1052853986620903,0.1226002499461174,1.0,0.0,0.0,0.0,5.0,58.0,15.0,50.0,0.0,0.0,0.962542403142296,0.9627015590667723,0.9294465978940328,Macosko,1,random_beta_uniform_0.05,1.0,1.0,3.9957912798164896,0.6478965543465954,0.6329781330462013,1.3899167190875326,0.975004027911595,0.0249959717105541,uniform,0.0999999999999999,0.05,0.025,0.02,0.5,anchor,local_mix,none,False,stage1,random_beta_uniform_0.05,results/experiments/neighbormix_beta_mechanism_20260617/stage1/Macosko/random_beta_uniform_0.05/seed1,
pca_cosine_knn,5,4.992573261260986,1.0,0.9250876903533936,0.0551818795502185,0.2979110873058382,0.1052853986620903,0.1226002499461174,1.0,0.0,0.0,0.0,5.0,58.0,15.0,50.0,0.0,0.0,0.962542403142296,0.9627015590667723,0.9294465978940328,Macosko,2,random_beta_uniform_0.05,1.0,1.0,3.9957819063345874,0.6475082136350019,0.6324550504407712,1.3917178370612011,0.9750189641501222,0.0249810358537361,uniform,0.0999999999999999,0.05,0.025,0.02,0.5,anchor,local_mix,none,False,stage1,random_beta_uniform_0.05,results/experiments/neighbormix_beta_mechanism_20260617/stage1/Macosko/random_beta_uniform_0.05/seed2,
pca_cosine_knn,5,4.992573261260986,1.0,0.9250876903533936,0.0551818795502185,0.2979110873058382,0.1052853986620903,0.1226002499461174,1.0,0.0,0.0,0.0,5.0,58.0,15.0,50.0,0.0,0.0,0.962542403142296,0.9627015590667723,0.9294465978940328,Macosko,0,random_beta_uniform_0.1,1.0,1.0,3.995780355095541,1.295716045481818,1.2662173527096,2.779886362331254,0.950003647702081,0.0499963524591709,uniform,0.0999999999999999,0.1,0.05,0.02,0.5,anchor,local_mix,none,False,stage1,random_beta_uniform_0.1,results/experiments/neighbormix_beta_mechanism_20260617/stage1/Macosko/random_beta_uniform_0.1/seed0,
pca_cosine_knn,5,4.992573261260986,1.0,0.9250876903533936,0.0551818795502185,0.2979110873058382,0.1052853986620903,0.1226002499461174,1.0,0.0,0.0,0.0,5.0,58.0,15.0,50.0,0.0,0.0,0.962542403142296,0.9627015590667723,0.9294465978940328,Macosko,1,random_beta_uniform_0.1,1.0,1.0,3.9957912798164896,1.2957931083355632,1.2659562637337616,2.779833414043699,0.9500080565001284,0.0499919434211083,uniform,0.0999999999999999,0.1,0.05,0.02,0.5,anchor,local_mix,none,False,stage1,random_beta_uniform_0.1,results/experiments/neighbormix_beta_mechanism_20260617/stage1/Macosko/random_beta_uniform_0.1/seed1,
pca_cosine_knn,5,4.992573261260986,1.0,0.9250876903533936,0.0551818795502185,0.2979110873058382,0.1052853986620903,0.1226002499461174,1.0,0.0,0.0,0.0,5.0,58.0,15.0,50.0,0.0,0.0,0.962542403142296,0.9627015590667723,0.9294465978940328,Macosko,2,random_beta_uniform_0.1,1.0,1.0,3.9957819063345874,1.2950164275509972,1.2649101069016115,2.783435685379165,0.9500379283470768,0.0499620717074722,uniform,0.0999999999999999,0.1,0.05,0.02,0.5,anchor,local_mix,none,False,stage1,random_beta_uniform_0.1,results/experiments/neighbormix_beta_mechanism_20260617/stage1/Macosko/random_beta_uniform_0.1/seed2,
pca_cosine_knn,5,4.992573261260986,1.0,0.9250876903533936,0.0551818795502185,0.2979110873058382,0.1052853986620903,0.1226002499461174,1.0,0.0,0.0,0.0,5.0,58.0,15.0,50.0,0.0,0.0,0.962542403142296,0.9627015590667723,0.9294465978940328,Macosko,0,random_beta_uniform_0.2,1.0,1.0,3.995780355095541,2.591432092394148,2.532434702490057,5.55977274782317,0.9000072953104972,0.0999927049183419,uniform,0.0999999999999999,0.2,0.1,0.02,0.5,anchor,local_mix,none,False,stage1,random_beta_uniform_0.2,results/experiments/neighbormix_beta_mechanism_20260617/stage1/Macosko/random_beta_uniform_0.2/seed0,
pca_cosine_knn,5,4.992573261260986,1.0,0.9250876903533936,0.0551818795502185,0.2979110873058382,0.1052853986620903,0.1226002499461174,1.0,0.0,0.0,0.0,5.0,58.0,15.0,50.0,0.0,0.0,0.962542403142296,0.9627015590667723,0.9294465978940328,Macosko,1,random_beta_uniform_0.2,1.0,1.0,3.9957912798164896,2.591586218101638,2.531912533521652,5.559666824681418,0.9000161134600638,0.0999838868422167,uniform,0.0999999999999999,0.2,0.1,0.02,0.5,anchor,local_mix,none,False,stage1,random_beta_uniform_0.2,results/experiments/neighbormix_beta_mechanism_20260617/stage1/Macosko/random_beta_uniform_0.2/seed1,
pca_cosine_knn,5,4.992573261260986,1.0,0.9250876903533936,0.0551818795502185,0.2979110873058382,0.1052853986620903,0.1226002499461174,1.0,0.0,0.0,0.0,5.0,58.0,15.0,50.0,0.0,0.0,0.962542403142296,0.9627015590667723,0.9294465978940328,Macosko,2,random_beta_uniform_0.2,1.0,1.0,3.9957819063345874,2.5900328545229776,2.529820214612143,5.5668713762760165,0.9000758565238545,0.0999241434149444,uniform,0.0999999999999999,0.2,0.1,0.02,0.5,anchor,local_mix,none,False,stage1,random_beta_uniform_0.2,results/experiments/neighbormix_beta_mechanism_20260617/stage1/Macosko/random_beta_uniform_0.2/seed2,
pca_cosine_knn,5,4.972256183624268,1.0,0.8924466371536255,0.0820034891366958,0.3274983381342787,0.1681741327047348,0.1579177677631378,1.0,0.0,0.0,0.0,5.0,61.0,16.0,50.0,0.0,0.0,0.8719698648349213,0.8740304112434387,0.8484357992808024,Melanoma_5K,0,fixed_beta_0.025,1.0,1.0,3.9840242800933536,0.655465804040432,0.3529006130993366,1.3645130006706014,0.9750001430511476,0.0250000040978193,fixed,0.025,0.025,0.05,0.02,0.5,anchor,local_mix,none,False,stage1,fixed_beta_0.025,results/experiments/neighbormix_beta_mechanism_20260617/stage1/Melanoma_5K/fixed_beta_0.025/seed0,
pca_cosine_knn,5,4.971978664398193,1.0,0.8924643993377686,0.0825860425829887,0.325637048526479,0.1703208535909652,0.1597455739974975,1.0,0.0,0.0,0.0,5.0,72.0,16.0,50.0,0.0,0.0,0.8716153334810547,0.8739621043205261,0.8518532117207845,Melanoma_5K,1,fixed_beta_0.025,1.0,1.0,3.983792342810544,0.6558611599399763,0.3535211855874342,1.3654554914025698,0.9750001430511476,0.0250000040978193,fixed,0.025,0.025,0.05,0.02,0.5,anchor,local_mix,none,False,stage1,fixed_beta_0.025,results/experiments/neighbormix_beta_mechanism_20260617/stage1/Melanoma_5K/fixed_beta_0.025/seed1,
pca_cosine_knn,5,4.972635269165039,1.0,0.892723798751831,0.0818581134080886,0.3270551739419455,0.1687456667423248,0.1583421230316162,1.0,0.0,0.0,0.0,5.0,65.0,16.0,50.0,0.0,0.0,0.8717482827387547,0.8739094734191895,0.8498106002807617,Melanoma_5K,2,fixed_beta_0.025,1.0,1.0,3.984076629721741,0.65629379578373,0.3529000992284101,1.3650961820693577,0.9750001430511476,0.0250000040978193,fixed,0.025,0.025,0.05,0.02,0.5,anchor,local_mix,none,False,stage1,fixed_beta_0.025,results/experiments/neighbormix_beta_mechanism_20260617/stage1/Melanoma_5K/fixed_beta_0.025/seed2,
pca_cosine_knn,5,4.972256183624268,1.0,0.8924466371536255,0.0820034891366958,0.3274983381342787,0.1681741327047348,0.1579177677631378,1.0,0.0,0.0,0.0,5.0,61.0,16.0,50.0,0.0,0.0,0.8719698648349213,0.8740304112434387,0.8484357992808024,Melanoma_5K,0,fixed_beta_0.05,1.0,1.0,3.9840242800933536,1.310932775981286,0.7058018012958415,2.72902848527712,0.9499998688697816,0.0500000081956386,fixed,0.05,0.05,0.05,0.02,0.5,anchor,local_mix,none,False,stage1,fixed_beta_0.05,results/experiments/neighbormix_beta_mechanism_20260617/stage1/Melanoma_5K/fixed_beta_0.05/seed0,
pca_cosine_knn,5,4.971978664398193,1.0,0.8924643993377686,0.0825860425829887,0.325637048526479,0.1703208535909652,0.1597455739974975,1.0,0.0,0.0,0.0,5.0,72.0,16.0,50.0,0.0,0.0,0.8716153334810547,0.8739621043205261,0.8518532117207845,Melanoma_5K,1,fixed_beta_0.05,1.0,1.0,3.983792342810544,1.3117234879556825,0.7070429398294757,2.730913470071905,0.9499998688697816,0.0500000081956386,fixed,0.05,0.05,0.05,0.02,0.5,anchor,local_mix,none,False,stage1,fixed_beta_0.05,results/experiments/neighbormix_beta_mechanism_20260617/stage1/Melanoma_5K/fixed_beta_0.05/seed1,
pca_cosine_knn,5,4.972635269165039,1.0,0.892723798751831,0.0818581134080886,0.3270551739419455,0.1687456667423248,0.1583421230316162,1.0,0.0,0.0,0.0,5.0,65.0,16.0,50.0,0.0,0.0,0.8717482827387547,0.8739094734191895,0.8498106002807617,Melanoma_5K,2,fixed_beta_0.05,1.0,1.0,3.984076629721741,1.3125887600814594,0.7058007709243718,2.730194842114168,0.9499998688697816,0.0500000081956386,fixed,0.05,0.05,0.05,0.02,0.5,anchor,local_mix,none,False,stage1,fixed_beta_0.05,results/experiments/neighbormix_beta_mechanism_20260617/stage1/Melanoma_5K/fixed_beta_0.05/seed2,
pca_cosine_knn,5,4.972256183624268,1.0,0.8924466371536255,0.0820034891366958,0.3274983381342787,0.1681741327047348,0.1579177677631378,1.0,0.0,0.0,0.0,5.0,61.0,16.0,50.0,0.0,0.0,0.8719698648349213,0.8740304112434387,0.8484357992808024,Melanoma_5K,0,fixed_beta_0.1,1.0,1.0,3.9840242800933536,2.621865520231864,1.41160357953871,5.458056974060395,0.8999998569488525,0.1000000163912773,fixed,0.1,0.1,0.05,0.02,0.5,anchor,local_mix,none,False,stage1,fixed_beta_0.1,results/experiments/neighbormix_beta_mechanism_20260617/stage1/Melanoma_5K/fixed_beta_0.1/seed0,
pca_cosine_knn,5,4.971978664398193,1.0,0.8924643993377686,0.0825860425829887,0.325637048526479,0.1703208535909652,0.1597455739974975,1.0,0.0,0.0,0.0,5.0,72.0,16.0,50.0,0.0,0.0,0.8716153334810547,0.8739621043205261,0.8518532117207845,Melanoma_5K,1,fixed_beta_0.1,1.0,1.0,3.983792342810544,2.6234469413757324,1.4140858564306709,5.461826950662276,0.8999998569488525,0.1000000163912773,fixed,0.1,0.1,0.05,0.02,0.5,anchor,local_mix,none,False,stage1,fixed_beta_0.1,results/experiments/neighbormix_beta_mechanism_20260617/stage1/Melanoma_5K/fixed_beta_0.1/seed1,
pca_cosine_knn,5,4.972635269165039,1.0,0.892723798751831,0.0818581134080886,0.3270551739419455,0.1687456667423248,0.1583421230316162,1.0,0.0,0.0,0.0,5.0,65.0,16.0,50.0,0.0,0.0,0.8717482827387547,0.8739094734191895,0.8498106002807617,Melanoma_5K,2,fixed_beta_0.1,1.0,1.0,3.984076629721741,2.6251774991259853,1.411601523178465,5.460389761714374,0.8999998569488525,0.1000000163912773,fixed,0.1,0.1,0.05,0.02,0.5,anchor,local_mix,none,False,stage1,fixed_beta_0.1,results/experiments/neighbormix_beta_mechanism_20260617/stage1/Melanoma_5K/fixed_beta_0.1/seed2,
pca_cosine_knn,5,4.972256183624268,1.0,0.8924466371536255,0.0820034891366958,0.3274983381342787,0.1681741327047348,0.1579177677631378,1.0,0.0,0.0,0.0,5.0,61.0,16.0,50.0,0.0,0.0,0.8719698648349213,0.8740304112434387,0.8484357992808024,Melanoma_5K,0,fixed_beta_0.2,1.0,1.0,3.9840242800933536,5.24372983364498,2.823206451359917,10.916111333931193,0.8000001311302185,0.2000000327825546,fixed,0.2,0.2,0.05,0.02,0.5,anchor,local_mix,none,False,stage1,fixed_beta_0.2,results/experiments/neighbormix_beta_mechanism_20260617/stage1/Melanoma_5K/fixed_beta_0.2/seed0,
pca_cosine_knn,5,4.971978664398193,1.0,0.8924643993377686,0.0825860425829887,0.325637048526479,0.1703208535909652,0.1597455739974975,1.0,0.0,0.0,0.0,5.0,72.0,16.0,50.0,0.0,0.0,0.8716153334810547,0.8739621043205261,0.8518532117207845,Melanoma_5K,1,fixed_beta_0.2,1.0,1.0,3.983792342810544,5.246892693112878,2.828171018642538,10.923651344635909,0.8000001311302185,0.2000000327825546,fixed,0.2,0.2,0.05,0.02,0.5,anchor,local_mix,none,False,stage1,fixed_beta_0.2,results/experiments/neighbormix_beta_mechanism_20260617/stage1/Melanoma_5K/fixed_beta_0.2/seed1,
pca_cosine_knn,5,4.972635269165039,1.0,0.892723798751831,0.0818581134080886,0.3270551739419455,0.1687456667423248,0.1583421230316162,1.0,0.0,0.0,0.0,5.0,65.0,16.0,50.0,0.0,0.0,0.8717482827387547,0.8739094734191895,0.8498106002807617,Melanoma_5K,2,fixed_beta_0.2,1.0,1.0,3.984076629721741,5.250353797393688,2.8232023484566637,10.920776758474464,0.8000001311302185,0.2000000327825546,fixed,0.2,0.2,0.05,0.02,0.5,anchor,local_mix,none,False,stage1,fixed_beta_0.2,results/experiments/neighbormix_beta_mechanism_20260617/stage1/Melanoma_5K/fixed_beta_0.2/seed2,
none,0,0.0,0.0,0.0,0.0,0.0,0.0,0.0,0.0,0.0,0.0,,0.0,0.0,0.0,,0.0,0.0,0.0,0.0,0.0,Melanoma_5K,0,nm_scmae_nomix,0.0,0.0,0.0,0.0,0.0,0.0,1.0,0.0,fixed,0.0999999999999999,0.0999999999999999,0.05,0.02,0.5,anchor,local_mix,none,False,stage1,nm_scmae_nomix,results/experiments/neighbormix_beta_mechanism_20260617/stage1/Melanoma_5K/nm_scmae_nomix/seed0,
none,0,0.0,0.0,0.0,0.0,0.0,0.0,0.0,0.0,0.0,0.0,,0.0,0.0,0.0,,0.0,0.0,0.0,0.0,0.0,Melanoma_5K,1,nm_scmae_nomix,0.0,0.0,0.0,0.0,0.0,0.0,1.0,0.0,fixed,0.0999999999999999,0.0999999999999999,0.05,0.02,0.5,anchor,local_mix,none,False,stage1,nm_scmae_nomix,results/experiments/neighbormix_beta_mechanism_20260617/stage1/Melanoma_5K/nm_scmae_nomix/seed1,
none,0,0.0,0.0,0.0,0.0,0.0,0.0,0.0,0.0,0.0,0.0,,0.0,0.0,0.0,,0.0,0.0,0.0,0.0,0.0,Melanoma_5K,2,nm_scmae_nomix,0.0,0.0,0.0,0.0,0.0,0.0,1.0,0.0,fixed,0.0999999999999999,0.0999999999999999,0.05,0.02,0.5,anchor,local_mix,none,False,stage1,nm_scmae_nomix,results/experiments/neighbormix_beta_mechanism_20260617/stage1/Melanoma_5K/nm_scmae_nomix/seed2,
pca_cosine_knn,5,4.972256183624268,1.0,0.8924466371536255,0.0820034891366958,0.3274983381342787,0.1681741327047348,0.1579177677631378,1.0,0.0,0.0,0.0,5.0,61.0,16.0,50.0,0.0,0.0,0.8719698648349213,0.8740304112434387,0.8484357992808024,Melanoma_5K,0,random_beta_uniform_0.05,1.0,1.0,3.983987488513149,0.6551070951363619,0.5541436701136476,1.6687130202265343,0.975017762140316,0.024982236969449,uniform,0.0999999999999999,0.05,0.025,0.02,0.5,anchor,local_mix,none,False,stage1,random_beta_uniform_0.05,results/experiments/neighbormix_beta_mechanism_20260617/stage1/Melanoma_5K/random_beta_uniform_0.05/seed0,
pca_cosine_knn,5,4.971978664398193,1.0,0.8924643993377686,0.0825860425829887,0.325637048526479,0.1703208535909652,0.1597455739974975,1.0,0.0,0.0,0.0,5.0,72.0,16.0,50.0,0.0,0.0,0.8716153334810547,0.8739621043205261,0.8518532117207845,Melanoma_5K,1,random_beta_uniform_0.05,1.0,1.0,3.983821094190926,0.6550089112099479,0.5533463788383147,1.666716056886841,0.9750043876469136,0.0249956116874647,uniform,0.0999999999999999,0.05,0.025,0.02,0.5,anchor,local_mix,none,False,stage1,random_beta_uniform_0.05,results/experiments/neighbormix_beta_mechanism_20260617/stage1/Melanoma_5K/random_beta_uniform_0.05/seed1,
pca_cosine_knn,5,4.972635269165039,1.0,0.892723798751831,0.0818581134080886,0.3270551739419455,0.1687456667423248,0.1583421230316162,1.0,0.0,0.0,0.0,5.0,65.0,16.0,50.0,0.0,0.0,0.8717482827387547,0.8739094734191895,0.8498106002807617,Melanoma_5K,2,random_beta_uniform_0.05,1.0,1.0,3.984099664550372,0.6559353162698885,0.5555194843341322,1.668466273213134,0.9750063075738794,0.0249936917700859,uniform,0.0999999999999999,0.05,0.025,0.02,0.5,anchor,local_mix,none,False,stage1,random_beta_uniform_0.05,results/experiments/neighbormix_beta_mechanism_20260617/stage1/Melanoma_5K/random_beta_uniform_0.05/seed2,
pca_cosine_knn,5,4.972256183624268,1.0,0.8924466371536255,0.0820034891366958,0.3274983381342787,0.1681741327047348,0.1579177677631378,1.0,0.0,0.0,0.0,5.0,61.0,16.0,50.0,0.0,0.0,0.8719698648349213,0.8740304112434387,0.8484357992808024,Melanoma_5K,0,random_beta_uniform_0.1,1.0,1.0,3.983987488513149,1.3102141874677995,1.1082873384742176,3.3374260053915137,0.9500355257707482,0.0499644739388981,uniform,0.0999999999999999,0.1,0.05,0.02,0.5,anchor,local_mix,none,False,stage1,random_beta_uniform_0.1,results/experiments/neighbormix_beta_mechanism_20260617/stage1/Melanoma_5K/random_beta_uniform_0.1/seed0,
pca_cosine_knn,5,4.971978664398193,1.0,0.8924643993377686,0.0825860425829887,0.325637048526479,0.1703208535909652,0.1597455739974975,1.0,0.0,0.0,0.0,5.0,72.0,16.0,50.0,0.0,0.0,0.8716153334810547,0.8739621043205261,0.8518532117207845,Melanoma_5K,1,random_beta_uniform_0.1,1.0,1.0,3.983821094190926,1.3100178208421258,1.1066927605692078,3.333432229652124,0.9500087772222126,0.0499912233749295,uniform,0.0999999999999999,0.1,0.05,0.02,0.5,anchor,local_mix,none,False,stage1,random_beta_uniform_0.1,results/experiments/neighbormix_beta_mechanism_20260617/stage1/Melanoma_5K/random_beta_uniform_0.1/seed1,
pca_cosine_knn,5,4.972635269165039,1.0,0.892723798751831,0.0818581134080886,0.3270551739419455,0.1687456667423248,0.1583421230316162,1.0,0.0,0.0,0.0,5.0,65.0,16.0,50.0,0.0,0.0,0.8717482827387547,0.8739094734191895,0.8498106002807617,Melanoma_5K,2,random_beta_uniform_0.1,1.0,1.0,3.984099664550372,1.3118706295595448,1.111038968317649,3.336932496288243,0.9500126178650294,0.0499873835401719,uniform,0.0999999999999999,0.1,0.05,0.02,0.5,anchor,local_mix,none,False,stage1,random_beta_uniform_0.1,results/experiments/neighbormix_beta_mechanism_20260617/stage1/Melanoma_5K/random_beta_uniform_0.1/seed2,
pca_cosine_knn,5,4.972256183624268,1.0,0.8924466371536255,0.0820034891366958,0.3274983381342787,0.1681741327047348,0.1579177677631378,1.0,0.0,0.0,0.0,5.0,61.0,16.0,50.0,0.0,0.0,0.8719698648349213,0.8740304112434387,0.8484357992808024,Melanoma_5K,0,random_beta_uniform_0.2,1.0,1.0,3.983987488513149,2.620428380545448,2.2165746691472394,6.674852053908739,0.9000710528563051,0.0999289478777962,uniform,0.0999999999999999,0.2,0.1,0.02,0.5,anchor,local_mix,none,False,stage1,random_beta_uniform_0.2,results/experiments/neighbormix_beta_mechanism_20260617/stage1/Melanoma_5K/random_beta_uniform_0.2/seed0,
pca_cosine_knn,5,4.971978664398193,1.0,0.8924643993377686,0.0825860425829887,0.325637048526479,0.1703208535909652,0.1597455739974975,1.0,0.0,0.0,0.0,5.0,72.0,16.0,50.0,0.0,0.0,0.8716153334810547,0.8739621043205261,0.8518532117207845,Melanoma_5K,1,random_beta_uniform_0.2,1.0,1.0,3.983821094190926,2.62003563870402,2.2133855085162555,6.666864402504528,0.9000175547950408,0.099982446749859,uniform,0.0999999999999999,0.2,0.1,0.02,0.5,anchor,local_mix,none,False,stage1,random_beta_uniform_0.2,results/experiments/neighbormix_beta_mechanism_20260617/stage1/Melanoma_5K/random_beta_uniform_0.2/seed1,
pca_cosine_knn,5,4.972635269165039,1.0,0.892723798751831,0.0818581134080886,0.3270551739419455,0.1687456667423248,0.1583421230316162,1.0,0.0,0.0,0.0,5.0,65.0,16.0,50.0,0.0,0.0,0.8717482827387547,0.8739094734191895,0.8498106002807617,Melanoma_5K,2,random_beta_uniform_0.2,1.0,1.0,3.984099664550372,2.6237412601709367,2.2220779260291774,6.673865041312048,0.9000252325745188,0.0999747670803438,uniform,0.0999999999999999,0.2,0.1,0.02,0.5,anchor,local_mix,none,False,stage1,random_beta_uniform_0.2,results/experiments/neighbormix_beta_mechanism_20260617/stage1/Melanoma_5K/random_beta_uniform_0.2/seed2,
pca_cosine_knn,5,4.98863697052002,1.0,0.8721168041229248,0.0630894154310226,0.2189340290719344,0.0812448486685752,0.1126705706119537,1.0,0.0,0.0,0.0,5.0,106.0,18.0,50.0,0.0,0.0,0.9728960119269474,0.973282754421234,0.9436135530471802,Shekhar,0,fixed_beta_0.025,1.0,1.0,3.99309948939806,0.7275947856860092,0.2746826926676126,1.2807872533798217,0.9750001430511476,0.0250000040978193,fixed,0.025,0.025,0.05,0.02,0.5,anchor,local_mix,none,False,stage1,fixed_beta_0.025,results/experiments/neighbormix_beta_mechanism_20260617/stage1/Shekhar/fixed_beta_0.025/seed0,
pca_cosine_knn,5,4.98863697052002,1.0,0.8721168041229248,0.0630894154310226,0.2189340290719344,0.0812448486685752,0.1126705706119537,1.0,0.0,0.0,0.0,5.0,106.0,18.0,50.0,0.0,0.0,0.9728960119269474,0.973282754421234,0.9436135530471802,Shekhar,1,fixed_beta_0.025,1.0,1.0,3.993122443156911,0.7277019794815436,0.2747932349134666,1.281171316037384,0.9750001430511476,0.0250000040978193,fixed,0.025,0.025,0.05,0.02,0.5,anchor,local_mix,none,False,stage1,fixed_beta_0.025,results/experiments/neighbormix_beta_mechanism_20260617/stage1/Shekhar/fixed_beta_0.025/seed1,
pca_cosine_knn,5,4.98863697052002,1.0,0.8721168041229248,0.0630894154310226,0.2189340290719344,0.0812448486685752,0.1126705706119537,1.0,0.0,0.0,0.0,5.0,106.0,18.0,50.0,0.0,0.0,0.9728960119269474,0.973282754421234,0.9436135530471802,Shekhar,2,fixed_beta_0.025,1.0,1.0,3.9931082260312274,0.7276406195802758,0.2747303592524706,1.2810248812660574,0.9750001430511476,0.0250000040978193,fixed,0.025,0.025,0.05,0.02,0.5,anchor,local_mix,none,False,stage1,fixed_beta_0.025,results/experiments/neighbormix_beta_mechanism_20260617/stage1/Shekhar/fixed_beta_0.025/seed2,
pca_cosine_knn,5,4.98863697052002,1.0,0.8721168041229248,0.0630894154310226,0.2189340290719344,0.0812448486685752,0.1126705706119537,1.0,0.0,0.0,0.0,5.0,106.0,18.0,50.0,0.0,0.0,0.9728960119269474,0.973282754421234,0.9436135530471802,Shekhar,0,fixed_beta_0.05,1.0,1.0,3.99309948939806,1.455190845908454,0.5493658519529092,2.561576776407086,0.9499998688697816,0.0500000081956386,fixed,0.05,0.05,0.05,0.02,0.5,anchor,local_mix,none,False,stage1,fixed_beta_0.05,results/experiments/neighbormix_beta_mechanism_20260617/stage1/Shekhar/fixed_beta_0.05/seed0,
pca_cosine_knn,5,4.98863697052002,1.0,0.8721168041229248,0.0630894154310226,0.2189340290719344,0.0812448486685752,0.1126705706119537,1.0,0.0,0.0,0.0,5.0,106.0,18.0,50.0,0.0,0.0,0.9728960119269474,0.973282754421234,0.9436135530471802,Shekhar,1,fixed_beta_0.05,1.0,1.0,3.993122443156911,1.455405236307818,0.5495869361616383,2.562344880745961,0.9499998688697816,0.0500000081956386,fixed,0.05,0.05,0.05,0.02,0.5,anchor,local_mix,none,False,stage1,fixed_beta_0.05,results/experiments/neighbormix_beta_mechanism_20260617/stage1/Shekhar/fixed_beta_0.05/seed1,
pca_cosine_knn,5,4.98863697052002,1.0,0.8721168041229248,0.0630894154310226,0.2189340290719344,0.0812448486685752,0.1126705706119537,1.0,0.0,0.0,0.0,5.0,106.0,18.0,50.0,0.0,0.0,0.9728960119269474,0.973282754421234,0.9436135530471802,Shekhar,2,fixed_beta_0.05,1.0,1.0,3.9931082260312274,1.4552825132528175,0.5494611841698106,2.562052013610418,0.9499998688697816,0.0500000081956386,fixed,0.05,0.05,0.05,0.02,0.5,anchor,local_mix,none,False,stage1,fixed_beta_0.05,results/experiments/neighbormix_beta_mechanism_20260617/stage1/Shekhar/fixed_beta_0.05/seed2,
pca_cosine_knn,5,4.98863697052002,1.0,0.8721168041229248,0.0630894154310226,0.2189340290719344,0.0812448486685752,0.1126705706119537,1.0,0.0,0.0,0.0,5.0,106.0,18.0,50.0,0.0,0.0,0.9728960119269474,0.973282754421234,0.9436135530471802,Shekhar,0,fixed_beta_0.1,1.0,1.0,3.99309948939806,2.91038169757678,1.098731700853946,5.123153542899169,0.8999998569488525,0.1000000163912773,fixed,0.1,0.1,0.05,0.02,0.5,anchor,local_mix,none,False,stage1,fixed_beta_0.1,results/experiments/neighbormix_beta_mechanism_20260617/stage1/Shekhar/fixed_beta_0.1/seed0,
pca_cosine_knn,5,4.98863697052002,1.0,0.8721168041229248,0.0630894154310226,0.2189340290719344,0.0812448486685752,0.1126705706119537,1.0,0.0,0.0,0.0,5.0,106.0,18.0,50.0,0.0,0.0,0.9728960119269474,0.973282754421234,0.9436135530471802,Shekhar,1,fixed_beta_0.1,1.0,1.0,3.993122443156911,2.910810473790536,1.0991738686338066,5.124689754098654,0.8999998569488525,0.1000000163912773,fixed,0.1,0.1,0.05,0.02,0.5,anchor,local_mix,none,False,stage1,fixed_beta_0.1,results/experiments/neighbormix_beta_mechanism_20260617/stage1/Shekhar/fixed_beta_0.1/seed1,
pca_cosine_knn,5,4.98863697052002,1.0,0.8721168041229248,0.0630894154310226,0.2189340290719344,0.0812448486685752,0.1126705706119537,1.0,0.0,0.0,0.0,5.0,106.0,18.0,50.0,0.0,0.0,0.9728960119269474,0.973282754421234,0.9436135530471802,Shekhar,2,fixed_beta_0.1,1.0,1.0,3.9931082260312274,2.9105650300016768,1.0989223660972829,5.12410403982951,0.8999998569488525,0.1000000163912773,fixed,0.1,0.1,0.05,0.02,0.5,anchor,local_mix,none,False,stage1,fixed_beta_0.1,results/experiments/neighbormix_beta_mechanism_20260617/stage1/Shekhar/fixed_beta_0.1/seed2,
pca_cosine_knn,5,4.98863697052002,1.0,0.8721168041229248,0.0630894154310226,0.2189340290719344,0.0812448486685752,0.1126705706119537,1.0,0.0,0.0,0.0,5.0,106.0,18.0,50.0,0.0,0.0,0.9728960119269474,0.973282754421234,0.9436135530471802,Shekhar,0,fixed_beta_0.2,1.0,1.0,3.99309948939806,5.820762040294133,2.1974629305589657,10.246304752276496,0.8000001311302185,0.2000000327825546,fixed,0.2,0.2,0.05,0.02,0.5,anchor,local_mix,none,False,stage1,fixed_beta_0.2,results/experiments/neighbormix_beta_mechanism_20260617/stage1/Shekhar/fixed_beta_0.2/seed0,
pca_cosine_knn,5,4.98863697052002,1.0,0.8721168041229248,0.0630894154310226,0.2189340290719344,0.0812448486685752,0.1126705706119537,1.0,0.0,0.0,0.0,5.0,106.0,18.0,50.0,0.0,0.0,0.9728960119269474,0.973282754421234,0.9436135530471802,Shekhar,1,fixed_beta_0.2,1.0,1.0,3.993122443156911,5.821619600114913,2.198347268153269,10.249377173873096,0.8000001311302185,0.2000000327825546,fixed,0.2,0.2,0.05,0.02,0.5,anchor,local_mix,none,False,stage1,fixed_beta_0.2,results/experiments/neighbormix_beta_mechanism_20260617/stage1/Shekhar/fixed_beta_0.2/seed1,
pca_cosine_knn,5,4.98863697052002,1.0,0.8721168041229248,0.0630894154310226,0.2189340290719344,0.0812448486685752,0.1126705706119537,1.0,0.0,0.0,0.0,5.0,106.0,18.0,50.0,0.0,0.0,0.9728960119269474,0.973282754421234,0.9436135530471802,Shekhar,2,fixed_beta_0.2,1.0,1.0,3.9931082260312274,5.821128710932457,2.1978442620629304,10.248205728141162,0.8000001311302185,0.2000000327825546,fixed,0.2,0.2,0.05,0.02,0.5,anchor,local_mix,none,False,stage1,fixed_beta_0.2,results/experiments/neighbormix_beta_mechanism_20260617/stage1/Shekhar/fixed_beta_0.2/seed2,
none,0,0.0,0.0,0.0,0.0,0.0,0.0,0.0,0.0,0.0,0.0,,0.0,0.0,0.0,,0.0,0.0,0.0,0.0,0.0,Shekhar,0,nm_scmae_nomix,0.0,0.0,0.0,0.0,0.0,0.0,1.0,0.0,fixed,0.0999999999999999,0.0999999999999999,0.05,0.02,0.5,anchor,local_mix,none,False,stage1,nm_scmae_nomix,results/experiments/neighbormix_beta_mechanism_20260617/stage1/Shekhar/nm_scmae_nomix/seed0,
none,0,0.0,0.0,0.0,0.0,0.0,0.0,0.0,0.0,0.0,0.0,,0.0,0.0,0.0,,0.0,0.0,0.0,0.0,0.0,Shekhar,1,nm_scmae_nomix,0.0,0.0,0.0,0.0,0.0,0.0,1.0,0.0,fixed,0.0999999999999999,0.0999999999999999,0.05,0.02,0.5,anchor,local_mix,none,False,stage1,nm_scmae_nomix,results/experiments/neighbormix_beta_mechanism_20260617/stage1/Shekhar/nm_scmae_nomix/seed1,
none,0,0.0,0.0,0.0,0.0,0.0,0.0,0.0,0.0,0.0,0.0,,0.0,0.0,0.0,,0.0,0.0,0.0,0.0,0.0,Shekhar,2,nm_scmae_nomix,0.0,0.0,0.0,0.0,0.0,0.0,1.0,0.0,fixed,0.0999999999999999,0.0999999999999999,0.05,0.02,0.5,anchor,local_mix,none,False,stage1,nm_scmae_nomix,results/experiments/neighbormix_beta_mechanism_20260617/stage1/Shekhar/nm_scmae_nomix/seed2,
pca_cosine_knn,5,4.98863697052002,1.0,0.8721168041229248,0.0630894154310226,0.2189340290719344,0.0812448486685752,0.1126705706119537,1.0,0.0,0.0,0.0,5.0,106.0,18.0,50.0,0.0,0.0,0.9728960119269474,0.973282754421234,0.9436135530471802,Shekhar,0,random_beta_uniform_0.05,1.0,1.0,3.99311451903104,0.7275155935293206,0.5254683951023392,1.7270644459443596,0.9750066063581752,0.0249933936704809,uniform,0.0999999999999999,0.05,0.025,0.02,0.5,anchor,local_mix,none,False,stage1,random_beta_uniform_0.05,results/experiments/neighbormix_beta_mechanism_20260617/stage1/Shekhar/random_beta_uniform_0.05/seed0,
pca_cosine_knn,5,4.98863697052002,1.0,0.8721168041229248,0.0630894154310226,0.2189340290719344,0.0812448486685752,0.1126705706119537,1.0,0.0,0.0,0.0,5.0,106.0,18.0,50.0,0.0,0.0,0.9728960119269474,0.973282754421234,0.9436135530471802,Shekhar,1,random_beta_uniform_0.05,1.0,1.0,3.9931054549772327,0.7275297474259368,0.5251458485646603,1.7260166375682906,0.9750009780678038,0.0249990215041459,uniform,0.0999999999999999,0.05,0.025,0.02,0.5,anchor,local_mix,none,False,stage1,random_beta_uniform_0.05,results/experiments/neighbormix_beta_mechanism_20260617/stage1/Shekhar/random_beta_uniform_0.05/seed1,
pca_cosine_knn,5,4.98863697052002,1.0,0.8721168041229248,0.0630894154310226,0.2189340290719344,0.0812448486685752,0.1126705706119537,1.0,0.0,0.0,0.0,5.0,106.0,18.0,50.0,0.0,0.0,0.9728960119269474,0.973282754421234,0.9436135530471802,Shekhar,2,random_beta_uniform_0.05,1.0,1.0,3.9931263389685823,0.7268554872403351,0.5245871423098903,1.72351957212847,0.9750178917884252,0.0249821081900825,uniform,0.0999999999999999,0.05,0.025,0.02,0.5,anchor,local_mix,none,False,stage1,random_beta_uniform_0.05,results/experiments/neighbormix_beta_mechanism_20260617/stage1/Shekhar/random_beta_uniform_0.05/seed2,
pca_cosine_knn,5,4.98863697052002,1.0,0.8721168041229248,0.0630894154310226,0.2189340290719344,0.0812448486685752,0.1126705706119537,1.0,0.0,0.0,0.0,5.0,106.0,18.0,50.0,0.0,0.0,0.9728960119269474,0.973282754421234,0.9436135530471802,Shekhar,0,random_beta_uniform_0.1,1.0,1.0,3.99311451903104,1.4550311876747473,1.0509367875253353,3.454128914211805,0.9500132127736624,0.0499867873409619,uniform,0.0999999999999999,0.1,0.05,0.02,0.5,anchor,local_mix,none,False,stage1,random_beta_uniform_0.1,results/experiments/neighbormix_beta_mechanism_20260617/stage1/Shekhar/random_beta_uniform_0.1/seed0,
pca_cosine_knn,5,4.98863697052002,1.0,0.8721168041229248,0.0630894154310226,0.2189340290719344,0.0812448486685752,0.1126705706119537,1.0,0.0,0.0,0.0,5.0,106.0,18.0,50.0,0.0,0.0,0.9728960119269474,0.973282754421234,0.9436135530471802,Shekhar,1,random_beta_uniform_0.1,1.0,1.0,3.9931054549772327,1.4550594958691645,1.0502916981681036,3.452033258229494,0.95000195695947,0.0499980430082919,uniform,0.0999999999999999,0.1,0.05,0.02,0.5,anchor,local_mix,none,False,stage1,random_beta_uniform_0.1,results/experiments/neighbormix_beta_mechanism_20260617/stage1/Shekhar/random_beta_uniform_0.1/seed1,
pca_cosine_knn,5,4.98863697052002,1.0,0.8721168041229248,0.0630894154310226,0.2189340290719344,0.0812448486685752,0.1126705706119537,1.0,0.0,0.0,0.0,5.0,106.0,18.0,50.0,0.0,0.0,0.9728960119269474,0.973282754421234,0.9436135530471802,Shekhar,2,random_beta_uniform_0.1,1.0,1.0,3.9931263389685823,1.45371097433739,1.0491742841612832,3.447039144457533,0.950035783648491,0.0499642163801651,uniform,0.0999999999999999,0.1,0.05,0.02,0.5,anchor,local_mix,none,False,stage1,random_beta_uniform_0.1,results/experiments/neighbormix_beta_mechanism_20260617/stage1/Shekhar/random_beta_uniform_0.1/seed2,
pca_cosine_knn,5,4.98863697052002,1.0,0.8721168041229248,0.0630894154310226,0.2189340290719344,0.0812448486685752,0.1126705706119537,1.0,0.0,0.0,0.0,5.0,106.0,18.0,50.0,0.0,0.0,0.9728960119269474,0.973282754421234,0.9436135530471802,Shekhar,0,random_beta_uniform_0.2,1.0,1.0,3.99311451903104,2.910062372827759,2.101873575939009,6.908257817648924,0.9000264258195575,0.0999735746819239,uniform,0.0999999999999999,0.2,0.1,0.02,0.5,anchor,local_mix,none,False,stage1,random_beta_uniform_0.2,results/experiments/neighbormix_beta_mechanism_20260617/stage1/Shekhar/random_beta_uniform_0.2/seed0,
pca_cosine_knn,5,4.98863697052002,1.0,0.8721168041229248,0.0630894154310226,0.2189340290719344,0.0812448486685752,0.1126705706119537,1.0,0.0,0.0,0.0,5.0,106.0,18.0,50.0,0.0,0.0,0.9728960119269474,0.973282754421234,0.9436135530471802,Shekhar,1,random_beta_uniform_0.2,1.0,1.0,3.9931054549772327,2.9101189902768683,2.1005833954765247,6.904066534684255,0.9000039142556489,0.0999960860165839,uniform,0.0999999999999999,0.2,0.1,0.02,0.5,anchor,local_mix,none,False,stage1,random_beta_uniform_0.2,results/experiments/neighbormix_beta_mechanism_20260617/stage1/Shekhar/random_beta_uniform_0.2/seed1,
pca_cosine_knn,5,4.98863697052002,1.0,0.8721168041229248,0.0630894154310226,0.2189340290719344,0.0812448486685752,0.1126705706119537,1.0,0.0,0.0,0.0,5.0,106.0,18.0,50.0,0.0,0.0,0.9728960119269474,0.973282754421234,0.9436135530471802,Shekhar,2,random_beta_uniform_0.2,1.0,1.0,3.9931263389685823,2.907421949133277,2.0983485681649583,6.89407828134986,0.9000715670677331,0.0999284327603303,uniform,0.0999999999999999,0.2,0.1,0.02,0.5,anchor,local_mix,none,False,stage1,random_beta_uniform_0.2,results/experiments/neighbormix_beta_mechanism_20260617/stage1/Shekhar/random_beta_uniform_0.2/seed2,
pca_cosine_knn,5,4.993261814117432,1.0,0.9280492067337036,0.0460587814450264,0.3246678096870981,0.1042781248688697,0.1192926988005638,1.0,0.0,0.0,0.0,5.0,64.0,16.0,50.0,0.0,0.0,0.8928525503643377,0.8931488990783691,0.8116998821496964,Tosches,0,fixed_beta_0.025,1.0,1.0,3.9960245146376137,0.6390265656945606,0.3814189272544657,1.313722480316129,0.9750001430511476,0.0250000040978193,fixed,0.025,0.025,0.05,0.02,0.5,anchor,local_mix,none,False,stage1,fixed_beta_0.025,results/experiments/neighbormix_beta_mechanism_20260617/stage1/Tosches/fixed_beta_0.025/seed0,
pca_cosine_knn,5,4.993261814117432,1.0,0.9280492067337036,0.0460587814450264,0.3246678096870981,0.1042781248688697,0.1192926988005638,1.0,0.0,0.0,0.0,5.0,64.0,16.0,50.0,0.0,0.0,0.8928525503643377,0.8931488990783691,0.8116998821496964,Tosches,1,fixed_beta_0.025,1.0,1.0,3.996006821623874,0.6391171382015778,0.381468245630256,1.3132043335172867,0.9750001430511476,0.0250000040978193,fixed,0.025,0.025,0.05,0.02,0.5,anchor,local_mix,none,False,stage1,fixed_beta_0.025,results/experiments/neighbormix_beta_mechanism_20260617/stage1/Tosches/fixed_beta_0.025/seed1,
pca_cosine_knn,5,4.993261814117432,1.0,0.9280492067337036,0.0460587814450264,0.3246678096870981,0.1042781248688697,0.1192926988005638,1.0,0.0,0.0,0.0,5.0,64.0,16.0,50.0,0.0,0.0,0.8928525503643377,0.8931488990783691,0.8116998821496964,Tosches,2,fixed_beta_0.025,1.0,1.0,3.9960101378770942,0.6391050968940059,0.3815919192481993,1.313280189813425,0.9750001430511476,0.0250000040978193,fixed,0.025,0.025,0.05,0.02,0.5,anchor,local_mix,none,False,stage1,fixed_beta_0.025,results/experiments/neighbormix_beta_mechanism_20260617/stage1/Tosches/fixed_beta_0.025/seed2,
pca_cosine_knn,5,4.993261814117432,1.0,0.9280492067337036,0.0460587814450264,0.3246678096870981,0.1042781248688697,0.1192926988005638,1.0,0.0,0.0,0.0,5.0,64.0,16.0,50.0,0.0,0.0,0.8928525503643377,0.8931488990783691,0.8116998821496964,Tosches,0,fixed_beta_0.05,1.0,1.0,3.9960245146376137,1.2780542671887412,0.7628384923614148,2.627447330910299,0.9499998688697816,0.0500000081956386,fixed,0.05,0.05,0.05,0.02,0.5,anchor,local_mix,none,False,stage1,fixed_beta_0.05,results/experiments/neighbormix_beta_mechanism_20260617/stage1/Tosches/fixed_beta_0.05/seed0,
pca_cosine_knn,5,4.993261814117432,1.0,0.9280492067337036,0.0460587814450264,0.3246678096870981,0.1042781248688697,0.1192926988005638,1.0,0.0,0.0,0.0,5.0,64.0,16.0,50.0,0.0,0.0,0.8928525503643377,0.8931488990783691,0.8116998821496964,Tosches,1,fixed_beta_0.05,1.0,1.0,3.996006821623874,1.2782354114991097,0.7629371299201415,2.6264110372091336,0.9499998688697816,0.0500000081956386,fixed,0.05,0.05,0.05,0.02,0.5,anchor,local_mix,none,False,stage1,fixed_beta_0.05,results/experiments/neighbormix_beta_mechanism_20260617/stage1/Tosches/fixed_beta_0.05/seed1,
pca_cosine_knn,5,4.993261814117432,1.0,0.9280492067337036,0.0460587814450264,0.3246678096870981,0.1042781248688697,0.1192926988005638,1.0,0.0,0.0,0.0,5.0,64.0,16.0,50.0,0.0,0.0,0.8928525503643377,0.8931488990783691,0.8116998821496964,Tosches,2,fixed_beta_0.05,1.0,1.0,3.9960101378770942,1.2782113306845229,0.763184473089253,2.6265627454966305,0.9499998688697816,0.0500000081956386,fixed,0.05,0.05,0.05,0.02,0.5,anchor,local_mix,none,False,stage1,fixed_beta_0.05,results/experiments/neighbormix_beta_mechanism_20260617/stage1/Tosches/fixed_beta_0.05/seed2,
pca_cosine_knn,5,4.993261814117432,1.0,0.9280492067337036,0.0460587814450264,0.3246678096870981,0.1042781248688697,0.1192926988005638,1.0,0.0,0.0,0.0,5.0,64.0,16.0,50.0,0.0,0.0,0.8928525503643377,0.8931488990783691,0.8116998821496964,Tosches,0,fixed_beta_0.1,1.0,1.0,3.9960245146376137,2.556108536364304,1.5256770471835304,5.254894610577159,0.8999998569488525,0.1000000163912773,fixed,0.1,0.1,0.05,0.02,0.5,anchor,local_mix,none,False,stage1,fixed_beta_0.1,results/experiments/neighbormix_beta_mechanism_20260617/stage1/Tosches/fixed_beta_0.1/seed0,
pca_cosine_knn,5,4.993261814117432,1.0,0.9280492067337036,0.0460587814450264,0.3246678096870981,0.1042781248688697,0.1192926988005638,1.0,0.0,0.0,0.0,5.0,64.0,16.0,50.0,0.0,0.0,0.8928525503643377,0.8931488990783691,0.8116998821496964,Tosches,1,fixed_beta_0.1,1.0,1.0,3.996006821623874,2.5564708264751568,1.52587431875161,5.252822008604804,0.8999998569488525,0.1000000163912773,fixed,0.1,0.1,0.05,0.02,0.5,anchor,local_mix,none,False,stage1,fixed_beta_0.1,results/experiments/neighbormix_beta_mechanism_20260617/stage1/Tosches/fixed_beta_0.1/seed1,
pca_cosine_knn,5,4.993261814117432,1.0,0.9280492067337036,0.0460587814450264,0.3246678096870981,0.1042781248688697,0.1192926988005638,1.0,0.0,0.0,0.0,5.0,64.0,16.0,50.0,0.0,0.0,0.8928525503643377,0.8931488990783691,0.8116998821496964,Tosches,2,fixed_beta_0.1,1.0,1.0,3.9960101378770942,2.5564226602928506,1.5263690060521995,5.253125404607919,0.8999998569488525,0.1000000163912773,fixed,0.1,0.1,0.05,0.02,0.5,anchor,local_mix,none,False,stage1,fixed_beta_0.1,results/experiments/neighbormix_beta_mechanism_20260617/stage1/Tosches/fixed_beta_0.1/seed2,
pca_cosine_knn,5,4.993261814117432,1.0,0.9280492067337036,0.0460587814450264,0.3246678096870981,0.1042781248688697,0.1192926988005638,1.0,0.0,0.0,0.0,5.0,64.0,16.0,50.0,0.0,0.0,0.8928525503643377,0.8931488990783691,0.8116998821496964,Tosches,0,fixed_beta_0.2,1.0,1.0,3.9960245146376137,5.112215899262163,3.051353340099255,10.50978686420454,0.8000001311302185,0.2000000327825546,fixed,0.2,0.2,0.05,0.02,0.5,anchor,local_mix,none,False,stage1,fixed_beta_0.2,results/experiments/neighbormix_beta_mechanism_20260617/stage1/Tosches/fixed_beta_0.2/seed0,
pca_cosine_knn,5,4.993261814117432,1.0,0.9280492067337036,0.0460587814450264,0.3246678096870981,0.1042781248688697,0.1192926988005638,1.0,0.0,0.0,0.0,5.0,64.0,16.0,50.0,0.0,0.0,0.8928525503643377,0.8931488990783691,0.8116998821496964,Tosches,1,fixed_beta_0.2,1.0,1.0,3.996006821623874,5.112940477331479,3.0517478888440466,10.505641689979369,0.8000001311302185,0.2000000327825546,fixed,0.2,0.2,0.05,0.02,0.5,anchor,local_mix,none,False,stage1,fixed_beta_0.2,results/experiments/neighbormix_beta_mechanism_20260617/stage1/Tosches/fixed_beta_0.2/seed1,
pca_cosine_knn,5,4.993261814117432,1.0,0.9280492067337036,0.0460587814450264,0.3246678096870981,0.1042781248688697,0.1192926988005638,1.0,0.0,0.0,0.0,5.0,64.0,16.0,50.0,0.0,0.0,0.8928525503643377,0.8931488990783691,0.8116998821496964,Tosches,2,fixed_beta_0.2,1.0,1.0,3.9960101378770942,5.112844147284826,3.0527372632589604,10.506248473376036,0.8000001311302185,0.2000000327825546,fixed,0.2,0.2,0.05,0.02,0.5,anchor,local_mix,none,False,stage1,fixed_beta_0.2,results/experiments/neighbormix_beta_mechanism_20260617/stage1/Tosches/fixed_beta_0.2/seed2,
none,0,0.0,0.0,0.0,0.0,0.0,0.0,0.0,0.0,0.0,0.0,,0.0,0.0,0.0,,0.0,0.0,0.0,0.0,0.0,Tosches,0,nm_scmae_nomix,0.0,0.0,0.0,0.0,0.0,0.0,1.0,0.0,fixed,0.0999999999999999,0.0999999999999999,0.05,0.02,0.5,anchor,local_mix,none,False,stage1,nm_scmae_nomix,results/experiments/neighbormix_beta_mechanism_20260617/stage1/Tosches/nm_scmae_nomix/seed0,
none,0,0.0,0.0,0.0,0.0,0.0,0.0,0.0,0.0,0.0,0.0,,0.0,0.0,0.0,,0.0,0.0,0.0,0.0,0.0,Tosches,1,nm_scmae_nomix,0.0,0.0,0.0,0.0,0.0,0.0,1.0,0.0,fixed,0.0999999999999999,0.0999999999999999,0.05,0.02,0.5,anchor,local_mix,none,False,stage1,nm_scmae_nomix,results/experiments/neighbormix_beta_mechanism_20260617/stage1/Tosches/nm_scmae_nomix/seed1,
none,0,0.0,0.0,0.0,0.0,0.0,0.0,0.0,0.0,0.0,0.0,,0.0,0.0,0.0,,0.0,0.0,0.0,0.0,0.0,Tosches,2,nm_scmae_nomix,0.0,0.0,0.0,0.0,0.0,0.0,1.0,0.0,fixed,0.0999999999999999,0.0999999999999999,0.05,0.02,0.5,anchor,local_mix,none,False,stage1,nm_scmae_nomix,results/experiments/neighbormix_beta_mechanism_20260617/stage1/Tosches/nm_scmae_nomix/seed2,
pca_cosine_knn,5,4.993261814117432,1.0,0.9280492067337036,0.0460587814450264,0.3246678096870981,0.1042781248688697,0.1192926988005638,1.0,0.0,0.0,0.0,5.0,64.0,16.0,50.0,0.0,0.0,0.8928525503643377,0.8931488990783691,0.8116998821496964,Tosches,0,random_beta_uniform_0.05,1.0,1.0,3.9960070725118015,0.63860437133246,0.5700505735352636,1.5834078882510465,0.975001784041524,0.0249982156739052,uniform,0.0999999999999999,0.05,0.025,0.02,0.5,anchor,local_mix,none,False,stage1,random_beta_uniform_0.05,results/experiments/neighbormix_beta_mechanism_20260617/stage1/Tosches/random_beta_uniform_0.05/seed0,
pca_cosine_knn,5,4.993261814117432,1.0,0.9280492067337036,0.0460587814450264,0.3246678096870981,0.1042781248688697,0.1192926988005638,1.0,0.0,0.0,0.0,5.0,64.0,16.0,50.0,0.0,0.0,0.8928525503643377,0.8931488990783691,0.8116998821496964,Tosches,1,random_beta_uniform_0.05,1.0,1.0,3.9960192011883593,0.6388181304248671,0.5713876658688404,1.5833772145625618,0.9750035026007228,0.0249964970183403,uniform,0.0999999999999999,0.05,0.025,0.02,0.5,anchor,local_mix,none,False,stage1,random_beta_uniform_0.05,results/experiments/neighbormix_beta_mechanism_20260617/stage1/Tosches/random_beta_uniform_0.05/seed1,
pca_cosine_knn,5,4.993261814117432,1.0,0.9280492067337036,0.0460587814450264,0.3246678096870981,0.1042781248688697,0.1192926988005638,1.0,0.0,0.0,0.0,5.0,64.0,16.0,50.0,0.0,0.0,0.8928525503643377,0.8931488990783691,0.8116998821496964,Tosches,2,random_beta_uniform_0.05,1.0,1.0,3.996011266917158,0.63824878450897,0.5715434971110275,1.5823333735888203,0.9750278500219188,0.0249721500498708,uniform,0.0999999999999999,0.05,0.025,0.02,0.5,anchor,local_mix,none,False,stage1,random_beta_uniform_0.05,results/experiments/neighbormix_beta_mechanism_20260617/stage1/Tosches/random_beta_uniform_0.05/seed2,
pca_cosine_knn,5,4.993261814117432,1.0,0.9280492067337036,0.0460587814450264,0.3246678096870981,0.1042781248688697,0.1192926988005638,1.0,0.0,0.0,0.0,5.0,64.0,16.0,50.0,0.0,0.0,0.8928525503643377,0.8931488990783691,0.8116998821496964,Tosches,0,random_beta_uniform_0.1,1.0,1.0,3.9960070725118015,1.2772087420854303,1.1401011416999,3.166815741525756,0.9500035691385468,0.0499964313478105,uniform,0.0999999999999999,0.1,0.05,0.02,0.5,anchor,local_mix,none,False,stage1,random_beta_uniform_0.1,results/experiments/neighbormix_beta_mechanism_20260617/stage1/Tosches/random_beta_uniform_0.1/seed0,
pca_cosine_knn,5,4.993261814117432,1.0,0.9280492067337036,0.0460587814450264,0.3246678096870981,0.1042781248688697,0.1192926988005638,1.0,0.0,0.0,0.0,5.0,64.0,16.0,50.0,0.0,0.0,0.8928525503643377,0.8931488990783691,0.8116998821496964,Tosches,1,random_beta_uniform_0.1,1.0,1.0,3.9960192011883593,1.277636260829038,1.1427753283745712,3.166754414472315,0.9500070058430234,0.0499929940366807,uniform,0.0999999999999999,0.1,0.05,0.02,0.5,anchor,local_mix,none,False,stage1,random_beta_uniform_0.1,results/experiments/neighbormix_beta_mechanism_20260617/stage1/Tosches/random_beta_uniform_0.1/seed1,
pca_cosine_knn,5,4.993261814117432,1.0,0.9280492067337036,0.0460587814450264,0.3246678096870981,0.1042781248688697,0.1192926988005638,1.0,0.0,0.0,0.0,5.0,64.0,16.0,50.0,0.0,0.0,0.8928525503643377,0.8931488990783691,0.8116998821496964,Tosches,2,random_beta_uniform_0.1,1.0,1.0,3.996011266917158,1.2764975683556663,1.1430869948015443,3.164666758105158,0.9500556997747884,0.0499443000997416,uniform,0.0999999999999999,0.1,0.05,0.02,0.5,anchor,local_mix,none,False,stage1,random_beta_uniform_0.1,results/experiments/neighbormix_beta_mechanism_20260617/stage1/Tosches/random_beta_uniform_0.1/seed2,
pca_cosine_knn,5,4.993261814117432,1.0,0.9280492067337036,0.0460587814450264,0.3246678096870981,0.1042781248688697,0.1192926988005638,1.0,0.0,0.0,0.0,5.0,64.0,16.0,50.0,0.0,0.0,0.8928525503643377,0.8931488990783691,0.8116998821496964,Tosches,0,random_beta_uniform_0.2,1.0,1.0,3.9960070725118015,2.554417484253645,2.2802022809162734,6.333631495634714,0.9000071378217804,0.0999928626956211,uniform,0.0999999999999999,0.2,0.1,0.02,0.5,anchor,local_mix,none,False,stage1,random_beta_uniform_0.2,results/experiments/neighbormix_beta_mechanism_20260617/stage1/Tosches/random_beta_uniform_0.2/seed0,
pca_cosine_knn,5,4.993261814117432,1.0,0.9280492067337036,0.0460587814450264,0.3246678096870981,0.1042781248688697,0.1192926988005638,1.0,0.0,0.0,0.0,5.0,64.0,16.0,50.0,0.0,0.0,0.8928525503643377,0.8931488990783691,0.8116998821496964,Tosches,1,random_beta_uniform_0.2,1.0,1.0,3.9960192011883593,2.5552725185122758,2.2855506489053368,6.333508812139431,0.9000140123483209,0.0999859880733614,uniform,0.0999999999999999,0.2,0.1,0.02,0.5,anchor,local_mix,none,False,stage1,random_beta_uniform_0.2,results/experiments/neighbormix_beta_mechanism_20260617/stage1/Tosches/random_beta_uniform_0.2/seed1,
pca_cosine_knn,5,4.993261814117432,1.0,0.9280492067337036,0.0460587814450264,0.3246678096870981,0.1042781248688697,0.1192926988005638,1.0,0.0,0.0,0.0,5.0,64.0,16.0,50.0,0.0,0.0,0.8928525503643377,0.8931488990783691,0.8116998821496964,Tosches,2,random_beta_uniform_0.2,1.0,1.0,3.996011266917158,2.5529951372494297,2.286173992252184,6.3293335309459104,0.9001113997358414,0.0998886001994833,uniform,0.0999999999999999,0.2,0.1,0.02,0.5,anchor,local_mix,none,False,stage1,random_beta_uniform_0.2,results/experiments/neighbormix_beta_mechanism_20260617/stage1/Tosches/random_beta_uniform_0.2/seed2,
pca_cosine_knn,5,4.936015605926514,1.0,0.8006296753883362,0.1239117980003357,0.3220735785953177,0.1898256987333297,0.1707164049148559,1.0,0.0,0.0,0.0,5.0,56.0,16.0,50.0,0.0,0.0,0.8391304347826087,0.840212345123291,0.9505194226900736,worm_neuron_cell,0,fixed_beta_0.025,1.0,1.0,3.961888514949595,0.7040872253943234,0.356578405550681,1.36680744336918,0.9750001430511476,0.0250000040978193,fixed,0.025,0.025,0.05,0.02,0.5,anchor,local_mix,none,False,stage1,fixed_beta_0.025,results/experiments/neighbormix_beta_mechanism_20260617/stage1/worm_neuron_cell/fixed_beta_0.025/seed0,
pca_cosine_knn,5,4.934866428375244,1.0,0.8006459474563599,0.1244399473071098,0.3213569039655996,0.1901690512895584,0.169335126876831,1.0,0.0,0.0,0.0,5.0,61.0,16.75,50.0,0.0,0.0,0.8363592928810321,0.8372862339019775,0.9460172653198242,worm_neuron_cell,1,fixed_beta_0.025,1.0,1.0,3.961453991295224,0.7045142282731831,0.3570542271016165,1.3704687430523337,0.9750001430511476,0.0250000040978193,fixed,0.025,0.025,0.05,0.02,0.5,anchor,local_mix,none,False,stage1,fixed_beta_0.025,results/experiments/neighbormix_beta_mechanism_20260617/stage1/worm_neuron_cell/fixed_beta_0.025/seed1,
pca_cosine_knn,5,4.937593460083008,1.0,0.7998592853546143,0.1243199482560157,0.3258002866698519,0.1881612241268158,0.168255016207695,1.0,0.0,0.0,0.0,5.0,59.0,16.0,50.0,0.0,0.0,0.8337314859053989,0.8347968459129333,0.9486454327901204,worm_neuron_cell,2,fixed_beta_0.025,1.0,1.0,3.962847941419189,0.7054550979286432,0.3583620168734341,1.372149352543056,0.9750001430511476,0.0250000040978193,fixed,0.025,0.025,0.05,0.02,0.5,anchor,local_mix,none,False,stage1,fixed_beta_0.025,results/experiments/neighbormix_beta_mechanism_20260617/stage1/worm_neuron_cell/fixed_beta_0.025/seed2,
pca_cosine_knn,5,4.936015605926514,1.0,0.8006296753883362,0.1239117980003357,0.3220735785953177,0.1898256987333297,0.1707164049148559,1.0,0.0,0.0,0.0,5.0,56.0,16.0,50.0,0.0,0.0,0.8391304347826087,0.840212345123291,0.9505194226900736,worm_neuron_cell,0,fixed_beta_0.05,1.0,1.0,3.961888514949595,1.408175754826516,0.7131575036328286,2.7336175832897425,0.9499998688697816,0.0500000081956386,fixed,0.05,0.05,0.05,0.02,0.5,anchor,local_mix,none,False,stage1,fixed_beta_0.05,results/experiments/neighbormix_beta_mechanism_20260617/stage1/worm_neuron_cell/fixed_beta_0.05/seed0,
pca_cosine_knn,5,4.934866428375244,1.0,0.8006459474563599,0.1244399473071098,0.3213569039655996,0.1901690512895584,0.169335126876831,1.0,0.0,0.0,0.0,5.0,61.0,16.75,50.0,0.0,0.0,0.8363592928810321,0.8372862339019775,0.9460172653198242,worm_neuron_cell,1,fixed_beta_0.05,1.0,1.0,3.961453991295224,1.4090297597460448,0.7141091338824481,2.7409400450065733,0.9499998688697816,0.0500000081956386,fixed,0.05,0.05,0.05,0.02,0.5,anchor,local_mix,none,False,stage1,fixed_beta_0.05,results/experiments/neighbormix_beta_mechanism_20260617/stage1/worm_neuron_cell/fixed_beta_0.05/seed1,
pca_cosine_knn,5,4.937593460083008,1.0,0.7998592853546143,0.1243199482560157,0.3258002866698519,0.1881612241268158,0.168255016207695,1.0,0.0,0.0,0.0,5.0,59.0,16.0,50.0,0.0,0.0,0.8337314859053989,0.8347968459129333,0.9486454327901204,worm_neuron_cell,2,fixed_beta_0.05,1.0,1.0,3.962847941419189,1.410911493282765,0.7167247121687979,2.7443012351170184,0.9499998688697816,0.0500000081956386,fixed,0.05,0.05,0.05,0.02,0.5,anchor,local_mix,none,False,stage1,fixed_beta_0.05,results/experiments/neighbormix_beta_mechanism_20260617/stage1/worm_neuron_cell/fixed_beta_0.05/seed2,
pca_cosine_knn,5,4.936015605926514,1.0,0.8006296753883362,0.1239117980003357,0.3220735785953177,0.1898256987333297,0.1707164049148559,1.0,0.0,0.0,0.0,5.0,56.0,16.0,50.0,0.0,0.0,0.8391304347826087,0.840212345123291,0.9505194226900736,worm_neuron_cell,0,fixed_beta_0.1,1.0,1.0,3.961888514949595,2.81635149307549,1.4263150195591152,5.467235065624118,0.8999998569488525,0.1000000163912773,fixed,0.1,0.1,0.05,0.02,0.5,anchor,local_mix,none,False,stage1,fixed_beta_0.1,results/experiments/neighbormix_beta_mechanism_20260617/stage1/worm_neuron_cell/fixed_beta_0.1/seed0,
pca_cosine_knn,5,4.934866428375244,1.0,0.8006459474563599,0.1244399473071098,0.3213569039655996,0.1901690512895584,0.169335126876831,1.0,0.0,0.0,0.0,5.0,61.0,16.75,50.0,0.0,0.0,0.8363592928810321,0.8372862339019775,0.9460172653198242,worm_neuron_cell,1,fixed_beta_0.1,1.0,1.0,3.961453991295224,2.8180594947189093,1.4282182813622055,5.481879941001535,0.8999998569488525,0.1000000163912773,fixed,0.1,0.1,0.05,0.02,0.5,anchor,local_mix,none,False,stage1,fixed_beta_0.1,results/experiments/neighbormix_beta_mechanism_20260617/stage1/worm_neuron_cell/fixed_beta_0.1/seed1,
pca_cosine_knn,5,4.937593460083008,1.0,0.7998592853546143,0.1243199482560157,0.3258002866698519,0.1881612241268158,0.168255016207695,1.0,0.0,0.0,0.0,5.0,59.0,16.0,50.0,0.0,0.0,0.8337314859053989,0.8347968459129333,0.9486454327901204,worm_neuron_cell,2,fixed_beta_0.1,1.0,1.0,3.962847941419189,2.821822969056666,1.433449440822005,5.488602402806282,0.8999998569488525,0.1000000163912773,fixed,0.1,0.1,0.05,0.02,0.5,anchor,local_mix,none,False,stage1,fixed_beta_0.1,results/experiments/neighbormix_beta_mechanism_20260617/stage1/worm_neuron_cell/fixed_beta_0.1/seed2,
pca_cosine_knn,5,4.936015605926514,1.0,0.8006296753883362,0.1239117980003357,0.3220735785953177,0.1898256987333297,0.1707164049148559,1.0,0.0,0.0,0.0,5.0,56.0,16.0,50.0,0.0,0.0,0.8391304347826087,0.840212345123291,0.9505194226900736,worm_neuron_cell,0,fixed_beta_0.2,1.0,1.0,3.961888514949595,5.632701669633389,2.852629153430462,10.934467394649982,0.8000001311302185,0.2000000327825546,fixed,0.2,0.2,0.05,0.02,0.5,anchor,local_mix,none,False,stage1,fixed_beta_0.2,results/experiments/neighbormix_beta_mechanism_20260617/stage1/worm_neuron_cell/fixed_beta_0.2/seed0,
pca_cosine_knn,5,4.934866428375244,1.0,0.8006459474563599,0.1244399473071098,0.3213569039655996,0.1901690512895584,0.169335126876831,1.0,0.0,0.0,0.0,5.0,61.0,16.75,50.0,0.0,0.0,0.8363592928810321,0.8372862339019775,0.9460172653198242,worm_neuron_cell,1,fixed_beta_0.2,1.0,1.0,3.961453991295224,5.636117674782872,2.8564356703311207,10.963757184892891,0.8000001311302185,0.2000000327825546,fixed,0.2,0.2,0.05,0.02,0.5,anchor,local_mix,none,False,stage1,fixed_beta_0.2,results/experiments/neighbormix_beta_mechanism_20260617/stage1/worm_neuron_cell/fixed_beta_0.2/seed1,
pca_cosine_knn,5,4.937593460083008,1.0,0.7998592853546143,0.1243199482560157,0.3258002866698519,0.1881612241268158,0.168255016207695,1.0,0.0,0.0,0.0,5.0,59.0,16.0,50.0,0.0,0.0,0.8337314859053989,0.8347968459129333,0.9486454327901204,worm_neuron_cell,2,fixed_beta_0.2,1.0,1.0,3.962847941419189,5.643644636124373,2.8668980082497,10.9772021189332,0.8000001311302185,0.2000000327825546,fixed,0.2,0.2,0.05,0.02,0.5,anchor,local_mix,none,False,stage1,fixed_beta_0.2,results/experiments/neighbormix_beta_mechanism_20260617/stage1/worm_neuron_cell/fixed_beta_0.2/seed2,
none,0,0.0,0.0,0.0,0.0,0.0,0.0,0.0,0.0,0.0,0.0,,0.0,0.0,0.0,,0.0,0.0,0.0,0.0,0.0,worm_neuron_cell,0,nm_scmae_nomix,0.0,0.0,0.0,0.0,0.0,0.0,1.0,0.0,fixed,0.0999999999999999,0.0999999999999999,0.05,0.02,0.5,anchor,local_mix,none,False,stage1,nm_scmae_nomix,results/experiments/neighbormix_beta_mechanism_20260617/stage1/worm_neuron_cell/nm_scmae_nomix/seed0,
none,0,0.0,0.0,0.0,0.0,0.0,0.0,0.0,0.0,0.0,0.0,,0.0,0.0,0.0,,0.0,0.0,0.0,0.0,0.0,worm_neuron_cell,1,nm_scmae_nomix,0.0,0.0,0.0,0.0,0.0,0.0,1.0,0.0,fixed,0.0999999999999999,0.0999999999999999,0.05,0.02,0.5,anchor,local_mix,none,False,stage1,nm_scmae_nomix,results/experiments/neighbormix_beta_mechanism_20260617/stage1/worm_neuron_cell/nm_scmae_nomix/seed1,
none,0,0.0,0.0,0.0,0.0,0.0,0.0,0.0,0.0,0.0,0.0,,0.0,0.0,0.0,,0.0,0.0,0.0,0.0,0.0,worm_neuron_cell,2,nm_scmae_nomix,0.0,0.0,0.0,0.0,0.0,0.0,1.0,0.0,fixed,0.0999999999999999,0.0999999999999999,0.05,0.02,0.5,anchor,local_mix,none,False,stage1,nm_scmae_nomix,results/experiments/neighbormix_beta_mechanism_20260617/stage1/worm_neuron_cell/nm_scmae_nomix/seed2,
pca_cosine_knn,5,4.936015605926514,1.0,0.8006296753883362,0.1239117980003357,0.3220735785953177,0.1898256987333297,0.1707164049148559,1.0,0.0,0.0,0.0,5.0,56.0,16.0,50.0,0.0,0.0,0.8391304347826087,0.840212345123291,0.9505194226900736,worm_neuron_cell,0,random_beta_uniform_0.05,1.0,1.0,3.9619851441880822,0.7039117339067161,0.5776143337367102,1.7926389364525677,0.9750259443186224,0.0249740547238616,uniform,0.0999999999999999,0.05,0.025,0.02,0.5,anchor,local_mix,none,False,stage1,random_beta_uniform_0.05,results/experiments/neighbormix_beta_mechanism_20260617/stage1/worm_neuron_cell/random_beta_uniform_0.05/seed0,
pca_cosine_knn,5,4.934866428375244,1.0,0.8006459474563599,0.1244399473071098,0.3213569039655996,0.1901690512895584,0.169335126876831,1.0,0.0,0.0,0.0,5.0,61.0,16.75,50.0,0.0,0.0,0.8363592928810321,0.8372862339019775,0.9460172653198242,worm_neuron_cell,1,random_beta_uniform_0.05,1.0,1.0,3.9616110662303887,0.7052312872372568,0.5781426075613126,1.7975398950278758,0.9750056403223424,0.0249943588554742,uniform,0.0999999999999999,0.05,0.025,0.02,0.5,anchor,local_mix,none,False,stage1,random_beta_uniform_0.05,results/experiments/neighbormix_beta_mechanism_20260617/stage1/worm_neuron_cell/random_beta_uniform_0.05/seed1,
pca_cosine_knn,5,4.937593460083008,1.0,0.7998592853546143,0.1243199482560157,0.3258002866698519,0.1881612241268158,0.168255016207695,1.0,0.0,0.0,0.0,5.0,59.0,16.0,50.0,0.0,0.0,0.8337314859053989,0.8347968459129333,0.9486454327901204,worm_neuron_cell,2,random_beta_uniform_0.05,1.0,1.0,3.962861507256489,0.7049217293038964,0.5781806683400645,1.7988537111319602,0.9750019290018828,0.0249980702355969,uniform,0.0999999999999999,0.05,0.025,0.02,0.5,anchor,local_mix,none,False,stage1,random_beta_uniform_0.05,results/experiments/neighbormix_beta_mechanism_20260617/stage1/worm_neuron_cell/random_beta_uniform_0.05/seed2,
pca_cosine_knn,5,4.936015605926514,1.0,0.8006296753883362,0.1239117980003357,0.3220735785953177,0.1898256987333297,0.1707164049148559,1.0,0.0,0.0,0.0,5.0,56.0,16.0,50.0,0.0,0.0,0.8391304347826087,0.840212345123291,0.9505194226900736,worm_neuron_cell,0,random_beta_uniform_0.1,1.0,1.0,3.9619851441880822,1.4078234661370517,1.155228656390682,3.5852778598666197,0.9500518900342284,0.0499481094477232,uniform,0.0999999999999999,0.1,0.05,0.02,0.5,anchor,local_mix,none,False,stage1,random_beta_uniform_0.1,results/experiments/neighbormix_beta_mechanism_20260617/stage1/worm_neuron_cell/random_beta_uniform_0.1/seed0,
pca_cosine_knn,5,4.934866428375244,1.0,0.8006459474563599,0.1244399473071098,0.3213569039655996,0.1901690512895584,0.169335126876831,1.0,0.0,0.0,0.0,5.0,61.0,16.75,50.0,0.0,0.0,0.8363592928810321,0.8372862339019775,0.9460172653198242,worm_neuron_cell,1,random_beta_uniform_0.1,1.0,1.0,3.9616110662303887,1.410462567768991,1.1562852078583092,3.5950797580182554,0.9500112829264252,0.0499887177109485,uniform,0.0999999999999999,0.1,0.05,0.02,0.5,anchor,local_mix,none,False,stage1,random_beta_uniform_0.1,results/experiments/neighbormix_beta_mechanism_20260617/stage1/worm_neuron_cell/random_beta_uniform_0.1/seed1,
pca_cosine_knn,5,4.937593460083008,1.0,0.7998592853546143,0.1243199482560157,0.3258002866698519,0.1881612241268158,0.168255016207695,1.0,0.0,0.0,0.0,5.0,59.0,16.0,50.0,0.0,0.0,0.8337314859053989,0.8347968459129333,0.9486454327901204,worm_neuron_cell,2,random_beta_uniform_0.1,1.0,1.0,3.962861507256489,1.409843460749835,1.1563613425940276,3.597707380540669,0.9500038607046009,0.0499961404711939,uniform,0.0999999999999999,0.1,0.05,0.02,0.5,anchor,local_mix,none,False,stage1,random_beta_uniform_0.1,results/experiments/neighbormix_beta_mechanism_20260617/stage1/worm_neuron_cell/random_beta_uniform_0.1/seed2,
pca_cosine_knn,5,4.936015605926514,1.0,0.8006296753883362,0.1239117980003357,0.3220735785953177,0.1898256987333297,0.1707164049148559,1.0,0.0,0.0,0.0,5.0,56.0,16.0,50.0,0.0,0.0,0.8391304347826087,0.840212345123291,0.9505194226900736,worm_neuron_cell,0,random_beta_uniform_0.2,1.0,1.0,3.9619851441880822,2.815646936930716,2.31045731222257,7.170555777847767,0.9001037816517055,0.0998962188954465,uniform,0.0999999999999999,0.2,0.1,0.02,0.5,anchor,local_mix,none,False,stage1,random_beta_uniform_0.2,results/experiments/neighbormix_beta_mechanism_20260617/stage1/worm_neuron_cell/random_beta_uniform_0.2/seed0,
pca_cosine_knn,5,4.934866428375244,1.0,0.8006459474563599,0.1244399473071098,0.3213569039655996,0.1901690512895584,0.169335126876831,1.0,0.0,0.0,0.0,5.0,61.0,16.75,50.0,0.0,0.0,0.8363592928810321,0.8372862339019775,0.9460172653198242,worm_neuron_cell,1,random_beta_uniform_0.2,1.0,1.0,3.9616110662303887,2.820925135910511,2.3125704251229764,7.190159455686808,0.9000225664582103,0.0999774354218971,uniform,0.0999999999999999,0.2,0.1,0.02,0.5,anchor,local_mix,none,False,stage1,random_beta_uniform_0.2,results/experiments/neighbormix_beta_mechanism_20260617/stage1/worm_neuron_cell/random_beta_uniform_0.2/seed1,
pca_cosine_knn,5,4.937593460083008,1.0,0.7998592853546143,0.1243199482560157,0.3258002866698519,0.1881612241268158,0.168255016207695,1.0,0.0,0.0,0.0,5.0,59.0,16.0,50.0,0.0,0.0,0.8337314859053989,0.8347968459129333,0.9486454327901204,worm_neuron_cell,2,random_beta_uniform_0.2,1.0,1.0,3.962861507256489,2.8196869088336824,2.3127226742915807,7.195414805412293,0.9000077190808952,0.0999922809423878,uniform,0.0999999999999999,0.2,0.1,0.02,0.5,anchor,local_mix,none,False,stage1,random_beta_uniform_0.2,results/experiments/neighbormix_beta_mechanism_20260617/stage1/worm_neuron_cell/random_beta_uniform_0.2/seed2,
pca_cosine_knn,5,4.994472026824951,1.0,0.9560685753822328,0.0427916869521141,0.3333744221879815,0.1566529721021652,0.1447712332010269,1.0,0.0,0.0,0.0,5.0,78.0,15.0,50.0,0.0,0.0,0.9518335901386747,0.952261447906494,0.9076267679532368,Guo,0,bernoulli_beta_0_or_0.1_p0.5,1.0,1.0,3.996939646015384,1.0920814282000066,1.394644901394844,3.969738615989685,0.949908909469843,0.0500910202506929,bernoulli,0.0999999999999999,0.1,0.05,0.02,0.5,anchor,local_mix,none,False,stage2,bernoulli_beta_0_or_0.1_p0.5,results/experiments/neighbormix_beta_mechanism_20260617/stage2/Guo/bernoulli_beta_0_or_0.1_p0.5/seed0,
pca_cosine_knn,5,4.994463920593262,1.0,0.9560303092002868,0.0429082550108432,0.3340523882896764,0.1553142964839935,0.1437475383281707,1.0,0.0,0.0,0.0,5.0,82.0,16.0,50.0,0.0,0.0,0.9514329738058552,0.9518691897392272,0.9027627110481262,Guo,1,bernoulli_beta_0_or_0.1_p0.5,1.0,1.0,3.996934418674087,1.0912396448254589,1.394923461377621,3.9681059547662727,0.9499831282496451,0.0500168015323579,bernoulli,0.0999999999999999,0.1,0.05,0.02,0.5,anchor,local_mix,none,False,stage2,bernoulli_beta_0_or_0.1_p0.5,results/experiments/neighbormix_beta_mechanism_20260617/stage2/Guo/bernoulli_beta_0_or_0.1_p0.5/seed1,
pca_cosine_knn,5,4.994489192962647,1.0,0.9558459520339966,0.0427838116884231,0.3326964560862866,0.1548590213060379,0.1423371285200119,1.0,0.0,0.0,0.0,5.0,66.0,16.0,50.0,0.0,0.0,0.9522650231124808,0.9526740908622742,0.9084535241127014,Guo,2,bernoulli_beta_0_or_0.1_p0.5,1.0,1.0,3.996964060824266,1.0893969896435738,1.3915801164507866,3.957411488890648,0.9499616440832614,0.0500382858309894,bernoulli,0.0999999999999999,0.1,0.05,0.02,0.5,anchor,local_mix,none,False,stage2,bernoulli_beta_0_or_0.1_p0.5,results/experiments/neighbormix_beta_mechanism_20260617/stage2/Guo/bernoulli_beta_0_or_0.1_p0.5/seed2,
pca_cosine_knn,5,4.994472026824951,1.0,0.9560685753822328,0.0427916869521141,0.3333744221879815,0.1566529721021652,0.1447712332010269,1.0,0.0,0.0,0.0,5.0,78.0,15.0,50.0,0.0,0.0,0.9518335901386747,0.952261447906494,0.9076267679532368,Guo,0,beta_distribution_mean0.05_lowvar,1.0,1.0,3.99694500276764,1.0909386270046233,0.6546847270131112,2.3292923942804338,0.9499835954308508,0.0500164045486599,beta_distribution,0.0999999999999999,0.1,0.05,0.02,0.5,anchor,local_mix,none,False,stage2,beta_distribution_mean0.05_lowvar,results/experiments/neighbormix_beta_mechanism_20260617/stage2/Guo/beta_distribution_mean0.05_lowvar/seed0,
pca_cosine_knn,5,4.994463920593262,1.0,0.9560303092002868,0.0429082550108432,0.3340523882896764,0.1553142964839935,0.1437475383281707,1.0,0.0,0.0,0.0,5.0,82.0,16.0,50.0,0.0,0.0,0.9514329738058552,0.9518691897392272,0.9027627110481262,Guo,1,beta_distribution_mean0.05_lowvar,1.0,1.0,3.996992565579364,1.0899518191218376,0.654298502355814,2.330214649558067,0.950017785847187,0.0499822136256843,beta_distribution,0.0999999999999999,0.1,0.05,0.02,0.5,anchor,local_mix,none,False,stage2,beta_distribution_mean0.05_lowvar,results/experiments/neighbormix_beta_mechanism_20260617/stage2/Guo/beta_distribution_mean0.05_lowvar/seed1,
pca_cosine_knn,5,4.994489192962647,1.0,0.9558459520339966,0.0427838116884231,0.3326964560862866,0.1548590213060379,0.1423371285200119,1.0,0.0,0.0,0.0,5.0,66.0,16.0,50.0,0.0,0.0,0.9522650231124808,0.9526740908622742,0.9084535241127014,Guo,2,beta_distribution_mean0.05_lowvar,1.0,1.0,3.996927380565971,1.0899646896719932,0.6533822849988937,2.3261986811161046,0.9499614285826684,0.05003857184574,beta_distribution,0.0999999999999999,0.1,0.05,0.02,0.5,anchor,local_mix,none,False,stage2,beta_distribution_mean0.05_lowvar,results/experiments/neighbormix_beta_mechanism_20260617/stage2/Guo/beta_distribution_mean0.05_lowvar/seed2,
pca_cosine_knn,5,4.994472026824951,1.0,0.9560685753822328,0.0427916869521141,0.3333744221879815,0.1566529721021652,0.1447712332010269,1.0,0.0,0.0,0.0,5.0,78.0,15.0,50.0,0.0,0.0,0.9518335901386747,0.952261447906494,0.9076267679532368,Guo,0,fixed_beta_0.05,1.0,1.0,3.996962932447235,1.0903047077059749,0.616841382175684,2.1916494484543803,0.9499998688697816,0.0500000081956386,fixed,0.05,0.05,0.05,0.02,0.5,anchor,local_mix,none,False,stage2,fixed_beta_0.05,results/experiments/neighbormix_beta_mechanism_20260617/stage2/Guo/fixed_beta_0.05/seed0,
pca_cosine_knn,5,4.994463920593262,1.0,0.9560303092002868,0.0429082550108432,0.3340523882896764,0.1553142964839935,0.1437475383281707,1.0,0.0,0.0,0.0,5.0,82.0,16.0,50.0,0.0,0.0,0.9514329738058552,0.9518691897392272,0.9027627110481262,Guo,1,fixed_beta_0.05,1.0,1.0,3.99694732779468,1.0907577156722543,0.6177421760857106,2.194182909965515,0.9499998688697816,0.0500000081956386,fixed,0.05,0.05,0.05,0.02,0.5,anchor,local_mix,none,False,stage2,fixed_beta_0.05,results/experiments/neighbormix_beta_mechanism_20260617/stage2/Guo/fixed_beta_0.05/seed1,
pca_cosine_knn,5,4.994489192962647,1.0,0.9558459520339966,0.0427838116884231,0.3326964560862866,0.1548590213060379,0.1423371285200119,1.0,0.0,0.0,0.0,5.0,66.0,16.0,50.0,0.0,0.0,0.9522650231124808,0.9526740908622742,0.9084535241127014,Guo,2,fixed_beta_0.05,1.0,1.0,3.996963213096729,1.0890555021762849,0.6161750048995017,2.190661979734897,0.9499998688697816,0.0500000081956386,fixed,0.05,0.05,0.05,0.02,0.5,anchor,local_mix,none,False,stage2,fixed_beta_0.05,results/experiments/neighbormix_beta_mechanism_20260617/stage2/Guo/fixed_beta_0.05/seed2,
pca_cosine_knn,5,4.994472026824951,1.0,0.9560685753822328,0.0427916869521141,0.3333744221879815,0.1566529721021652,0.1447712332010269,1.0,0.0,0.0,0.0,5.0,78.0,15.0,50.0,0.0,0.0,0.9518335901386747,0.952261447906494,0.9076267679532368,Guo,0,truncated_normal_beta_mean0.05_std0.02,1.0,1.0,3.9969568250382537,1.090342603981495,0.7901968683302403,2.658918186068535,0.9499950680732728,0.050004931692034,truncated_normal,0.0999999999999999,0.1,0.05,0.02,0.5,anchor,local_mix,none,False,stage2,truncated_normal_beta_mean0.05_std0.02,results/experiments/neighbormix_beta_mechanism_20260617/stage2/Guo/truncated_normal_beta_mean0.05_std0.02/seed0,
pca_cosine_knn,5,4.994463920593262,1.0,0.9560303092002868,0.0429082550108432,0.3340523882896764,0.1553142964839935,0.1437475383281707,1.0,0.0,0.0,0.0,5.0,82.0,16.0,50.0,0.0,0.0,0.9514329738058552,0.9518691897392272,0.9027627110481262,Guo,1,truncated_normal_beta_mean0.05_std0.02,1.0,1.0,3.996965165492085,1.0903647680580617,0.7905067047774792,2.664107587099076,0.9500239998400212,0.0499759987276047,truncated_normal,0.0999999999999999,0.1,0.05,0.02,0.5,anchor,local_mix,none,False,stage2,truncated_normal_beta_mean0.05_std0.02,results/experiments/neighbormix_beta_mechanism_20260617/stage2/Guo/truncated_normal_beta_mean0.05_std0.02/seed1,
pca_cosine_knn,5,4.994489192962647,1.0,0.9558459520339966,0.0427838116884231,0.3326964560862866,0.1548590213060379,0.1423371285200119,1.0,0.0,0.0,0.0,5.0,66.0,16.0,50.0,0.0,0.0,0.9522650231124808,0.9526740908622742,0.9084535241127014,Guo,2,truncated_normal_beta_mean0.05_std0.02,1.0,1.0,3.9969642635896223,1.0891826332211494,0.7901562823653221,2.6642233523130416,0.9499986237883568,0.0500013751816004,truncated_normal,0.0999999999999999,0.1,0.05,0.02,0.5,anchor,local_mix,none,False,stage2,truncated_normal_beta_mean0.05_std0.02,results/experiments/neighbormix_beta_mechanism_20260617/stage2/Guo/truncated_normal_beta_mean0.05_std0.02/seed2,
pca_cosine_knn,5,4.994472026824951,1.0,0.9560685753822328,0.0427916869521141,0.3333744221879815,0.1566529721021652,0.1447712332010269,1.0,0.0,0.0,0.0,5.0,78.0,15.0,50.0,0.0,0.0,0.9518335901386747,0.952261447906494,0.9076267679532368,Guo,0,uniform_beta_0.1,1.0,1.0,3.996939646015384,1.090238070309162,0.9492939558327198,3.07683358502388,0.9500173563361168,0.0499826442543417,uniform,0.0999999999999999,0.1,0.05,0.02,0.5,anchor,local_mix,none,False,stage2,uniform_beta_0.1,results/experiments/neighbormix_beta_mechanism_20260617/stage2/Guo/uniform_beta_0.1/seed0,
pca_cosine_knn,5,4.994463920593262,1.0,0.9560303092002868,0.0429082550108432,0.3340523882896764,0.1553142964839935,0.1437475383281707,1.0,0.0,0.0,0.0,5.0,82.0,16.0,50.0,0.0,0.0,0.9514329738058552,0.9518691897392272,0.9027627110481262,Guo,1,uniform_beta_0.1,1.0,1.0,3.996934418674087,1.0910131194293498,0.9501477848291398,3.0817223590612413,0.9500070888996124,0.0499929113481193,uniform,0.0999999999999999,0.1,0.05,0.02,0.5,anchor,local_mix,none,False,stage2,uniform_beta_0.1,results/experiments/neighbormix_beta_mechanism_20260617/stage2/Guo/uniform_beta_0.1/seed1,
pca_cosine_knn,5,4.994489192962647,1.0,0.9558459520339966,0.0427838116884231,0.3326964560862866,0.1548590213060379,0.1423371285200119,1.0,0.0,0.0,0.0,5.0,66.0,16.0,50.0,0.0,0.0,0.9522650231124808,0.9526740908622742,0.9084535241127014,Guo,2,uniform_beta_0.1,1.0,1.0,3.996964060824266,1.0884337265491486,0.9481305095255376,3.073731717944145,0.950037062048912,0.0499629387054592,uniform,0.0999999999999999,0.1,0.05,0.02,0.5,anchor,local_mix,none,False,stage2,uniform_beta_0.1,results/experiments/neighbormix_beta_mechanism_20260617/stage2/Guo/uniform_beta_0.1/seed2,
pca_cosine_knn,5,4.992573261260986,1.0,0.9250876903533936,0.0551818795502185,0.2979110873058382,0.1052853986620903,0.1226002499461174,1.0,0.0,0.0,0.0,5.0,58.0,15.0,50.0,0.0,0.0,0.962542403142296,0.9627015590667723,0.9294465978940328,Macosko,0,bernoulli_beta_0_or_0.1_p0.5,1.0,1.0,3.995780355095541,1.2954394388028554,1.8007687771575789,3.3369656520571027,0.9500022972013268,0.0499976329172828,bernoulli,0.0999999999999999,0.1,0.05,0.02,0.5,anchor,local_mix,none,False,stage2,bernoulli_beta_0_or_0.1_p0.5,results/experiments/neighbormix_beta_mechanism_20260617/stage2/Macosko/bernoulli_beta_0_or_0.1_p0.5/seed0,
pca_cosine_knn,5,4.992573261260986,1.0,0.9250876903533936,0.0551818795502185,0.2979110873058382,0.1052853986620903,0.1226002499461174,1.0,0.0,0.0,0.0,5.0,58.0,15.0,50.0,0.0,0.0,0.962542403142296,0.9627015590667723,0.9294465978940328,Macosko,1,bernoulli_beta_0_or_0.1_p0.5,1.0,1.0,3.9957912798164896,1.2969148950534208,1.8032826302136693,3.3382371749196738,0.9499645739964075,0.0500353561698326,bernoulli,0.0999999999999999,0.1,0.05,0.02,0.5,anchor,local_mix,none,False,stage2,bernoulli_beta_0_or_0.1_p0.5,results/experiments/neighbormix_beta_mechanism_20260617/stage2/Macosko/bernoulli_beta_0_or_0.1_p0.5/seed1,
pca_cosine_knn,5,4.992573261260986,1.0,0.9250876903533936,0.0551818795502185,0.2979110873058382,0.1052853986620903,0.1226002499461174,1.0,0.0,0.0,0.0,5.0,58.0,15.0,50.0,0.0,0.0,0.962542403142296,0.9627015590667723,0.9294465978940328,Macosko,2,bernoulli_beta_0_or_0.1_p0.5,1.0,1.0,3.9957819063345874,1.297758686857564,1.8049219243526455,3.339849857381412,0.9499403549007008,0.0500595749081777,bernoulli,0.0999999999999999,0.1,0.05,0.02,0.5,anchor,local_mix,none,False,stage2,bernoulli_beta_0_or_0.1_p0.5,results/experiments/neighbormix_beta_mechanism_20260617/stage2/Macosko/bernoulli_beta_0_or_0.1_p0.5/seed2,
pca_cosine_knn,5,4.992573261260986,1.0,0.9250876903533936,0.0551818795502185,0.2979110873058382,0.1052853986620903,0.1226002499461174,1.0,0.0,0.0,0.0,5.0,58.0,15.0,50.0,0.0,0.0,0.962542403142296,0.9627015590667723,0.9294465978940328,Macosko,0,beta_distribution_mean0.05_lowvar,1.0,1.0,3.9957814663269096,1.2959208310672214,0.9331111657598188,2.3208620476722714,0.9499931406378744,0.0500068594871887,beta_distribution,0.0999999999999999,0.1,0.05,0.02,0.5,anchor,local_mix,none,False,stage2,beta_distribution_mean0.05_lowvar,results/experiments/neighbormix_beta_mechanism_20260617/stage2/Macosko/beta_distribution_mean0.05_lowvar/seed0,
pca_cosine_knn,5,4.992573261260986,1.0,0.9250876903533936,0.0551818795502185,0.2979110873058382,0.1052853986620903,0.1226002499461174,1.0,0.0,0.0,0.0,5.0,58.0,15.0,50.0,0.0,0.0,0.962542403142296,0.9627015590667723,0.9294465978940328,Macosko,1,beta_distribution_mean0.05_lowvar,1.0,1.0,3.995783228566175,1.295849483668804,0.9327416923407996,2.318386312305928,0.9500016492477484,0.0499983509904039,beta_distribution,0.0999999999999999,0.1,0.05,0.02,0.5,anchor,local_mix,none,False,stage2,beta_distribution_mean0.05_lowvar,results/experiments/neighbormix_beta_mechanism_20260617/stage2/Macosko/beta_distribution_mean0.05_lowvar/seed1,
pca_cosine_knn,5,4.992573261260986,1.0,0.9250876903533936,0.0551818795502185,0.2979110873058382,0.1052853986620903,0.1226002499461174,1.0,0.0,0.0,0.0,5.0,58.0,15.0,50.0,0.0,0.0,0.962542403142296,0.9627015590667723,0.9294465978940328,Macosko,2,beta_distribution_mean0.05_lowvar,1.0,1.0,3.995779998978111,1.2962757164410184,0.9328429814044918,2.3184664996692117,0.949989208395992,0.0500107914265245,beta_distribution,0.0999999999999999,0.1,0.05,0.02,0.5,anchor,local_mix,none,False,stage2,beta_distribution_mean0.05_lowvar,results/experiments/neighbormix_beta_mechanism_20260617/stage2/Macosko/beta_distribution_mean0.05_lowvar/seed2,
pca_cosine_knn,5,4.992573261260986,1.0,0.9250876903533936,0.0551818795502185,0.2979110873058382,0.1052853986620903,0.1226002499461174,1.0,0.0,0.0,0.0,5.0,58.0,15.0,50.0,0.0,0.0,0.962542403142296,0.9627015590667723,0.9294465978940328,Macosko,0,fixed_beta_0.05,1.0,1.0,3.995776267974509,1.2958120351689204,0.8939607103743723,2.259760672552245,0.9499998688697816,0.0500000081956386,fixed,0.05,0.05,0.05,0.02,0.5,anchor,local_mix,none,False,stage2,fixed_beta_0.05,results/experiments/neighbormix_beta_mechanism_20260617/stage2/Macosko/fixed_beta_0.05/seed0,
pca_cosine_knn,5,4.992573261260986,1.0,0.9250876903533936,0.0551818795502185,0.2979110873058382,0.1052853986620903,0.1226002499461174,1.0,0.0,0.0,0.0,5.0,58.0,15.0,50.0,0.0,0.0,0.962542403142296,0.9627015590667723,0.9294465978940328,Macosko,1,fixed_beta_0.05,1.0,1.0,3.9957703436264023,1.2959167516316683,0.8943784043490887,2.258832668193749,0.9499998688697816,0.0500000081956386,fixed,0.05,0.05,0.05,0.02,0.5,anchor,local_mix,none,False,stage2,fixed_beta_0.05,results/experiments/neighbormix_beta_mechanism_20260617/stage2/Macosko/fixed_beta_0.05/seed1,
pca_cosine_knn,5,4.992573261260986,1.0,0.9250876903533936,0.0551818795502185,0.2979110873058382,0.1052853986620903,0.1226002499461174,1.0,0.0,0.0,0.0,5.0,58.0,15.0,50.0,0.0,0.0,0.962542403142296,0.9627015590667723,0.9294465978940328,Macosko,2,fixed_beta_0.05,1.0,1.0,3.995783358115047,1.295873421558312,0.8944145858692272,2.259192758721965,0.9499998688697816,0.0500000081956386,fixed,0.05,0.05,0.05,0.02,0.5,anchor,local_mix,none,False,stage2,fixed_beta_0.05,results/experiments/neighbormix_beta_mechanism_20260617/stage2/Macosko/fixed_beta_0.05/seed2,
pca_cosine_knn,5,4.992573261260986,1.0,0.9250876903533936,0.0551818795502185,0.2979110873058382,0.1052853986620903,0.1226002499461174,1.0,0.0,0.0,0.0,5.0,58.0,15.0,50.0,0.0,0.0,0.962542403142296,0.9627015590667723,0.9294465978940328,Macosko,0,truncated_normal_beta_mean0.05_std0.02,1.0,1.0,3.995774790397004,1.2958472079549517,1.0815062203620165,2.5587692773086683,0.9499906004156384,0.0500093987810292,truncated_normal,0.0999999999999999,0.1,0.05,0.02,0.5,anchor,local_mix,none,False,stage2,truncated_normal_beta_mean0.05_std0.02,results/experiments/neighbormix_beta_mechanism_20260617/stage2/Macosko/truncated_normal_beta_mean0.05_std0.02/seed0,
pca_cosine_knn,5,4.992573261260986,1.0,0.9250876903533936,0.0551818795502185,0.2979110873058382,0.1052853986620903,0.1226002499461174,1.0,0.0,0.0,0.0,5.0,58.0,15.0,50.0,0.0,0.0,0.962542403142296,0.9627015590667723,0.9294465978940328,Macosko,1,truncated_normal_beta_mean0.05_std0.02,1.0,1.0,3.995784709107962,1.2954193934202194,1.080884800778968,2.5584038510322573,0.9500141540169714,0.0499858447177601,truncated_normal,0.0999999999999999,0.1,0.05,0.02,0.5,anchor,local_mix,none,False,stage2,truncated_normal_beta_mean0.05_std0.02,results/experiments/neighbormix_beta_mechanism_20260617/stage2/Macosko/truncated_normal_beta_mean0.05_std0.02/seed1,
pca_cosine_knn,5,4.992573261260986,1.0,0.9250876903533936,0.0551818795502185,0.2979110873058382,0.1052853986620903,0.1226002499461174,1.0,0.0,0.0,0.0,5.0,58.0,15.0,50.0,0.0,0.0,0.962542403142296,0.9627015590667723,0.9294465978940328,Macosko,2,truncated_normal_beta_mean0.05_std0.02,1.0,1.0,3.995786655921567,1.2959461382882935,1.081217223827328,2.561077813122954,0.9499948500224524,0.050005148884175,truncated_normal,0.0999999999999999,0.1,0.05,0.02,0.5,anchor,local_mix,none,False,stage2,truncated_normal_beta_mean0.05_std0.02,results/experiments/neighbormix_beta_mechanism_20260617/stage2/Macosko/truncated_normal_beta_mean0.05_std0.02/seed2,
pca_cosine_knn,5,4.992573261260986,1.0,0.9250876903533936,0.0551818795502185,0.2979110873058382,0.1052853986620903,0.1226002499461174,1.0,0.0,0.0,0.0,5.0,58.0,15.0,50.0,0.0,0.0,0.962542403142296,0.9627015590667723,0.9294465978940328,Macosko,0,uniform_beta_0.1,1.0,1.0,3.995780355095541,1.295716045481818,1.2662173527096,2.779886362331254,0.950003647702081,0.0499963524591709,uniform,0.0999999999999999,0.1,0.05,0.02,0.5,anchor,local_mix,none,False,stage2,uniform_beta_0.1,results/experiments/neighbormix_beta_mechanism_20260617/stage2/Macosko/uniform_beta_0.1/seed0,
pca_cosine_knn,5,4.992573261260986,1.0,0.9250876903533936,0.0551818795502185,0.2979110873058382,0.1052853986620903,0.1226002499461174,1.0,0.0,0.0,0.0,5.0,58.0,15.0,50.0,0.0,0.0,0.962542403142296,0.9627015590667723,0.9294465978940328,Macosko,1,uniform_beta_0.1,1.0,1.0,3.9957912798164896,1.2957931083355632,1.2659562637337616,2.779833414043699,0.9500080565001284,0.0499919434211083,uniform,0.0999999999999999,0.1,0.05,0.02,0.5,anchor,local_mix,none,False,stage2,uniform_beta_0.1,results/experiments/neighbormix_beta_mechanism_20260617/stage2/Macosko/uniform_beta_0.1/seed1,
pca_cosine_knn,5,4.992573261260986,1.0,0.9250876903533936,0.0551818795502185,0.2979110873058382,0.1052853986620903,0.1226002499461174,1.0,0.0,0.0,0.0,5.0,58.0,15.0,50.0,0.0,0.0,0.962542403142296,0.9627015590667723,0.9294465978940328,Macosko,2,uniform_beta_0.1,1.0,1.0,3.9957819063345874,1.2950164275509972,1.2649101069016115,2.783435685379165,0.9500379283470768,0.0499620717074722,uniform,0.0999999999999999,0.1,0.05,0.02,0.5,anchor,local_mix,none,False,stage2,uniform_beta_0.1,results/experiments/neighbormix_beta_mechanism_20260617/stage2/Macosko/uniform_beta_0.1/seed2,
pca_cosine_knn,5,4.972256183624268,1.0,0.8924466371536255,0.0820034891366958,0.3274983381342787,0.1681741327047348,0.1579177677631378,1.0,0.0,0.0,0.0,5.0,61.0,16.0,50.0,0.0,0.0,0.8719698648349213,0.8740304112434387,0.8484357992808024,Melanoma_5K,0,bernoulli_beta_0_or_0.1_p0.5,1.0,1.0,3.983987488513149,1.3155682160573847,1.6482627393568263,4.276435051770771,0.9498617695534932,0.0501381595372496,bernoulli,0.0999999999999999,0.1,0.05,0.02,0.5,anchor,local_mix,none,False,stage2,bernoulli_beta_0_or_0.1_p0.5,results/experiments/neighbormix_beta_mechanism_20260617/stage2/Melanoma_5K/bernoulli_beta_0_or_0.1_p0.5/seed0,
pca_cosine_knn,5,4.971978664398193,1.0,0.8924643993377686,0.0825860425829887,0.325637048526479,0.1703208535909652,0.1597455739974975,1.0,0.0,0.0,0.0,5.0,72.0,16.0,50.0,0.0,0.0,0.8716153334810547,0.8739621043205261,0.8518532117207845,Melanoma_5K,1,bernoulli_beta_0_or_0.1_p0.5,1.0,1.0,3.983821094190926,1.311759064258898,1.6456799291512545,4.267786506519599,0.9499792442164,0.0500206848387332,bernoulli,0.0999999999999999,0.1,0.05,0.02,0.5,anchor,local_mix,none,False,stage2,bernoulli_beta_0_or_0.1_p0.5,results/experiments/neighbormix_beta_mechanism_20260617/stage2/Melanoma_5K/bernoulli_beta_0_or_0.1_p0.5/seed1,
pca_cosine_knn,5,4.972635269165039,1.0,0.892723798751831,0.0818581134080886,0.3270551739419455,0.1687456667423248,0.1583421230316162,1.0,0.0,0.0,0.0,5.0,65.0,16.0,50.0,0.0,0.0,0.8717482827387547,0.8739094734191895,0.8498106002807617,Melanoma_5K,2,bernoulli_beta_0_or_0.1_p0.5,1.0,1.0,3.984099664550372,1.3139478273251477,1.6453931004685516,4.279220010778484,0.9499660332851552,0.0500338970491772,bernoulli,0.0999999999999999,0.1,0.05,0.02,0.5,anchor,local_mix,none,False,stage2,bernoulli_beta_0_or_0.1_p0.5,results/experiments/neighbormix_beta_mechanism_20260617/stage2/Melanoma_5K/bernoulli_beta_0_or_0.1_p0.5/seed2,
pca_cosine_knn,5,4.972256183624268,1.0,0.8924466371536255,0.0820034891366958,0.3274983381342787,0.1681741327047348,0.1579177677631378,1.0,0.0,0.0,0.0,5.0,61.0,16.0,50.0,0.0,0.0,0.8719698648349213,0.8740304112434387,0.8484357992808024,Melanoma_5K,0,beta_distribution_mean0.05_lowvar,1.0,1.0,3.9839998879264655,1.311417531178278,0.7528368750477539,2.781942776546759,0.9499763668021736,0.0500236324555076,beta_distribution,0.0999999999999999,0.1,0.05,0.02,0.5,anchor,local_mix,none,False,stage2,beta_distribution_mean0.05_lowvar,results/experiments/neighbormix_beta_mechanism_20260617/stage2/Melanoma_5K/beta_distribution_mean0.05_lowvar/seed0,
pca_cosine_knn,5,4.971978664398193,1.0,0.8924643993377686,0.0825860425829887,0.325637048526479,0.1703208535909652,0.1597455739974975,1.0,0.0,0.0,0.0,5.0,72.0,16.0,50.0,0.0,0.0,0.8716153334810547,0.8739621043205261,0.8518532117207845,Melanoma_5K,1,beta_distribution_mean0.05_lowvar,1.0,1.0,3.983769908304817,1.3100095380755032,0.7502444827819572,2.770368106400266,0.9500347557751572,0.0499652429209912,beta_distribution,0.0999999999999999,0.1,0.05,0.02,0.5,anchor,local_mix,none,False,stage2,beta_distribution_mean0.05_lowvar,results/experiments/neighbormix_beta_mechanism_20260617/stage2/Melanoma_5K/beta_distribution_mean0.05_lowvar/seed1,
pca_cosine_knn,5,4.972635269165039,1.0,0.892723798751831,0.0818581134080886,0.3270551739419455,0.1687456667423248,0.1583421230316162,1.0,0.0,0.0,0.0,5.0,65.0,16.0,50.0,0.0,0.0,0.8717482827387547,0.8739094734191895,0.8498106002807617,Melanoma_5K,2,beta_distribution_mean0.05_lowvar,1.0,1.0,3.9841529708918486,1.313817072615904,0.7532847147654085,2.7866492027745524,0.9499605095561812,0.0500394910135689,beta_distribution,0.0999999999999999,0.1,0.05,0.02,0.5,anchor,local_mix,none,False,stage2,beta_distribution_mean0.05_lowvar,results/experiments/neighbormix_beta_mechanism_20260617/stage2/Melanoma_5K/beta_distribution_mean0.05_lowvar/seed2,
pca_cosine_knn,5,4.972256183624268,1.0,0.8924466371536255,0.0820034891366958,0.3274983381342787,0.1681741327047348,0.1579177677631378,1.0,0.0,0.0,0.0,5.0,61.0,16.0,50.0,0.0,0.0,0.8719698648349213,0.8740304112434387,0.8484357992808024,Melanoma_5K,0,fixed_beta_0.05,1.0,1.0,3.9840242800933536,1.310932775981286,0.7058018012958415,2.72902848527712,0.9499998688697816,0.0500000081956386,fixed,0.05,0.05,0.05,0.02,0.5,anchor,local_mix,none,False,stage2,fixed_beta_0.05,results/experiments/neighbormix_beta_mechanism_20260617/stage2/Melanoma_5K/fixed_beta_0.05/seed0,
pca_cosine_knn,5,4.971978664398193,1.0,0.8924643993377686,0.0825860425829887,0.325637048526479,0.1703208535909652,0.1597455739974975,1.0,0.0,0.0,0.0,5.0,72.0,16.0,50.0,0.0,0.0,0.8716153334810547,0.8739621043205261,0.8518532117207845,Melanoma_5K,1,fixed_beta_0.05,1.0,1.0,3.983792342810544,1.3117234879556825,0.7070429398294757,2.730913470071905,0.9499998688697816,0.0500000081956386,fixed,0.05,0.05,0.05,0.02,0.5,anchor,local_mix,none,False,stage2,fixed_beta_0.05,results/experiments/neighbormix_beta_mechanism_20260617/stage2/Melanoma_5K/fixed_beta_0.05/seed1,
pca_cosine_knn,5,4.972635269165039,1.0,0.892723798751831,0.0818581134080886,0.3270551739419455,0.1687456667423248,0.1583421230316162,1.0,0.0,0.0,0.0,5.0,65.0,16.0,50.0,0.0,0.0,0.8717482827387547,0.8739094734191895,0.8498106002807617,Melanoma_5K,2,fixed_beta_0.05,1.0,1.0,3.984076629721741,1.3125887600814594,0.7058007709243718,2.730194842114168,0.9499998688697816,0.0500000081956386,fixed,0.05,0.05,0.05,0.02,0.5,anchor,local_mix,none,False,stage2,fixed_beta_0.05,results/experiments/neighbormix_beta_mechanism_20260617/stage2/Melanoma_5K/fixed_beta_0.05/seed2,
pca_cosine_knn,5,4.972256183624268,1.0,0.8924466371536255,0.0820034891366958,0.3274983381342787,0.1681741327047348,0.1579177677631378,1.0,0.0,0.0,0.0,5.0,61.0,16.0,50.0,0.0,0.0,0.8719698648349213,0.8740304112434387,0.8484357992808024,Melanoma_5K,0,truncated_normal_beta_mean0.05_std0.02,1.0,1.0,3.983918332210747,1.3102023107164047,0.9149816741399904,3.0013548716026195,0.9499980870415182,0.0500019133748377,truncated_normal,0.0999999999999999,0.1,0.05,0.02,0.5,anchor,local_mix,none,False,stage2,truncated_normal_beta_mean0.05_std0.02,results/experiments/neighbormix_beta_mechanism_20260617/stage2/Melanoma_5K/truncated_normal_beta_mean0.05_std0.02/seed0,
pca_cosine_knn,5,4.971978664398193,1.0,0.8924643993377686,0.0825860425829887,0.325637048526479,0.1703208535909652,0.1597455739974975,1.0,0.0,0.0,0.0,5.0,72.0,16.0,50.0,0.0,0.0,0.8716153334810547,0.8739621043205261,0.8518532117207845,Melanoma_5K,1,truncated_normal_beta_mean0.05_std0.02,1.0,1.0,3.9837616053816247,1.3105673868866528,0.9155062626389896,3.014674730335965,0.9500171209521152,0.049982877297546,truncated_normal,0.0999999999999999,0.1,0.05,0.02,0.5,anchor,local_mix,none,False,stage2,truncated_normal_beta_mean0.05_std0.02,results/experiments/neighbormix_beta_mechanism_20260617/stage2/Melanoma_5K/truncated_normal_beta_mean0.05_std0.02/seed1,
pca_cosine_knn,5,4.972635269165039,1.0,0.892723798751831,0.0818581134080886,0.3270551739419455,0.1687456667423248,0.1583421230316162,1.0,0.0,0.0,0.0,5.0,65.0,16.0,50.0,0.0,0.0,0.8717482827387547,0.8739094734191895,0.8498106002807617,Melanoma_5K,2,truncated_normal_beta_mean0.05_std0.02,1.0,1.0,3.984154751201781,1.3119645254576906,0.9154766110374648,3.004617370051496,0.9500066870275664,0.0499933122465496,truncated_normal,0.0999999999999999,0.1,0.05,0.02,0.5,anchor,local_mix,none,False,stage2,truncated_normal_beta_mean0.05_std0.02,results/experiments/neighbormix_beta_mechanism_20260617/stage2/Melanoma_5K/truncated_normal_beta_mean0.05_std0.02/seed2,
pca_cosine_knn,5,4.972256183624268,1.0,0.8924466371536255,0.0820034891366958,0.3274983381342787,0.1681741327047348,0.1579177677631378,1.0,0.0,0.0,0.0,5.0,61.0,16.0,50.0,0.0,0.0,0.8719698648349213,0.8740304112434387,0.8484357992808024,Melanoma_5K,0,uniform_beta_0.1,1.0,1.0,3.983987488513149,1.3102141874677995,1.1082873384742176,3.3374260053915137,0.9500355257707482,0.0499644739388981,uniform,0.0999999999999999,0.1,0.05,0.02,0.5,anchor,local_mix,none,False,stage2,uniform_beta_0.1,results/experiments/neighbormix_beta_mechanism_20260617/stage2/Melanoma_5K/uniform_beta_0.1/seed0,
pca_cosine_knn,5,4.971978664398193,1.0,0.8924643993377686,0.0825860425829887,0.325637048526479,0.1703208535909652,0.1597455739974975,1.0,0.0,0.0,0.0,5.0,72.0,16.0,50.0,0.0,0.0,0.8716153334810547,0.8739621043205261,0.8518532117207845,Melanoma_5K,1,uniform_beta_0.1,1.0,1.0,3.983821094190926,1.3100178208421258,1.1066927605692078,3.333432229652124,0.9500087772222126,0.0499912233749295,uniform,0.0999999999999999,0.1,0.05,0.02,0.5,anchor,local_mix,none,False,stage2,uniform_beta_0.1,results/experiments/neighbormix_beta_mechanism_20260617/stage2/Melanoma_5K/uniform_beta_0.1/seed1,
pca_cosine_knn,5,4.972635269165039,1.0,0.892723798751831,0.0818581134080886,0.3270551739419455,0.1687456667423248,0.1583421230316162,1.0,0.0,0.0,0.0,5.0,65.0,16.0,50.0,0.0,0.0,0.8717482827387547,0.8739094734191895,0.8498106002807617,Melanoma_5K,2,uniform_beta_0.1,1.0,1.0,3.984099664550372,1.3118706295595448,1.111038968317649,3.336932496288243,0.9500126178650294,0.0499873835401719,uniform,0.0999999999999999,0.1,0.05,0.02,0.5,anchor,local_mix,none,False,stage2,uniform_beta_0.1,results/experiments/neighbormix_beta_mechanism_20260617/stage2/Melanoma_5K/uniform_beta_0.1/seed2,
pca_cosine_knn,5,4.98863697052002,1.0,0.8721168041229248,0.0630894154310226,0.2189340290719344,0.0812448486685752,0.1126705706119537,1.0,0.0,0.0,0.0,5.0,106.0,18.0,50.0,0.0,0.0,0.9728960119269474,0.973282754421234,0.9436135530471802,Shekhar,0,bernoulli_beta_0_or_0.1_p0.5,1.0,1.0,3.99311451903104,1.4554550857784654,1.6466893813931025,4.562544934308299,0.9499864508541158,0.0500134792581845,bernoulli,0.0999999999999999,0.1,0.05,0.02,0.5,anchor,local_mix,none,False,stage2,bernoulli_beta_0_or_0.1_p0.5,results/experiments/neighbormix_beta_mechanism_20260617/stage2/Shekhar/bernoulli_beta_0_or_0.1_p0.5/seed0,
pca_cosine_knn,5,4.98863697052002,1.0,0.8721168041229248,0.0630894154310226,0.2189340290719344,0.0812448486685752,0.1126705706119537,1.0,0.0,0.0,0.0,5.0,106.0,18.0,50.0,0.0,0.0,0.9728960119269474,0.973282754421234,0.9436135530471802,Shekhar,1,bernoulli_beta_0_or_0.1_p0.5,1.0,1.0,3.9931054549772327,1.455852906491894,1.646456604321988,4.557052677468612,0.9499839626825772,0.0500159676518076,bernoulli,0.0999999999999999,0.1,0.05,0.02,0.5,anchor,local_mix,none,False,stage2,bernoulli_beta_0_or_0.1_p0.5,results/experiments/neighbormix_beta_mechanism_20260617/stage2/Shekhar/bernoulli_beta_0_or_0.1_p0.5/seed1,
pca_cosine_knn,5,4.98863697052002,1.0,0.8721168041229248,0.0630894154310226,0.2189340290719344,0.0812448486685752,0.1126705706119537,1.0,0.0,0.0,0.0,5.0,106.0,18.0,50.0,0.0,0.0,0.9728960119269474,0.973282754421234,0.9436135530471802,Shekhar,2,bernoulli_beta_0_or_0.1_p0.5,1.0,1.0,3.9931263389685823,1.457186955972933,1.6476780699709288,4.563317690302545,0.949958984603962,0.0500409450896908,bernoulli,0.0999999999999999,0.1,0.05,0.02,0.5,anchor,local_mix,none,False,stage2,bernoulli_beta_0_or_0.1_p0.5,results/experiments/neighbormix_beta_mechanism_20260617/stage2/Shekhar/bernoulli_beta_0_or_0.1_p0.5/seed2,
pca_cosine_knn,5,4.98863697052002,1.0,0.8721168041229248,0.0630894154310226,0.2189340290719344,0.0812448486685752,0.1126705706119537,1.0,0.0,0.0,0.0,5.0,106.0,18.0,50.0,0.0,0.0,0.9728960119269474,0.973282754421234,0.9436135530471802,Shekhar,0,beta_distribution_mean0.05_lowvar,1.0,1.0,3.993104632905765,1.4554153520470627,0.6120839404228787,2.664557968051388,0.9499952456269128,0.0500047544120417,beta_distribution,0.0999999999999999,0.1,0.05,0.02,0.5,anchor,local_mix,none,False,stage2,beta_distribution_mean0.05_lowvar,results/experiments/neighbormix_beta_mechanism_20260617/stage2/Shekhar/beta_distribution_mean0.05_lowvar/seed0,
pca_cosine_knn,5,4.98863697052002,1.0,0.8721168041229248,0.0630894154310226,0.2189340290719344,0.0812448486685752,0.1126705706119537,1.0,0.0,0.0,0.0,5.0,106.0,18.0,50.0,0.0,0.0,0.9728960119269474,0.973282754421234,0.9436135530471802,Shekhar,1,beta_distribution_mean0.05_lowvar,1.0,1.0,3.993126108962413,1.4551900054829623,0.612273815786466,2.665870212620268,0.9500086799622156,0.0499913201492745,beta_distribution,0.0999999999999999,0.1,0.05,0.02,0.5,anchor,local_mix,none,False,stage2,beta_distribution_mean0.05_lowvar,results/experiments/neighbormix_beta_mechanism_20260617/stage2/Shekhar/beta_distribution_mean0.05_lowvar/seed1,
pca_cosine_knn,5,4.98863697052002,1.0,0.8721168041229248,0.0630894154310226,0.2189340290719344,0.0812448486685752,0.1126705706119537,1.0,0.0,0.0,0.0,5.0,106.0,18.0,50.0,0.0,0.0,0.9728960119269474,0.973282754421234,0.9436135530471802,Shekhar,2,beta_distribution_mean0.05_lowvar,1.0,1.0,3.993120052472561,1.4559205742552876,0.6124734823914387,2.666488576021332,0.9499839172698558,0.0500160826764141,beta_distribution,0.0999999999999999,0.1,0.05,0.02,0.5,anchor,local_mix,none,False,stage2,beta_distribution_mean0.05_lowvar,results/experiments/neighbormix_beta_mechanism_20260617/stage2/Shekhar/beta_distribution_mean0.05_lowvar/seed2,
pca_cosine_knn,5,4.98863697052002,1.0,0.8721168041229248,0.0630894154310226,0.2189340290719344,0.0812448486685752,0.1126705706119537,1.0,0.0,0.0,0.0,5.0,106.0,18.0,50.0,0.0,0.0,0.9728960119269474,0.973282754421234,0.9436135530471802,Shekhar,0,fixed_beta_0.05,1.0,1.0,3.99309948939806,1.455190845908454,0.5493658519529092,2.561576776407086,0.9499998688697816,0.0500000081956386,fixed,0.05,0.05,0.05,0.02,0.5,anchor,local_mix,none,False,stage2,fixed_beta_0.05,results/experiments/neighbormix_beta_mechanism_20260617/stage2/Shekhar/fixed_beta_0.05/seed0,
pca_cosine_knn,5,4.98863697052002,1.0,0.8721168041229248,0.0630894154310226,0.2189340290719344,0.0812448486685752,0.1126705706119537,1.0,0.0,0.0,0.0,5.0,106.0,18.0,50.0,0.0,0.0,0.9728960119269474,0.973282754421234,0.9436135530471802,Shekhar,1,fixed_beta_0.05,1.0,1.0,3.993122443156911,1.455405236307818,0.5495869361616383,2.562344880745961,0.9499998688697816,0.0500000081956386,fixed,0.05,0.05,0.05,0.02,0.5,anchor,local_mix,none,False,stage2,fixed_beta_0.05,results/experiments/neighbormix_beta_mechanism_20260617/stage2/Shekhar/fixed_beta_0.05/seed1,
pca_cosine_knn,5,4.98863697052002,1.0,0.8721168041229248,0.0630894154310226,0.2189340290719344,0.0812448486685752,0.1126705706119537,1.0,0.0,0.0,0.0,5.0,106.0,18.0,50.0,0.0,0.0,0.9728960119269474,0.973282754421234,0.9436135530471802,Shekhar,2,fixed_beta_0.05,1.0,1.0,3.9931082260312274,1.4552825132528175,0.5494611841698106,2.562052013610418,0.9499998688697816,0.0500000081956386,fixed,0.05,0.05,0.05,0.02,0.5,anchor,local_mix,none,False,stage2,fixed_beta_0.05,results/experiments/neighbormix_beta_mechanism_20260617/stage2/Shekhar/fixed_beta_0.05/seed2,
pca_cosine_knn,5,4.98863697052002,1.0,0.8721168041229248,0.0630894154310226,0.2189340290719344,0.0812448486685752,0.1126705706119537,1.0,0.0,0.0,0.0,5.0,106.0,18.0,50.0,0.0,0.0,0.9728960119269474,0.973282754421234,0.9436135530471802,Shekhar,0,truncated_normal_beta_mean0.05_std0.02,1.0,1.0,3.993100957459062,1.4552234725453534,0.8229402311791022,3.0236114190748102,0.9500022756723828,0.0499977238028525,truncated_normal,0.0999999999999999,0.1,0.05,0.02,0.5,anchor,local_mix,none,False,stage2,truncated_normal_beta_mean0.05_std0.02,results/experiments/neighbormix_beta_mechanism_20260617/stage2/Shekhar/truncated_normal_beta_mean0.05_std0.02/seed0,
pca_cosine_knn,5,4.98863697052002,1.0,0.8721168041229248,0.0630894154310226,0.2189340290719344,0.0812448486685752,0.1126705706119537,1.0,0.0,0.0,0.0,5.0,106.0,18.0,50.0,0.0,0.0,0.9728960119269474,0.973282754421234,0.9436135530471802,Shekhar,1,truncated_normal_beta_mean0.05_std0.02,1.0,1.0,3.99310933157483,1.4548172020854857,0.8228802082845226,3.023176241465486,0.950018012889016,0.0499819857842969,truncated_normal,0.0999999999999999,0.1,0.05,0.02,0.5,anchor,local_mix,none,False,stage2,truncated_normal_beta_mean0.05_std0.02,results/experiments/neighbormix_beta_mechanism_20260617/stage2/Shekhar/truncated_normal_beta_mean0.05_std0.02/seed1,
pca_cosine_knn,5,4.98863697052002,1.0,0.8721168041229248,0.0630894154310226,0.2189340290719344,0.0812448486685752,0.1126705706119537,1.0,0.0,0.0,0.0,5.0,106.0,18.0,50.0,0.0,0.0,0.9728960119269474,0.973282754421234,0.9436135530471802,Shekhar,2,truncated_normal_beta_mean0.05_std0.02,1.0,1.0,3.9931119953019776,1.4554996138725145,0.82337113218382,3.0239220939863185,0.9499985417924248,0.0500014572874463,truncated_normal,0.0999999999999999,0.1,0.05,0.02,0.5,anchor,local_mix,none,False,stage2,truncated_normal_beta_mean0.05_std0.02,results/experiments/neighbormix_beta_mechanism_20260617/stage2/Shekhar/truncated_normal_beta_mean0.05_std0.02/seed2,
pca_cosine_knn,5,4.98863697052002,1.0,0.8721168041229248,0.0630894154310226,0.2189340290719344,0.0812448486685752,0.1126705706119537,1.0,0.0,0.0,0.0,5.0,106.0,18.0,50.0,0.0,0.0,0.9728960119269474,0.973282754421234,0.9436135530471802,Shekhar,0,uniform_beta_0.1,1.0,1.0,3.99311451903104,1.4550311876747473,1.0509367875253353,3.454128914211805,0.9500132127736624,0.0499867873409619,uniform,0.0999999999999999,0.1,0.05,0.02,0.5,anchor,local_mix,none,False,stage2,uniform_beta_0.1,results/experiments/neighbormix_beta_mechanism_20260617/stage2/Shekhar/uniform_beta_0.1/seed0,
pca_cosine_knn,5,4.98863697052002,1.0,0.8721168041229248,0.0630894154310226,0.2189340290719344,0.0812448486685752,0.1126705706119537,1.0,0.0,0.0,0.0,5.0,106.0,18.0,50.0,0.0,0.0,0.9728960119269474,0.973282754421234,0.9436135530471802,Shekhar,1,uniform_beta_0.1,1.0,1.0,3.9931054549772327,1.4550594958691645,1.0502916981681036,3.452033258229494,0.95000195695947,0.0499980430082919,uniform,0.0999999999999999,0.1,0.05,0.02,0.5,anchor,local_mix,none,False,stage2,uniform_beta_0.1,results/experiments/neighbormix_beta_mechanism_20260617/stage2/Shekhar/uniform_beta_0.1/seed1,
pca_cosine_knn,5,4.98863697052002,1.0,0.8721168041229248,0.0630894154310226,0.2189340290719344,0.0812448486685752,0.1126705706119537,1.0,0.0,0.0,0.0,5.0,106.0,18.0,50.0,0.0,0.0,0.9728960119269474,0.973282754421234,0.9436135530471802,Shekhar,2,uniform_beta_0.1,1.0,1.0,3.9931263389685823,1.45371097433739,1.0491742841612832,3.447039144457533,0.950035783648491,0.0499642163801651,uniform,0.0999999999999999,0.1,0.05,0.02,0.5,anchor,local_mix,none,False,stage2,uniform_beta_0.1,results/experiments/neighbormix_beta_mechanism_20260617/stage2/Shekhar/uniform_beta_0.1/seed2,
pca_cosine_knn,5,4.993261814117432,1.0,0.9280492067337036,0.0460587814450264,0.3246678096870981,0.1042781248688697,0.1192926988005638,1.0,0.0,0.0,0.0,5.0,64.0,16.0,50.0,0.0,0.0,0.8928525503643377,0.8931488990783691,0.8116998821496964,Tosches,0,bernoulli_beta_0_or_0.1_p0.5,1.0,1.0,3.9960070725118015,1.279406206123531,1.6717148890925777,3.9666100740846657,0.9499940931279628,0.0500058368288187,bernoulli,0.0999999999999999,0.1,0.05,0.02,0.5,anchor,local_mix,none,False,stage2,bernoulli_beta_0_or_0.1_p0.5,results/experiments/neighbormix_beta_mechanism_20260617/stage2/Tosches/bernoulli_beta_0_or_0.1_p0.5/seed0,
pca_cosine_knn,5,4.993261814117432,1.0,0.9280492067337036,0.0460587814450264,0.3246678096870981,0.1042781248688697,0.1192926988005638,1.0,0.0,0.0,0.0,5.0,64.0,16.0,50.0,0.0,0.0,0.8928525503643377,0.8931488990783691,0.8116998821496964,Tosches,1,bernoulli_beta_0_or_0.1_p0.5,1.0,1.0,3.9960192011883593,1.2789975656196475,1.6698117712098692,3.962696963672836,0.949992533514483,0.0500073966337367,bernoulli,0.0999999999999999,0.1,0.05,0.02,0.5,anchor,local_mix,none,False,stage2,bernoulli_beta_0_or_0.1_p0.5,results/experiments/neighbormix_beta_mechanism_20260617/stage2/Tosches/bernoulli_beta_0_or_0.1_p0.5/seed1,
pca_cosine_knn,5,4.993261814117432,1.0,0.9280492067337036,0.0460587814450264,0.3246678096870981,0.1042781248688697,0.1192926988005638,1.0,0.0,0.0,0.0,5.0,64.0,16.0,50.0,0.0,0.0,0.8928525503643377,0.8931488990783691,0.8116998821496964,Tosches,2,bernoulli_beta_0_or_0.1_p0.5,1.0,1.0,3.996011266917158,1.2810366708992256,1.6715313480339116,3.9626994752635554,0.9499205113802518,0.0500794181212161,bernoulli,0.0999999999999999,0.1,0.05,0.02,0.5,anchor,local_mix,none,False,stage2,bernoulli_beta_0_or_0.1_p0.5,results/experiments/neighbormix_beta_mechanism_20260617/stage2/Tosches/bernoulli_beta_0_or_0.1_p0.5/seed2,
pca_cosine_knn,5,4.993261814117432,1.0,0.9280492067337036,0.0460587814450264,0.3246678096870981,0.1042781248688697,0.1192926988005638,1.0,0.0,0.0,0.0,5.0,64.0,16.0,50.0,0.0,0.0,0.8928525503643377,0.8931488990783691,0.8116998821496964,Tosches,0,beta_distribution_mean0.05_lowvar,1.0,1.0,3.9960068913608433,1.27803307434337,0.8044770223347264,2.647499011250006,0.94999095890671,0.0500090411282144,beta_distribution,0.0999999999999999,0.1,0.05,0.02,0.5,anchor,local_mix,none,False,stage2,beta_distribution_mean0.05_lowvar,results/experiments/neighbormix_beta_mechanism_20260617/stage2/Tosches/beta_distribution_mean0.05_lowvar/seed0,
pca_cosine_knn,5,4.993261814117432,1.0,0.9280492067337036,0.0460587814450264,0.3246678096870981,0.1042781248688697,0.1192926988005638,1.0,0.0,0.0,0.0,5.0,64.0,16.0,50.0,0.0,0.0,0.8928525503643377,0.8931488990783691,0.8116998821496964,Tosches,1,beta_distribution_mean0.05_lowvar,1.0,1.0,3.9960075369813177,1.2779550846459138,0.804154359559632,2.648109622506632,0.9500091109838752,0.0499908889934886,beta_distribution,0.0999999999999999,0.1,0.05,0.02,0.5,anchor,local_mix,none,False,stage2,beta_distribution_mean0.05_lowvar,results/experiments/neighbormix_beta_mechanism_20260617/stage2/Tosches/beta_distribution_mean0.05_lowvar/seed1,
pca_cosine_knn,5,4.993261814117432,1.0,0.9280492067337036,0.0460587814450264,0.3246678096870981,0.1042781248688697,0.1192926988005638,1.0,0.0,0.0,0.0,5.0,64.0,16.0,50.0,0.0,0.0,0.8928525503643377,0.8931488990783691,0.8116998821496964,Tosches,2,beta_distribution_mean0.05_lowvar,1.0,1.0,3.996006592936239,1.278733753040433,0.8048822679970827,2.6494081881104243,0.9499771557334398,0.0500228442600928,beta_distribution,0.0999999999999999,0.1,0.05,0.02,0.5,anchor,local_mix,none,False,stage2,beta_distribution_mean0.05_lowvar,results/experiments/neighbormix_beta_mechanism_20260617/stage2/Tosches/beta_distribution_mean0.05_lowvar/seed2,
pca_cosine_knn,5,4.993261814117432,1.0,0.9280492067337036,0.0460587814450264,0.3246678096870981,0.1042781248688697,0.1192926988005638,1.0,0.0,0.0,0.0,5.0,64.0,16.0,50.0,0.0,0.0,0.8928525503643377,0.8931488990783691,0.8116998821496964,Tosches,0,fixed_beta_0.05,1.0,1.0,3.9960245146376137,1.2780542671887412,0.7628384923614148,2.627447330910299,0.9499998688697816,0.0500000081956386,fixed,0.05,0.05,0.05,0.02,0.5,anchor,local_mix,none,False,stage2,fixed_beta_0.05,results/experiments/neighbormix_beta_mechanism_20260617/stage2/Tosches/fixed_beta_0.05/seed0,
pca_cosine_knn,5,4.993261814117432,1.0,0.9280492067337036,0.0460587814450264,0.3246678096870981,0.1042781248688697,0.1192926988005638,1.0,0.0,0.0,0.0,5.0,64.0,16.0,50.0,0.0,0.0,0.8928525503643377,0.8931488990783691,0.8116998821496964,Tosches,1,fixed_beta_0.05,1.0,1.0,3.996006821623874,1.2782354114991097,0.7629371299201415,2.6264110372091336,0.9499998688697816,0.0500000081956386,fixed,0.05,0.05,0.05,0.02,0.5,anchor,local_mix,none,False,stage2,fixed_beta_0.05,results/experiments/neighbormix_beta_mechanism_20260617/stage2/Tosches/fixed_beta_0.05/seed1,
pca_cosine_knn,5,4.993261814117432,1.0,0.9280492067337036,0.0460587814450264,0.3246678096870981,0.1042781248688697,0.1192926988005638,1.0,0.0,0.0,0.0,5.0,64.0,16.0,50.0,0.0,0.0,0.8928525503643377,0.8931488990783691,0.8116998821496964,Tosches,2,fixed_beta_0.05,1.0,1.0,3.9960101378770942,1.2782113306845229,0.763184473089253,2.6265627454966305,0.9499998688697816,0.0500000081956386,fixed,0.05,0.05,0.05,0.02,0.5,anchor,local_mix,none,False,stage2,fixed_beta_0.05,results/experiments/neighbormix_beta_mechanism_20260617/stage2/Tosches/fixed_beta_0.05/seed2,
pca_cosine_knn,5,4.993261814117432,1.0,0.9280492067337036,0.0460587814450264,0.3246678096870981,0.1042781248688697,0.1192926988005638,1.0,0.0,0.0,0.0,5.0,64.0,16.0,50.0,0.0,0.0,0.8928525503643377,0.8931488990783691,0.8116998821496964,Tosches,0,truncated_normal_beta_mean0.05_std0.02,1.0,1.0,3.9960217375076623,1.2788168052625326,0.9626223758587406,2.879442022823625,0.9499878038859204,0.0500121958062259,truncated_normal,0.0999999999999999,0.1,0.05,0.02,0.5,anchor,local_mix,none,False,stage2,truncated_normal_beta_mean0.05_std0.02,results/experiments/neighbormix_beta_mechanism_20260617/stage2/Tosches/truncated_normal_beta_mean0.05_std0.02/seed0,
pca_cosine_knn,5,4.993261814117432,1.0,0.9280492067337036,0.0460587814450264,0.3246678096870981,0.1042781248688697,0.1192926988005638,1.0,0.0,0.0,0.0,5.0,64.0,16.0,50.0,0.0,0.0,0.8928525503643377,0.8931488990783691,0.8116998821496964,Tosches,1,truncated_normal_beta_mean0.05_std0.02,1.0,1.0,3.9960211670039194,1.2772636890204416,0.9587745451057952,2.8800778988334867,0.9500300768969788,0.0499699217176789,truncated_normal,0.0999999999999999,0.1,0.05,0.02,0.5,anchor,local_mix,none,False,stage2,truncated_normal_beta_mean0.05_std0.02,results/experiments/neighbormix_beta_mechanism_20260617/stage2/Tosches/truncated_normal_beta_mean0.05_std0.02/seed1,
pca_cosine_knn,5,4.993261814117432,1.0,0.9280492067337036,0.0460587814450264,0.3246678096870981,0.1042781248688697,0.1192926988005638,1.0,0.0,0.0,0.0,5.0,64.0,16.0,50.0,0.0,0.0,0.8928525503643377,0.8931488990783691,0.8116998821496964,Tosches,2,truncated_normal_beta_mean0.05_std0.02,1.0,1.0,3.9960159891119007,1.2779799208872848,0.9598803754999404,2.879895003636678,0.9500118028682966,0.0499881962016742,truncated_normal,0.0999999999999999,0.1,0.05,0.02,0.5,anchor,local_mix,none,False,stage2,truncated_normal_beta_mean0.05_std0.02,results/experiments/neighbormix_beta_mechanism_20260617/stage2/Tosches/truncated_normal_beta_mean0.05_std0.02/seed2,
pca_cosine_knn,5,4.993261814117432,1.0,0.9280492067337036,0.0460587814450264,0.3246678096870981,0.1042781248688697,0.1192926988005638,1.0,0.0,0.0,0.0,5.0,64.0,16.0,50.0,0.0,0.0,0.8928525503643377,0.8931488990783691,0.8116998821496964,Tosches,0,uniform_beta_0.1,1.0,1.0,3.9960070725118015,1.2772087420854303,1.1401011416999,3.166815741525756,0.9500035691385468,0.0499964313478105,uniform,0.0999999999999999,0.1,0.05,0.02,0.5,anchor,local_mix,none,False,stage2,uniform_beta_0.1,results/experiments/neighbormix_beta_mechanism_20260617/stage2/Tosches/uniform_beta_0.1/seed0,
pca_cosine_knn,5,4.993261814117432,1.0,0.9280492067337036,0.0460587814450264,0.3246678096870981,0.1042781248688697,0.1192926988005638,1.0,0.0,0.0,0.0,5.0,64.0,16.0,50.0,0.0,0.0,0.8928525503643377,0.8931488990783691,0.8116998821496964,Tosches,1,uniform_beta_0.1,1.0,1.0,3.9960192011883593,1.277636260829038,1.1427753283745712,3.166754414472315,0.9500070058430234,0.0499929940366807,uniform,0.0999999999999999,0.1,0.05,0.02,0.5,anchor,local_mix,none,False,stage2,uniform_beta_0.1,results/experiments/neighbormix_beta_mechanism_20260617/stage2/Tosches/uniform_beta_0.1/seed1,
pca_cosine_knn,5,4.993261814117432,1.0,0.9280492067337036,0.0460587814450264,0.3246678096870981,0.1042781248688697,0.1192926988005638,1.0,0.0,0.0,0.0,5.0,64.0,16.0,50.0,0.0,0.0,0.8928525503643377,0.8931488990783691,0.8116998821496964,Tosches,2,uniform_beta_0.1,1.0,1.0,3.996011266917158,1.2764975683556663,1.1430869948015443,3.164666758105158,0.9500556997747884,0.0499443000997416,uniform,0.0999999999999999,0.1,0.05,0.02,0.5,anchor,local_mix,none,False,stage2,uniform_beta_0.1,results/experiments/neighbormix_beta_mechanism_20260617/stage2/Tosches/uniform_beta_0.1/seed2,
pca_cosine_knn,5,4.936015605926514,1.0,0.8006296753883362,0.1239117980003357,0.3220735785953177,0.1898256987333297,0.1707164049148559,1.0,0.0,0.0,0.0,5.0,56.0,16.0,50.0,0.0,0.0,0.8391304347826087,0.840212345123291,0.9505194226900736,worm_neuron_cell,0,bernoulli_beta_0_or_0.1_p0.5,1.0,1.0,3.9619851441880822,1.4124634641222655,1.7305263982154429,4.591242512129247,0.949829941475764,0.0501699875865597,bernoulli,0.0999999999999999,0.1,0.05,0.02,0.5,anchor,local_mix,none,False,stage2,bernoulli_beta_0_or_0.1_p0.5,results/experiments/neighbormix_beta_mechanism_20260617/stage2/worm_neuron_cell/bernoulli_beta_0_or_0.1_p0.5/seed0,
pca_cosine_knn,5,4.934866428375244,1.0,0.8006459474563599,0.1244399473071098,0.3213569039655996,0.1901690512895584,0.169335126876831,1.0,0.0,0.0,0.0,5.0,61.0,16.75,50.0,0.0,0.0,0.8363592928810321,0.8372862339019775,0.9460172653198242,worm_neuron_cell,1,bernoulli_beta_0_or_0.1_p0.5,1.0,1.0,3.9616110662303887,1.407971286214888,1.7287015821784737,4.589621258340776,0.949974900111556,0.0500250290817348,bernoulli,0.0999999999999999,0.1,0.05,0.02,0.5,anchor,local_mix,none,False,stage2,bernoulli_beta_0_or_0.1_p0.5,results/experiments/neighbormix_beta_mechanism_20260617/stage2/worm_neuron_cell/bernoulli_beta_0_or_0.1_p0.5/seed1,
pca_cosine_knn,5,4.937593460083008,1.0,0.7998592853546143,0.1243199482560157,0.3258002866698519,0.1881612241268158,0.168255016207695,1.0,0.0,0.0,0.0,5.0,59.0,16.0,50.0,0.0,0.0,0.8337314859053989,0.8347968459129333,0.9486454327901204,worm_neuron_cell,2,bernoulli_beta_0_or_0.1_p0.5,1.0,1.0,3.962861507256489,1.410134867299348,1.731506314408034,4.605420348607003,0.949993516970426,0.0500064132764237,bernoulli,0.0999999999999999,0.1,0.05,0.02,0.5,anchor,local_mix,none,False,stage2,bernoulli_beta_0_or_0.1_p0.5,results/experiments/neighbormix_beta_mechanism_20260617/stage2/worm_neuron_cell/bernoulli_beta_0_or_0.1_p0.5/seed2,
pca_cosine_knn,5,4.936015605926514,1.0,0.8006296753883362,0.1239117980003357,0.3220735785953177,0.1898256987333297,0.1707164049148559,1.0,0.0,0.0,0.0,5.0,56.0,16.0,50.0,0.0,0.0,0.8391304347826087,0.840212345123291,0.9505194226900736,worm_neuron_cell,0,beta_distribution_mean0.05_lowvar,1.0,1.0,3.962055851946603,1.4093569522723557,0.7640596984419972,2.825953432172537,0.9499722583685072,0.0500277409533737,beta_distribution,0.0999999999999999,0.1,0.05,0.02,0.5,anchor,local_mix,none,False,stage2,beta_distribution_mean0.05_lowvar,results/experiments/neighbormix_beta_mechanism_20260617/stage2/worm_neuron_cell/beta_distribution_mean0.05_lowvar/seed0,
pca_cosine_knn,5,4.934866428375244,1.0,0.8006459474563599,0.1244399473071098,0.3213569039655996,0.1901690512895584,0.169335126876831,1.0,0.0,0.0,0.0,5.0,61.0,16.75,50.0,0.0,0.0,0.8363592928810321,0.8372862339019775,0.9460172653198242,worm_neuron_cell,1,beta_distribution_mean0.05_lowvar,1.0,1.0,3.961490345988144,1.4087951879017055,0.7647579494398087,2.8282850980758667,0.950041274074465,0.0499587246886221,beta_distribution,0.0999999999999999,0.1,0.05,0.02,0.5,anchor,local_mix,none,False,stage2,beta_distribution_mean0.05_lowvar,results/experiments/neighbormix_beta_mechanism_20260617/stage2/worm_neuron_cell/beta_distribution_mean0.05_lowvar/seed1,
pca_cosine_knn,5,4.937593460083008,1.0,0.7998592853546143,0.1243199482560157,0.3258002866698519,0.1881612241268158,0.168255016207695,1.0,0.0,0.0,0.0,5.0,59.0,16.0,50.0,0.0,0.0,0.8337314859053989,0.8347968459129333,0.9486454327901204,worm_neuron_cell,2,beta_distribution_mean0.05_lowvar,1.0,1.0,3.962986906847087,1.4123498598113655,0.7682802635245025,2.841931128501892,0.9499618880450724,0.0500381126446882,beta_distribution,0.0999999999999999,0.1,0.05,0.02,0.5,anchor,local_mix,none,False,stage2,beta_distribution_mean0.05_lowvar,results/experiments/neighbormix_beta_mechanism_20260617/stage2/worm_neuron_cell/beta_distribution_mean0.05_lowvar/seed2,
pca_cosine_knn,5,4.936015605926514,1.0,0.8006296753883362,0.1239117980003357,0.3220735785953177,0.1898256987333297,0.1707164049148559,1.0,0.0,0.0,0.0,5.0,56.0,16.0,50.0,0.0,0.0,0.8391304347826087,0.840212345123291,0.9505194226900736,worm_neuron_cell,0,fixed_beta_0.05,1.0,1.0,3.961888514949595,1.408175754826516,0.7131575036328286,2.7336175832897425,0.9499998688697816,0.0500000081956386,fixed,0.05,0.05,0.05,0.02,0.5,anchor,local_mix,none,False,stage2,fixed_beta_0.05,results/experiments/neighbormix_beta_mechanism_20260617/stage2/worm_neuron_cell/fixed_beta_0.05/seed0,
pca_cosine_knn,5,4.934866428375244,1.0,0.8006459474563599,0.1244399473071098,0.3213569039655996,0.1901690512895584,0.169335126876831,1.0,0.0,0.0,0.0,5.0,61.0,16.75,50.0,0.0,0.0,0.8363592928810321,0.8372862339019775,0.9460172653198242,worm_neuron_cell,1,fixed_beta_0.05,1.0,1.0,3.961453991295224,1.4090297597460448,0.7141091338824481,2.7409400450065733,0.9499998688697816,0.0500000081956386,fixed,0.05,0.05,0.05,0.02,0.5,anchor,local_mix,none,False,stage2,fixed_beta_0.05,results/experiments/neighbormix_beta_mechanism_20260617/stage2/worm_neuron_cell/fixed_beta_0.05/seed1,
pca_cosine_knn,5,4.937593460083008,1.0,0.7998592853546143,0.1243199482560157,0.3258002866698519,0.1881612241268158,0.168255016207695,1.0,0.0,0.0,0.0,5.0,59.0,16.0,50.0,0.0,0.0,0.8337314859053989,0.8347968459129333,0.9486454327901204,worm_neuron_cell,2,fixed_beta_0.05,1.0,1.0,3.962847941419189,1.410911493282765,0.7167247121687979,2.7443012351170184,0.9499998688697816,0.0500000081956386,fixed,0.05,0.05,0.05,0.02,0.5,anchor,local_mix,none,False,stage2,fixed_beta_0.05,results/experiments/neighbormix_beta_mechanism_20260617/stage2/worm_neuron_cell/fixed_beta_0.05/seed2,
pca_cosine_knn,5,4.936015605926514,1.0,0.8006296753883362,0.1239117980003357,0.3220735785953177,0.1898256987333297,0.1707164049148559,1.0,0.0,0.0,0.0,5.0,56.0,16.0,50.0,0.0,0.0,0.8391304347826087,0.840212345123291,0.9505194226900736,worm_neuron_cell,0,truncated_normal_beta_mean0.05_std0.02,1.0,1.0,3.962013831464216,1.4086745999753476,0.9479950656183064,3.180665191821754,0.9499972810968756,0.0500027190748369,truncated_normal,0.0999999999999999,0.1,0.05,0.02,0.5,anchor,local_mix,none,False,stage2,truncated_normal_beta_mean0.05_std0.02,results/experiments/neighbormix_beta_mechanism_20260617/stage2/worm_neuron_cell/truncated_normal_beta_mean0.05_std0.02/seed0,
pca_cosine_knn,5,4.934866428375244,1.0,0.8006459474563599,0.1244399473071098,0.3213569039655996,0.1901690512895584,0.169335126876831,1.0,0.0,0.0,0.0,5.0,61.0,16.75,50.0,0.0,0.0,0.8363592928810321,0.8372862339019775,0.9460172653198242,worm_neuron_cell,1,truncated_normal_beta_mean0.05_std0.02,1.0,1.0,3.961466751890656,1.409740250185132,0.949294690042734,3.189077680185437,0.9500283857341856,0.0499716121295932,truncated_normal,0.0999999999999999,0.1,0.05,0.02,0.5,anchor,local_mix,none,False,stage2,truncated_normal_beta_mean0.05_std0.02,results/experiments/neighbormix_beta_mechanism_20260617/stage2/worm_neuron_cell/truncated_normal_beta_mean0.05_std0.02/seed1,
pca_cosine_knn,5,4.937593460083008,1.0,0.7998592853546143,0.1243199482560157,0.3258002866698519,0.1881612241268158,0.168255016207695,1.0,0.0,0.0,0.0,5.0,59.0,16.0,50.0,0.0,0.0,0.8337314859053989,0.8347968459129333,0.9486454327901204,worm_neuron_cell,2,truncated_normal_beta_mean0.05_std0.02,1.0,1.0,3.962910520595989,1.4097522144205867,0.9476890647318216,3.1845317985862494,0.9500123819801956,0.0499876176589168,truncated_normal,0.0999999999999999,0.1,0.05,0.02,0.5,anchor,local_mix,none,False,stage2,truncated_normal_beta_mean0.05_std0.02,results/experiments/neighbormix_beta_mechanism_20260617/stage2/worm_neuron_cell/truncated_normal_beta_mean0.05_std0.02/seed2,
pca_cosine_knn,5,4.936015605926514,1.0,0.8006296753883362,0.1239117980003357,0.3220735785953177,0.1898256987333297,0.1707164049148559,1.0,0.0,0.0,0.0,5.0,56.0,16.0,50.0,0.0,0.0,0.8391304347826087,0.840212345123291,0.9505194226900736,worm_neuron_cell,0,uniform_beta_0.1,1.0,1.0,3.9619851441880822,1.4078234661370517,1.155228656390682,3.5852778598666197,0.9500518900342284,0.0499481094477232,uniform,0.0999999999999999,0.1,0.05,0.02,0.5,anchor,local_mix,none,False,stage2,uniform_beta_0.1,results/experiments/neighbormix_beta_mechanism_20260617/stage2/worm_neuron_cell/uniform_beta_0.1/seed0,
pca_cosine_knn,5,4.934866428375244,1.0,0.8006459474563599,0.1244399473071098,0.3213569039655996,0.1901690512895584,0.169335126876831,1.0,0.0,0.0,0.0,5.0,61.0,16.75,50.0,0.0,0.0,0.8363592928810321,0.8372862339019775,0.9460172653198242,worm_neuron_cell,1,uniform_beta_0.1,1.0,1.0,3.9616110662303887,1.410462567768991,1.1562852078583092,3.5950797580182554,0.9500112829264252,0.0499887177109485,uniform,0.0999999999999999,0.1,0.05,0.02,0.5,anchor,local_mix,none,False,stage2,uniform_beta_0.1,results/experiments/neighbormix_beta_mechanism_20260617/stage2/worm_neuron_cell/uniform_beta_0.1/seed1,
pca_cosine_knn,5,4.937593460083008,1.0,0.7998592853546143,0.1243199482560157,0.3258002866698519,0.1881612241268158,0.168255016207695,1.0,0.0,0.0,0.0,5.0,59.0,16.0,50.0,0.0,0.0,0.8337314859053989,0.8347968459129333,0.9486454327901204,worm_neuron_cell,2,uniform_beta_0.1,1.0,1.0,3.962861507256489,1.409843460749835,1.1563613425940276,3.597707380540669,0.9500038607046009,0.0499961404711939,uniform,0.0999999999999999,0.1,0.05,0.02,0.5,anchor,local_mix,none,False,stage2,uniform_beta_0.1,results/experiments/neighbormix_beta_mechanism_20260617/stage2/worm_neuron_cell/uniform_beta_0.1/seed2,
pca_cosine_knn,5,4.994472026824951,1.0,0.9560685753822328,0.0427916869521141,0.3333744221879815,0.1566529721021652,0.1447712332010269,1.0,0.0,0.0,0.0,5.0,78.0,15.0,50.0,0.0,0.0,0.9518335901386747,0.952261447906494,0.9076267679532368,Guo,0,anchor_target_local_mix,1.0,1.0,3.9969568250382537,1.090342603981495,0.7901968683302403,2.658918186068535,0.9499950680732728,0.050004931692034,truncated_normal,0.0999999999999999,0.1,0.05,0.02,0.5,anchor,local_mix,none,False,stage3,anchor_target_local_mix,results/experiments/neighbormix_beta_mechanism_20260617/stage3/Guo/anchor_target_local_mix/seed0,
pca_cosine_knn,5,4.994463920593262,1.0,0.9560303092002868,0.0429082550108432,0.3340523882896764,0.1553142964839935,0.1437475383281707,1.0,0.0,0.0,0.0,5.0,82.0,16.0,50.0,0.0,0.0,0.9514329738058552,0.9518691897392272,0.9027627110481262,Guo,1,anchor_target_local_mix,1.0,1.0,3.996965165492085,1.0903647680580617,0.7905067047774792,2.664107587099076,0.9500239998400212,0.0499759987276047,truncated_normal,0.0999999999999999,0.1,0.05,0.02,0.5,anchor,local_mix,none,False,stage3,anchor_target_local_mix,results/experiments/neighbormix_beta_mechanism_20260617/stage3/Guo/anchor_target_local_mix/seed1,
pca_cosine_knn,5,4.994489192962647,1.0,0.9558459520339966,0.0427838116884231,0.3326964560862866,0.1548590213060379,0.1423371285200119,1.0,0.0,0.0,0.0,5.0,66.0,16.0,50.0,0.0,0.0,0.9522650231124808,0.9526740908622742,0.9084535241127014,Guo,2,anchor_target_local_mix,1.0,1.0,3.9969642635896223,1.0891826332211494,0.7901562823653221,2.6642233523130416,0.9499986237883568,0.0500013751816004,truncated_normal,0.0999999999999999,0.1,0.05,0.02,0.5,anchor,local_mix,none,False,stage3,anchor_target_local_mix,results/experiments/neighbormix_beta_mechanism_20260617/stage3/Guo/anchor_target_local_mix/seed2,
pca_cosine_knn,5,4.994472026824951,1.0,0.9560685753822328,0.0427916869521141,0.3333744221879815,0.1566529721021652,0.1447712332010269,1.0,0.0,0.0,0.0,5.0,78.0,15.0,50.0,0.0,0.0,0.9518335901386747,0.952261447906494,0.9076267679532368,Guo,0,gaussian_noise_matched_anchor_target,1.0,1.0,3.9969819287473194,1.0904908363223076,0.7902447546720504,2.665303878188133,0.9499914385974406,0.050008560847491,truncated_normal,0.0999999999999999,0.1,0.05,0.02,0.5,anchor,gaussian_matched,none,False,stage3,gaussian_noise_matched_anchor_target,results/experiments/neighbormix_beta_mechanism_20260617/stage3/Guo/gaussian_noise_matched_anchor_target/seed0,
pca_cosine_knn,5,4.994463920593262,1.0,0.9560303092002868,0.0429082550108432,0.3340523882896764,0.1553142964839935,0.1437475383281707,1.0,0.0,0.0,0.0,5.0,82.0,16.0,50.0,0.0,0.0,0.9514329738058552,0.9518691897392272,0.9027627110481262,Guo,1,gaussian_noise_matched_anchor_target,1.0,1.0,3.996942176437244,1.090696946144104,0.7900294798016548,2.6629793862104414,0.9500191421508788,0.0499808566197753,truncated_normal,0.0999999999999999,0.1,0.05,0.02,0.5,anchor,gaussian_matched,none,False,stage3,gaussian_noise_matched_anchor_target,results/experiments/neighbormix_beta_mechanism_20260617/stage3/Guo/gaussian_noise_matched_anchor_target/seed1,
pca_cosine_knn,5,4.994489192962647,1.0,0.9558459520339966,0.0427838116884231,0.3326964560862866,0.1548590213060379,0.1423371285200119,1.0,0.0,0.0,0.0,5.0,66.0,16.0,50.0,0.0,0.0,0.9522650231124808,0.9526740908622742,0.9084535241127014,Guo,2,gaussian_noise_matched_anchor_target,1.0,1.0,3.99693349939601,1.088818475574255,0.7891587461233139,2.664066268444061,0.950025436848402,0.0499745625387877,truncated_normal,0.0999999999999999,0.1,0.05,0.02,0.5,anchor,gaussian_matched,none,False,stage3,gaussian_noise_matched_anchor_target,results/experiments/neighbormix_beta_mechanism_20260617/stage3/Guo/gaussian_noise_matched_anchor_target/seed2,
global_random_excluding_self,5,5.000000476837158,1.0,0.0680221393704414,0.3906375169754028,0.0007395993836671,0.0003115904983133,0.0058757192455232,0.0,0.0,0.0,0.0,5.0,15.0,9.0,50.0,0.0,0.0,0.1460708782742681,0.1460708379745483,0.0320115263263384,Guo,0,global_random_mix_anchor_target,1.0,1.0,4.000000015237235,1.7249356675744054,1.026516369879246,3.6691457283496858,0.9499950680732728,0.050004931692034,truncated_normal,0.0999999999999999,0.1,0.05,0.02,0.5,anchor,global_mix,none,False,stage3,global_random_mix_anchor_target,results/experiments/neighbormix_beta_mechanism_20260617/stage3/Guo/global_random_mix_anchor_target/seed0,
global_random_excluding_self,5,5.000000476837158,1.0,0.069460742175579,0.3908553421497345,0.0009861325115562,0.0003458311839494,0.0061891903169453,0.0,0.0,0.0,0.0,5.0,14.0,9.0,50.0,0.0,0.0,0.1466255778120185,0.1466255486011505,0.0294663682579994,Guo,1,global_random_mix_anchor_target,1.0,1.0,4.000000015237235,1.724149728655815,1.028545605123043,3.684254420280456,0.9500239998400212,0.0499759987276047,truncated_normal,0.0999999999999999,0.1,0.05,0.02,0.5,anchor,global_mix,none,False,stage3,global_random_mix_anchor_target,results/experiments/neighbormix_beta_mechanism_20260617/stage3/Guo/global_random_mix_anchor_target/seed1,
global_random_excluding_self,5,5.000000476837158,1.0,0.0662233978509903,0.3905977308750152,0.0008012326656394,0.00039376821951,0.0066027990542352,0.0,0.0,0.0,0.0,5.0,14.0,9.0,50.0,0.0,0.0,0.1455161787365177,0.1455161422491073,0.0354153737425804,Guo,2,global_random_mix_anchor_target,1.0,1.0,4.000000015237235,1.725638323485851,1.0279360318779944,3.678854275941849,0.9499986237883568,0.0500013751816004,truncated_normal,0.0999999999999999,0.1,0.05,0.02,0.5,anchor,global_mix,none,False,stage3,global_random_mix_anchor_target,results/experiments/neighbormix_beta_mechanism_20260617/stage3/Guo/global_random_mix_anchor_target/seed2,
pca_cosine_knn,5,4.994472026824951,1.0,0.9560685753822328,0.0427916869521141,0.3333744221879815,0.1566529721021652,0.1447712332010269,1.0,0.0,0.0,0.0,5.0,78.0,15.0,50.0,0.0,0.0,0.9518335901386747,0.952261447906494,0.9076267679532368,Guo,0,mixed_target_local_mix,1.0,1.0,3.9969568250382537,1.090342603981495,0.7901968683302403,2.658918186068535,0.9499950680732728,0.050004931692034,truncated_normal,0.0999999999999999,0.1,0.05,0.02,0.5,mixed,local_mix,none,False,stage3,mixed_target_local_mix,results/experiments/neighbormix_beta_mechanism_20260617/stage3/Guo/mixed_target_local_mix/seed0,
pca_cosine_knn,5,4.994463920593262,1.0,0.9560303092002868,0.0429082550108432,0.3340523882896764,0.1553142964839935,0.1437475383281707,1.0,0.0,0.0,0.0,5.0,82.0,16.0,50.0,0.0,0.0,0.9514329738058552,0.9518691897392272,0.9027627110481262,Guo,1,mixed_target_local_mix,1.0,1.0,3.996965165492085,1.0903647680580617,0.7905067047774792,2.664107587099076,0.9500239998400212,0.0499759987276047,truncated_normal,0.0999999999999999,0.1,0.05,0.02,0.5,mixed,local_mix,none,False,stage3,mixed_target_local_mix,results/experiments/neighbormix_beta_mechanism_20260617/stage3/Guo/mixed_target_local_mix/seed1,
pca_cosine_knn,5,4.994489192962647,1.0,0.9558459520339966,0.0427838116884231,0.3326964560862866,0.1548590213060379,0.1423371285200119,1.0,0.0,0.0,0.0,5.0,66.0,16.0,50.0,0.0,0.0,0.9522650231124808,0.9526740908622742,0.9084535241127014,Guo,2,mixed_target_local_mix,1.0,1.0,3.9969642635896223,1.0891826332211494,0.7901562823653221,2.6642233523130416,0.9499986237883568,0.0500013751816004,truncated_normal,0.0999999999999999,0.1,0.05,0.02,0.5,mixed,local_mix,none,False,stage3,mixed_target_local_mix,results/experiments/neighbormix_beta_mechanism_20260617/stage3/Guo/mixed_target_local_mix/seed2,
pca_cosine_knn,5,4.992573261260986,1.0,0.9250876903533936,0.0551818795502185,0.2979110873058382,0.1052853986620903,0.1226002499461174,1.0,0.0,0.0,0.0,5.0,58.0,15.0,50.0,0.0,0.0,0.962542403142296,0.9627015590667723,0.9294465978940328,Macosko,0,anchor_target_local_mix,1.0,1.0,3.995774790397004,1.2958472079549517,1.0815062203620165,2.5587692773086683,0.9499906004156384,0.0500093987810292,truncated_normal,0.0999999999999999,0.1,0.05,0.02,0.5,anchor,local_mix,none,False,stage3,anchor_target_local_mix,results/experiments/neighbormix_beta_mechanism_20260617/stage3/Macosko/anchor_target_local_mix/seed0,
pca_cosine_knn,5,4.992573261260986,1.0,0.9250876903533936,0.0551818795502185,0.2979110873058382,0.1052853986620903,0.1226002499461174,1.0,0.0,0.0,0.0,5.0,58.0,15.0,50.0,0.0,0.0,0.962542403142296,0.9627015590667723,0.9294465978940328,Macosko,1,anchor_target_local_mix,1.0,1.0,3.995784709107962,1.2954193934202194,1.080884800778968,2.5584038510322573,0.9500141540169714,0.0499858447177601,truncated_normal,0.0999999999999999,0.1,0.05,0.02,0.5,anchor,local_mix,none,False,stage3,anchor_target_local_mix,results/experiments/neighbormix_beta_mechanism_20260617/stage3/Macosko/anchor_target_local_mix/seed1,
pca_cosine_knn,5,4.992573261260986,1.0,0.9250876903533936,0.0551818795502185,0.2979110873058382,0.1052853986620903,0.1226002499461174,1.0,0.0,0.0,0.0,5.0,58.0,15.0,50.0,0.0,0.0,0.962542403142296,0.9627015590667723,0.9294465978940328,Macosko,2,anchor_target_local_mix,1.0,1.0,3.995786655921567,1.2959461382882935,1.081217223827328,2.561077813122954,0.9499948500224524,0.050005148884175,truncated_normal,0.0999999999999999,0.1,0.05,0.02,0.5,anchor,local_mix,none,False,stage3,anchor_target_local_mix,results/experiments/neighbormix_beta_mechanism_20260617/stage3/Macosko/anchor_target_local_mix/seed2,
pca_cosine_knn,5,4.992573261260986,1.0,0.9250876903533936,0.0551818795502185,0.2979110873058382,0.1052853986620903,0.1226002499461174,1.0,0.0,0.0,0.0,5.0,58.0,15.0,50.0,0.0,0.0,0.962542403142296,0.9627015590667723,0.9294465978940328,Macosko,0,gaussian_noise_matched_anchor_target,1.0,1.0,3.995784615708844,1.296136754027435,1.083715601512364,2.56110626330546,0.9499939050163542,0.0500060937694673,truncated_normal,0.0999999999999999,0.1,0.05,0.02,0.5,anchor,gaussian_matched,none,False,stage3,gaussian_noise_matched_anchor_target,results/experiments/neighbormix_beta_mechanism_20260617/stage3/Macosko/gaussian_noise_matched_anchor_target/seed0,
pca_cosine_knn,5,4.992573261260986,1.0,0.9250876903533936,0.0551818795502185,0.2979110873058382,0.1052853986620903,0.1226002499461174,1.0,0.0,0.0,0.0,5.0,58.0,15.0,50.0,0.0,0.0,0.962542403142296,0.9627015590667723,0.9294465978940328,Macosko,1,gaussian_noise_matched_anchor_target,1.0,1.0,3.995784610354778,1.2957442426681518,1.0823369934558869,2.557172879917281,0.950002961273704,0.0499970377489392,truncated_normal,0.0999999999999999,0.1,0.05,0.02,0.5,anchor,gaussian_matched,none,False,stage3,gaussian_noise_matched_anchor_target,results/experiments/neighbormix_beta_mechanism_20260617/stage3/Macosko/gaussian_noise_matched_anchor_target/seed1,
pca_cosine_knn,5,4.992573261260986,1.0,0.9250876903533936,0.0551818795502185,0.2979110873058382,0.1052853986620903,0.1226002499461174,1.0,0.0,0.0,0.0,5.0,58.0,15.0,50.0,0.0,0.0,0.962542403142296,0.9627015590667723,0.9294465978940328,Macosko,2,gaussian_noise_matched_anchor_target,1.0,1.0,3.9957858602085694,1.2954387428590228,1.07963291633342,2.558111177367824,0.9500000007408004,0.0499999983193618,truncated_normal,0.0999999999999999,0.1,0.05,0.02,0.5,anchor,gaussian_matched,none,False,stage3,gaussian_noise_matched_anchor_target,results/experiments/neighbormix_beta_mechanism_20260617/stage3/Macosko/gaussian_noise_matched_anchor_target/seed2,
global_random_excluding_self,5,5.000000476837158,1.0,0.0837182030081749,0.3614538908004761,0.0001249776825566,5.901724216528237e-05,0.0025600760709494,0.0,0.0,0.0,0.0,5.0,18.0,9.0,50.0,0.0,0.0,0.4641447955722192,0.4641447365283966,0.0009950246506681,Macosko,0,global_random_mix_anchor_target,1.0,1.0,4.000000015237228,1.5739892503959791,1.219737235086305,3.316244219149863,0.9499906004156384,0.0500093987810292,truncated_normal,0.0999999999999999,0.1,0.05,0.02,0.5,anchor,global_mix,none,False,stage3,global_random_mix_anchor_target,results/experiments/neighbormix_beta_mechanism_20260617/stage3/Macosko/global_random_mix_anchor_target/seed0,
global_random_excluding_self,5,5.000000476837158,1.0,0.0839407444000244,0.3621217310428619,0.0001785395465095,4.810648897546344e-05,0.0023114604409784,0.0,0.0,0.0,0.0,5.0,17.0,9.0,50.0,0.0,0.0,0.4637163006605963,0.4637162387371063,0.0020532255681852,Macosko,1,global_random_mix_anchor_target,1.0,1.0,4.000000015237228,1.574387313408511,1.2226461667120456,3.3206055370569225,0.9500141540169714,0.0499858447177601,truncated_normal,0.0999999999999999,0.1,0.05,0.02,0.5,anchor,global_mix,none,False,stage3,global_random_mix_anchor_target,results/experiments/neighbormix_beta_mechanism_20260617/stage3/Macosko/global_random_mix_anchor_target/seed1,
global_random_excluding_self,5,5.000000476837158,1.0,0.0828077346086502,0.3619174659252167,0.0001071237279057,4.413894566823728e-05,0.0022141316439956,0.0,0.0,0.0,0.0,5.0,17.0,9.0,50.0,0.0,0.0,0.4639082306730941,0.4639081656932831,0.0009950246506681,Macosko,2,global_random_mix_anchor_target,1.0,1.0,4.000000015237228,1.5761812251039913,1.2243388086003917,3.328011708889689,0.9499948500224524,0.050005148884175,truncated_normal,0.0999999999999999,0.1,0.05,0.02,0.5,anchor,global_mix,none,False,stage3,global_random_mix_anchor_target,results/experiments/neighbormix_beta_mechanism_20260617/stage3/Macosko/global_random_mix_anchor_target/seed2,
pca_cosine_knn,5,4.992573261260986,1.0,0.9250876903533936,0.0551818795502185,0.2979110873058382,0.1052853986620903,0.1226002499461174,1.0,0.0,0.0,0.0,5.0,58.0,15.0,50.0,0.0,0.0,0.962542403142296,0.9627015590667723,0.9294465978940328,Macosko,0,mixed_target_local_mix,1.0,1.0,3.995774790397004,1.2958472079549517,1.0815062203620165,2.5587692773086683,0.9499906004156384,0.0500093987810292,truncated_normal,0.0999999999999999,0.1,0.05,0.02,0.5,mixed,local_mix,none,False,stage3,mixed_target_local_mix,results/experiments/neighbormix_beta_mechanism_20260617/stage3/Macosko/mixed_target_local_mix/seed0,
pca_cosine_knn,5,4.992573261260986,1.0,0.9250876903533936,0.0551818795502185,0.2979110873058382,0.1052853986620903,0.1226002499461174,1.0,0.0,0.0,0.0,5.0,58.0,15.0,50.0,0.0,0.0,0.962542403142296,0.9627015590667723,0.9294465978940328,Macosko,1,mixed_target_local_mix,1.0,1.0,3.995784709107962,1.2954193934202194,1.080884800778968,2.5584038510322573,0.9500141540169714,0.0499858447177601,truncated_normal,0.0999999999999999,0.1,0.05,0.02,0.5,mixed,local_mix,none,False,stage3,mixed_target_local_mix,results/experiments/neighbormix_beta_mechanism_20260617/stage3/Macosko/mixed_target_local_mix/seed1,
pca_cosine_knn,5,4.992573261260986,1.0,0.9250876903533936,0.0551818795502185,0.2979110873058382,0.1052853986620903,0.1226002499461174,1.0,0.0,0.0,0.0,5.0,58.0,15.0,50.0,0.0,0.0,0.962542403142296,0.9627015590667723,0.9294465978940328,Macosko,2,mixed_target_local_mix,1.0,1.0,3.995786655921567,1.2959461382882935,1.081217223827328,2.561077813122954,0.9499948500224524,0.050005148884175,truncated_normal,0.0999999999999999,0.1,0.05,0.02,0.5,mixed,local_mix,none,False,stage3,mixed_target_local_mix,results/experiments/neighbormix_beta_mechanism_20260617/stage3/Macosko/mixed_target_local_mix/seed2,
pca_cosine_knn,5,4.972256183624268,1.0,0.8924466371536255,0.0820034891366958,0.3274983381342787,0.1681741327047348,0.1579177677631378,1.0,0.0,0.0,0.0,5.0,61.0,16.0,50.0,0.0,0.0,0.8719698648349213,0.8740304112434387,0.8484357992808024,Melanoma_5K,0,anchor_target_local_mix,1.0,1.0,3.983918332210747,1.3102023107164047,0.9149816741399904,3.0013548716026195,0.9499980870415182,0.0500019133748377,truncated_normal,0.0999999999999999,0.1,0.05,0.02,0.5,anchor,local_mix,none,False,stage3,anchor_target_local_mix,results/experiments/neighbormix_beta_mechanism_20260617/stage3/Melanoma_5K/anchor_target_local_mix/seed0,
pca_cosine_knn,5,4.971978664398193,1.0,0.8924643993377686,0.0825860425829887,0.325637048526479,0.1703208535909652,0.1597455739974975,1.0,0.0,0.0,0.0,5.0,72.0,16.0,50.0,0.0,0.0,0.8716153334810547,0.8739621043205261,0.8518532117207845,Melanoma_5K,1,anchor_target_local_mix,1.0,1.0,3.9837616053816247,1.3105673868866528,0.9155062626389896,3.014674730335965,0.9500171209521152,0.049982877297546,truncated_normal,0.0999999999999999,0.1,0.05,0.02,0.5,anchor,local_mix,none,False,stage3,anchor_target_local_mix,results/experiments/neighbormix_beta_mechanism_20260617/stage3/Melanoma_5K/anchor_target_local_mix/seed1,
pca_cosine_knn,5,4.972635269165039,1.0,0.892723798751831,0.0818581134080886,0.3270551739419455,0.1687456667423248,0.1583421230316162,1.0,0.0,0.0,0.0,5.0,65.0,16.0,50.0,0.0,0.0,0.8717482827387547,0.8739094734191895,0.8498106002807617,Melanoma_5K,2,anchor_target_local_mix,1.0,1.0,3.984154751201781,1.3119645254576906,0.9154766110374648,3.004617370051496,0.9500066870275664,0.0499933122465496,truncated_normal,0.0999999999999999,0.1,0.05,0.02,0.5,anchor,local_mix,none,False,stage3,anchor_target_local_mix,results/experiments/neighbormix_beta_mechanism_20260617/stage3/Melanoma_5K/anchor_target_local_mix/seed2,
pca_cosine_knn,5,4.972256183624268,1.0,0.8924466371536255,0.0820034891366958,0.3274983381342787,0.1681741327047348,0.1579177677631378,1.0,0.0,0.0,0.0,5.0,61.0,16.0,50.0,0.0,0.0,0.8719698648349213,0.8740304112434387,0.8484357992808024,Melanoma_5K,0,gaussian_noise_matched_anchor_target,1.0,1.0,3.983973040674057,1.3119058185640502,0.9205406669746428,3.017476686659981,0.950003943460829,0.0499960566651733,truncated_normal,0.0999999999999999,0.1,0.05,0.02,0.5,anchor,gaussian_matched,none,False,stage3,gaussian_noise_matched_anchor_target,results/experiments/neighbormix_beta_mechanism_20260617/stage3/Melanoma_5K/gaussian_noise_matched_anchor_target/seed0,
pca_cosine_knn,5,4.971978664398193,1.0,0.8924643993377686,0.0825860425829887,0.325637048526479,0.1703208535909652,0.1597455739974975,1.0,0.0,0.0,0.0,5.0,72.0,16.0,50.0,0.0,0.0,0.8716153334810547,0.8739621043205261,0.8518532117207845,Melanoma_5K,1,gaussian_noise_matched_anchor_target,1.0,1.0,3.983812818237607,1.311112959332326,0.9191338894998328,3.01775019624654,0.9500174491282772,0.0499825502006227,truncated_normal,0.0999999999999999,0.1,0.05,0.02,0.5,anchor,gaussian_matched,none,False,stage3,gaussian_noise_matched_anchor_target,results/experiments/neighbormix_beta_mechanism_20260617/stage3/Melanoma_5K/gaussian_noise_matched_anchor_target/seed1,
pca_cosine_knn,5,4.972635269165039,1.0,0.892723798751831,0.0818581134080886,0.3270551739419455,0.1687456667423248,0.1583421230316162,1.0,0.0,0.0,0.0,5.0,65.0,16.0,50.0,0.0,0.0,0.8717482827387547,0.8739094734191895,0.8498106002807617,Melanoma_5K,2,gaussian_noise_matched_anchor_target,1.0,1.0,3.98407988050203,1.314429389816873,0.9205963700571482,3.0266195575980577,0.9499905017368931,0.0500094983452821,truncated_normal,0.0999999999999999,0.1,0.05,0.02,0.5,anchor,gaussian_matched,none,False,stage3,gaussian_noise_matched_anchor_target,results/experiments/neighbormix_beta_mechanism_20260617/stage3/Melanoma_5K/gaussian_noise_matched_anchor_target/seed2,
global_random_excluding_self,5,5.000000476837158,1.0,0.0356071889400482,0.2960521280765533,0.0009749612231331,0.0005564172752201,0.0078431200236082,0.0,0.0,0.0,0.0,5.0,16.0,9.0,50.0,0.0,0.0,0.2065145136272989,0.2065144926309585,0.0114038578855494,Melanoma_5K,0,global_random_mix_anchor_target,1.0,1.0,4.000000015237235,1.711349505712004,1.044809852452839,3.652018162432839,0.9499980870415182,0.0500019133748377,truncated_normal,0.0999999999999999,0.1,0.05,0.02,0.5,anchor,global_mix,none,False,stage3,global_random_mix_anchor_target,results/experiments/neighbormix_beta_mechanism_20260617/stage3/Melanoma_5K/global_random_mix_anchor_target/seed0,
global_random_excluding_self,5,5.000000476837158,1.0,0.0359328687191009,0.2974249720573425,0.0012408597385331,0.0005071767955087,0.0074897091835737,0.0,0.0,0.0,0.0,5.0,15.0,9.0,50.0,0.0,0.0,0.2045645911810325,0.2045645862817764,0.0132955967759092,Melanoma_5K,1,global_random_mix_anchor_target,1.0,1.0,4.000000015237235,1.7189982411615987,1.0508733030627757,3.6748337610679513,0.9500171209521152,0.049982877297546,truncated_normal,0.0999999999999999,0.1,0.05,0.02,0.5,anchor,global_mix,none,False,stage3,global_random_mix_anchor_target,results/experiments/neighbormix_beta_mechanism_20260617/stage3/Melanoma_5K/global_random_mix_anchor_target/seed1,
global_random_excluding_self,5,5.000000476837158,1.0,0.0364352911710739,0.296875923871994,0.0006204298692665,0.0004887116374447,0.007456621620804,0.0,0.0,0.0,0.0,5.0,16.0,9.0,50.0,0.0,0.0,0.2051850210502991,0.2051849961280822,0.0191327696666121,Melanoma_5K,2,global_random_mix_anchor_target,1.0,1.0,4.000000015237235,1.715865812757436,1.047631335915888,3.6647177191341616,0.9500066870275664,0.0499933122465496,truncated_normal,0.0999999999999999,0.1,0.05,0.02,0.5,anchor,global_mix,none,False,stage3,global_random_mix_anchor_target,results/experiments/neighbormix_beta_mechanism_20260617/stage3/Melanoma_5K/global_random_mix_anchor_target/seed2,
pca_cosine_knn,5,4.972256183624268,1.0,0.8924466371536255,0.0820034891366958,0.3274983381342787,0.1681741327047348,0.1579177677631378,1.0,0.0,0.0,0.0,5.0,61.0,16.0,50.0,0.0,0.0,0.8719698648349213,0.8740304112434387,0.8484357992808024,Melanoma_5K,0,mixed_target_local_mix,1.0,1.0,3.983918332210747,1.3102023107164047,0.9149816741399904,3.0013548716026195,0.9499980870415182,0.0500019133748377,truncated_normal,0.0999999999999999,0.1,0.05,0.02,0.5,mixed,local_mix,none,False,stage3,mixed_target_local_mix,results/experiments/neighbormix_beta_mechanism_20260617/stage3/Melanoma_5K/mixed_target_local_mix/seed0,
pca_cosine_knn,5,4.971978664398193,1.0,0.8924643993377686,0.0825860425829887,0.325637048526479,0.1703208535909652,0.1597455739974975,1.0,0.0,0.0,0.0,5.0,72.0,16.0,50.0,0.0,0.0,0.8716153334810547,0.8739621043205261,0.8518532117207845,Melanoma_5K,1,mixed_target_local_mix,1.0,1.0,3.9837616053816247,1.3105673868866528,0.9155062626389896,3.014674730335965,0.9500171209521152,0.049982877297546,truncated_normal,0.0999999999999999,0.1,0.05,0.02,0.5,mixed,local_mix,none,False,stage3,mixed_target_local_mix,results/experiments/neighbormix_beta_mechanism_20260617/stage3/Melanoma_5K/mixed_target_local_mix/seed1,
pca_cosine_knn,5,4.972635269165039,1.0,0.892723798751831,0.0818581134080886,0.3270551739419455,0.1687456667423248,0.1583421230316162,1.0,0.0,0.0,0.0,5.0,65.0,16.0,50.0,0.0,0.0,0.8717482827387547,0.8739094734191895,0.8498106002807617,Melanoma_5K,2,mixed_target_local_mix,1.0,1.0,3.984154751201781,1.3119645254576906,0.9154766110374648,3.004617370051496,0.9500066870275664,0.0499933122465496,truncated_normal,0.0999999999999999,0.1,0.05,0.02,0.5,mixed,local_mix,none,False,stage3,mixed_target_local_mix,results/experiments/neighbormix_beta_mechanism_20260617/stage3/Melanoma_5K/mixed_target_local_mix/seed2,
pca_cosine_knn,5,4.98863697052002,1.0,0.8721168041229248,0.0630894154310226,0.2189340290719344,0.0812448486685752,0.1126705706119537,1.0,0.0,0.0,0.0,5.0,106.0,18.0,50.0,0.0,0.0,0.9728960119269474,0.973282754421234,0.9436135530471802,Shekhar,0,anchor_target_local_mix,1.0,1.0,3.993100957459062,1.4552234725453534,0.8229402311791022,3.0236114190748102,0.9500022756723828,0.0499977238028525,truncated_normal,0.0999999999999999,0.1,0.05,0.02,0.5,anchor,local_mix,none,False,stage3,anchor_target_local_mix,results/experiments/neighbormix_beta_mechanism_20260617/stage3/Shekhar/anchor_target_local_mix/seed0,
pca_cosine_knn,5,4.98863697052002,1.0,0.8721168041229248,0.0630894154310226,0.2189340290719344,0.0812448486685752,0.1126705706119537,1.0,0.0,0.0,0.0,5.0,106.0,18.0,50.0,0.0,0.0,0.9728960119269474,0.973282754421234,0.9436135530471802,Shekhar,1,anchor_target_local_mix,1.0,1.0,3.99310933157483,1.4548172020854857,0.8228802082845226,3.023176241465486,0.950018012889016,0.0499819857842969,truncated_normal,0.0999999999999999,0.1,0.05,0.02,0.5,anchor,local_mix,none,False,stage3,anchor_target_local_mix,results/experiments/neighbormix_beta_mechanism_20260617/stage3/Shekhar/anchor_target_local_mix/seed1,
pca_cosine_knn,5,4.98863697052002,1.0,0.8721168041229248,0.0630894154310226,0.2189340290719344,0.0812448486685752,0.1126705706119537,1.0,0.0,0.0,0.0,5.0,106.0,18.0,50.0,0.0,0.0,0.9728960119269474,0.973282754421234,0.9436135530471802,Shekhar,2,anchor_target_local_mix,1.0,1.0,3.9931119953019776,1.4554996138725145,0.82337113218382,3.0239220939863185,0.9499985417924248,0.0500014572874463,truncated_normal,0.0999999999999999,0.1,0.05,0.02,0.5,anchor,local_mix,none,False,stage3,anchor_target_local_mix,results/experiments/neighbormix_beta_mechanism_20260617/stage3/Shekhar/anchor_target_local_mix/seed2,
pca_cosine_knn,5,4.98863697052002,1.0,0.8721168041229248,0.0630894154310226,0.2189340290719344,0.0812448486685752,0.1126705706119537,1.0,0.0,0.0,0.0,5.0,106.0,18.0,50.0,0.0,0.0,0.9728960119269474,0.973282754421234,0.9436135530471802,Shekhar,0,gaussian_noise_matched_anchor_target,1.0,1.0,3.9931152183322767,1.4554128053669746,0.822443912206934,3.024180557263585,0.949995470276246,0.0500045289737709,truncated_normal,0.0999999999999999,0.1,0.05,0.02,0.5,anchor,gaussian_matched,none,False,stage3,gaussian_noise_matched_anchor_target,results/experiments/neighbormix_beta_mechanism_20260617/stage3/Shekhar/gaussian_noise_matched_anchor_target/seed0,
pca_cosine_knn,5,4.98863697052002,1.0,0.8721168041229248,0.0630894154310226,0.2189340290719344,0.0812448486685752,0.1126705706119537,1.0,0.0,0.0,0.0,5.0,106.0,18.0,50.0,0.0,0.0,0.9728960119269474,0.973282754421234,0.9436135530471802,Shekhar,1,gaussian_noise_matched_anchor_target,1.0,1.0,3.993113322162805,1.4552811740969236,0.8235055016783569,3.028088135702106,0.9500106513786776,0.0499893479026818,truncated_normal,0.0999999999999999,0.1,0.05,0.02,0.5,anchor,gaussian_matched,none,False,stage3,gaussian_noise_matched_anchor_target,results/experiments/neighbormix_beta_mechanism_20260617/stage3/Shekhar/gaussian_noise_matched_anchor_target/seed1,
pca_cosine_knn,5,4.98863697052002,1.0,0.8721168041229248,0.0630894154310226,0.2189340290719344,0.0812448486685752,0.1126705706119537,1.0,0.0,0.0,0.0,5.0,106.0,18.0,50.0,0.0,0.0,0.9728960119269474,0.973282754421234,0.9436135530471802,Shekhar,2,gaussian_noise_matched_anchor_target,1.0,1.0,3.9931135948731176,1.4551427691028669,0.8231516402358047,3.023158304593884,0.9500037100954124,0.0499962890681882,truncated_normal,0.0999999999999999,0.1,0.05,0.02,0.5,anchor,gaussian_matched,none,False,stage3,gaussian_noise_matched_anchor_target,results/experiments/neighbormix_beta_mechanism_20260617/stage3/Shekhar/gaussian_noise_matched_anchor_target/seed2,
global_random_excluding_self,5,5.000000476837158,1.0,0.0684579387307167,0.3351857364177704,0.0002385389489377,8.862384856911376e-05,0.0031367561314255,0.0,0.0,0.0,0.0,5.0,18.0,9.0,50.0,0.0,0.0,0.2006783451360417,0.2006783187389373,0.0099688729271292,Shekhar,0,global_random_mix_anchor_target,1.0,1.0,4.000000015237233,1.7833609239556467,0.9279158673822308,3.493572064575095,0.9500022756723828,0.0499977238028525,truncated_normal,0.0999999999999999,0.1,0.05,0.02,0.5,anchor,global_mix,none,False,stage3,global_random_mix_anchor_target,results/experiments/neighbormix_beta_mechanism_20260617/stage3/Shekhar/global_random_mix_anchor_target/seed0,
global_random_excluding_self,5,5.000000476837158,1.0,0.0674121007323265,0.3342320024967193,0.000149086843086,7.537168130511418e-05,0.0028929139953106,0.0,0.0,0.0,0.0,5.0,17.0,9.0,50.0,0.0,0.0,0.1981811405143496,0.1981811225414276,0.0081688445992767,Shekhar,1,global_random_mix_anchor_target,1.0,1.0,4.000000015237233,1.7831929857914264,0.9266412928557166,3.488611411475218,0.950018012889016,0.0499819857842969,truncated_normal,0.0999999999999999,0.1,0.05,0.02,0.5,anchor,global_mix,none,False,stage3,global_random_mix_anchor_target,results/experiments/neighbormix_beta_mechanism_20260617/stage3/Shekhar/global_random_mix_anchor_target/seed1,
global_random_excluding_self,5,5.000000476837158,1.0,0.069454088807106,0.3348840773105621,0.0001341781587774,8.282603084808215e-05,0.0030324955005198,0.0,0.0,0.0,0.0,5.0,18.0,9.0,50.0,0.0,0.0,0.2010361535594483,0.2010361105203628,0.0085285802371799,Shekhar,2,global_random_mix_anchor_target,1.0,1.0,4.000000015237233,1.7826948535700258,0.9276332349516452,3.489653452743704,0.9499985417924248,0.0500014572874463,truncated_normal,0.0999999999999999,0.1,0.05,0.02,0.5,anchor,global_mix,none,False,stage3,global_random_mix_anchor_target,results/experiments/neighbormix_beta_mechanism_20260617/stage3/Shekhar/global_random_mix_anchor_target/seed2,
pca_cosine_knn,5,4.98863697052002,1.0,0.8721168041229248,0.0630894154310226,0.2189340290719344,0.0812448486685752,0.1126705706119537,1.0,0.0,0.0,0.0,5.0,106.0,18.0,50.0,0.0,0.0,0.9728960119269474,0.973282754421234,0.9436135530471802,Shekhar,0,mixed_target_local_mix,1.0,1.0,3.993100957459062,1.4552234725453534,0.8229402311791022,3.0236114190748102,0.9500022756723828,0.0499977238028525,truncated_normal,0.0999999999999999,0.1,0.05,0.02,0.5,mixed,local_mix,none,False,stage3,mixed_target_local_mix,results/experiments/neighbormix_beta_mechanism_20260617/stage3/Shekhar/mixed_target_local_mix/seed0,
pca_cosine_knn,5,4.98863697052002,1.0,0.8721168041229248,0.0630894154310226,0.2189340290719344,0.0812448486685752,0.1126705706119537,1.0,0.0,0.0,0.0,5.0,106.0,18.0,50.0,0.0,0.0,0.9728960119269474,0.973282754421234,0.9436135530471802,Shekhar,1,mixed_target_local_mix,1.0,1.0,3.99310933157483,1.4548172020854857,0.8228802082845226,3.023176241465486,0.950018012889016,0.0499819857842969,truncated_normal,0.0999999999999999,0.1,0.05,0.02,0.5,mixed,local_mix,none,False,stage3,mixed_target_local_mix,results/experiments/neighbormix_beta_mechanism_20260617/stage3/Shekhar/mixed_target_local_mix/seed1,
pca_cosine_knn,5,4.98863697052002,1.0,0.8721168041229248,0.0630894154310226,0.2189340290719344,0.0812448486685752,0.1126705706119537,1.0,0.0,0.0,0.0,5.0,106.0,18.0,50.0,0.0,0.0,0.9728960119269474,0.973282754421234,0.9436135530471802,Shekhar,2,mixed_target_local_mix,1.0,1.0,3.9931119953019776,1.4554996138725145,0.82337113218382,3.0239220939863185,0.9499985417924248,0.0500014572874463,truncated_normal,0.0999999999999999,0.1,0.05,0.02,0.5,mixed,local_mix,none,False,stage3,mixed_target_local_mix,results/experiments/neighbormix_beta_mechanism_20260617/stage3/Shekhar/mixed_target_local_mix/seed2,
pca_cosine_knn,5,4.993261814117432,1.0,0.9280492067337036,0.0460587814450264,0.3246678096870981,0.1042781248688697,0.1192926988005638,1.0,0.0,0.0,0.0,5.0,64.0,16.0,50.0,0.0,0.0,0.8928525503643377,0.8931488990783691,0.8116998821496964,Tosches,0,anchor_target_local_mix,1.0,1.0,3.9960217375076623,1.2788168052625326,0.9626223758587406,2.879442022823625,0.9499878038859204,0.0500121958062259,truncated_normal,0.0999999999999999,0.1,0.05,0.02,0.5,anchor,local_mix,none,False,stage3,anchor_target_local_mix,results/experiments/neighbormix_beta_mechanism_20260617/stage3/Tosches/anchor_target_local_mix/seed0,
pca_cosine_knn,5,4.993261814117432,1.0,0.9280492067337036,0.0460587814450264,0.3246678096870981,0.1042781248688697,0.1192926988005638,1.0,0.0,0.0,0.0,5.0,64.0,16.0,50.0,0.0,0.0,0.8928525503643377,0.8931488990783691,0.8116998821496964,Tosches,1,anchor_target_local_mix,1.0,1.0,3.9960211670039194,1.2772636890204416,0.9587745451057952,2.8800778988334867,0.9500300768969788,0.0499699217176789,truncated_normal,0.0999999999999999,0.1,0.05,0.02,0.5,anchor,local_mix,none,False,stage3,anchor_target_local_mix,results/experiments/neighbormix_beta_mechanism_20260617/stage3/Tosches/anchor_target_local_mix/seed1,
pca_cosine_knn,5,4.993261814117432,1.0,0.9280492067337036,0.0460587814450264,0.3246678096870981,0.1042781248688697,0.1192926988005638,1.0,0.0,0.0,0.0,5.0,64.0,16.0,50.0,0.0,0.0,0.8928525503643377,0.8931488990783691,0.8116998821496964,Tosches,2,anchor_target_local_mix,1.0,1.0,3.9960159891119007,1.2779799208872848,0.9598803754999404,2.879895003636678,0.9500118028682966,0.0499881962016742,truncated_normal,0.0999999999999999,0.1,0.05,0.02,0.5,anchor,local_mix,none,False,stage3,anchor_target_local_mix,results/experiments/neighbormix_beta_mechanism_20260617/stage3/Tosches/anchor_target_local_mix/seed2,
pca_cosine_knn,5,4.993261814117432,1.0,0.9280492067337036,0.0460587814450264,0.3246678096870981,0.1042781248688697,0.1192926988005638,1.0,0.0,0.0,0.0,5.0,64.0,16.0,50.0,0.0,0.0,0.8928525503643377,0.8931488990783691,0.8116998821496964,Tosches,0,gaussian_noise_matched_anchor_target,1.0,1.0,3.9960202760262375,1.2783984711807634,0.9600411008008652,2.8817920150028336,0.949995918168376,0.0500040810050753,truncated_normal,0.0999999999999999,0.1,0.05,0.02,0.5,anchor,gaussian_matched,none,False,stage3,gaussian_noise_matched_anchor_target,results/experiments/neighbormix_beta_mechanism_20260617/stage3/Tosches/gaussian_noise_matched_anchor_target/seed0,
pca_cosine_knn,5,4.993261814117432,1.0,0.9280492067337036,0.0460587814450264,0.3246678096870981,0.1042781248688697,0.1192926988005638,1.0,0.0,0.0,0.0,5.0,64.0,16.0,50.0,0.0,0.0,0.8928525503643377,0.8931488990783691,0.8116998821496964,Tosches,1,gaussian_noise_matched_anchor_target,1.0,1.0,3.996003066428413,1.277590302646988,0.95932134270875,2.881745396181941,0.9500185816755724,0.0499814174920579,truncated_normal,0.0999999999999999,0.1,0.05,0.02,0.5,anchor,gaussian_matched,none,False,stage3,gaussian_noise_matched_anchor_target,results/experiments/neighbormix_beta_mechanism_20260617/stage3/Tosches/gaussian_noise_matched_anchor_target/seed1,
pca_cosine_knn,5,4.993261814117432,1.0,0.9280492067337036,0.0460587814450264,0.3246678096870981,0.1042781248688697,0.1192926988005638,1.0,0.0,0.0,0.0,5.0,64.0,16.0,50.0,0.0,0.0,0.8928525503643377,0.8931488990783691,0.8116998821496964,Tosches,2,gaussian_noise_matched_anchor_target,1.0,1.0,3.996016225943734,1.2778171266946527,0.9590547908097504,2.878208733888136,0.950007047317922,0.0499929519001549,truncated_normal,0.0999999999999999,0.1,0.05,0.02,0.5,anchor,gaussian_matched,none,False,stage3,gaussian_noise_matched_anchor_target,results/experiments/neighbormix_beta_mechanism_20260617/stage3/Tosches/gaussian_noise_matched_anchor_target/seed2,
global_random_excluding_self,5,5.000000476837158,1.0,0.0255855899304151,0.4201829731464386,0.0002571795970852,0.0001357336877845,0.0038811205886304,0.0,0.0,0.0,0.0,5.0,15.0,9.0,50.0,0.0,0.0,0.1764144877839691,0.1764144897460937,0.004988208936993,Tosches,0,global_random_mix_anchor_target,1.0,1.0,4.000000015237239,1.6712234306252665,1.1082950609943103,3.58164948667917,0.9499878038859204,0.0500121958062259,truncated_normal,0.0999999999999999,0.1,0.05,0.02,0.5,anchor,global_mix,none,False,stage3,global_random_mix_anchor_target,results/experiments/neighbormix_beta_mechanism_20260617/stage3/Tosches/global_random_mix_anchor_target/seed0,
global_random_excluding_self,5,5.000000476837158,1.0,0.0226643178611993,0.4191274642944336,0.0001714530647235,0.0001202552739414,0.003653387306258,0.0,0.0,0.0,0.0,5.0,18.0,9.0,50.0,0.0,0.0,0.1729747106729532,0.1729747056961059,0.0077405192423611,Tosches,1,global_random_mix_anchor_target,1.0,1.0,4.000000015237239,1.6695070791989566,1.1060651928600336,3.571859952186545,0.9500300768969788,0.0499699217176789,truncated_normal,0.0999999999999999,0.1,0.05,0.02,0.5,anchor,global_mix,none,False,stage3,global_random_mix_anchor_target,results/experiments/neighbormix_beta_mechanism_20260617/stage3/Tosches/global_random_mix_anchor_target/seed1,
global_random_excluding_self,5,5.000000476837158,1.0,0.0230241622775793,0.4200518131256103,0.0003000428632661,0.000108348816866,0.0034679993987083,0.0,0.0,0.0,0.0,5.0,18.0,9.0,50.0,0.0,0.0,0.174078439777111,0.1740784347057342,0.0056984520924743,Tosches,2,global_random_mix_anchor_target,1.0,1.0,4.000000015237239,1.6683512719968956,1.106250387099054,3.567619470175769,0.9500118028682966,0.0499881962016742,truncated_normal,0.0999999999999999,0.1,0.05,0.02,0.5,anchor,global_mix,none,False,stage3,global_random_mix_anchor_target,results/experiments/neighbormix_beta_mechanism_20260617/stage3/Tosches/global_random_mix_anchor_target/seed2,
pca_cosine_knn,5,4.993261814117432,1.0,0.9280492067337036,0.0460587814450264,0.3246678096870981,0.1042781248688697,0.1192926988005638,1.0,0.0,0.0,0.0,5.0,64.0,16.0,50.0,0.0,0.0,0.8928525503643377,0.8931488990783691,0.8116998821496964,Tosches,0,mixed_target_local_mix,1.0,1.0,3.9960217375076623,1.2788168052625326,0.9626223758587406,2.879442022823625,0.9499878038859204,0.0500121958062259,truncated_normal,0.0999999999999999,0.1,0.05,0.02,0.5,mixed,local_mix,none,False,stage3,mixed_target_local_mix,results/experiments/neighbormix_beta_mechanism_20260617/stage3/Tosches/mixed_target_local_mix/seed0,
pca_cosine_knn,5,4.993261814117432,1.0,0.9280492067337036,0.0460587814450264,0.3246678096870981,0.1042781248688697,0.1192926988005638,1.0,0.0,0.0,0.0,5.0,64.0,16.0,50.0,0.0,0.0,0.8928525503643377,0.8931488990783691,0.8116998821496964,Tosches,1,mixed_target_local_mix,1.0,1.0,3.9960211670039194,1.2772636890204416,0.9587745451057952,2.8800778988334867,0.9500300768969788,0.0499699217176789,truncated_normal,0.0999999999999999,0.1,0.05,0.02,0.5,mixed,local_mix,none,False,stage3,mixed_target_local_mix,results/experiments/neighbormix_beta_mechanism_20260617/stage3/Tosches/mixed_target_local_mix/seed1,
pca_cosine_knn,5,4.993261814117432,1.0,0.9280492067337036,0.0460587814450264,0.3246678096870981,0.1042781248688697,0.1192926988005638,1.0,0.0,0.0,0.0,5.0,64.0,16.0,50.0,0.0,0.0,0.8928525503643377,0.8931488990783691,0.8116998821496964,Tosches,2,mixed_target_local_mix,1.0,1.0,3.9960159891119007,1.2779799208872848,0.9598803754999404,2.879895003636678,0.9500118028682966,0.0499881962016742,truncated_normal,0.0999999999999999,0.1,0.05,0.02,0.5,mixed,local_mix,none,False,stage3,mixed_target_local_mix,results/experiments/neighbormix_beta_mechanism_20260617/stage3/Tosches/mixed_target_local_mix/seed2,
pca_cosine_knn,5,4.936015605926514,1.0,0.8006296753883362,0.1239117980003357,0.3220735785953177,0.1898256987333297,0.1707164049148559,1.0,0.0,0.0,0.0,5.0,56.0,16.0,50.0,0.0,0.0,0.8391304347826087,0.840212345123291,0.9505194226900736,worm_neuron_cell,0,anchor_target_local_mix,1.0,1.0,3.962013831464216,1.4086745999753476,0.9479950656183064,3.180665191821754,0.9499972810968756,0.0500027190748369,truncated_normal,0.0999999999999999,0.1,0.05,0.02,0.5,anchor,local_mix,none,False,stage3,anchor_target_local_mix,results/experiments/neighbormix_beta_mechanism_20260617/stage3/worm_neuron_cell/anchor_target_local_mix/seed0,
pca_cosine_knn,5,4.934866428375244,1.0,0.8006459474563599,0.1244399473071098,0.3213569039655996,0.1901690512895584,0.169335126876831,1.0,0.0,0.0,0.0,5.0,61.0,16.75,50.0,0.0,0.0,0.8363592928810321,0.8372862339019775,0.9460172653198242,worm_neuron_cell,1,anchor_target_local_mix,1.0,1.0,3.961466751890656,1.409740250185132,0.949294690042734,3.189077680185437,0.9500283857341856,0.0499716121295932,truncated_normal,0.0999999999999999,0.1,0.05,0.02,0.5,anchor,local_mix,none,False,stage3,anchor_target_local_mix,results/experiments/neighbormix_beta_mechanism_20260617/stage3/worm_neuron_cell/anchor_target_local_mix/seed1,
pca_cosine_knn,5,4.937593460083008,1.0,0.7998592853546143,0.1243199482560157,0.3258002866698519,0.1881612241268158,0.168255016207695,1.0,0.0,0.0,0.0,5.0,59.0,16.0,50.0,0.0,0.0,0.8337314859053989,0.8347968459129333,0.9486454327901204,worm_neuron_cell,2,anchor_target_local_mix,1.0,1.0,3.962910520595989,1.4097522144205867,0.9476890647318216,3.1845317985862494,0.9500123819801956,0.0499876176589168,truncated_normal,0.0999999999999999,0.1,0.05,0.02,0.5,anchor,local_mix,none,False,stage3,anchor_target_local_mix,results/experiments/neighbormix_beta_mechanism_20260617/stage3/worm_neuron_cell/anchor_target_local_mix/seed2,
pca_cosine_knn,5,4.936015605926514,1.0,0.8006296753883362,0.1239117980003357,0.3220735785953177,0.1898256987333297,0.1707164049148559,1.0,0.0,0.0,0.0,5.0,56.0,16.0,50.0,0.0,0.0,0.8391304347826087,0.840212345123291,0.9505194226900736,worm_neuron_cell,0,gaussian_noise_matched_anchor_target,1.0,1.0,3.962039151513481,1.4083557051606477,0.9447155181784184,3.176191492937505,0.9499929616227746,0.050007038086187,truncated_normal,0.0999999999999999,0.1,0.05,0.02,0.5,anchor,gaussian_matched,none,False,stage3,gaussian_noise_matched_anchor_target,results/experiments/neighbormix_beta_mechanism_20260617/stage3/worm_neuron_cell/gaussian_noise_matched_anchor_target/seed0,
pca_cosine_knn,5,4.934866428375244,1.0,0.8006459474563599,0.1244399473071098,0.3213569039655996,0.1901690512895584,0.169335126876831,1.0,0.0,0.0,0.0,5.0,61.0,16.75,50.0,0.0,0.0,0.8363592928810321,0.8372862339019775,0.9460172653198242,worm_neuron_cell,1,gaussian_noise_matched_anchor_target,1.0,1.0,3.9615215986002994,1.4089377558790148,0.945642164023593,3.177286266908049,0.9500304055400192,0.0499695933249313,truncated_normal,0.0999999999999999,0.1,0.05,0.02,0.5,anchor,gaussian_matched,none,False,stage3,gaussian_noise_matched_anchor_target,results/experiments/neighbormix_beta_mechanism_20260617/stage3/worm_neuron_cell/gaussian_noise_matched_anchor_target/seed1,
pca_cosine_knn,5,4.937593460083008,1.0,0.7998592853546143,0.1243199482560157,0.3258002866698519,0.1881612241268158,0.168255016207695,1.0,0.0,0.0,0.0,5.0,59.0,16.0,50.0,0.0,0.0,0.8337314859053989,0.8347968459129333,0.9486454327901204,worm_neuron_cell,2,gaussian_noise_matched_anchor_target,1.0,1.0,3.9629572954155465,1.411363450344652,0.9483865046408028,3.193515283241868,0.9499824119266124,0.0500175883295014,truncated_normal,0.0999999999999999,0.1,0.05,0.02,0.5,anchor,gaussian_matched,none,False,stage3,gaussian_noise_matched_anchor_target,results/experiments/neighbormix_beta_mechanism_20260617/stage3/worm_neuron_cell/gaussian_noise_matched_anchor_target/seed2,
global_random_excluding_self,5,5.000000476837158,1.0,0.0090087307617068,0.1756231635808944,0.0012422360248447,0.0004990178858861,0.0074294959194958,0.0,0.0,0.0,0.0,5.0,13.0,9.0,50.0,0.0,0.0,0.1421404682274247,0.1421404480934143,0.0386959525446097,worm_neuron_cell,0,global_random_mix_anchor_target,1.0,1.0,4.000000015237235,1.7576795928180218,0.9753009578678756,3.5475301081314683,0.9499972810968756,0.0500027190748369,truncated_normal,0.0999999999999999,0.1,0.05,0.02,0.5,anchor,global_mix,none,False,stage3,global_random_mix_anchor_target,results/experiments/neighbormix_beta_mechanism_20260617/stage3/worm_neuron_cell/global_random_mix_anchor_target/seed0,
global_random_excluding_self,5,5.000000476837158,1.0,0.0071319579146802,0.1772836744785308,0.0013377926421404,0.0005149439675733,0.0075465780682861,0.0,0.0,0.0,0.0,5.0,15.0,9.0,50.0,0.0,0.0,0.1432393693263258,0.1432393491268158,0.034251590569814,worm_neuron_cell,1,global_random_mix_anchor_target,1.0,1.0,4.000000015237235,1.7604425949044529,0.9779225659556688,3.5644191103056078,0.9500283857341856,0.0499716121295932,truncated_normal,0.0999999999999999,0.1,0.05,0.02,0.5,anchor,global_mix,none,False,stage3,global_random_mix_anchor_target,results/experiments/neighbormix_beta_mechanism_20260617/stage3/worm_neuron_cell/global_random_mix_anchor_target/seed1,
global_random_excluding_self,5,5.000000476837158,1.0,0.0094445114955306,0.1781434863805771,0.0005733397037744,0.0004618570092134,0.0071487156674265,0.0,0.0,0.0,0.0,5.0,16.0,9.0,50.0,0.0,0.0,0.1436215957955088,0.1436215788125991,0.0389831084758043,worm_neuron_cell,2,global_random_mix_anchor_target,1.0,1.0,4.000000015237235,1.757508192397654,0.9766600735951216,3.5634588921442627,0.9500123819801956,0.0499876176589168,truncated_normal,0.0999999999999999,0.1,0.05,0.02,0.5,anchor,global_mix,none,False,stage3,global_random_mix_anchor_target,results/experiments/neighbormix_beta_mechanism_20260617/stage3/worm_neuron_cell/global_random_mix_anchor_target/seed2,
pca_cosine_knn,5,4.936015605926514,1.0,0.8006296753883362,0.1239117980003357,0.3220735785953177,0.1898256987333297,0.1707164049148559,1.0,0.0,0.0,0.0,5.0,56.0,16.0,50.0,0.0,0.0,0.8391304347826087,0.840212345123291,0.9505194226900736,worm_neuron_cell,0,mixed_target_local_mix,1.0,1.0,3.962013831464216,1.4086745999753476,0.9479950656183064,3.180665191821754,0.9499972810968756,0.0500027190748369,truncated_normal,0.0999999999999999,0.1,0.05,0.02,0.5,mixed,local_mix,none,False,stage3,mixed_target_local_mix,results/experiments/neighbormix_beta_mechanism_20260617/stage3/worm_neuron_cell/mixed_target_local_mix/seed0,
pca_cosine_knn,5,4.934866428375244,1.0,0.8006459474563599,0.1244399473071098,0.3213569039655996,0.1901690512895584,0.169335126876831,1.0,0.0,0.0,0.0,5.0,61.0,16.75,50.0,0.0,0.0,0.8363592928810321,0.8372862339019775,0.9460172653198242,worm_neuron_cell,1,mixed_target_local_mix,1.0,1.0,3.961466751890656,1.409740250185132,0.949294690042734,3.189077680185437,0.9500283857341856,0.0499716121295932,truncated_normal,0.0999999999999999,0.1,0.05,0.02,0.5,mixed,local_mix,none,False,stage3,mixed_target_local_mix,results/experiments/neighbormix_beta_mechanism_20260617/stage3/worm_neuron_cell/mixed_target_local_mix/seed1,
pca_cosine_knn,5,4.937593460083008,1.0,0.7998592853546143,0.1243199482560157,0.3258002866698519,0.1881612241268158,0.168255016207695,1.0,0.0,0.0,0.0,5.0,59.0,16.0,50.0,0.0,0.0,0.8337314859053989,0.8347968459129333,0.9486454327901204,worm_neuron_cell,2,mixed_target_local_mix,1.0,1.0,3.962910520595989,1.4097522144205867,0.9476890647318216,3.1845317985862494,0.9500123819801956,0.0499876176589168,truncated_normal,0.0999999999999999,0.1,0.05,0.02,0.5,mixed,local_mix,none,False,stage3,mixed_target_local_mix,results/experiments/neighbormix_beta_mechanism_20260617/stage3/worm_neuron_cell/mixed_target_local_mix/seed2,
pca_cosine_knn,5,4.992573261260986,1.0,0.9250876903533936,0.0551818795502185,0.2979110873058382,0.1052853986620903,0.1226002499461174,1.0,0.0,0.0,0.0,5.0,58.0,15.0,50.0,0.0,0.0,0.962542403142296,0.9627015590667723,0.9294465978940328,Macosko,0,fixed_beta_0.05_bad0,1.0,1.0,3.995776267974509,1.2958120351689204,0.8939607103743723,2.259760672552245,0.9499998688697816,0.0500000081956386,fixed,0.05,0.05,0.05,0.02,0.5,anchor,local_mix,none,False,stage4,fixed_beta_0.05_bad0,results/experiments/neighbormix_beta_mechanism_20260617/stage4/Macosko/fixed_beta_0.05_bad0/seed0,
pca_cosine_knn,5,4.992573261260986,1.0,0.9250876903533936,0.0551818795502185,0.2979110873058382,0.1052853986620903,0.1226002499461174,1.0,0.0,0.0,0.0,5.0,58.0,15.0,50.0,0.0,0.0,0.962542403142296,0.9627015590667723,0.9294465978940328,Macosko,1,fixed_beta_0.05_bad0,1.0,1.0,3.9957703436264023,1.2959167516316683,0.8943784043490887,2.258832668193749,0.9499998688697816,0.0500000081956386,fixed,0.05,0.05,0.05,0.02,0.5,anchor,local_mix,none,False,stage4,fixed_beta_0.05_bad0,results/experiments/neighbormix_beta_mechanism_20260617/stage4/Macosko/fixed_beta_0.05_bad0/seed1,
pca_cosine_knn,5,4.992573261260986,1.0,0.9250876903533936,0.0551818795502185,0.2979110873058382,0.1052853986620903,0.1226002499461174,1.0,0.0,0.0,0.0,5.0,58.0,15.0,50.0,0.0,0.0,0.962542403142296,0.9627015590667723,0.9294465978940328,Macosko,2,fixed_beta_0.05_bad0,1.0,1.0,3.995783358115047,1.295873421558312,0.8944145858692272,2.259192758721965,0.9499998688697816,0.0500000081956386,fixed,0.05,0.05,0.05,0.02,0.5,anchor,local_mix,none,False,stage4,fixed_beta_0.05_bad0,results/experiments/neighbormix_beta_mechanism_20260617/stage4/Macosko/fixed_beta_0.05_bad0/seed2,
pca_cosine_knn_bad_edge_injected_0.1,5,4.514756679534912,1.0,0.8162389397621155,0.3366867303848266,0.2406891626495268,0.0749289393424987,0.1042291894555091,0.8995581269264221,0.3005882799625397,0.1004418853776111,0.4111988930548116,5.0,54.0,14.0,50.0,0.1,0.1004418853776111,0.866046241742546,0.9613755941390992,0.9284744461377462,Macosko,0,fixed_beta_0.05_bad0.1,1.0,1.0,3.991654442977743,1.30493496968065,0.8973116550126246,2.2758652061309137,0.9499998688697816,0.0500000081956386,fixed,0.05,0.05,0.05,0.02,0.5,anchor,local_mix,none,True,stage4,fixed_beta_0.05_bad0.1,results/experiments/neighbormix_beta_mechanism_20260617/stage4/Macosko/fixed_beta_0.05_bad0.1/seed0,
pca_cosine_knn_bad_edge_injected_0.1,5,4.521474361419678,1.0,0.8178324699401855,0.3342081308364868,0.2415997143367255,0.075532928109169,0.1046804413199424,0.901115894317627,0.2985063791275024,0.0988841278343153,0.4057980717728977,5.0,56.0,14.0,50.0,0.1,0.0988841278343153,0.8672603106588109,0.9615009427070618,0.9288141131401062,Macosko,1,fixed_beta_0.05_bad0.1,1.0,1.0,3.991785954163175,1.3046738702399392,0.897454604397927,2.274369429060391,0.9499998688697816,0.0500000081956386,fixed,0.05,0.05,0.05,0.02,0.5,anchor,local_mix,none,True,stage4,fixed_beta_0.05_bad0.1,results/experiments/neighbormix_beta_mechanism_20260617/stage4/Macosko/fixed_beta_0.05_bad0.1/seed1,
pca_cosine_knn_bad_edge_injected_0.1,5,4.517035007476807,1.0,0.8165000677108765,0.3366710841655731,0.2413943938582396,0.0756911188364029,0.1052724495530128,0.9002276659011841,0.2996962666511535,0.0997723620782003,0.4083645777539725,5.0,52.0,14.0,50.0,0.1,0.0997723620782003,0.866251562221032,0.9614586234092712,0.927899161974589,Macosko,2,fixed_beta_0.05_bad0.1,1.0,1.0,3.9918203551522495,1.3040870022858893,0.8954872827423468,2.272241058690207,0.9499998688697816,0.0500000081956386,fixed,0.05,0.05,0.05,0.02,0.5,anchor,local_mix,none,True,stage4,fixed_beta_0.05_bad0.1,results/experiments/neighbormix_beta_mechanism_20260617/stage4/Macosko/fixed_beta_0.05_bad0.1/seed2,
pca_cosine_knn_bad_edge_injected_0.2,5,4.041416168212891,1.0,0.7077971696853638,0.4473529756069183,0.1907293340474915,0.0522029399871826,0.0870036780834198,0.800000011920929,0.4000000059604645,0.2,0.6729378682378147,5.0,49.0,14.0,50.0,0.2,0.2,0.7702017496875558,0.9597609639167786,0.9272436698277792,Macosko,0,fixed_beta_0.05_bad0.2,1.0,1.0,3.986126296237347,1.3166885521497045,0.9010948615010296,2.298137574860028,0.9499998688697816,0.0500000081956386,fixed,0.05,0.05,0.05,0.02,0.5,anchor,local_mix,none,True,stage4,fixed_beta_0.05_bad0.2,results/experiments/neighbormix_beta_mechanism_20260617/stage4/Macosko/fixed_beta_0.05_bad0.2/seed0,
pca_cosine_knn_bad_edge_injected_0.2,5,4.044547080993652,1.0,0.7087302803993225,0.446044921875,0.1918585966791644,0.0521401390433311,0.0869492590427398,0.8006382584571838,0.3995204865932464,0.1993617211212283,0.6731164077843242,5.0,48.0,14.0,50.0,0.2,0.1993617211212283,0.7703981431887164,0.9592962265014648,0.927497108777364,Macosko,1,fixed_beta_0.05_bad0.2,1.0,1.0,3.986227241207165,1.317294774217265,0.9035179845179832,2.301099667498044,0.9499998688697816,0.0500000081956386,fixed,0.05,0.05,0.05,0.02,0.5,anchor,local_mix,none,True,stage4,fixed_beta_0.05_bad0.2,results/experiments/neighbormix_beta_mechanism_20260617/stage4/Macosko/fixed_beta_0.05_bad0.2/seed1,
pca_cosine_knn_bad_edge_injected_0.2,5,4.031844615936279,1.0,0.7057945728302002,0.4483833312988281,0.1918228887698625,0.0516198426485061,0.0865747481584549,0.797870934009552,0.4015880227088928,0.2021290840921264,0.6737412961971077,5.0,47.0,14.0,50.0,0.2,0.2021290840921264,0.768215497232637,0.9594021439552308,0.9284030000368754,Macosko,2,fixed_beta_0.05_bad0.2,1.0,1.0,3.985864166160755,1.3174829100540706,0.9048227186245577,2.299842503828662,0.9499998688697816,0.0500000081956386,fixed,0.05,0.05,0.05,0.02,0.5,anchor,local_mix,none,True,stage4,fixed_beta_0.05_bad0.2,results/experiments/neighbormix_beta_mechanism_20260617/stage4/Macosko/fixed_beta_0.05_bad0.2/seed2,
pca_cosine_knn_bad_edge_injected_0.4,5,3.1232709884643555,1.0,0.4899879097938537,0.5493494868278503,0.1077307623638636,0.0212838277220726,0.0538973361253738,0.5989644527435303,0.4901081919670105,0.4010355293697554,0.9229155507945008,5.0,36.0,13.0,50.0,0.4,0.4010355293697554,0.576486341724692,0.944275200366974,0.9107972184816996,Macosko,0,fixed_beta_0.05_bad0.4,1.0,1.0,3.9656883796034728,1.359288256108761,0.9281307488828896,2.3874695709177423,0.9499998688697816,0.0500000081956386,fixed,0.05,0.05,0.05,0.02,0.5,anchor,local_mix,none,True,stage4,fixed_beta_0.05_bad0.4,results/experiments/neighbormix_beta_mechanism_20260617/stage4/Macosko/fixed_beta_0.05_bad0.4/seed0,
pca_cosine_knn_bad_edge_injected_0.4,5,3.1305065155029297,1.0,0.4911143481731415,0.549199640750885,0.1070076772004999,0.0213113687932491,0.0538836531341075,0.6000937223434448,0.48987877368927,0.3999062667380825,0.9235181217639707,5.0,39.0,13.0,50.0,0.4,0.3999062667380825,0.5774326013211927,0.94414621591568,0.9127428531646729,Macosko,1,fixed_beta_0.05_bad0.4,1.0,1.0,3.965948825650672,1.3590091746534618,0.9246175750515292,2.3918246747595924,0.9499998688697816,0.0500000081956386,fixed,0.05,0.05,0.05,0.02,0.5,anchor,local_mix,none,True,stage4,fixed_beta_0.05_bad0.4,results/experiments/neighbormix_beta_mechanism_20260617/stage4/Macosko/fixed_beta_0.05_bad0.4/seed1,
pca_cosine_knn_bad_edge_injected_0.4,5,3.1340456008911133,1.0,0.4925215542316437,0.5489938855171204,0.1086859489376897,0.0215746611356735,0.0543113835155963,0.6014416813850403,0.4896014332771301,0.3985582931619353,0.9205275843599358,5.0,34.0,13.0,50.0,0.4,0.3985582931619353,0.5789457239778611,0.9448572397232056,0.9136718114217124,Macosko,2,fixed_beta_0.05_bad0.4,1.0,1.0,3.965988004225896,1.3578108725036893,0.9223705773928336,2.3841619465265955,0.9499998688697816,0.0500000081956386,fixed,0.05,0.05,0.05,0.02,0.5,anchor,local_mix,none,True,stage4,fixed_beta_0.05_bad0.4,results/experiments/neighbormix_beta_mechanism_20260617/stage4/Macosko/fixed_beta_0.05_bad0.4/seed2,
pca_cosine_knn,5,4.992573261260986,1.0,0.9250876903533936,0.0551818795502185,0.2979110873058382,0.1052853986620903,0.1226002499461174,1.0,0.0,0.0,0.0,5.0,58.0,15.0,50.0,0.0,0.0,0.962542403142296,0.9627015590667723,0.9294465978940328,Macosko,0,fixed_beta_0.1_bad0,1.0,1.0,3.995776267974509,2.591624151825905,1.7879220939704354,4.519521295257976,0.8999998569488525,0.1000000163912773,fixed,0.1,0.1,0.05,0.02,0.5,anchor,local_mix,none,False,stage4,fixed_beta_0.1_bad0,results/experiments/neighbormix_beta_mechanism_20260617/stage4/Macosko/fixed_beta_0.1_bad0/seed0,
pca_cosine_knn,5,4.992573261260986,1.0,0.9250876903533936,0.0551818795502185,0.2979110873058382,0.1052853986620903,0.1226002499461174,1.0,0.0,0.0,0.0,5.0,58.0,15.0,50.0,0.0,0.0,0.962542403142296,0.9627015590667723,0.9294465978940328,Macosko,1,fixed_beta_0.1_bad0,1.0,1.0,3.9957703436264023,2.591833583968026,1.7887574798805377,4.51766527385371,0.8999998569488525,0.1000000163912773,fixed,0.1,0.1,0.05,0.02,0.5,anchor,local_mix,none,False,stage4,fixed_beta_0.1_bad0,results/experiments/neighbormix_beta_mechanism_20260617/stage4/Macosko/fixed_beta_0.1_bad0/seed1,
pca_cosine_knn,5,4.992573261260986,1.0,0.9250876903533936,0.0551818795502185,0.2979110873058382,0.1052853986620903,0.1226002499461174,1.0,0.0,0.0,0.0,5.0,58.0,15.0,50.0,0.0,0.0,0.962542403142296,0.9627015590667723,0.9294465978940328,Macosko,2,fixed_beta_0.1_bad0,1.0,1.0,3.995783358115047,2.5917469245365687,1.788829845441239,4.51838542505673,0.8999998569488525,0.1000000163912773,fixed,0.1,0.1,0.05,0.02,0.5,anchor,local_mix,none,False,stage4,fixed_beta_0.1_bad0,results/experiments/neighbormix_beta_mechanism_20260617/stage4/Macosko/fixed_beta_0.1_bad0/seed2,
pca_cosine_knn_bad_edge_injected_0.1,5,4.514756679534912,1.0,0.8162389397621155,0.3366867303848266,0.2406891626495268,0.0749289393424987,0.1042291894555091,0.8995581269264221,0.3005882799625397,0.1004418853776111,0.4111988930548116,5.0,54.0,14.0,50.0,0.1,0.1004418853776111,0.866046241742546,0.9613755941390992,0.9284744461377462,Macosko,0,fixed_beta_0.1_bad0.1,1.0,1.0,3.991654442977743,2.609870020202228,1.7946239879940236,4.551730342149734,0.8999998569488525,0.1000000163912773,fixed,0.1,0.1,0.05,0.02,0.5,anchor,local_mix,none,True,stage4,fixed_beta_0.1_bad0.1,results/experiments/neighbormix_beta_mechanism_20260617/stage4/Macosko/fixed_beta_0.1_bad0.1/seed0,
pca_cosine_knn_bad_edge_injected_0.1,5,4.521474361419678,1.0,0.8178324699401855,0.3342081308364868,0.2415997143367255,0.075532928109169,0.1046804413199424,0.901115894317627,0.2985063791275024,0.0988841278343153,0.4057980717728977,5.0,56.0,14.0,50.0,0.1,0.0988841278343153,0.8672603106588109,0.9615009427070618,0.9288141131401062,Macosko,1,fixed_beta_0.1_bad0.1,1.0,1.0,3.991785954163175,2.609347823704992,1.7949098784072055,4.548738804033825,0.8999998569488525,0.1000000163912773,fixed,0.1,0.1,0.05,0.02,0.5,anchor,local_mix,none,True,stage4,fixed_beta_0.1_bad0.1,results/experiments/neighbormix_beta_mechanism_20260617/stage4/Macosko/fixed_beta_0.1_bad0.1/seed1,
pca_cosine_knn_bad_edge_injected_0.1,5,4.517035007476807,1.0,0.8165000677108765,0.3366710841655731,0.2413943938582396,0.0756911188364029,0.1052724495530128,0.9002276659011841,0.2996962666511535,0.0997723620782003,0.4083645777539725,5.0,52.0,14.0,50.0,0.1,0.0997723620782003,0.866251562221032,0.9614586234092712,0.927899161974589,Macosko,2,fixed_beta_0.1_bad0.1,1.0,1.0,3.9918203551522495,2.60817408818858,1.7909752430490085,4.544482040626662,0.8999998569488525,0.1000000163912773,fixed,0.1,0.1,0.05,0.02,0.5,anchor,local_mix,none,True,stage4,fixed_beta_0.1_bad0.1,results/experiments/neighbormix_beta_mechanism_20260617/stage4/Macosko/fixed_beta_0.1_bad0.1/seed2,
pca_cosine_knn_bad_edge_injected_0.2,5,4.041416168212891,1.0,0.7077971696853638,0.4473529756069183,0.1907293340474915,0.0522029399871826,0.0870036780834198,0.800000011920929,0.4000000059604645,0.2,0.6729378682378147,5.0,49.0,14.0,50.0,0.2,0.2,0.7702017496875558,0.9597609639167786,0.9272436698277792,Macosko,0,fixed_beta_0.1_bad0.2,1.0,1.0,3.986126296237347,2.633377183573587,1.8021903921621187,4.596275116409574,0.8999998569488525,0.1000000163912773,fixed,0.1,0.1,0.05,0.02,0.5,anchor,local_mix,none,True,stage4,fixed_beta_0.1_bad0.2,results/experiments/neighbormix_beta_mechanism_20260617/stage4/Macosko/fixed_beta_0.1_bad0.2/seed0,
pca_cosine_knn_bad_edge_injected_0.2,5,4.044547080993652,1.0,0.7087302803993225,0.446044921875,0.1918585966791644,0.0521401390433311,0.0869492590427398,0.8006382584571838,0.3995204865932464,0.1993617211212283,0.6731164077843242,5.0,48.0,14.0,50.0,0.2,0.1993617211212283,0.7703981431887164,0.9592962265014648,0.927497108777364,Macosko,1,fixed_beta_0.1_bad0.2,1.0,1.0,3.986227241207165,2.634589632868767,1.807036632584674,4.602199325033597,0.8999998569488525,0.1000000163912773,fixed,0.1,0.1,0.05,0.02,0.5,anchor,local_mix,none,True,stage4,fixed_beta_0.1_bad0.2,results/experiments/neighbormix_beta_mechanism_20260617/stage4/Macosko/fixed_beta_0.1_bad0.2/seed1,
pca_cosine_knn_bad_edge_injected_0.2,5,4.031844615936279,1.0,0.7057945728302002,0.4483833312988281,0.1918228887698625,0.0516198426485061,0.0865747481584549,0.797870934009552,0.4015880227088928,0.2021290840921264,0.6737412961971077,5.0,47.0,14.0,50.0,0.2,0.2021290840921264,0.768215497232637,0.9594021439552308,0.9284030000368754,Macosko,2,fixed_beta_0.1_bad0.2,1.0,1.0,3.985864166160755,2.6349659010342186,1.8096461038674625,4.59968493289607,0.8999998569488525,0.1000000163912773,fixed,0.1,0.1,0.05,0.02,0.5,anchor,local_mix,none,True,stage4,fixed_beta_0.1_bad0.2,results/experiments/neighbormix_beta_mechanism_20260617/stage4/Macosko/fixed_beta_0.1_bad0.2/seed2,
pca_cosine_knn_bad_edge_injected_0.4,5,3.1232709884643555,1.0,0.4899879097938537,0.5493494868278503,0.1077307623638636,0.0212838277220726,0.0538973361253738,0.5989644527435303,0.4901081919670105,0.4010355293697554,0.9229155507945008,5.0,36.0,13.0,50.0,0.4,0.4010355293697554,0.576486341724692,0.944275200366974,0.9107972184816996,Macosko,0,fixed_beta_0.1_bad0.4,1.0,1.0,3.9656883796034728,2.71857659465926,1.8562621493126663,4.774939098017557,0.8999998569488525,0.1000000163912773,fixed,0.1,0.1,0.05,0.02,0.5,anchor,local_mix,none,True,stage4,fixed_beta_0.1_bad0.4,results/experiments/neighbormix_beta_mechanism_20260617/stage4/Macosko/fixed_beta_0.1_bad0.4/seed0,
pca_cosine_knn_bad_edge_injected_0.4,5,3.1305065155029297,1.0,0.4911143481731415,0.549199640750885,0.1070076772004999,0.0213113687932491,0.0538836531341075,0.6000937223434448,0.48987877368927,0.3999062667380825,0.9235181217639707,5.0,39.0,13.0,50.0,0.4,0.3999062667380825,0.5774326013211927,0.94414621591568,0.9127428531646729,Macosko,1,fixed_beta_0.1_bad0.4,1.0,1.0,3.965948825650672,2.7180184277125767,1.8492358028335232,4.783649272084236,0.8999998569488525,0.1000000163912773,fixed,0.1,0.1,0.05,0.02,0.5,anchor,local_mix,none,True,stage4,fixed_beta_0.1_bad0.4,results/experiments/neighbormix_beta_mechanism_20260617/stage4/Macosko/fixed_beta_0.1_bad0.4/seed1,
pca_cosine_knn_bad_edge_injected_0.4,5,3.1340456008911133,1.0,0.4925215542316437,0.5489938855171204,0.1086859489376897,0.0215746611356735,0.0543113835155963,0.6014416813850403,0.4896014332771301,0.3985582931619353,0.9205275843599358,5.0,34.0,13.0,50.0,0.4,0.3985582931619353,0.5789457239778611,0.9448572397232056,0.9136718114217124,Macosko,2,fixed_beta_0.1_bad0.4,1.0,1.0,3.965988004225896,2.715621824792453,1.8447417923382357,4.768323854923248,0.8999998569488525,0.1000000163912773,fixed,0.1,0.1,0.05,0.02,0.5,anchor,local_mix,none,True,stage4,fixed_beta_0.1_bad0.4,results/experiments/neighbormix_beta_mechanism_20260617/stage4/Macosko/fixed_beta_0.1_bad0.4/seed2,
pca_cosine_knn,5,4.992573261260986,1.0,0.9250876903533936,0.0551818795502185,0.2979110873058382,0.1052853986620903,0.1226002499461174,1.0,0.0,0.0,0.0,5.0,58.0,15.0,50.0,0.0,0.0,0.962542403142296,0.9627015590667723,0.9294465978940328,Macosko,0,random_beta_uniform_0.1_bad0,1.0,1.0,3.995780355095541,1.295716045481818,1.2662173527096,2.779886362331254,0.950003647702081,0.0499963524591709,uniform,0.0999999999999999,0.1,0.05,0.02,0.5,anchor,local_mix,none,False,stage4,random_beta_uniform_0.1_bad0,results/experiments/neighbormix_beta_mechanism_20260617/stage4/Macosko/random_beta_uniform_0.1_bad0/seed0,
pca_cosine_knn,5,4.992573261260986,1.0,0.9250876903533936,0.0551818795502185,0.2979110873058382,0.1052853986620903,0.1226002499461174,1.0,0.0,0.0,0.0,5.0,58.0,15.0,50.0,0.0,0.0,0.962542403142296,0.9627015590667723,0.9294465978940328,Macosko,1,random_beta_uniform_0.1_bad0,1.0,1.0,3.9957912798164896,1.2957931083355632,1.2659562637337616,2.779833414043699,0.9500080565001284,0.0499919434211083,uniform,0.0999999999999999,0.1,0.05,0.02,0.5,anchor,local_mix,none,False,stage4,random_beta_uniform_0.1_bad0,results/experiments/neighbormix_beta_mechanism_20260617/stage4/Macosko/random_beta_uniform_0.1_bad0/seed1,
pca_cosine_knn,5,4.992573261260986,1.0,0.9250876903533936,0.0551818795502185,0.2979110873058382,0.1052853986620903,0.1226002499461174,1.0,0.0,0.0,0.0,5.0,58.0,15.0,50.0,0.0,0.0,0.962542403142296,0.9627015590667723,0.9294465978940328,Macosko,2,random_beta_uniform_0.1_bad0,1.0,1.0,3.9957819063345874,1.2950164275509972,1.2649101069016115,2.783435685379165,0.9500379283470768,0.0499620717074722,uniform,0.0999999999999999,0.1,0.05,0.02,0.5,anchor,local_mix,none,False,stage4,random_beta_uniform_0.1_bad0,results/experiments/neighbormix_beta_mechanism_20260617/stage4/Macosko/random_beta_uniform_0.1_bad0/seed2,
pca_cosine_knn_bad_edge_injected_0.1,5,4.514756679534912,1.0,0.8162389397621155,0.3366867303848266,0.2406891626495268,0.0749289393424987,0.1042291894555091,0.8995581269264221,0.3005882799625397,0.1004418853776111,0.4111988930548116,5.0,54.0,14.0,50.0,0.1,0.1004418853776111,0.866046241742546,0.9613755941390992,0.9284744461377462,Macosko,0,random_beta_uniform_0.1_bad0.1,1.0,1.0,3.991615250381045,1.3049355756895884,1.2727377336749008,2.801830542240824,0.950003647702081,0.0499963524591709,uniform,0.0999999999999999,0.1,0.05,0.02,0.5,anchor,local_mix,none,True,stage4,random_beta_uniform_0.1_bad0.1,results/experiments/neighbormix_beta_mechanism_20260617/stage4/Macosko/random_beta_uniform_0.1_bad0.1/seed0,
pca_cosine_knn_bad_edge_injected_0.1,5,4.521474361419678,1.0,0.8178324699401855,0.3342081308364868,0.2415997143367255,0.075532928109169,0.1046804413199424,0.901115894317627,0.2985063791275024,0.0988841278343153,0.4057980717728977,5.0,56.0,14.0,50.0,0.1,0.0988841278343153,0.8672603106588109,0.9615009427070618,0.9288141131401062,Macosko,1,random_beta_uniform_0.1_bad0.1,1.0,1.0,3.9917445813191152,1.3045654988799775,1.2718425983020238,2.8010726487806865,0.9500080565001284,0.0499919434211083,uniform,0.0999999999999999,0.1,0.05,0.02,0.5,anchor,local_mix,none,True,stage4,random_beta_uniform_0.1_bad0.1,results/experiments/neighbormix_beta_mechanism_20260617/stage4/Macosko/random_beta_uniform_0.1_bad0.1/seed1,
pca_cosine_knn_bad_edge_injected_0.1,5,4.517035007476807,1.0,0.8165000677108765,0.3366710841655731,0.2413943938582396,0.0756911188364029,0.1052724495530128,0.9002276659011841,0.2996962666511535,0.0997723620782003,0.4083645777539725,5.0,52.0,14.0,50.0,0.1,0.0997723620782003,0.866251562221032,0.9614586234092712,0.927899161974589,Macosko,2,random_beta_uniform_0.1_bad0.1,1.0,1.0,3.991809048153789,1.3031195777739797,1.268353232302836,2.8034079570259367,0.9500379283470768,0.0499620717074722,uniform,0.0999999999999999,0.1,0.05,0.02,0.5,anchor,local_mix,none,True,stage4,random_beta_uniform_0.1_bad0.1,results/experiments/neighbormix_beta_mechanism_20260617/stage4/Macosko/random_beta_uniform_0.1_bad0.1/seed2,
pca_cosine_knn_bad_edge_injected_0.2,5,4.041416168212891,1.0,0.7077971696853638,0.4473529756069183,0.1907293340474915,0.0522029399871826,0.0870036780834198,0.800000011920929,0.4000000059604645,0.2,0.6729378682378147,5.0,49.0,14.0,50.0,0.2,0.2,0.7702017496875558,0.9597609639167786,0.9272436698277792,Macosko,0,random_beta_uniform_0.1_bad0.2,1.0,1.0,3.986077048546582,1.3167192368422236,1.2797136764270918,2.8311837409053533,0.950003647702081,0.0499963524591709,uniform,0.0999999999999999,0.1,0.05,0.02,0.5,anchor,local_mix,none,True,stage4,random_beta_uniform_0.1_bad0.2,results/experiments/neighbormix_beta_mechanism_20260617/stage4/Macosko/random_beta_uniform_0.1_bad0.2/seed0,
pca_cosine_knn_bad_edge_injected_0.2,5,4.044547080993652,1.0,0.7087302803993225,0.446044921875,0.1918585966791644,0.0521401390433311,0.0869492590427398,0.8006382584571838,0.3995204865932464,0.1993617211212283,0.6731164077843242,5.0,48.0,14.0,50.0,0.2,0.1993617211212283,0.7703981431887164,0.9592962265014648,0.927497108777364,Macosko,1,random_beta_uniform_0.1_bad0.2,1.0,1.0,3.9861741630735703,1.317142677792481,1.281540032531534,2.8314157732554848,0.9500080565001284,0.0499919434211083,uniform,0.0999999999999999,0.1,0.05,0.02,0.5,anchor,local_mix,none,True,stage4,random_beta_uniform_0.1_bad0.2,results/experiments/neighbormix_beta_mechanism_20260617/stage4/Macosko/random_beta_uniform_0.1_bad0.2/seed1,
pca_cosine_knn_bad_edge_injected_0.2,5,4.031844615936279,1.0,0.7057945728302002,0.4483833312988281,0.1918228887698625,0.0516198426485061,0.0865747481584549,0.797870934009552,0.4015880227088928,0.2021290840921264,0.6737412961971077,5.0,47.0,14.0,50.0,0.2,0.2021290840921264,0.768215497232637,0.9594021439552308,0.9284030000368754,Macosko,2,random_beta_uniform_0.1_bad0.2,1.0,1.0,3.985974773841206,1.316586987222944,1.2818872288976395,2.834083049842289,0.9500379283470768,0.0499620717074722,uniform,0.0999999999999999,0.1,0.05,0.02,0.5,anchor,local_mix,none,True,stage4,random_beta_uniform_0.1_bad0.2,results/experiments/neighbormix_beta_mechanism_20260617/stage4/Macosko/random_beta_uniform_0.1_bad0.2/seed2,
pca_cosine_knn_bad_edge_injected_0.4,5,3.1232709884643555,1.0,0.4899879097938537,0.5493494868278503,0.1077307623638636,0.0212838277220726,0.0538973361253738,0.5989644527435303,0.4901081919670105,0.4010355293697554,0.9229155507945008,5.0,36.0,13.0,50.0,0.4,0.4010355293697554,0.576486341724692,0.944275200366974,0.9107972184816996,Macosko,0,random_beta_uniform_0.1_bad0.4,1.0,1.0,3.965757244613575,1.3589534189275332,1.3182378985243184,2.9366659893819262,0.950003647702081,0.0499963524591709,uniform,0.0999999999999999,0.1,0.05,0.02,0.5,anchor,local_mix,none,True,stage4,random_beta_uniform_0.1_bad0.4,results/experiments/neighbormix_beta_mechanism_20260617/stage4/Macosko/random_beta_uniform_0.1_bad0.4/seed0,
pca_cosine_knn_bad_edge_injected_0.4,5,3.1305065155029297,1.0,0.4911143481731415,0.549199640750885,0.1070076772004999,0.0213113687932491,0.0538836531341075,0.6000937223434448,0.48987877368927,0.3999062667380825,0.9235181217639707,5.0,39.0,13.0,50.0,0.4,0.3999062667380825,0.5774326013211927,0.94414621591568,0.9127428531646729,Macosko,1,random_beta_uniform_0.1_bad0.4,1.0,1.0,3.965955315075728,1.359057919740677,1.3167724401056766,2.9389776038442337,0.9500080565001284,0.0499919434211083,uniform,0.0999999999999999,0.1,0.05,0.02,0.5,anchor,local_mix,none,True,stage4,random_beta_uniform_0.1_bad0.4,results/experiments/neighbormix_beta_mechanism_20260617/stage4/Macosko/random_beta_uniform_0.1_bad0.4/seed1,
pca_cosine_knn_bad_edge_injected_0.4,5,3.1340456008911133,1.0,0.4925215542316437,0.5489938855171204,0.1086859489376897,0.0215746611356735,0.0543113835155963,0.6014416813850403,0.4896014332771301,0.3985582931619353,0.9205275843599358,5.0,34.0,13.0,50.0,0.4,0.3985582931619353,0.5789457239778611,0.9448572397232056,0.9136718114217124,Macosko,2,random_beta_uniform_0.1_bad0.4,1.0,1.0,3.966164520369652,1.356896721916539,1.3125018466966494,2.9372471433367044,0.9500379283470768,0.0499620717074722,uniform,0.0999999999999999,0.1,0.05,0.02,0.5,anchor,local_mix,none,True,stage4,random_beta_uniform_0.1_bad0.4,results/experiments/neighbormix_beta_mechanism_20260617/stage4/Macosko/random_beta_uniform_0.1_bad0.4/seed2,
pca_cosine_knn,5,4.993261814117432,1.0,0.9280492067337036,0.0460587814450264,0.3246678096870981,0.1042781248688697,0.1192926988005638,1.0,0.0,0.0,0.0,5.0,64.0,16.0,50.0,0.0,0.0,0.8928525503643377,0.8931488990783691,0.8116998821496964,Tosches,0,fixed_beta_0.05_bad0,1.0,1.0,3.9960245146376137,1.2780542671887412,0.7628384923614148,2.627447330910299,0.9499998688697816,0.0500000081956386,fixed,0.05,0.05,0.05,0.02,0.5,anchor,local_mix,none,False,stage4,fixed_beta_0.05_bad0,results/experiments/neighbormix_beta_mechanism_20260617/stage4/Tosches/fixed_beta_0.05_bad0/seed0,
pca_cosine_knn,5,4.993261814117432,1.0,0.9280492067337036,0.0460587814450264,0.3246678096870981,0.1042781248688697,0.1192926988005638,1.0,0.0,0.0,0.0,5.0,64.0,16.0,50.0,0.0,0.0,0.8928525503643377,0.8931488990783691,0.8116998821496964,Tosches,1,fixed_beta_0.05_bad0,1.0,1.0,3.996006821623874,1.2782354114991097,0.7629371299201415,2.6264110372091336,0.9499998688697816,0.0500000081956386,fixed,0.05,0.05,0.05,0.02,0.5,anchor,local_mix,none,False,stage4,fixed_beta_0.05_bad0,results/experiments/neighbormix_beta_mechanism_20260617/stage4/Tosches/fixed_beta_0.05_bad0/seed1,
pca_cosine_knn,5,4.993261814117432,1.0,0.9280492067337036,0.0460587814450264,0.3246678096870981,0.1042781248688697,0.1192926988005638,1.0,0.0,0.0,0.0,5.0,64.0,16.0,50.0,0.0,0.0,0.8928525503643377,0.8931488990783691,0.8116998821496964,Tosches,2,fixed_beta_0.05_bad0,1.0,1.0,3.9960101378770942,1.2782113306845229,0.763184473089253,2.6265627454966305,0.9499998688697816,0.0500000081956386,fixed,0.05,0.05,0.05,0.02,0.5,anchor,local_mix,none,False,stage4,fixed_beta_0.05_bad0,results/experiments/neighbormix_beta_mechanism_20260617/stage4/Tosches/fixed_beta_0.05_bad0/seed2,
pca_cosine_knn_bad_edge_injected_0.1,5,4.538888454437256,1.0,0.8230586051940918,0.3344820141792297,0.26262323189027,0.0742062255740165,0.1017852127552032,0.8996142148971558,0.3005136549472809,0.1003857693956279,0.4117552507501071,5.0,56.0,15.0,50.0,0.1,0.1003857693956279,0.8031183026146592,0.8900524973869324,0.812506914138794,Tosches,0,fixed_beta_0.05_bad0.1,1.0,1.0,3.988506898327927,1.2878671382657356,0.7695486258301469,2.648258783958025,0.9499998688697816,0.0500000081956386,fixed,0.05,0.05,0.05,0.02,0.5,anchor,local_mix,none,True,stage4,fixed_beta_0.05_bad0.1,results/experiments/neighbormix_beta_mechanism_20260617/stage4/Tosches/fixed_beta_0.05_bad0.1/seed0,
pca_cosine_knn_bad_edge_injected_0.1,5,4.544603824615479,1.0,0.8241291046142578,0.3334295153617859,0.2625803686240892,0.0750285387039184,0.1023842021822929,0.9009965658187866,0.2986665964126587,0.0990034290612944,0.406504500642949,5.0,59.0,15.0,50.0,0.1,0.0990034290612944,0.8044792113159023,0.8901215195655823,0.8051191866397858,Tosches,1,fixed_beta_0.05_bad0.1,1.0,1.0,3.9887127635227984,1.2869958142853446,0.7674368308236202,2.641762714087963,0.9499998688697816,0.0500000081956386,fixed,0.05,0.05,0.05,0.02,0.5,anchor,local_mix,none,True,stage4,fixed_beta_0.05_bad0.1,results/experiments/neighbormix_beta_mechanism_20260617/stage4/Tosches/fixed_beta_0.05_bad0.1/seed1,
pca_cosine_knn_bad_edge_injected_0.1,5,4.540112495422363,1.0,0.8230979442596436,0.3346357643604278,0.2621731675953708,0.0742683932185173,0.1015631556510925,0.8997964262962341,0.3002712726593017,0.1002036005143592,0.4115409344192027,5.0,61.0,15.0,50.0,0.1,0.1002036005143592,0.8033754822117445,0.8899770379066467,0.8091806471347809,Tosches,2,fixed_beta_0.05_bad0.1,1.0,1.0,3.9888135039054378,1.2878229272655315,0.771259037239684,2.6459800430470044,0.9499998688697816,0.0500000081956386,fixed,0.05,0.05,0.05,0.02,0.5,anchor,local_mix,none,True,stage4,fixed_beta_0.05_bad0.1,results/experiments/neighbormix_beta_mechanism_20260617/stage4/Tosches/fixed_beta_0.05_bad0.1/seed2,
pca_cosine_knn_bad_edge_injected_0.2,5,4.093173980712891,1.0,0.7189735174179077,0.4467649459838867,0.2077368195456493,0.0515238121151924,0.0847759619355201,0.8006858229637146,0.3994847238063812,0.1993141877411058,0.6717209601371624,5.0,53.0,15.0,50.0,0.2,0.1993141877411058,0.7145306472353193,0.8853003978729248,0.807982474565506,Tosches,0,fixed_beta_0.05_bad0.2,1.0,1.0,3.978997293646919,1.2998511456574005,0.7758086212703752,2.6773114145422974,0.9499998688697816,0.0500000081956386,fixed,0.05,0.05,0.05,0.02,0.5,anchor,local_mix,none,True,stage4,fixed_beta_0.05_bad0.2,results/experiments/neighbormix_beta_mechanism_20260617/stage4/Tosches/fixed_beta_0.05_bad0.2/seed0,
pca_cosine_knn_bad_edge_injected_0.2,5,4.088358879089356,1.0,0.7178967595100403,0.4477085173130035,0.207329618516931,0.0511421225965023,0.0849529206752777,0.7999143004417419,0.4000642895698547,0.2000857265323617,0.6734890698671239,5.0,52.0,14.0,50.0,0.2,0.2000857265323617,0.7139198456922418,0.886030912399292,0.8058590590953827,Tosches,1,fixed_beta_0.05_bad0.2,1.0,1.0,3.979138328513648,1.2996154697198008,0.7747886527950565,2.673208739339478,0.9499998688697816,0.0500000081956386,fixed,0.05,0.05,0.05,0.02,0.5,anchor,local_mix,none,True,stage4,fixed_beta_0.05_bad0.2,results/experiments/neighbormix_beta_mechanism_20260617/stage4/Tosches/fixed_beta_0.05_bad0.2/seed1,
pca_cosine_knn_bad_edge_injected_0.2,5,4.071096897125244,1.0,0.7134886980056763,0.4518036842346191,0.2055293613373339,0.0509483069181442,0.0848122239112854,0.7962065935134888,0.4028171300888061,0.2037933990570081,0.67766823831976,5.0,49.0,14.0,50.0,0.2,0.2037933990570081,0.7105015002143164,0.8850521445274353,0.8077260255813599,Tosches,2,fixed_beta_0.05_bad0.2,1.0,1.0,3.979072560143059,1.3007216744331849,0.7790362000103211,2.6747073989154564,0.9499998688697816,0.0500000081956386,fixed,0.05,0.05,0.05,0.02,0.5,anchor,local_mix,none,True,stage4,fixed_beta_0.05_bad0.2,results/experiments/neighbormix_beta_mechanism_20260617/stage4/Tosches/fixed_beta_0.05_bad0.2/seed2,
pca_cosine_knn_bad_edge_injected_0.4,5,3.2141242027282715,1.0,0.5070966482162476,0.5576948523521423,0.1163309044149164,0.0208058860152959,0.05275858938694,0.5995284914970398,0.4899939596652984,0.4004714959279897,0.921988855550793,5.0,37.0,12.0,50.0,0.4,0.4004714959279897,0.5354264894984998,0.8657663464546204,0.7935658991336823,Tosches,0,fixed_beta_0.05_bad0.4,1.0,1.0,3.949455537742229,1.3410585225870213,0.8040761773319293,2.7581511803385284,0.9499998688697816,0.0500000081956386,fixed,0.05,0.05,0.05,0.02,0.5,anchor,local_mix,none,True,stage4,fixed_beta_0.05_bad0.4,results/experiments/neighbormix_beta_mechanism_20260617/stage4/Tosches/fixed_beta_0.05_bad0.4/seed0,
pca_cosine_knn_bad_edge_injected_0.4,5,3.231647729873657,1.0,0.5111096501350403,0.5559273958206177,0.1181633090441491,0.0209739133715629,0.0526721179485321,0.6024860739707947,0.4893838763236999,0.3975139305615088,0.922524646378054,5.0,36.0,12.0,50.0,0.4,0.3975139305615088,0.537912558936991,0.8649680018424988,0.7989635169506073,Tosches,1,fixed_beta_0.05_bad0.4,1.0,1.0,3.95019970204912,1.3419049284317426,0.8100291894386625,2.770077765691612,0.9499998688697816,0.0500000081956386,fixed,0.05,0.05,0.05,0.02,0.5,anchor,local_mix,none,True,stage4,fixed_beta_0.05_bad0.4,results/experiments/neighbormix_beta_mechanism_20260617/stage4/Tosches/fixed_beta_0.05_bad0.4/seed1,
pca_cosine_knn_bad_edge_injected_0.4,5,3.23071837425232,1.0,0.5110844373703003,0.5563894510269165,0.1161380197171024,0.020979868248105,0.0529002360999584,0.6029682755470276,0.4892826378345489,0.3970317188169738,0.9217209601371624,5.0,40.0,12.0,50.0,0.4,0.3970317188169738,0.5382447492498929,0.8654329180717468,0.7871656119823456,Tosches,2,fixed_beta_0.05_bad0.4,1.0,1.0,3.949574825325618,1.340441906493571,0.8058220230198156,2.7633840761043955,0.9499998688697816,0.0500000081956386,fixed,0.05,0.05,0.05,0.02,0.5,anchor,local_mix,none,True,stage4,fixed_beta_0.05_bad0.4,results/experiments/neighbormix_beta_mechanism_20260617/stage4/Tosches/fixed_beta_0.05_bad0.4/seed2,
pca_cosine_knn,5,4.993261814117432,1.0,0.9280492067337036,0.0460587814450264,0.3246678096870981,0.1042781248688697,0.1192926988005638,1.0,0.0,0.0,0.0,5.0,64.0,16.0,50.0,0.0,0.0,0.8928525503643377,0.8931488990783691,0.8116998821496964,Tosches,0,fixed_beta_0.1_bad0,1.0,1.0,3.9960245146376137,2.556108536364304,1.5256770471835304,5.254894610577159,0.8999998569488525,0.1000000163912773,fixed,0.1,0.1,0.05,0.02,0.5,anchor,local_mix,none,False,stage4,fixed_beta_0.1_bad0,results/experiments/neighbormix_beta_mechanism_20260617/stage4/Tosches/fixed_beta_0.1_bad0/seed0,
pca_cosine_knn,5,4.993261814117432,1.0,0.9280492067337036,0.0460587814450264,0.3246678096870981,0.1042781248688697,0.1192926988005638,1.0,0.0,0.0,0.0,5.0,64.0,16.0,50.0,0.0,0.0,0.8928525503643377,0.8931488990783691,0.8116998821496964,Tosches,1,fixed_beta_0.1_bad0,1.0,1.0,3.996006821623874,2.5564708264751568,1.52587431875161,5.252822008604804,0.8999998569488525,0.1000000163912773,fixed,0.1,0.1,0.05,0.02,0.5,anchor,local_mix,none,False,stage4,fixed_beta_0.1_bad0,results/experiments/neighbormix_beta_mechanism_20260617/stage4/Tosches/fixed_beta_0.1_bad0/seed1,
pca_cosine_knn,5,4.993261814117432,1.0,0.9280492067337036,0.0460587814450264,0.3246678096870981,0.1042781248688697,0.1192926988005638,1.0,0.0,0.0,0.0,5.0,64.0,16.0,50.0,0.0,0.0,0.8928525503643377,0.8931488990783691,0.8116998821496964,Tosches,2,fixed_beta_0.1_bad0,1.0,1.0,3.9960101378770942,2.5564226602928506,1.5263690060521995,5.253125404607919,0.8999998569488525,0.1000000163912773,fixed,0.1,0.1,0.05,0.02,0.5,anchor,local_mix,none,False,stage4,fixed_beta_0.1_bad0,results/experiments/neighbormix_beta_mechanism_20260617/stage4/Tosches/fixed_beta_0.1_bad0/seed2,
pca_cosine_knn_bad_edge_injected_0.1,5,4.538888454437256,1.0,0.8230586051940918,0.3344820141792297,0.26262323189027,0.0742062255740165,0.1017852127552032,0.8996142148971558,0.3005136549472809,0.1003857693956279,0.4117552507501071,5.0,56.0,15.0,50.0,0.1,0.1003857693956279,0.8031183026146592,0.8900524973869324,0.812506914138794,Tosches,0,fixed_beta_0.1_bad0.1,1.0,1.0,3.988506898327927,2.5757342767384315,1.539097313862294,5.296517477391495,0.8999998569488525,0.1000000163912773,fixed,0.1,0.1,0.05,0.02,0.5,anchor,local_mix,none,True,stage4,fixed_beta_0.1_bad0.1,results/experiments/neighbormix_beta_mechanism_20260617/stage4/Tosches/fixed_beta_0.1_bad0.1/seed0,
pca_cosine_knn_bad_edge_injected_0.1,5,4.544603824615479,1.0,0.8241291046142578,0.3334295153617859,0.2625803686240892,0.0750285387039184,0.1023842021822929,0.9009965658187866,0.2986665964126587,0.0990034290612944,0.406504500642949,5.0,59.0,15.0,50.0,0.1,0.0990034290612944,0.8044792113159023,0.8901215195655823,0.8051191866397858,Tosches,1,fixed_beta_0.1_bad0.1,1.0,1.0,3.9887127635227984,2.5739916283223367,1.5348737217071984,5.283525395517548,0.8999998569488525,0.1000000163912773,fixed,0.1,0.1,0.05,0.02,0.5,anchor,local_mix,none,True,stage4,fixed_beta_0.1_bad0.1,results/experiments/neighbormix_beta_mechanism_20260617/stage4/Tosches/fixed_beta_0.1_bad0.1/seed1,
pca_cosine_knn_bad_edge_injected_0.1,5,4.540112495422363,1.0,0.8230979442596436,0.3346357643604278,0.2621731675953708,0.0742683932185173,0.1015631556510925,0.8997964262962341,0.3002712726593017,0.1002036005143592,0.4115409344192027,5.0,61.0,15.0,50.0,0.1,0.1002036005143592,0.8033754822117445,0.8899770379066467,0.8091806471347809,Tosches,2,fixed_beta_0.1_bad0.1,1.0,1.0,3.9888135039054378,2.575645854572455,1.5425181328732935,5.291960002481938,0.8999998569488525,0.1000000163912773,fixed,0.1,0.1,0.05,0.02,0.5,anchor,local_mix,none,True,stage4,fixed_beta_0.1_bad0.1,results/experiments/neighbormix_beta_mechanism_20260617/stage4/Tosches/fixed_beta_0.1_bad0.1/seed2,
pca_cosine_knn_bad_edge_injected_0.2,5,4.093173980712891,1.0,0.7189735174179077,0.4467649459838867,0.2077368195456493,0.0515238121151924,0.0847759619355201,0.8006858229637146,0.3994847238063812,0.1993141877411058,0.6717209601371624,5.0,53.0,15.0,50.0,0.2,0.1993141877411058,0.7145306472353193,0.8853003978729248,0.807982474565506,Tosches,0,fixed_beta_0.1_bad0.2,1.0,1.0,3.978997293646919,2.5997022918942903,1.55161730458753,5.3546227313578125,0.8999998569488525,0.1000000163912773,fixed,0.1,0.1,0.05,0.02,0.5,anchor,local_mix,none,True,stage4,fixed_beta_0.1_bad0.2,results/experiments/neighbormix_beta_mechanism_20260617/stage4/Tosches/fixed_beta_0.1_bad0.2/seed0,
pca_cosine_knn_bad_edge_injected_0.2,5,4.088358879089356,1.0,0.7178967595100403,0.4477085173130035,0.207329618516931,0.0511421225965023,0.0849529206752777,0.7999143004417419,0.4000642895698547,0.2000857265323617,0.6734890698671239,5.0,52.0,14.0,50.0,0.2,0.2000857265323617,0.7139198456922418,0.886030912399292,0.8058590590953827,Tosches,1,fixed_beta_0.1_bad0.2,1.0,1.0,3.979138328513648,2.599230938735935,1.5495773655672866,5.346417423047954,0.8999998569488525,0.1000000163912773,fixed,0.1,0.1,0.05,0.02,0.5,anchor,local_mix,none,True,stage4,fixed_beta_0.1_bad0.2,results/experiments/neighbormix_beta_mechanism_20260617/stage4/Tosches/fixed_beta_0.1_bad0.2/seed1,
pca_cosine_knn_bad_edge_injected_0.2,5,4.071096897125244,1.0,0.7134886980056763,0.4518036842346191,0.2055293613373339,0.0509483069181442,0.0848122239112854,0.7962065935134888,0.4028171300888061,0.2037933990570081,0.67766823831976,5.0,49.0,14.0,50.0,0.2,0.2037933990570081,0.7105015002143164,0.8850521445274353,0.8077260255813599,Tosches,2,fixed_beta_0.1_bad0.2,1.0,1.0,3.979072560143059,2.601443350315094,1.5580724601219926,5.349414750768078,0.8999998569488525,0.1000000163912773,fixed,0.1,0.1,0.05,0.02,0.5,anchor,local_mix,none,True,stage4,fixed_beta_0.1_bad0.2,results/experiments/neighbormix_beta_mechanism_20260617/stage4/Tosches/fixed_beta_0.1_bad0.2/seed2,
pca_cosine_knn_bad_edge_injected_0.4,5,3.2141242027282715,1.0,0.5070966482162476,0.5576948523521423,0.1163309044149164,0.0208058860152959,0.05275858938694,0.5995284914970398,0.4899939596652984,0.4004714959279897,0.921988855550793,5.0,37.0,12.0,50.0,0.4,0.4004714959279897,0.5354264894984998,0.8657663464546204,0.7935658991336823,Tosches,0,fixed_beta_0.1_bad0.4,1.0,1.0,3.949455537742229,2.6821170475747853,1.6081524130681324,5.516302276030183,0.8999998569488525,0.1000000163912773,fixed,0.1,0.1,0.05,0.02,0.5,anchor,local_mix,none,True,stage4,fixed_beta_0.1_bad0.4,results/experiments/neighbormix_beta_mechanism_20260617/stage4/Tosches/fixed_beta_0.1_bad0.4/seed0,
pca_cosine_knn_bad_edge_injected_0.4,5,3.231647729873657,1.0,0.5111096501350403,0.5559273958206177,0.1181633090441491,0.0209739133715629,0.0526721179485321,0.6024860739707947,0.4893838763236999,0.3975139305615088,0.922524646378054,5.0,36.0,12.0,50.0,0.4,0.3975139305615088,0.537912558936991,0.8649680018424988,0.7989635169506073,Tosches,1,fixed_beta_0.1_bad0.4,1.0,1.0,3.95019970204912,2.683809855621722,1.6200584365261923,5.5401554629620575,0.8999998569488525,0.1000000163912773,fixed,0.1,0.1,0.05,0.02,0.5,anchor,local_mix,none,True,stage4,fixed_beta_0.1_bad0.4,results/experiments/neighbormix_beta_mechanism_20260617/stage4/Tosches/fixed_beta_0.1_bad0.4/seed1,
pca_cosine_knn_bad_edge_injected_0.4,5,3.23071837425232,1.0,0.5110844373703003,0.5563894510269165,0.1161380197171024,0.020979868248105,0.0529002360999584,0.6029682755470276,0.4892826378345489,0.3970317188169738,0.9217209601371624,5.0,40.0,12.0,50.0,0.4,0.3970317188169738,0.5382447492498929,0.8654329180717468,0.7871656119823456,Tosches,2,fixed_beta_0.1_bad0.4,1.0,1.0,3.949574825325618,2.6808838166710403,1.6116441042058995,5.526768090451757,0.8999998569488525,0.1000000163912773,fixed,0.1,0.1,0.05,0.02,0.5,anchor,local_mix,none,True,stage4,fixed_beta_0.1_bad0.4,results/experiments/neighbormix_beta_mechanism_20260617/stage4/Tosches/fixed_beta_0.1_bad0.4/seed2,
pca_cosine_knn,5,4.993261814117432,1.0,0.9280492067337036,0.0460587814450264,0.3246678096870981,0.1042781248688697,0.1192926988005638,1.0,0.0,0.0,0.0,5.0,64.0,16.0,50.0,0.0,0.0,0.8928525503643377,0.8931488990783691,0.8116998821496964,Tosches,0,random_beta_uniform_0.1_bad0,1.0,1.0,3.9960070725118015,1.2772087420854303,1.1401011416999,3.166815741525756,0.9500035691385468,0.0499964313478105,uniform,0.0999999999999999,0.1,0.05,0.02,0.5,anchor,local_mix,none,False,stage4,random_beta_uniform_0.1_bad0,results/experiments/neighbormix_beta_mechanism_20260617/stage4/Tosches/random_beta_uniform_0.1_bad0/seed0,
pca_cosine_knn,5,4.993261814117432,1.0,0.9280492067337036,0.0460587814450264,0.3246678096870981,0.1042781248688697,0.1192926988005638,1.0,0.0,0.0,0.0,5.0,64.0,16.0,50.0,0.0,0.0,0.8928525503643377,0.8931488990783691,0.8116998821496964,Tosches,1,random_beta_uniform_0.1_bad0,1.0,1.0,3.9960192011883593,1.277636260829038,1.1427753283745712,3.166754414472315,0.9500070058430234,0.0499929940366807,uniform,0.0999999999999999,0.1,0.05,0.02,0.5,anchor,local_mix,none,False,stage4,random_beta_uniform_0.1_bad0,results/experiments/neighbormix_beta_mechanism_20260617/stage4/Tosches/random_beta_uniform_0.1_bad0/seed1,
pca_cosine_knn,5,4.993261814117432,1.0,0.9280492067337036,0.0460587814450264,0.3246678096870981,0.1042781248688697,0.1192926988005638,1.0,0.0,0.0,0.0,5.0,64.0,16.0,50.0,0.0,0.0,0.8928525503643377,0.8931488990783691,0.8116998821496964,Tosches,2,random_beta_uniform_0.1_bad0,1.0,1.0,3.996011266917158,1.2764975683556663,1.1430869948015443,3.164666758105158,0.9500556997747884,0.0499443000997416,uniform,0.0999999999999999,0.1,0.05,0.02,0.5,anchor,local_mix,none,False,stage4,random_beta_uniform_0.1_bad0,results/experiments/neighbormix_beta_mechanism_20260617/stage4/Tosches/random_beta_uniform_0.1_bad0/seed2,
pca_cosine_knn_bad_edge_injected_0.1,5,4.538888454437256,1.0,0.8230586051940918,0.3344820141792297,0.26262323189027,0.0742062255740165,0.1017852127552032,0.8996142148971558,0.3005136549472809,0.1003857693956279,0.4117552507501071,5.0,56.0,15.0,50.0,0.1,0.1003857693956279,0.8031183026146592,0.8900524973869324,0.812506914138794,Tosches,0,random_beta_uniform_0.1_bad0.1,1.0,1.0,3.9886299635051374,1.2868458142297137,1.149187293400367,3.193152441167169,0.9500035691385468,0.0499964313478105,uniform,0.0999999999999999,0.1,0.05,0.02,0.5,anchor,local_mix,none,True,stage4,random_beta_uniform_0.1_bad0.1,results/experiments/neighbormix_beta_mechanism_20260617/stage4/Tosches/random_beta_uniform_0.1_bad0.1/seed0,
pca_cosine_knn_bad_edge_injected_0.1,5,4.544603824615479,1.0,0.8241291046142578,0.3334295153617859,0.2625803686240892,0.0750285387039184,0.1023842021822929,0.9009965658187866,0.2986665964126587,0.0990034290612944,0.406504500642949,5.0,59.0,15.0,50.0,0.1,0.0990034290612944,0.8044792113159023,0.8901215195655823,0.8051191866397858,Tosches,1,random_beta_uniform_0.1_bad0.1,1.0,1.0,3.988646969055537,1.286424598987732,1.150304632137219,3.1909946325338545,0.9500070058430234,0.0499929940366807,uniform,0.0999999999999999,0.1,0.05,0.02,0.5,anchor,local_mix,none,True,stage4,random_beta_uniform_0.1_bad0.1,results/experiments/neighbormix_beta_mechanism_20260617/stage4/Tosches/random_beta_uniform_0.1_bad0.1/seed1,
pca_cosine_knn_bad_edge_injected_0.1,5,4.540112495422363,1.0,0.8230979442596436,0.3346357643604278,0.2621731675953708,0.0742683932185173,0.1015631556510925,0.8997964262962341,0.3002712726593017,0.1002036005143592,0.4115409344192027,5.0,61.0,15.0,50.0,0.1,0.1002036005143592,0.8033754822117445,0.8899770379066467,0.8091806471347809,Tosches,2,random_beta_uniform_0.1_bad0.1,1.0,1.0,3.988787224414332,1.2861453280059827,1.153764419909567,3.191064229483406,0.9500556997747884,0.0499443000997416,uniform,0.0999999999999999,0.1,0.05,0.02,0.5,anchor,local_mix,none,True,stage4,random_beta_uniform_0.1_bad0.1,results/experiments/neighbormix_beta_mechanism_20260617/stage4/Tosches/random_beta_uniform_0.1_bad0.1/seed2,
pca_cosine_knn_bad_edge_injected_0.2,5,4.093173980712891,1.0,0.7189735174179077,0.4467649459838867,0.2077368195456493,0.0515238121151924,0.0847759619355201,0.8006858229637146,0.3994847238063812,0.1993141877411058,0.6717209601371624,5.0,53.0,15.0,50.0,0.2,0.1993141877411058,0.7145306472353193,0.8853003978729248,0.807982474565506,Tosches,0,random_beta_uniform_0.1_bad0.2,1.0,1.0,3.978871237610986,1.2991092909334434,1.1599403119335574,3.22484254071282,0.9500035691385468,0.0499964313478105,uniform,0.0999999999999999,0.1,0.05,0.02,0.5,anchor,local_mix,none,True,stage4,random_beta_uniform_0.1_bad0.2,results/experiments/neighbormix_beta_mechanism_20260617/stage4/Tosches/random_beta_uniform_0.1_bad0.2/seed0,
pca_cosine_knn_bad_edge_injected_0.2,5,4.088358879089356,1.0,0.7178967595100403,0.4477085173130035,0.207329618516931,0.0511421225965023,0.0849529206752777,0.7999143004417419,0.4000642895698547,0.2000857265323617,0.6734890698671239,5.0,52.0,14.0,50.0,0.2,0.2000857265323617,0.7139198456922418,0.886030912399292,0.8058590590953827,Tosches,1,random_beta_uniform_0.1_bad0.2,1.0,1.0,3.979258200449518,1.2987772921928102,1.1603486826436389,3.2224512965314918,0.9500070058430234,0.0499929940366807,uniform,0.0999999999999999,0.1,0.05,0.02,0.5,anchor,local_mix,none,True,stage4,random_beta_uniform_0.1_bad0.2,results/experiments/neighbormix_beta_mechanism_20260617/stage4/Tosches/random_beta_uniform_0.1_bad0.2/seed1,
pca_cosine_knn_bad_edge_injected_0.2,5,4.071096897125244,1.0,0.7134886980056763,0.4518036842346191,0.2055293613373339,0.0509483069181442,0.0848122239112854,0.7962065935134888,0.4028171300888061,0.2037933990570081,0.67766823831976,5.0,49.0,14.0,50.0,0.2,0.2037933990570081,0.7105015002143164,0.8850521445274353,0.8077260255813599,Tosches,2,random_beta_uniform_0.1_bad0.2,1.0,1.0,3.97891823839344,1.2988206577176848,1.1653050583580302,3.224136035847996,0.9500556997747884,0.0499443000997416,uniform,0.0999999999999999,0.1,0.05,0.02,0.5,anchor,local_mix,none,True,stage4,random_beta_uniform_0.1_bad0.2,results/experiments/neighbormix_beta_mechanism_20260617/stage4/Tosches/random_beta_uniform_0.1_bad0.2/seed2,
pca_cosine_knn_bad_edge_injected_0.4,5,3.2141242027282715,1.0,0.5070966482162476,0.5576948523521423,0.1163309044149164,0.0208058860152959,0.05275858938694,0.5995284914970398,0.4899939596652984,0.4004714959279897,0.921988855550793,5.0,37.0,12.0,50.0,0.4,0.4004714959279897,0.5354264894984998,0.8657663464546204,0.7935658991336823,Tosches,0,random_beta_uniform_0.1_bad0.4,1.0,1.0,3.949309222307214,1.3398759805286926,1.1990265329989294,3.334847011831072,0.9500035691385468,0.0499964313478105,uniform,0.0999999999999999,0.1,0.05,0.02,0.5,anchor,local_mix,none,True,stage4,random_beta_uniform_0.1_bad0.4,results/experiments/neighbormix_beta_mechanism_20260617/stage4/Tosches/random_beta_uniform_0.1_bad0.4/seed0,
pca_cosine_knn_bad_edge_injected_0.4,5,3.231647729873657,1.0,0.5111096501350403,0.5559273958206177,0.1181633090441491,0.0209739133715629,0.0526721179485321,0.6024860739707947,0.4893838763236999,0.3975139305615088,0.922524646378054,5.0,36.0,12.0,50.0,0.4,0.3975139305615088,0.537912558936991,0.8649680018424988,0.7989635169506073,Tosches,1,random_beta_uniform_0.1_bad0.4,1.0,1.0,3.950299560161251,1.3410656979307531,1.2070753280176885,3.342777781147096,0.9500070058430234,0.0499929940366807,uniform,0.0999999999999999,0.1,0.05,0.02,0.5,anchor,local_mix,none,True,stage4,random_beta_uniform_0.1_bad0.4,results/experiments/neighbormix_beta_mechanism_20260617/stage4/Tosches/random_beta_uniform_0.1_bad0.4/seed1,
pca_cosine_knn_bad_edge_injected_0.4,5,3.23071837425232,1.0,0.5110844373703003,0.5563894510269165,0.1161380197171024,0.020979868248105,0.0529002360999584,0.6029682755470276,0.4892826378345489,0.3970317188169738,0.9217209601371624,5.0,40.0,12.0,50.0,0.4,0.3970317188169738,0.5382447492498929,0.8654329180717468,0.7871656119823456,Tosches,2,random_beta_uniform_0.1_bad0.4,1.0,1.0,3.9492606660378535,1.3386400654291113,1.2032224440119337,3.333733271973,0.9500556997747884,0.0499443000997416,uniform,0.0999999999999999,0.1,0.05,0.02,0.5,anchor,local_mix,none,True,stage4,random_beta_uniform_0.1_bad0.4,results/experiments/neighbormix_beta_mechanism_20260617/stage4/Tosches/random_beta_uniform_0.1_bad0.4/seed2,
pca_cosine_knn,5,4.936015605926514,1.0,0.8006296753883362,0.1239117980003357,0.3220735785953177,0.1898256987333297,0.1707164049148559,1.0,0.0,0.0,0.0,5.0,56.0,16.0,50.0,0.0,0.0,0.8391304347826087,0.840212345123291,0.9505194226900736,worm_neuron_cell,0,fixed_beta_0.05_bad0,1.0,1.0,3.961888514949595,1.408175754826516,0.7131575036328286,2.7336175832897425,0.9499998688697816,0.0500000081956386,fixed,0.05,0.05,0.05,0.02,0.5,anchor,local_mix,none,False,stage4,fixed_beta_0.05_bad0,results/experiments/neighbormix_beta_mechanism_20260617/stage4/worm_neuron_cell/fixed_beta_0.05_bad0/seed0,
pca_cosine_knn,5,4.934866428375244,1.0,0.8006459474563599,0.1244399473071098,0.3213569039655996,0.1901690512895584,0.169335126876831,1.0,0.0,0.0,0.0,5.0,61.0,16.75,50.0,0.0,0.0,0.8363592928810321,0.8372862339019775,0.9460172653198242,worm_neuron_cell,1,fixed_beta_0.05_bad0,1.0,1.0,3.961453991295224,1.4090297597460448,0.7141091338824481,2.7409400450065733,0.9499998688697816,0.0500000081956386,fixed,0.05,0.05,0.05,0.02,0.5,anchor,local_mix,none,False,stage4,fixed_beta_0.05_bad0,results/experiments/neighbormix_beta_mechanism_20260617/stage4/worm_neuron_cell/fixed_beta_0.05_bad0/seed1,
pca_cosine_knn,5,4.937593460083008,1.0,0.7998592853546143,0.1243199482560157,0.3258002866698519,0.1881612241268158,0.168255016207695,1.0,0.0,0.0,0.0,5.0,59.0,16.0,50.0,0.0,0.0,0.8337314859053989,0.8347968459129333,0.9486454327901204,worm_neuron_cell,2,fixed_beta_0.05_bad0,1.0,1.0,3.962847941419189,1.410911493282765,0.7167247121687979,2.7443012351170184,0.9499998688697816,0.0500000081956386,fixed,0.05,0.05,0.05,0.02,0.5,anchor,local_mix,none,False,stage4,fixed_beta_0.05_bad0,results/experiments/neighbormix_beta_mechanism_20260617/stage4/worm_neuron_cell/fixed_beta_0.05_bad0/seed2,
pca_cosine_knn_bad_edge_injected_0.1,5,4.484787940979004,1.0,0.7157384753227234,0.2783142030239105,0.258337314859054,0.1307775825262069,0.1448864340782165,0.8968466520309448,0.3041591048240661,0.1031533683707596,0.4168657429526994,5.0,54.0,15.0,50.0,0.1,0.1031533683707596,0.7521739130434782,0.8371959924697876,0.9476320147514344,worm_neuron_cell,0,fixed_beta_0.05_bad0.1,1.0,1.0,3.952973235749448,1.4212808892130853,0.7210098402108998,2.764178462326526,0.9499998688697816,0.0500000081956386,fixed,0.05,0.05,0.05,0.02,0.5,anchor,local_mix,none,True,stage4,fixed_beta_0.05_bad0.1,results/experiments/neighbormix_beta_mechanism_20260617/stage4/worm_neuron_cell/fixed_beta_0.05_bad0.1/seed0,
pca_cosine_knn_bad_edge_injected_0.1,5,4.513662338256836,1.0,0.7213517427444458,0.2740037739276886,0.2618729096989967,0.1355140805244445,0.1472571343183517,0.9037744998931884,0.2949002385139465,0.0962255136168179,0.3967988533205924,5.0,59.0,15.0,50.0,0.1,0.0962255136168179,0.7563306258958433,0.8348109722137451,0.943822979927063,worm_neuron_cell,1,fixed_beta_0.05_bad0.1,1.0,1.0,3.9535050770492512,1.420931283570826,0.722961300984025,2.776335170306265,0.9499998688697816,0.0500000081956386,fixed,0.05,0.05,0.05,0.02,0.5,anchor,local_mix,none,True,stage4,fixed_beta_0.05_bad0.1,results/experiments/neighbormix_beta_mechanism_20260617/stage4/worm_neuron_cell/fixed_beta_0.05_bad0.1/seed1,
pca_cosine_knn_bad_edge_injected_0.1,5,4.514284610748291,1.0,0.719956636428833,0.2728869915008545,0.2675107501194457,0.1342811286449432,0.1458077877759933,0.903105616569519,0.2958139181137085,0.0968944099378882,0.3970377448638318,5.0,50.0,15.75,50.0,0.1,0.0968944099378882,0.7527472527472527,0.8325220942497253,0.9473129510879515,worm_neuron_cell,2,fixed_beta_0.05_bad0.1,1.0,1.0,3.954408822765912,1.4194821876473724,0.7190502970013768,2.757742149196565,0.9499998688697816,0.0500000081956386,fixed,0.05,0.05,0.05,0.02,0.5,anchor,local_mix,none,True,stage4,fixed_beta_0.05_bad0.1,results/experiments/neighbormix_beta_mechanism_20260617/stage4/worm_neuron_cell/fixed_beta_0.05_bad0.1/seed2,
pca_cosine_knn_bad_edge_injected_0.2,5,4.043347358703613,1.0,0.6322254538536072,0.3549861907958984,0.2049689440993788,0.0894633680582046,0.120783507823944,0.7944099307060242,0.4041321575641632,0.2055900621118012,0.6801242236024845,5.0,44.0,14.0,50.0,0.2,0.2055900621118012,0.6679407548972767,0.8337255120277405,0.9464753667513528,worm_neuron_cell,0,fixed_beta_0.05_bad0.2,1.0,1.0,3.940824897493786,1.4377205687575043,0.7323313882108777,2.812728733755648,0.9499998688697816,0.0500000081956386,fixed,0.05,0.05,0.05,0.02,0.5,anchor,local_mix,none,True,stage4,fixed_beta_0.05_bad0.2,results/experiments/neighbormix_beta_mechanism_20260617/stage4/worm_neuron_cell/fixed_beta_0.05_bad0.2/seed0,
pca_cosine_knn_bad_edge_injected_0.2,5,4.064513683319092,1.0,0.6362035274505615,0.3516012728214264,0.2077400860009555,0.0920475721359252,0.1221578642725944,0.8010988831520081,0.3991734385490417,0.1989010989010989,0.6684185379837554,5.0,47.0,14.0,50.0,0.2,0.1989010989010989,0.6701863354037267,0.8327237367630005,0.940571904182434,worm_neuron_cell,1,fixed_beta_0.05_bad0.2,1.0,1.0,3.940952509565285,1.4366654124110938,0.7297643744852393,2.8182873852550983,0.9499998688697816,0.0500000081956386,fixed,0.05,0.05,0.05,0.02,0.5,anchor,local_mix,none,True,stage4,fixed_beta_0.05_bad0.2,results/experiments/neighbormix_beta_mechanism_20260617/stage4/worm_neuron_cell/fixed_beta_0.05_bad0.2/seed1,
pca_cosine_knn_bad_edge_injected_0.2,5,4.044520378112793,1.0,0.631726086139679,0.3536964952945709,0.2067367415193502,0.0878293290734291,0.1190169304609298,0.7949832677841187,0.4037138521671295,0.2050167224080267,0.6846631629240325,5.0,48.0,14.0,50.0,0.2,0.2050167224080267,0.6626851409460105,0.8281282186508179,0.944636563460032,worm_neuron_cell,2,fixed_beta_0.05_bad0.2,1.0,1.0,3.9412822731421,1.4369109647348524,0.7277901811059564,2.791912889480591,0.9499998688697816,0.0500000081956386,fixed,0.05,0.05,0.05,0.02,0.5,anchor,local_mix,none,True,stage4,fixed_beta_0.05_bad0.2,results/experiments/neighbormix_beta_mechanism_20260617/stage4/worm_neuron_cell/fixed_beta_0.05_bad0.2/seed2,
pca_cosine_knn_bad_edge_injected_0.4,5,3.215904712677002,1.0,0.4650880396366119,0.4237475097179413,0.110606784519828,0.0353137627243995,0.0732525885105133,0.5934543609619141,0.491188645362854,0.4065456282847587,0.9254658385093169,5.0,39.0,12.0,50.0,0.4,0.4065456282847587,0.495078834209269,0.8098325133323669,0.9253767331441244,worm_neuron_cell,0,fixed_beta_0.05_bad0.4,1.0,1.0,3.9027054737251192,1.4835901592858136,0.7499349087011069,2.892274887487292,0.9499998688697816,0.0500000081956386,fixed,0.05,0.05,0.05,0.02,0.5,anchor,local_mix,none,True,stage4,fixed_beta_0.05_bad0.4,results/experiments/neighbormix_beta_mechanism_20260617/stage4/worm_neuron_cell/fixed_beta_0.05_bad0.4/seed0,
pca_cosine_knn_bad_edge_injected_0.4,5,3.2311551570892334,1.0,0.4719459116458893,0.4224827885627746,0.1193502150023889,0.0371678248047828,0.0745307728648185,0.5994744300842285,0.4900049567222595,0.4005255613951266,0.9225991399904444,5.0,42.0,12.0,50.0,0.4,0.4005255613951266,0.5001911132345915,0.8111245036125183,0.9324126839637756,worm_neuron_cell,1,fixed_beta_0.05_bad0.4,1.0,1.0,3.901259224118756,1.4809763367287814,0.7566911512520165,2.91542556360364,0.9499998688697816,0.0500000081956386,fixed,0.05,0.05,0.05,0.02,0.5,anchor,local_mix,none,True,stage4,fixed_beta_0.05_bad0.4,results/experiments/neighbormix_beta_mechanism_20260617/stage4/worm_neuron_cell/fixed_beta_0.05_bad0.4/seed1,
pca_cosine_knn_bad_edge_injected_0.4,5,3.256338596343994,1.0,0.4754300415515899,0.4217447936534881,0.1180124223602484,0.037724956870079,0.0757410153746604,0.6067845225334167,0.4884639978408813,0.3932154801720019,0.9190157668418538,5.0,45.0,12.0,50.0,0.4,0.3932154801720019,0.5040133779264214,0.8105444312095642,0.9226972460746764,worm_neuron_cell,2,fixed_beta_0.05_bad0.4,1.0,1.0,3.906500955501835,1.4767847967334091,0.7490703085903079,2.886558359116316,0.9499998688697816,0.0500000081956386,fixed,0.05,0.05,0.05,0.02,0.5,anchor,local_mix,none,True,stage4,fixed_beta_0.05_bad0.4,results/experiments/neighbormix_beta_mechanism_20260617/stage4/worm_neuron_cell/fixed_beta_0.05_bad0.4/seed2,
pca_cosine_knn,5,4.936015605926514,1.0,0.8006296753883362,0.1239117980003357,0.3220735785953177,0.1898256987333297,0.1707164049148559,1.0,0.0,0.0,0.0,5.0,56.0,16.0,50.0,0.0,0.0,0.8391304347826087,0.840212345123291,0.9505194226900736,worm_neuron_cell,0,fixed_beta_0.1_bad0,1.0,1.0,3.961888514949595,2.81635149307549,1.4263150195591152,5.467235065624118,0.8999998569488525,0.1000000163912773,fixed,0.1,0.1,0.05,0.02,0.5,anchor,local_mix,none,False,stage4,fixed_beta_0.1_bad0,results/experiments/neighbormix_beta_mechanism_20260617/stage4/worm_neuron_cell/fixed_beta_0.1_bad0/seed0,
pca_cosine_knn,5,4.934866428375244,1.0,0.8006459474563599,0.1244399473071098,0.3213569039655996,0.1901690512895584,0.169335126876831,1.0,0.0,0.0,0.0,5.0,61.0,16.75,50.0,0.0,0.0,0.8363592928810321,0.8372862339019775,0.9460172653198242,worm_neuron_cell,1,fixed_beta_0.1_bad0,1.0,1.0,3.961453991295224,2.8180594947189093,1.4282182813622055,5.481879941001535,0.8999998569488525,0.1000000163912773,fixed,0.1,0.1,0.05,0.02,0.5,anchor,local_mix,none,False,stage4,fixed_beta_0.1_bad0,results/experiments/neighbormix_beta_mechanism_20260617/stage4/worm_neuron_cell/fixed_beta_0.1_bad0/seed1,
pca_cosine_knn,5,4.937593460083008,1.0,0.7998592853546143,0.1243199482560157,0.3258002866698519,0.1881612241268158,0.168255016207695,1.0,0.0,0.0,0.0,5.0,59.0,16.0,50.0,0.0,0.0,0.8337314859053989,0.8347968459129333,0.9486454327901204,worm_neuron_cell,2,fixed_beta_0.1_bad0,1.0,1.0,3.962847941419189,2.821822969056666,1.433449440822005,5.488602402806282,0.8999998569488525,0.1000000163912773,fixed,0.1,0.1,0.05,0.02,0.5,anchor,local_mix,none,False,stage4,fixed_beta_0.1_bad0,results/experiments/neighbormix_beta_mechanism_20260617/stage4/worm_neuron_cell/fixed_beta_0.1_bad0/seed2,
pca_cosine_knn_bad_edge_injected_0.1,5,4.484787940979004,1.0,0.7157384753227234,0.2783142030239105,0.258337314859054,0.1307775825262069,0.1448864340782165,0.8968466520309448,0.3041591048240661,0.1031533683707596,0.4168657429526994,5.0,54.0,15.0,50.0,0.1,0.1031533683707596,0.7521739130434782,0.8371959924697876,0.9476320147514344,worm_neuron_cell,0,fixed_beta_0.1_bad0.1,1.0,1.0,3.952973235749448,2.842561754025519,1.4420196864753962,5.528356853872538,0.8999998569488525,0.1000000163912773,fixed,0.1,0.1,0.05,0.02,0.5,anchor,local_mix,none,True,stage4,fixed_beta_0.1_bad0.1,results/experiments/neighbormix_beta_mechanism_20260617/stage4/worm_neuron_cell/fixed_beta_0.1_bad0.1/seed0,
pca_cosine_knn_bad_edge_injected_0.1,5,4.513662338256836,1.0,0.7213517427444458,0.2740037739276886,0.2618729096989967,0.1355140805244445,0.1472571343183517,0.9037744998931884,0.2949002385139465,0.0962255136168179,0.3967988533205924,5.0,59.0,15.0,50.0,0.1,0.0962255136168179,0.7563306258958433,0.8348109722137451,0.943822979927063,worm_neuron_cell,1,fixed_beta_0.1_bad0.1,1.0,1.0,3.9535050770492512,2.841862541437149,1.445922614727169,5.552670259028673,0.8999998569488525,0.1000000163912773,fixed,0.1,0.1,0.05,0.02,0.5,anchor,local_mix,none,True,stage4,fixed_beta_0.1_bad0.1,results/experiments/neighbormix_beta_mechanism_20260617/stage4/worm_neuron_cell/fixed_beta_0.1_bad0.1/seed1,
pca_cosine_knn_bad_edge_injected_0.1,5,4.514284610748291,1.0,0.719956636428833,0.2728869915008545,0.2675107501194457,0.1342811286449432,0.1458077877759933,0.903105616569519,0.2958139181137085,0.0968944099378882,0.3970377448638318,5.0,50.0,15.75,50.0,0.1,0.0968944099378882,0.7527472527472527,0.8325220942497253,0.9473129510879515,worm_neuron_cell,2,fixed_beta_0.1_bad0.1,1.0,1.0,3.954408822765912,2.838964351080358,1.438100601825863,5.51548422165215,0.8999998569488525,0.1000000163912773,fixed,0.1,0.1,0.05,0.02,0.5,anchor,local_mix,none,True,stage4,fixed_beta_0.1_bad0.1,results/experiments/neighbormix_beta_mechanism_20260617/stage4/worm_neuron_cell/fixed_beta_0.1_bad0.1/seed2,
pca_cosine_knn_bad_edge_injected_0.2,5,4.043347358703613,1.0,0.6322254538536072,0.3549861907958984,0.2049689440993788,0.0894633680582046,0.120783507823944,0.7944099307060242,0.4041321575641632,0.2055900621118012,0.6801242236024845,5.0,44.0,14.0,50.0,0.2,0.2055900621118012,0.6679407548972767,0.8337255120277405,0.9464753667513528,worm_neuron_cell,0,fixed_beta_0.1_bad0.2,1.0,1.0,3.940824897493786,2.875441120564937,1.4646627916954458,5.625457473099232,0.8999998569488525,0.1000000163912773,fixed,0.1,0.1,0.05,0.02,0.5,anchor,local_mix,none,True,stage4,fixed_beta_0.1_bad0.2,results/experiments/neighbormix_beta_mechanism_20260617/stage4/worm_neuron_cell/fixed_beta_0.1_bad0.2/seed0,
pca_cosine_knn_bad_edge_injected_0.2,5,4.064513683319092,1.0,0.6362035274505615,0.3516012728214264,0.2077400860009555,0.0920475721359252,0.1221578642725944,0.8010988831520081,0.3991734385490417,0.1989010989010989,0.6684185379837554,5.0,47.0,14.0,50.0,0.2,0.1989010989010989,0.6701863354037267,0.8327237367630005,0.940571904182434,worm_neuron_cell,1,fixed_beta_0.1_bad0.2,1.0,1.0,3.940952509565285,2.8733308086171747,1.4595287702046336,5.6365747433155775,0.8999998569488525,0.1000000163912773,fixed,0.1,0.1,0.05,0.02,0.5,anchor,local_mix,none,True,stage4,fixed_beta_0.1_bad0.2,results/experiments/neighbormix_beta_mechanism_20260617/stage4/worm_neuron_cell/fixed_beta_0.1_bad0.2/seed1,
pca_cosine_knn_bad_edge_injected_0.2,5,4.044520378112793,1.0,0.631726086139679,0.3536964952945709,0.2067367415193502,0.0878293290734291,0.1190169304609298,0.7949832677841187,0.4037138521671295,0.2050167224080267,0.6846631629240325,5.0,48.0,14.0,50.0,0.2,0.2050167224080267,0.6626851409460105,0.8281282186508179,0.944636563460032,worm_neuron_cell,2,fixed_beta_0.1_bad0.2,1.0,1.0,3.9412822731421,2.873821911774576,1.4555803835391998,5.583825746178627,0.8999998569488525,0.1000000163912773,fixed,0.1,0.1,0.05,0.02,0.5,anchor,local_mix,none,True,stage4,fixed_beta_0.1_bad0.2,results/experiments/neighbormix_beta_mechanism_20260617/stage4/worm_neuron_cell/fixed_beta_0.1_bad0.2/seed2,
pca_cosine_knn_bad_edge_injected_0.4,5,3.215904712677002,1.0,0.4650880396366119,0.4237475097179413,0.110606784519828,0.0353137627243995,0.0732525885105133,0.5934543609619141,0.491188645362854,0.4065456282847587,0.9254658385093169,5.0,39.0,12.0,50.0,0.4,0.4065456282847587,0.495078834209269,0.8098325133323669,0.9253767331441244,worm_neuron_cell,0,fixed_beta_0.1_bad0.4,1.0,1.0,3.9027054737251192,2.967180301994085,1.499869821034372,5.784549698606133,0.8999998569488525,0.1000000163912773,fixed,0.1,0.1,0.05,0.02,0.5,anchor,local_mix,none,True,stage4,fixed_beta_0.1_bad0.4,results/experiments/neighbormix_beta_mechanism_20260617/stage4/worm_neuron_cell/fixed_beta_0.1_bad0.4/seed0,
pca_cosine_knn_bad_edge_injected_0.4,5,3.2311551570892334,1.0,0.4719459116458893,0.4224827885627746,0.1193502150023889,0.0371678248047828,0.0745307728648185,0.5994744300842285,0.4900049567222595,0.4005255613951266,0.9225991399904444,5.0,42.0,12.0,50.0,0.4,0.4005255613951266,0.5001911132345915,0.8111245036125183,0.9324126839637756,worm_neuron_cell,1,fixed_beta_0.1_bad0.4,1.0,1.0,3.901259224118756,2.9619526697322724,1.5133823468349874,5.830851177871227,0.8999998569488525,0.1000000163912773,fixed,0.1,0.1,0.05,0.02,0.5,anchor,local_mix,none,True,stage4,fixed_beta_0.1_bad0.4,results/experiments/neighbormix_beta_mechanism_20260617/stage4/worm_neuron_cell/fixed_beta_0.1_bad0.4/seed1,
pca_cosine_knn_bad_edge_injected_0.4,5,3.256338596343994,1.0,0.4754300415515899,0.4217447936534881,0.1180124223602484,0.037724956870079,0.0757410153746604,0.6067845225334167,0.4884639978408813,0.3932154801720019,0.9190157668418538,5.0,45.0,12.0,50.0,0.4,0.3932154801720019,0.5040133779264214,0.8105444312095642,0.9226972460746764,worm_neuron_cell,2,fixed_beta_0.1_bad0.4,1.0,1.0,3.906500955501835,2.95356956589967,1.4981406084261837,5.773116635903716,0.8999998569488525,0.1000000163912773,fixed,0.1,0.1,0.05,0.02,0.5,anchor,local_mix,none,True,stage4,fixed_beta_0.1_bad0.4,results/experiments/neighbormix_beta_mechanism_20260617/stage4/worm_neuron_cell/fixed_beta_0.1_bad0.4/seed2,
pca_cosine_knn,5,4.936015605926514,1.0,0.8006296753883362,0.1239117980003357,0.3220735785953177,0.1898256987333297,0.1707164049148559,1.0,0.0,0.0,0.0,5.0,56.0,16.0,50.0,0.0,0.0,0.8391304347826087,0.840212345123291,0.9505194226900736,worm_neuron_cell,0,random_beta_uniform_0.1_bad0,1.0,1.0,3.9619851441880822,1.4078234661370517,1.155228656390682,3.5852778598666197,0.9500518900342284,0.0499481094477232,uniform,0.0999999999999999,0.1,0.05,0.02,0.5,anchor,local_mix,none,False,stage4,random_beta_uniform_0.1_bad0,results/experiments/neighbormix_beta_mechanism_20260617/stage4/worm_neuron_cell/random_beta_uniform_0.1_bad0/seed0,
pca_cosine_knn,5,4.934866428375244,1.0,0.8006459474563599,0.1244399473071098,0.3213569039655996,0.1901690512895584,0.169335126876831,1.0,0.0,0.0,0.0,5.0,61.0,16.75,50.0,0.0,0.0,0.8363592928810321,0.8372862339019775,0.9460172653198242,worm_neuron_cell,1,random_beta_uniform_0.1_bad0,1.0,1.0,3.9616110662303887,1.410462567768991,1.1562852078583092,3.5950797580182554,0.9500112829264252,0.0499887177109485,uniform,0.0999999999999999,0.1,0.05,0.02,0.5,anchor,local_mix,none,False,stage4,random_beta_uniform_0.1_bad0,results/experiments/neighbormix_beta_mechanism_20260617/stage4/worm_neuron_cell/random_beta_uniform_0.1_bad0/seed1,
pca_cosine_knn,5,4.937593460083008,1.0,0.7998592853546143,0.1243199482560157,0.3258002866698519,0.1881612241268158,0.168255016207695,1.0,0.0,0.0,0.0,5.0,59.0,16.0,50.0,0.0,0.0,0.8337314859053989,0.8347968459129333,0.9486454327901204,worm_neuron_cell,2,random_beta_uniform_0.1_bad0,1.0,1.0,3.962861507256489,1.409843460749835,1.1563613425940276,3.597707380540669,0.9500038607046009,0.0499961404711939,uniform,0.0999999999999999,0.1,0.05,0.02,0.5,anchor,local_mix,none,False,stage4,random_beta_uniform_0.1_bad0,results/experiments/neighbormix_beta_mechanism_20260617/stage4/worm_neuron_cell/random_beta_uniform_0.1_bad0/seed2,
pca_cosine_knn_bad_edge_injected_0.1,5,4.484787940979004,1.0,0.7157384753227234,0.2783142030239105,0.258337314859054,0.1307775825262069,0.1448864340782165,0.8968466520309448,0.3041591048240661,0.1031533683707596,0.4168657429526994,5.0,54.0,15.0,50.0,0.1,0.1031533683707596,0.7521739130434782,0.8371959924697876,0.9476320147514344,worm_neuron_cell,0,random_beta_uniform_0.1_bad0.1,1.0,1.0,3.952946289913783,1.4208214266225696,1.167192880809307,3.626296470128,0.9500518900342284,0.0499481094477232,uniform,0.0999999999999999,0.1,0.05,0.02,0.5,anchor,local_mix,none,True,stage4,random_beta_uniform_0.1_bad0.1,results/experiments/neighbormix_beta_mechanism_20260617/stage4/worm_neuron_cell/random_beta_uniform_0.1_bad0.1/seed0,
pca_cosine_knn_bad_edge_injected_0.1,5,4.513662338256836,1.0,0.7213517427444458,0.2740037739276886,0.2618729096989967,0.1355140805244445,0.1472571343183517,0.9037744998931884,0.2949002385139465,0.0962255136168179,0.3967988533205924,5.0,59.0,15.0,50.0,0.1,0.0962255136168179,0.7563306258958433,0.8348109722137451,0.943822979927063,worm_neuron_cell,1,random_beta_uniform_0.1_bad0.1,1.0,1.0,3.953995292688179,1.42240038998425,1.169246081355959,3.63164821267128,0.9500112829264252,0.0499887177109485,uniform,0.0999999999999999,0.1,0.05,0.02,0.5,anchor,local_mix,none,True,stage4,random_beta_uniform_0.1_bad0.1,results/experiments/neighbormix_beta_mechanism_20260617/stage4/worm_neuron_cell/random_beta_uniform_0.1_bad0.1/seed1,
pca_cosine_knn_bad_edge_injected_0.1,5,4.514284610748291,1.0,0.719956636428833,0.2728869915008545,0.2675107501194457,0.1342811286449432,0.1458077877759933,0.903105616569519,0.2958139181137085,0.0968944099378882,0.3970377448638318,5.0,50.0,15.75,50.0,0.1,0.0968944099378882,0.7527472527472527,0.8325220942497253,0.9473129510879515,worm_neuron_cell,2,random_beta_uniform_0.1_bad0.1,1.0,1.0,3.9544564386751135,1.4185679864138363,1.162397991353646,3.6161600191146137,0.9500038607046009,0.0499961404711939,uniform,0.0999999999999999,0.1,0.05,0.02,0.5,anchor,local_mix,none,True,stage4,random_beta_uniform_0.1_bad0.1,results/experiments/neighbormix_beta_mechanism_20260617/stage4/worm_neuron_cell/random_beta_uniform_0.1_bad0.1/seed2,
pca_cosine_knn_bad_edge_injected_0.2,5,4.043347358703613,1.0,0.6322254538536072,0.3549861907958984,0.2049689440993788,0.0894633680582046,0.120783507823944,0.7944099307060242,0.4041321575641632,0.2055900621118012,0.6801242236024845,5.0,44.0,14.0,50.0,0.2,0.2055900621118012,0.6679407548972767,0.8337255120277405,0.9464753667513528,worm_neuron_cell,0,random_beta_uniform_0.1_bad0.2,1.0,1.0,3.9409648169371287,1.437132874969393,1.184091041749343,3.668600983172655,0.9500518900342284,0.0499481094477232,uniform,0.0999999999999999,0.1,0.05,0.02,0.5,anchor,local_mix,none,True,stage4,random_beta_uniform_0.1_bad0.2,results/experiments/neighbormix_beta_mechanism_20260617/stage4/worm_neuron_cell/random_beta_uniform_0.1_bad0.2/seed0,
pca_cosine_knn_bad_edge_injected_0.2,5,4.064513683319092,1.0,0.6362035274505615,0.3516012728214264,0.2077400860009555,0.0920475721359252,0.1221578642725944,0.8010988831520081,0.3991734385490417,0.1989010989010989,0.6684185379837554,5.0,47.0,14.0,50.0,0.2,0.1989010989010989,0.6701863354037267,0.8327237367630005,0.940571904182434,worm_neuron_cell,1,random_beta_uniform_0.1_bad0.2,1.0,1.0,3.941251212178109,1.4374671650119126,1.1800629393663258,3.6688374701887367,0.9500112829264252,0.0499887177109485,uniform,0.0999999999999999,0.1,0.05,0.02,0.5,anchor,local_mix,none,True,stage4,random_beta_uniform_0.1_bad0.2,results/experiments/neighbormix_beta_mechanism_20260617/stage4/worm_neuron_cell/random_beta_uniform_0.1_bad0.2/seed1,
pca_cosine_knn_bad_edge_injected_0.2,5,4.044520378112793,1.0,0.631726086139679,0.3536964952945709,0.2067367415193502,0.0878293290734291,0.1190169304609298,0.7949832677841187,0.4037138521671295,0.2050167224080267,0.6846631629240325,5.0,48.0,14.0,50.0,0.2,0.2050167224080267,0.6626851409460105,0.8281282186508179,0.944636563460032,worm_neuron_cell,2,random_beta_uniform_0.1_bad0.2,1.0,1.0,3.941539983560968,1.4364269792102278,1.1768721075262871,3.6649316383525727,0.9500038607046009,0.0499961404711939,uniform,0.0999999999999999,0.1,0.05,0.02,0.5,anchor,local_mix,none,True,stage4,random_beta_uniform_0.1_bad0.2,results/experiments/neighbormix_beta_mechanism_20260617/stage4/worm_neuron_cell/random_beta_uniform_0.1_bad0.2/seed2,
pca_cosine_knn_bad_edge_injected_0.4,5,3.215904712677002,1.0,0.4650880396366119,0.4237475097179413,0.110606784519828,0.0353137627243995,0.0732525885105133,0.5934543609619141,0.491188645362854,0.4065456282847587,0.9254658385093169,5.0,39.0,12.0,50.0,0.4,0.4065456282847587,0.495078834209269,0.8098325133323669,0.9253767331441244,worm_neuron_cell,0,random_beta_uniform_0.1_bad0.4,1.0,1.0,3.9027706748825,1.4824268857948482,1.2147002147044987,3.784427529387176,0.9500518900342284,0.0499481094477232,uniform,0.0999999999999999,0.1,0.05,0.02,0.5,anchor,local_mix,none,True,stage4,random_beta_uniform_0.1_bad0.4,results/experiments/neighbormix_beta_mechanism_20260617/stage4/worm_neuron_cell/random_beta_uniform_0.1_bad0.4/seed0,
pca_cosine_knn_bad_edge_injected_0.4,5,3.2311551570892334,1.0,0.4719459116458893,0.4224827885627746,0.1193502150023889,0.0371678248047828,0.0745307728648185,0.5994744300842285,0.4900049567222595,0.4005255613951266,0.9225991399904444,5.0,42.0,12.0,50.0,0.4,0.4005255613951266,0.5001911132345915,0.8111245036125183,0.9324126839637756,worm_neuron_cell,1,random_beta_uniform_0.1_bad0.4,1.0,1.0,3.9017894766356647,1.4828175153583287,1.2225466901436448,3.805992688424885,0.9500112829264252,0.0499887177109485,uniform,0.0999999999999999,0.1,0.05,0.02,0.5,anchor,local_mix,none,True,stage4,random_beta_uniform_0.1_bad0.4,results/experiments/neighbormix_beta_mechanism_20260617/stage4/worm_neuron_cell/random_beta_uniform_0.1_bad0.4/seed1,
pca_cosine_knn_bad_edge_injected_0.4,5,3.256338596343994,1.0,0.4754300415515899,0.4217447936534881,0.1180124223602484,0.037724956870079,0.0757410153746604,0.6067845225334167,0.4884639978408813,0.3932154801720019,0.9190157668418538,5.0,45.0,12.0,50.0,0.4,0.3932154801720019,0.5040133779264214,0.8105444312095642,0.9226972460746764,worm_neuron_cell,2,random_beta_uniform_0.1_bad0.4,1.0,1.0,3.906091902602614,1.475321798864752,1.2090804981533438,3.775882305204868,0.9500038607046009,0.0499961404711939,uniform,0.0999999999999999,0.1,0.05,0.02,0.5,anchor,local_mix,none,True,stage4,random_beta_uniform_0.1_bad0.4,results/experiments/neighbormix_beta_mechanism_20260617/stage4/worm_neuron_cell/random_beta_uniform_0.1_bad0.4/seed2,
