record_id,is_primary,duplicate_reason,record_kind,row_granularity,experiment_group,dataset_group,stage,sweep,dataset,method,variant,model_key,seed,status,return_code,error,n_success,n_total,status_summary,authenticity,substitute_model_used,source_path,run_dir,metrics_path,summary_path,eval_path,args_path,status_path,commit_sha,branch,gpu,elapsed_seconds,runtime_seconds,command,score_source,acc,nmi,ari,f1_macro,macro_f1,fmi,v_measure,homogeneity,completeness,silhouette,n_pred_clusters,acc_mean,acc_std,nmi_mean,nmi_std,ari_mean,ari_std,f1_macro_mean,f1_macro_std,macro_f1_mean,macro_f1_std,fmi_mean,fmi_std,v_measure_mean,v_measure_std,extra_json
PB000001,true,,run_artifact,run,canonical/formal_benchmark_20260607_08,formal_benchmark_20260607_08,,,Pollen,dec,dec,dec,2024,success,0,,,,,,,/data/luolie/biopipeline/dimension-reduction/plantnet/results/canonical/formal_benchmark_20260607_08/Pollen/dec__seed2024__20260608_155345,/data/luolie/biopipeline/dimension-reduction/plantnet/results/canonical/formal_benchmark_20260607_08/Pollen/dec__seed2024__20260608_155345,/data/luolie/biopipeline/dimension-reduction/plantnet/results/canonical/formal_benchmark_20260607_08/Pollen/dec__seed2024__20260608_155345/metrics.json,,,/data/luolie/biopipeline/dimension-reduction/plantnet/results/canonical/formal_benchmark_20260607_08/Pollen/dec__seed2024__20260608_155345/args.json,/data/luolie/biopipeline/dimension-reduction/plantnet/results/canonical/formal_benchmark_20260607_08/Pollen/dec__seed2024__20260608_155345/status.json,6ce4c6a0430f862679451698173e2430f500f2c9,refactor/minimal-method-isolation-and-neighbormix-ablations,3,11.9,11.9,/data/luolie/conda/base/bin/python /home/luolie/biopipeline/dimension-reduction/plantnet/methods/DeepLearning/dec/run.py --data_path /home/luolie/biopipeline/dimension-reduction/plantnet/data/processed/Pollen.h5ad --save_dir results/formal/Pollen/dec__seed2024__20260608_155345 --n_clusters 11 --seed 2024 --epochs 200 --pretrain_epochs 200 --gpu 3,metrics.json:top_level,0.6611295681063123,0.7104231502730529,0.5455463094878872,0.6340656270548046,0.6340656270548046,0.6059894077885074,0.7104231502730531,0.6938902924712772,0.7277630720357555,,,,,,,,,,,,,,,,,"{""markers"": [""args.json"", ""command.txt"", ""metrics.json"", ""run.log"", ""run_config.json"", ""status.json""]}"
PB000002,true,,run_artifact,run,canonical/formal_benchmark_20260607_08,formal_benchmark_20260607_08,,,Pollen,dec,dec,dec,3407,success,0,,,,,,,/data/luolie/biopipeline/dimension-reduction/plantnet/results/canonical/formal_benchmark_20260607_08/Pollen/dec__seed3407__20260608_155357,/data/luolie/biopipeline/dimension-reduction/plantnet/results/canonical/formal_benchmark_20260607_08/Pollen/dec__seed3407__20260608_155357,/data/luolie/biopipeline/dimension-reduction/plantnet/results/canonical/formal_benchmark_20260607_08/Pollen/dec__seed3407__20260608_155357/metrics.json,,,/data/luolie/biopipeline/dimension-reduction/plantnet/results/canonical/formal_benchmark_20260607_08/Pollen/dec__seed3407__20260608_155357/args.json,/data/luolie/biopipeline/dimension-reduction/plantnet/results/canonical/formal_benchmark_20260607_08/Pollen/dec__seed3407__20260608_155357/status.json,6ce4c6a0430f862679451698173e2430f500f2c9,refactor/minimal-method-isolation-and-neighbormix-ablations,3,12.6,12.6,/data/luolie/conda/base/bin/python /home/luolie/biopipeline/dimension-reduction/plantnet/methods/DeepLearning/dec/run.py --data_path /home/luolie/biopipeline/dimension-reduction/plantnet/data/processed/Pollen.h5ad --save_dir results/formal/Pollen/dec__seed3407__20260608_155357 --n_clusters 11 --seed 3407 --epochs 200 --pretrain_epochs 200 --gpu 3,metrics.json:top_level,0.7940199335548173,0.7862172030833389,0.7618117889790195,0.6896713742123725,0.6896713742123725,0.7879892903037049,0.7862172030833386,0.7871417737351665,0.7852948018704075,,,,,,,,,,,,,,,,,"{""markers"": [""args.json"", ""command.txt"", ""metrics.json"", ""run.log"", ""run_config.json"", ""status.json""]}"
PB000003,true,,run_artifact,run,canonical/formal_benchmark_20260607_08,formal_benchmark_20260607_08,,,Pollen,dec,dec,dec,42,success,0,,,,,,,/data/luolie/biopipeline/dimension-reduction/plantnet/results/canonical/formal_benchmark_20260607_08/Pollen/dec__seed42__20260608_155332,/data/luolie/biopipeline/dimension-reduction/plantnet/results/canonical/formal_benchmark_20260607_08/Pollen/dec__seed42__20260608_155332,/data/luolie/biopipeline/dimension-reduction/plantnet/results/canonical/formal_benchmark_20260607_08/Pollen/dec__seed42__20260608_155332/metrics.json,,,/data/luolie/biopipeline/dimension-reduction/plantnet/results/canonical/formal_benchmark_20260607_08/Pollen/dec__seed42__20260608_155332/args.json,/data/luolie/biopipeline/dimension-reduction/plantnet/results/canonical/formal_benchmark_20260607_08/Pollen/dec__seed42__20260608_155332/status.json,6ce4c6a0430f862679451698173e2430f500f2c9,refactor/minimal-method-isolation-and-neighbormix-ablations,3,13.3,13.3,/data/luolie/conda/base/bin/python /home/luolie/biopipeline/dimension-reduction/plantnet/methods/DeepLearning/dec/run.py --data_path /home/luolie/biopipeline/dimension-reduction/plantnet/data/processed/Pollen.h5ad --save_dir results/formal/Pollen/dec__seed42__20260608_155332 --n_clusters 11 --seed 42 --epochs 200 --pretrain_epochs 200 --gpu 3,metrics.json:top_level,0.7475083056478405,0.7886817629294286,0.7056654789580787,0.6881280424342626,0.6881280424342626,0.7473493070021047,0.7886817629294287,0.7657796760354829,0.8129959413759111,,,,,,,,,,,,,,,,,"{""markers"": [""args.json"", ""command.txt"", ""metrics.json"", ""run.log"", ""run_config.json"", ""status.json""]}"
PB000004,true,,run_artifact,run,canonical/formal_benchmark_20260607_08,formal_benchmark_20260607_08,,,Pollen,leiden,leiden,leiden,2024,success,0,,,,,,,/data/luolie/biopipeline/dimension-reduction/plantnet/results/canonical/formal_benchmark_20260607_08/Pollen/leiden__seed2024__20260608_155428,/data/luolie/biopipeline/dimension-reduction/plantnet/results/canonical/formal_benchmark_20260607_08/Pollen/leiden__seed2024__20260608_155428,/data/luolie/biopipeline/dimension-reduction/plantnet/results/canonical/formal_benchmark_20260607_08/Pollen/leiden__seed2024__20260608_155428/metrics.json,,,/data/luolie/biopipeline/dimension-reduction/plantnet/results/canonical/formal_benchmark_20260607_08/Pollen/leiden__seed2024__20260608_155428/args.json,/data/luolie/biopipeline/dimension-reduction/plantnet/results/canonical/formal_benchmark_20260607_08/Pollen/leiden__seed2024__20260608_155428/status.json,6ce4c6a0430f862679451698173e2430f500f2c9,refactor/minimal-method-isolation-and-neighbormix-ablations,3,19.2,19.2,/data/luolie/conda/base/bin/python /home/luolie/biopipeline/dimension-reduction/plantnet/methods/Traditional/Leiden/run.py --data_path /home/luolie/biopipeline/dimension-reduction/plantnet/data/processed/Pollen.h5ad --save_dir results/formal/Pollen/leiden__seed2024__20260608_155428 --n_clusters 11 --seed 2024,metrics.json:top_level,0.627906976744186,0.6904992040616604,0.4579982628978891,0.3846468737590074,0.3846468737590074,0.5994888890430472,0.6904992040616604,0.5609284963452861,0.897910482833841,,,,,,,,,,,,,,,,,"{""markers"": [""args.json"", ""command.txt"", ""metrics.json"", ""run.log"", ""status.json""]}"
PB000005,true,,run_artifact,run,canonical/formal_benchmark_20260607_08,formal_benchmark_20260607_08,,,Pollen,leiden,leiden,leiden,3407,success,0,,,,,,,/data/luolie/biopipeline/dimension-reduction/plantnet/results/canonical/formal_benchmark_20260607_08/Pollen/leiden__seed3407__20260608_155447,/data/luolie/biopipeline/dimension-reduction/plantnet/results/canonical/formal_benchmark_20260607_08/Pollen/leiden__seed3407__20260608_155447,/data/luolie/biopipeline/dimension-reduction/plantnet/results/canonical/formal_benchmark_20260607_08/Pollen/leiden__seed3407__20260608_155447/metrics.json,,,/data/luolie/biopipeline/dimension-reduction/plantnet/results/canonical/formal_benchmark_20260607_08/Pollen/leiden__seed3407__20260608_155447/args.json,/data/luolie/biopipeline/dimension-reduction/plantnet/results/canonical/formal_benchmark_20260607_08/Pollen/leiden__seed3407__20260608_155447/status.json,6ce4c6a0430f862679451698173e2430f500f2c9,refactor/minimal-method-isolation-and-neighbormix-ablations,3,18.8,18.8,/data/luolie/conda/base/bin/python /home/luolie/biopipeline/dimension-reduction/plantnet/methods/Traditional/Leiden/run.py --data_path /home/luolie/biopipeline/dimension-reduction/plantnet/data/processed/Pollen.h5ad --save_dir results/formal/Pollen/leiden__seed3407__20260608_155447 --n_clusters 11 --seed 3407,metrics.json:top_level,0.627906976744186,0.6904992040616604,0.4579982628978891,0.3846468737590074,0.3846468737590074,0.5994888890430472,0.6904992040616604,0.5609284963452861,0.897910482833841,,,,,,,,,,,,,,,,,"{""markers"": [""args.json"", ""command.txt"", ""metrics.json"", ""run.log"", ""status.json""]}"
PB000006,true,,run_artifact,run,canonical/formal_benchmark_20260607_08,formal_benchmark_20260607_08,,,Pollen,leiden,leiden,leiden,42,success,0,,,,,,,/data/luolie/biopipeline/dimension-reduction/plantnet/results/canonical/formal_benchmark_20260607_08/Pollen/leiden__seed42__20260608_155409,/data/luolie/biopipeline/dimension-reduction/plantnet/results/canonical/formal_benchmark_20260607_08/Pollen/leiden__seed42__20260608_155409,/data/luolie/biopipeline/dimension-reduction/plantnet/results/canonical/formal_benchmark_20260607_08/Pollen/leiden__seed42__20260608_155409/metrics.json,,,/data/luolie/biopipeline/dimension-reduction/plantnet/results/canonical/formal_benchmark_20260607_08/Pollen/leiden__seed42__20260608_155409/args.json,/data/luolie/biopipeline/dimension-reduction/plantnet/results/canonical/formal_benchmark_20260607_08/Pollen/leiden__seed42__20260608_155409/status.json,6ce4c6a0430f862679451698173e2430f500f2c9,refactor/minimal-method-isolation-and-neighbormix-ablations,3,18.4,18.4,/data/luolie/conda/base/bin/python /home/luolie/biopipeline/dimension-reduction/plantnet/methods/Traditional/Leiden/run.py --data_path /home/luolie/biopipeline/dimension-reduction/plantnet/data/processed/Pollen.h5ad --save_dir results/formal/Pollen/leiden__seed42__20260608_155409 --n_clusters 11 --seed 42,metrics.json:top_level,0.627906976744186,0.6893912317675892,0.4561234680086166,0.3847604455061242,0.3847604455061242,0.5981188424639852,0.6893912317675894,0.5598800295263612,0.8968502333965066,,,,,,,,,,,,,,,,,"{""markers"": [""args.json"", ""command.txt"", ""metrics.json"", ""run.log"", ""status.json""]}"
PB000007,true,,run_artifact,run,canonical/formal_benchmark_20260607_08,formal_benchmark_20260607_08,,,Pollen,louvain,louvain,louvain,2024,success,0,,,,,,,/data/luolie/biopipeline/dimension-reduction/plantnet/results/canonical/formal_benchmark_20260607_08/Pollen/louvain__seed2024__20260608_155524,/data/luolie/biopipeline/dimension-reduction/plantnet/results/canonical/formal_benchmark_20260607_08/Pollen/louvain__seed2024__20260608_155524,/data/luolie/biopipeline/dimension-reduction/plantnet/results/canonical/formal_benchmark_20260607_08/Pollen/louvain__seed2024__20260608_155524/metrics.json,,,/data/luolie/biopipeline/dimension-reduction/plantnet/results/canonical/formal_benchmark_20260607_08/Pollen/louvain__seed2024__20260608_155524/args.json,/data/luolie/biopipeline/dimension-reduction/plantnet/results/canonical/formal_benchmark_20260607_08/Pollen/louvain__seed2024__20260608_155524/status.json,6ce4c6a0430f862679451698173e2430f500f2c9,refactor/minimal-method-isolation-and-neighbormix-ablations,3,18.5,18.5,/data/luolie/conda/base/bin/python /home/luolie/biopipeline/dimension-reduction/plantnet/methods/Traditional/Louvain/run.py --data_path /home/luolie/biopipeline/dimension-reduction/plantnet/data/processed/Pollen.h5ad --save_dir results/formal/Pollen/louvain__seed2024__20260608_155524 --n_clusters 11 --seed 2024,metrics.json:top_level,0.627906976744186,0.6913892865872246,0.4554091765339013,0.38488497777715397,0.38488497777715397,0.5978539027602647,0.6913892865872246,0.5613438085931907,0.8998576340748781,,,,,,,,,,,,,,,,,"{""markers"": [""args.json"", ""command.txt"", ""metrics.json"", ""run.log"", ""status.json""]}"
PB000008,true,,run_artifact,run,canonical/formal_benchmark_20260607_08,formal_benchmark_20260607_08,,,Pollen,louvain,louvain,louvain,3407,success,0,,,,,,,/data/luolie/biopipeline/dimension-reduction/plantnet/results/canonical/formal_benchmark_20260607_08/Pollen/louvain__seed3407__20260608_155543,/data/luolie/biopipeline/dimension-reduction/plantnet/results/canonical/formal_benchmark_20260607_08/Pollen/louvain__seed3407__20260608_155543,/data/luolie/biopipeline/dimension-reduction/plantnet/results/canonical/formal_benchmark_20260607_08/Pollen/louvain__seed3407__20260608_155543/metrics.json,,,/data/luolie/biopipeline/dimension-reduction/plantnet/results/canonical/formal_benchmark_20260607_08/Pollen/louvain__seed3407__20260608_155543/args.json,/data/luolie/biopipeline/dimension-reduction/plantnet/results/canonical/formal_benchmark_20260607_08/Pollen/louvain__seed3407__20260608_155543/status.json,6ce4c6a0430f862679451698173e2430f500f2c9,refactor/minimal-method-isolation-and-neighbormix-ablations,3,18.2,18.2,/data/luolie/conda/base/bin/python /home/luolie/biopipeline/dimension-reduction/plantnet/methods/Traditional/Louvain/run.py --data_path /home/luolie/biopipeline/dimension-reduction/plantnet/data/processed/Pollen.h5ad --save_dir results/formal/Pollen/louvain__seed3407__20260608_155543 --n_clusters 11 --seed 3407,metrics.json:top_level,0.627906976744186,0.6909951279258395,0.45407162934432577,0.38502057446846133,0.38502057446846133,0.5970323093607458,0.6909951279258395,0.5608548567379955,0.8997790798853138,,,,,,,,,,,,,,,,,"{""markers"": [""args.json"", ""command.txt"", ""metrics.json"", ""run.log"", ""status.json""]}"
PB000009,true,,run_artifact,run,canonical/formal_benchmark_20260607_08,formal_benchmark_20260607_08,,,Pollen,louvain,louvain,louvain,42,success,0,,,,,,,/data/luolie/biopipeline/dimension-reduction/plantnet/results/canonical/formal_benchmark_20260607_08/Pollen/louvain__seed42__20260608_155506,/data/luolie/biopipeline/dimension-reduction/plantnet/results/canonical/formal_benchmark_20260607_08/Pollen/louvain__seed42__20260608_155506,/data/luolie/biopipeline/dimension-reduction/plantnet/results/canonical/formal_benchmark_20260607_08/Pollen/louvain__seed42__20260608_155506/metrics.json,,,/data/luolie/biopipeline/dimension-reduction/plantnet/results/canonical/formal_benchmark_20260607_08/Pollen/louvain__seed42__20260608_155506/args.json,/data/luolie/biopipeline/dimension-reduction/plantnet/results/canonical/formal_benchmark_20260607_08/Pollen/louvain__seed42__20260608_155506/status.json,6ce4c6a0430f862679451698173e2430f500f2c9,refactor/minimal-method-isolation-and-neighbormix-ablations,3,18.7,18.7,/data/luolie/conda/base/bin/python /home/luolie/biopipeline/dimension-reduction/plantnet/methods/Traditional/Louvain/run.py --data_path /home/luolie/biopipeline/dimension-reduction/plantnet/data/processed/Pollen.h5ad --save_dir results/formal/Pollen/louvain__seed42__20260608_155506 --n_clusters 11 --seed 42,metrics.json:top_level,0.627906976744186,0.6913892865872246,0.4554091765339013,0.38488497777715397,0.38488497777715397,0.5978539027602647,0.6913892865872246,0.5613438085931907,0.8998576340748781,,,,,,,,,,,,,,,,,"{""markers"": [""args.json"", ""command.txt"", ""metrics.json"", ""run.log"", ""status.json""]}"
PB000010,true,,run_artifact,run,canonical/formal_benchmark_20260607_08,formal_benchmark_20260607_08,,,Pollen,neighbormix_scmae,neighbormix_scmae,neighbormix_scmae,2024,success,0,,,,,,,/data/luolie/biopipeline/dimension-reduction/plantnet/results/canonical/formal_benchmark_20260607_08/Pollen/neighbormix_scmae__seed2024__20260608_155612,/data/luolie/biopipeline/dimension-reduction/plantnet/results/canonical/formal_benchmark_20260607_08/Pollen/neighbormix_scmae__seed2024__20260608_155612,/data/luolie/biopipeline/dimension-reduction/plantnet/results/canonical/formal_benchmark_20260607_08/Pollen/neighbormix_scmae__seed2024__20260608_155612/metrics.json,/data/luolie/biopipeline/dimension-reduction/plantnet/results/canonical/formal_benchmark_20260607_08/Pollen/neighbormix_scmae__seed2024__20260608_155612/summary.json,/data/luolie/biopipeline/dimension-reduction/plantnet/results/canonical/formal_benchmark_20260607_08/Pollen/neighbormix_scmae__seed2024__20260608_155612/eval_fixed.csv,/data/luolie/biopipeline/dimension-reduction/plantnet/results/canonical/formal_benchmark_20260607_08/Pollen/neighbormix_scmae__seed2024__20260608_155612/args.json,/data/luolie/biopipeline/dimension-reduction/plantnet/results/canonical/formal_benchmark_20260607_08/Pollen/neighbormix_scmae__seed2024__20260608_155612/status.json,6ce4c6a0430f862679451698173e2430f500f2c9,refactor/minimal-method-isolation-and-neighbormix-ablations,3,14.6,14.6,/data/luolie/conda/base/bin/python /home/luolie/biopipeline/dimension-reduction/plantnet/methods/DeepLearning/NeighborMix_scMAE/run.py --data_path /home/luolie/biopipeline/dimension-reduction/plantnet/data/processed/Pollen.h5ad --save_dir results/formal/Pollen/neighbormix_scmae__seed2024__20260608_155612 --n_clusters 11 --seed 2024 --epochs 200 --gpu 3,eval_fixed.csv,0.8803986710963455,0.9256227000364105,0.910796805386569,0.7666596466596467,0.7666596466596467,0.921213915648364,0.9256227000364105,0.9135873008009452,0.9379794359237212,,11,,,,,,,,,,,,,,,"{""markers"": [""args.json"", ""command.txt"", ""eval_fixed.csv"", ""metrics.json"", ""run.log"", ""status.json"", ""summary.json""]}"
PB000011,true,,run_artifact,run,canonical/formal_benchmark_20260607_08,formal_benchmark_20260607_08,,,Pollen,neighbormix_scmae,neighbormix_scmae,neighbormix_scmae,3407,success,0,,,,,,,/data/luolie/biopipeline/dimension-reduction/plantnet/results/canonical/formal_benchmark_20260607_08/Pollen/neighbormix_scmae__seed3407__20260608_155627,/data/luolie/biopipeline/dimension-reduction/plantnet/results/canonical/formal_benchmark_20260607_08/Pollen/neighbormix_scmae__seed3407__20260608_155627,/data/luolie/biopipeline/dimension-reduction/plantnet/results/canonical/formal_benchmark_20260607_08/Pollen/neighbormix_scmae__seed3407__20260608_155627/metrics.json,/data/luolie/biopipeline/dimension-reduction/plantnet/results/canonical/formal_benchmark_20260607_08/Pollen/neighbormix_scmae__seed3407__20260608_155627/summary.json,/data/luolie/biopipeline/dimension-reduction/plantnet/results/canonical/formal_benchmark_20260607_08/Pollen/neighbormix_scmae__seed3407__20260608_155627/eval_fixed.csv,/data/luolie/biopipeline/dimension-reduction/plantnet/results/canonical/formal_benchmark_20260607_08/Pollen/neighbormix_scmae__seed3407__20260608_155627/args.json,/data/luolie/biopipeline/dimension-reduction/plantnet/results/canonical/formal_benchmark_20260607_08/Pollen/neighbormix_scmae__seed3407__20260608_155627/status.json,6ce4c6a0430f862679451698173e2430f500f2c9,refactor/minimal-method-isolation-and-neighbormix-ablations,3,11.3,11.3,/data/luolie/conda/base/bin/python /home/luolie/biopipeline/dimension-reduction/plantnet/methods/DeepLearning/NeighborMix_scMAE/run.py --data_path /home/luolie/biopipeline/dimension-reduction/plantnet/data/processed/Pollen.h5ad --save_dir results/formal/Pollen/neighbormix_scmae__seed3407__20260608_155627 --n_clusters 11 --seed 3407 --epochs 200 --gpu 3,eval_fixed.csv,0.893687707641196,0.9268585353723704,0.9096837857882644,0.7464440321583179,0.7464440321583179,0.9208308592477916,0.9268585353723704,0.9051490753394942,0.9496349628510192,,11,,,,,,,,,,,,,,,"{""markers"": [""args.json"", ""command.txt"", ""eval_fixed.csv"", ""metrics.json"", ""run.log"", ""status.json"", ""summary.json""]}"
PB000012,true,,run_artifact,run,canonical/formal_benchmark_20260607_08,formal_benchmark_20260607_08,,,Pollen,neighbormix_scmae,neighbormix_scmae,neighbormix_scmae,42,success,0,,,,,,,/data/luolie/biopipeline/dimension-reduction/plantnet/results/canonical/formal_benchmark_20260607_08/Pollen/neighbormix_scmae__seed42__20260608_155601,/data/luolie/biopipeline/dimension-reduction/plantnet/results/canonical/formal_benchmark_20260607_08/Pollen/neighbormix_scmae__seed42__20260608_155601,/data/luolie/biopipeline/dimension-reduction/plantnet/results/canonical/formal_benchmark_20260607_08/Pollen/neighbormix_scmae__seed42__20260608_155601/metrics.json,/data/luolie/biopipeline/dimension-reduction/plantnet/results/canonical/formal_benchmark_20260607_08/Pollen/neighbormix_scmae__seed42__20260608_155601/summary.json,/data/luolie/biopipeline/dimension-reduction/plantnet/results/canonical/formal_benchmark_20260607_08/Pollen/neighbormix_scmae__seed42__20260608_155601/eval_fixed.csv,/data/luolie/biopipeline/dimension-reduction/plantnet/results/canonical/formal_benchmark_20260607_08/Pollen/neighbormix_scmae__seed42__20260608_155601/args.json,/data/luolie/biopipeline/dimension-reduction/plantnet/results/canonical/formal_benchmark_20260607_08/Pollen/neighbormix_scmae__seed42__20260608_155601/status.json,6ce4c6a0430f862679451698173e2430f500f2c9,refactor/minimal-method-isolation-and-neighbormix-ablations,3,11.4,11.4,/data/luolie/conda/base/bin/python /home/luolie/biopipeline/dimension-reduction/plantnet/methods/DeepLearning/NeighborMix_scMAE/run.py --data_path /home/luolie/biopipeline/dimension-reduction/plantnet/data/processed/Pollen.h5ad --save_dir results/formal/Pollen/neighbormix_scmae__seed42__20260608_155601 --n_clusters 11 --seed 42 --epochs 200 --gpu 3,eval_fixed.csv,0.8903654485049833,0.9280444230876792,0.9175564196565268,0.7777973837756446,0.7777973837756446,0.9271733520751226,0.9280444230876792,0.9165440535208348,0.9398370625250702,,11,,,,,,,,,,,,,,,"{""markers"": [""args.json"", ""command.txt"", ""eval_fixed.csv"", ""metrics.json"", ""run.log"", ""status.json"", ""summary.json""]}"
PB000013,true,,run_artifact,run,canonical/formal_benchmark_20260607_08,formal_benchmark_20260607_08,,,Pollen,nm_scmae_nomix,nm_scmae_nomix,nm_scmae_nomix,2024,success,0,,,,,,,/data/luolie/biopipeline/dimension-reduction/plantnet/results/canonical/formal_benchmark_20260607_08/Pollen/nm_scmae_nomix__seed2024__20260608_155650,/data/luolie/biopipeline/dimension-reduction/plantnet/results/canonical/formal_benchmark_20260607_08/Pollen/nm_scmae_nomix__seed2024__20260608_155650,/data/luolie/biopipeline/dimension-reduction/plantnet/results/canonical/formal_benchmark_20260607_08/Pollen/nm_scmae_nomix__seed2024__20260608_155650/metrics.json,/data/luolie/biopipeline/dimension-reduction/plantnet/results/canonical/formal_benchmark_20260607_08/Pollen/nm_scmae_nomix__seed2024__20260608_155650/summary.json,/data/luolie/biopipeline/dimension-reduction/plantnet/results/canonical/formal_benchmark_20260607_08/Pollen/nm_scmae_nomix__seed2024__20260608_155650/eval_fixed.csv,/data/luolie/biopipeline/dimension-reduction/plantnet/results/canonical/formal_benchmark_20260607_08/Pollen/nm_scmae_nomix__seed2024__20260608_155650/args.json,/data/luolie/biopipeline/dimension-reduction/plantnet/results/canonical/formal_benchmark_20260607_08/Pollen/nm_scmae_nomix__seed2024__20260608_155650/status.json,6ce4c6a0430f862679451698173e2430f500f2c9,refactor/minimal-method-isolation-and-neighbormix-ablations,3,12.5,12.5,/data/luolie/conda/base/bin/python /home/luolie/biopipeline/dimension-reduction/plantnet/methods/DeepLearning/NeighborMix_scMAE/run.py --data_path /home/luolie/biopipeline/dimension-reduction/plantnet/data/processed/Pollen.h5ad --save_dir results/formal/Pollen/nm_scmae_nomix__seed2024__20260608_155650 --n_clusters 11 --seed 2024 --epochs 200 --gpu 3 --use_pseudo false --pseudo_weight 0 --neighbor_k 0 --mix_neighbors 0 --variant_name nm_scmae_nomix,eval_fixed.csv,0.9102990033222592,0.9431733868347528,0.9245773493167794,0.7670887106623784,0.7670887106623784,0.9343179762854388,0.9431733868347528,0.9192383067246094,0.9683882301420986,,11,,,,,,,,,,,,,,,"{""markers"": [""args.json"", ""command.txt"", ""eval_fixed.csv"", ""metrics.json"", ""run.log"", ""status.json"", ""summary.json""]}"
PB000014,true,,run_artifact,run,canonical/formal_benchmark_20260607_08,formal_benchmark_20260607_08,,,Pollen,nm_scmae_nomix,nm_scmae_nomix,nm_scmae_nomix,3407,success,0,,,,,,,/data/luolie/biopipeline/dimension-reduction/plantnet/results/canonical/formal_benchmark_20260607_08/Pollen/nm_scmae_nomix__seed3407__20260608_155702,/data/luolie/biopipeline/dimension-reduction/plantnet/results/canonical/formal_benchmark_20260607_08/Pollen/nm_scmae_nomix__seed3407__20260608_155702,/data/luolie/biopipeline/dimension-reduction/plantnet/results/canonical/formal_benchmark_20260607_08/Pollen/nm_scmae_nomix__seed3407__20260608_155702/metrics.json,/data/luolie/biopipeline/dimension-reduction/plantnet/results/canonical/formal_benchmark_20260607_08/Pollen/nm_scmae_nomix__seed3407__20260608_155702/summary.json,/data/luolie/biopipeline/dimension-reduction/plantnet/results/canonical/formal_benchmark_20260607_08/Pollen/nm_scmae_nomix__seed3407__20260608_155702/eval_fixed.csv,/data/luolie/biopipeline/dimension-reduction/plantnet/results/canonical/formal_benchmark_20260607_08/Pollen/nm_scmae_nomix__seed3407__20260608_155702/args.json,/data/luolie/biopipeline/dimension-reduction/plantnet/results/canonical/formal_benchmark_20260607_08/Pollen/nm_scmae_nomix__seed3407__20260608_155702/status.json,6ce4c6a0430f862679451698173e2430f500f2c9,refactor/minimal-method-isolation-and-neighbormix-ablations,3,12.0,12.0,/data/luolie/conda/base/bin/python /home/luolie/biopipeline/dimension-reduction/plantnet/methods/DeepLearning/NeighborMix_scMAE/run.py --data_path /home/luolie/biopipeline/dimension-reduction/plantnet/data/processed/Pollen.h5ad --save_dir results/formal/Pollen/nm_scmae_nomix__seed3407__20260608_155702 --n_clusters 11 --seed 3407 --epochs 200 --gpu 3 --use_pseudo false --pseudo_weight 0 --neighbor_k 0 --mix_neighbors 0 --variant_name nm_scmae_nomix,eval_fixed.csv,0.8803986710963455,0.9204201142527716,0.9009681076978678,0.7308505220269926,0.7308505220269926,0.913107388002266,0.9204201142527714,0.8988614589442802,0.943038325319626,,11,,,,,,,,,,,,,,,"{""markers"": [""args.json"", ""command.txt"", ""eval_fixed.csv"", ""metrics.json"", ""run.log"", ""status.json"", ""summary.json""]}"
PB000015,true,,run_artifact,run,canonical/formal_benchmark_20260607_08,formal_benchmark_20260607_08,,,Pollen,nm_scmae_nomix,nm_scmae_nomix,nm_scmae_nomix,42,success,0,,,,,,,/data/luolie/biopipeline/dimension-reduction/plantnet/results/canonical/formal_benchmark_20260607_08/Pollen/nm_scmae_nomix__seed42__20260608_155638,/data/luolie/biopipeline/dimension-reduction/plantnet/results/canonical/formal_benchmark_20260607_08/Pollen/nm_scmae_nomix__seed42__20260608_155638,/data/luolie/biopipeline/dimension-reduction/plantnet/results/canonical/formal_benchmark_20260607_08/Pollen/nm_scmae_nomix__seed42__20260608_155638/metrics.json,/data/luolie/biopipeline/dimension-reduction/plantnet/results/canonical/formal_benchmark_20260607_08/Pollen/nm_scmae_nomix__seed42__20260608_155638/summary.json,/data/luolie/biopipeline/dimension-reduction/plantnet/results/canonical/formal_benchmark_20260607_08/Pollen/nm_scmae_nomix__seed42__20260608_155638/eval_fixed.csv,/data/luolie/biopipeline/dimension-reduction/plantnet/results/canonical/formal_benchmark_20260607_08/Pollen/nm_scmae_nomix__seed42__20260608_155638/args.json,/data/luolie/biopipeline/dimension-reduction/plantnet/results/canonical/formal_benchmark_20260607_08/Pollen/nm_scmae_nomix__seed42__20260608_155638/status.json,6ce4c6a0430f862679451698173e2430f500f2c9,refactor/minimal-method-isolation-and-neighbormix-ablations,3,11.5,11.5,/data/luolie/conda/base/bin/python /home/luolie/biopipeline/dimension-reduction/plantnet/methods/DeepLearning/NeighborMix_scMAE/run.py --data_path /home/luolie/biopipeline/dimension-reduction/plantnet/data/processed/Pollen.h5ad --save_dir results/formal/Pollen/nm_scmae_nomix__seed42__20260608_155638 --n_clusters 11 --seed 42 --epochs 200 --gpu 3 --use_pseudo false --pseudo_weight 0 --neighbor_k 0 --mix_neighbors 0 --variant_name nm_scmae_nomix,eval_fixed.csv,0.8770764119601329,0.9189663554222977,0.9080680478524252,0.7604366647844908,0.7604366647844908,0.9187597110329392,0.9189663554222977,0.907485740597508,0.930741175074636,,11,,,,,,,,,,,,,,,"{""markers"": [""args.json"", ""command.txt"", ""eval_fixed.csv"", ""metrics.json"", ""run.log"", ""status.json"", ""summary.json""]}"
PB000016,true,,run_artifact,run,canonical/formal_benchmark_20260607_08,formal_benchmark_20260607_08,,,Pollen,sc3,sc3,sc3,2024,success,0,,,,,,,/data/luolie/biopipeline/dimension-reduction/plantnet/results/canonical/formal_benchmark_20260607_08/Pollen/sc3__seed2024__20260608_155723,/data/luolie/biopipeline/dimension-reduction/plantnet/results/canonical/formal_benchmark_20260607_08/Pollen/sc3__seed2024__20260608_155723,/data/luolie/biopipeline/dimension-reduction/plantnet/results/canonical/formal_benchmark_20260607_08/Pollen/sc3__seed2024__20260608_155723/metrics.json,,,/data/luolie/biopipeline/dimension-reduction/plantnet/results/canonical/formal_benchmark_20260607_08/Pollen/sc3__seed2024__20260608_155723/args.json,/data/luolie/biopipeline/dimension-reduction/plantnet/results/canonical/formal_benchmark_20260607_08/Pollen/sc3__seed2024__20260608_155723/status.json,6ce4c6a0430f862679451698173e2430f500f2c9,refactor/minimal-method-isolation-and-neighbormix-ablations,3,8.8,8.8,/data/luolie/conda/base/bin/python /home/luolie/biopipeline/dimension-reduction/plantnet/methods/Traditional/sc3/run.py --data_path /home/luolie/biopipeline/dimension-reduction/plantnet/data/processed/Pollen.h5ad --save_dir results/formal/Pollen/sc3__seed2024__20260608_155723 --n_clusters 11 --seed 2024,metrics.json:top_level,0.009966777408637873,0.9532672040646575,0.9553784597312306,0.023715415019762844,0.023715415019762844,0.9602785040695434,0.9532672040646575,0.9566472320857126,0.9499109765957282,,,,,,,,,,,,,,,,,"{""markers"": [""args.json"", ""command.txt"", ""metrics.json"", ""run.log"", ""status.json""]}"
PB000017,true,,run_artifact,run,canonical/formal_benchmark_20260607_08,formal_benchmark_20260607_08,,,Pollen,sc3,sc3,sc3,3407,success,0,,,,,,,/data/luolie/biopipeline/dimension-reduction/plantnet/results/canonical/formal_benchmark_20260607_08/Pollen/sc3__seed3407__20260608_155732,/data/luolie/biopipeline/dimension-reduction/plantnet/results/canonical/formal_benchmark_20260607_08/Pollen/sc3__seed3407__20260608_155732,/data/luolie/biopipeline/dimension-reduction/plantnet/results/canonical/formal_benchmark_20260607_08/Pollen/sc3__seed3407__20260608_155732/metrics.json,,,/data/luolie/biopipeline/dimension-reduction/plantnet/results/canonical/formal_benchmark_20260607_08/Pollen/sc3__seed3407__20260608_155732/args.json,/data/luolie/biopipeline/dimension-reduction/plantnet/results/canonical/formal_benchmark_20260607_08/Pollen/sc3__seed3407__20260608_155732/status.json,6ce4c6a0430f862679451698173e2430f500f2c9,refactor/minimal-method-isolation-and-neighbormix-ablations,3,7.0,7.0,/data/luolie/conda/base/bin/python /home/luolie/biopipeline/dimension-reduction/plantnet/methods/Traditional/sc3/run.py --data_path /home/luolie/biopipeline/dimension-reduction/plantnet/data/processed/Pollen.h5ad --save_dir results/formal/Pollen/sc3__seed3407__20260608_155732 --n_clusters 11 --seed 3407,metrics.json:top_level,0.009966777408637873,0.9532672040646575,0.9553784597312306,0.023715415019762844,0.023715415019762844,0.9602785040695434,0.9532672040646575,0.9566472320857126,0.9499109765957282,,,,,,,,,,,,,,,,,"{""markers"": [""args.json"", ""command.txt"", ""metrics.json"", ""run.log"", ""status.json""]}"
PB000018,true,,run_artifact,run,canonical/formal_benchmark_20260607_08,formal_benchmark_20260607_08,,,Pollen,sc3,sc3,sc3,42,success,0,,,,,,,/data/luolie/biopipeline/dimension-reduction/plantnet/results/canonical/formal_benchmark_20260607_08/Pollen/sc3__seed42__20260608_155714,/data/luolie/biopipeline/dimension-reduction/plantnet/results/canonical/formal_benchmark_20260607_08/Pollen/sc3__seed42__20260608_155714,/data/luolie/biopipeline/dimension-reduction/plantnet/results/canonical/formal_benchmark_20260607_08/Pollen/sc3__seed42__20260608_155714/metrics.json,,,/data/luolie/biopipeline/dimension-reduction/plantnet/results/canonical/formal_benchmark_20260607_08/Pollen/sc3__seed42__20260608_155714/args.json,/data/luolie/biopipeline/dimension-reduction/plantnet/results/canonical/formal_benchmark_20260607_08/Pollen/sc3__seed42__20260608_155714/status.json,6ce4c6a0430f862679451698173e2430f500f2c9,refactor/minimal-method-isolation-and-neighbormix-ablations,3,8.4,8.4,/data/luolie/conda/base/bin/python /home/luolie/biopipeline/dimension-reduction/plantnet/methods/Traditional/sc3/run.py --data_path /home/luolie/biopipeline/dimension-reduction/plantnet/data/processed/Pollen.h5ad --save_dir results/formal/Pollen/sc3__seed42__20260608_155714 --n_clusters 11 --seed 42,metrics.json:top_level,0.0,0.9503659974295843,0.9519805986224644,0.0,0.0,0.9572509339964386,0.9503659974295843,0.9535429927734409,0.9472101018840808,,,,,,,,,,,,,,,,,"{""markers"": [""args.json"", ""command.txt"", ""metrics.json"", ""run.log"", ""status.json""]}"
PB000019,true,,run_artifact,run,canonical/formal_benchmark_20260607_08,formal_benchmark_20260607_08,,,Pollen,scdcc,scdcc,scdcc,2024,success,0,,,,,,,/data/luolie/biopipeline/dimension-reduction/plantnet/results/canonical/formal_benchmark_20260607_08/Pollen/scdcc__seed2024__20260608_155809,/data/luolie/biopipeline/dimension-reduction/plantnet/results/canonical/formal_benchmark_20260607_08/Pollen/scdcc__seed2024__20260608_155809,/data/luolie/biopipeline/dimension-reduction/plantnet/results/canonical/formal_benchmark_20260607_08/Pollen/scdcc__seed2024__20260608_155809/metrics.json,,,/data/luolie/biopipeline/dimension-reduction/plantnet/results/canonical/formal_benchmark_20260607_08/Pollen/scdcc__seed2024__20260608_155809/args.json,/data/luolie/biopipeline/dimension-reduction/plantnet/results/canonical/formal_benchmark_20260607_08/Pollen/scdcc__seed2024__20260608_155809/status.json,6ce4c6a0430f862679451698173e2430f500f2c9,refactor/minimal-method-isolation-and-neighbormix-ablations,3,19.6,19.6,/data/luolie/conda/base/bin/python /home/luolie/biopipeline/dimension-reduction/plantnet/methods/DeepLearning/scDCC/run.py --data_path /home/luolie/biopipeline/dimension-reduction/plantnet/data/processed/Pollen.h5ad --save_dir results/formal/Pollen/scdcc__seed2024__20260608_155809 --n_clusters 11 --seed 2024 --epochs 200 --pretrain_epochs 200 --gpu 3,metrics.json:top_level,0.9368770764119602,0.9499133166245606,0.9565727626105985,0.8854972007464675,0.8854972007464675,0.961347279917343,0.9499133166245606,0.9538996213561589,0.9459601904270243,,,,,,,,,,,,,,,,,"{""markers"": [""args.json"", ""command.txt"", ""metrics.json"", ""run.log"", ""run_config.json"", ""status.json""]}"
PB000020,true,,run_artifact,run,canonical/formal_benchmark_20260607_08,formal_benchmark_20260607_08,,,Pollen,scdcc,scdcc,scdcc,3407,success,0,,,,,,,/data/luolie/biopipeline/dimension-reduction/plantnet/results/canonical/formal_benchmark_20260607_08/Pollen/scdcc__seed3407__20260608_155829,/data/luolie/biopipeline/dimension-reduction/plantnet/results/canonical/formal_benchmark_20260607_08/Pollen/scdcc__seed3407__20260608_155829,/data/luolie/biopipeline/dimension-reduction/plantnet/results/canonical/formal_benchmark_20260607_08/Pollen/scdcc__seed3407__20260608_155829/metrics.json,,,/data/luolie/biopipeline/dimension-reduction/plantnet/results/canonical/formal_benchmark_20260607_08/Pollen/scdcc__seed3407__20260608_155829/args.json,/data/luolie/biopipeline/dimension-reduction/plantnet/results/canonical/formal_benchmark_20260607_08/Pollen/scdcc__seed3407__20260608_155829/status.json,6ce4c6a0430f862679451698173e2430f500f2c9,refactor/minimal-method-isolation-and-neighbormix-ablations,3,19.0,19.0,/data/luolie/conda/base/bin/python /home/luolie/biopipeline/dimension-reduction/plantnet/methods/DeepLearning/scDCC/run.py --data_path /home/luolie/biopipeline/dimension-reduction/plantnet/data/processed/Pollen.h5ad --save_dir results/formal/Pollen/scdcc__seed3407__20260608_155829 --n_clusters 11 --seed 3407 --epochs 200 --pretrain_epochs 200 --gpu 3,metrics.json:top_level,0.9401993355481728,0.9550179450062436,0.9592052341594876,0.8912764003673094,0.8912764003673094,0.9636915540136041,0.9550179450062437,0.9589022503732052,0.9511649816394251,,,,,,,,,,,,,,,,,"{""markers"": [""args.json"", ""command.txt"", ""metrics.json"", ""run.log"", ""run_config.json"", ""status.json""]}"
PB000021,true,,run_artifact,run,canonical/formal_benchmark_20260607_08,formal_benchmark_20260607_08,,,Pollen,scdcc,scdcc,scdcc,42,success,0,,,,,,,/data/luolie/biopipeline/dimension-reduction/plantnet/results/canonical/formal_benchmark_20260607_08/Pollen/scdcc__seed42__20260608_155752,/data/luolie/biopipeline/dimension-reduction/plantnet/results/canonical/formal_benchmark_20260607_08/Pollen/scdcc__seed42__20260608_155752,/data/luolie/biopipeline/dimension-reduction/plantnet/results/canonical/formal_benchmark_20260607_08/Pollen/scdcc__seed42__20260608_155752/metrics.json,,,/data/luolie/biopipeline/dimension-reduction/plantnet/results/canonical/formal_benchmark_20260607_08/Pollen/scdcc__seed42__20260608_155752/args.json,/data/luolie/biopipeline/dimension-reduction/plantnet/results/canonical/formal_benchmark_20260607_08/Pollen/scdcc__seed42__20260608_155752/status.json,6ce4c6a0430f862679451698173e2430f500f2c9,refactor/minimal-method-isolation-and-neighbormix-ablations,3,17.2,17.2,/data/luolie/conda/base/bin/python /home/luolie/biopipeline/dimension-reduction/plantnet/methods/DeepLearning/scDCC/run.py --data_path /home/luolie/biopipeline/dimension-reduction/plantnet/data/processed/Pollen.h5ad --save_dir results/formal/Pollen/scdcc__seed42__20260608_155752 --n_clusters 11 --seed 42 --epochs 200 --pretrain_epochs 200 --gpu 3,metrics.json:top_level,0.9401993355481728,0.9599989478417691,0.9617053682155162,0.8965591966173363,0.8965591966173363,0.9659199618601083,0.9599989478417693,0.9639837358085591,0.9560469678325736,,,,,,,,,,,,,,,,,"{""markers"": [""args.json"", ""command.txt"", ""metrics.json"", ""run.log"", ""run_config.json"", ""status.json""]}"
PB000022,true,,run_artifact,run,canonical/formal_benchmark_20260607_08,formal_benchmark_20260607_08,,,Pollen,scdsc,scdsc,scdsc,2024,success,0,,,,,,,/data/luolie/biopipeline/dimension-reduction/plantnet/results/canonical/formal_benchmark_20260607_08/Pollen/scdsc__seed2024__20260608_155910,/data/luolie/biopipeline/dimension-reduction/plantnet/results/canonical/formal_benchmark_20260607_08/Pollen/scdsc__seed2024__20260608_155910,/data/luolie/biopipeline/dimension-reduction/plantnet/results/canonical/formal_benchmark_20260607_08/Pollen/scdsc__seed2024__20260608_155910/metrics.json,,,/data/luolie/biopipeline/dimension-reduction/plantnet/results/canonical/formal_benchmark_20260607_08/Pollen/scdsc__seed2024__20260608_155910/args.json,/data/luolie/biopipeline/dimension-reduction/plantnet/results/canonical/formal_benchmark_20260607_08/Pollen/scdsc__seed2024__20260608_155910/status.json,6ce4c6a0430f862679451698173e2430f500f2c9,refactor/minimal-method-isolation-and-neighbormix-ablations,3,21.9,21.9,/data/luolie/conda/base/bin/python /home/luolie/biopipeline/dimension-reduction/plantnet/methods/GNN/scDSC/run.py --data_path /home/luolie/biopipeline/dimension-reduction/plantnet/data/processed/Pollen.h5ad --save_dir results/formal/Pollen/scdsc__seed2024__20260608_155910 --n_clusters 11 --seed 2024 --epochs 200 --pretrain_epochs 200 --gpu 3,metrics.json:top_level,0.5348837209302325,0.5961971947134189,0.39012162106743103,0.2634577299533311,0.2634577299533311,0.5413218893832054,0.5961971947134189,0.4782763034053593,0.7912937639221208,,,,,,,,,,,,,,,,,"{""markers"": [""args.json"", ""command.txt"", ""metrics.json"", ""run.log"", ""run_config.json"", ""status.json""]}"
PB000023,true,,run_artifact,run,canonical/formal_benchmark_20260607_08,formal_benchmark_20260607_08,,,Pollen,scdsc,scdsc,scdsc,3407,success,0,,,,,,,/data/luolie/biopipeline/dimension-reduction/plantnet/results/canonical/formal_benchmark_20260607_08/Pollen/scdsc__seed3407__20260608_155932,/data/luolie/biopipeline/dimension-reduction/plantnet/results/canonical/formal_benchmark_20260607_08/Pollen/scdsc__seed3407__20260608_155932,/data/luolie/biopipeline/dimension-reduction/plantnet/results/canonical/formal_benchmark_20260607_08/Pollen/scdsc__seed3407__20260608_155932/metrics.json,,,/data/luolie/biopipeline/dimension-reduction/plantnet/results/canonical/formal_benchmark_20260607_08/Pollen/scdsc__seed3407__20260608_155932/args.json,/data/luolie/biopipeline/dimension-reduction/plantnet/results/canonical/formal_benchmark_20260607_08/Pollen/scdsc__seed3407__20260608_155932/status.json,6ce4c6a0430f862679451698173e2430f500f2c9,refactor/minimal-method-isolation-and-neighbormix-ablations,3,22.1,22.1,/data/luolie/conda/base/bin/python /home/luolie/biopipeline/dimension-reduction/plantnet/methods/GNN/scDSC/run.py --data_path /home/luolie/biopipeline/dimension-reduction/plantnet/data/processed/Pollen.h5ad --save_dir results/formal/Pollen/scdsc__seed3407__20260608_155932 --n_clusters 11 --seed 3407 --epochs 200 --pretrain_epochs 200 --gpu 3,metrics.json:top_level,0.6179401993355482,0.6315552196618495,0.4903494055921492,0.4056194124735288,0.4056194124735288,0.5955601660140946,0.6315552196618495,0.5526579435320799,0.7367306594679258,,,,,,,,,,,,,,,,,"{""markers"": [""args.json"", ""command.txt"", ""metrics.json"", ""run.log"", ""run_config.json"", ""status.json""]}"
PB000024,true,,run_artifact,run,canonical/formal_benchmark_20260607_08,formal_benchmark_20260607_08,,,Pollen,scdsc,scdsc,scdsc,42,success,0,,,,,,,/data/luolie/biopipeline/dimension-reduction/plantnet/results/canonical/formal_benchmark_20260607_08/Pollen/scdsc__seed42__20260608_155848,/data/luolie/biopipeline/dimension-reduction/plantnet/results/canonical/formal_benchmark_20260607_08/Pollen/scdsc__seed42__20260608_155848,/data/luolie/biopipeline/dimension-reduction/plantnet/results/canonical/formal_benchmark_20260607_08/Pollen/scdsc__seed42__20260608_155848/metrics.json,,,/data/luolie/biopipeline/dimension-reduction/plantnet/results/canonical/formal_benchmark_20260607_08/Pollen/scdsc__seed42__20260608_155848/args.json,/data/luolie/biopipeline/dimension-reduction/plantnet/results/canonical/formal_benchmark_20260607_08/Pollen/scdsc__seed42__20260608_155848/status.json,6ce4c6a0430f862679451698173e2430f500f2c9,refactor/minimal-method-isolation-and-neighbormix-ablations,3,22.4,22.4,/data/luolie/conda/base/bin/python /home/luolie/biopipeline/dimension-reduction/plantnet/methods/GNN/scDSC/run.py --data_path /home/luolie/biopipeline/dimension-reduction/plantnet/data/processed/Pollen.h5ad --save_dir results/formal/Pollen/scdsc__seed42__20260608_155848 --n_clusters 11 --seed 42 --epochs 200 --pretrain_epochs 200 --gpu 3,metrics.json:top_level,0.5913621262458472,0.6172046565504056,0.4472580928564887,0.33943731504707114,0.33943731504707114,0.5630713333712818,0.6172046565504056,0.5181489282795696,0.7630854695664069,,,,,,,,,,,,,,,,,"{""markers"": [""args.json"", ""command.txt"", ""metrics.json"", ""run.log"", ""run_config.json"", ""status.json""]}"
PB000025,true,,run_artifact,run,canonical/formal_benchmark_20260607_08,formal_benchmark_20260607_08,,,Pollen,scmae,scmae,scmae,2024,success,0,,,,,,,/data/luolie/biopipeline/dimension-reduction/plantnet/results/canonical/formal_benchmark_20260607_08/Pollen/scmae__seed2024__20260608_160006,/data/luolie/biopipeline/dimension-reduction/plantnet/results/canonical/formal_benchmark_20260607_08/Pollen/scmae__seed2024__20260608_160006,/data/luolie/biopipeline/dimension-reduction/plantnet/results/canonical/formal_benchmark_20260607_08/Pollen/scmae__seed2024__20260608_160006/metrics.json,/data/luolie/biopipeline/dimension-reduction/plantnet/results/canonical/formal_benchmark_20260607_08/Pollen/scmae__seed2024__20260608_160006/summary.json,/data/luolie/biopipeline/dimension-reduction/plantnet/results/canonical/formal_benchmark_20260607_08/Pollen/scmae__seed2024__20260608_160006/eval_fixed.csv,/data/luolie/biopipeline/dimension-reduction/plantnet/results/canonical/formal_benchmark_20260607_08/Pollen/scmae__seed2024__20260608_160006/args.json,/data/luolie/biopipeline/dimension-reduction/plantnet/results/canonical/formal_benchmark_20260607_08/Pollen/scmae__seed2024__20260608_160006/status.json,6ce4c6a0430f862679451698173e2430f500f2c9,refactor/minimal-method-isolation-and-neighbormix-ablations,3,10.4,10.4,/data/luolie/conda/base/bin/python /home/luolie/biopipeline/dimension-reduction/plantnet/methods/DeepLearning/scMAE/run.py --data_path /home/luolie/biopipeline/dimension-reduction/plantnet/data/processed/Pollen.h5ad --save_dir results/formal/Pollen/scmae__seed2024__20260608_160006 --n_clusters 11 --seed 2024 --epochs 200 --gpu 3,eval_fixed.csv,0.9102990033222592,0.9431733868347528,0.9245773493167794,0.7670887106623784,0.7670887106623784,0.9343179762854388,0.9431733868347528,0.9192383067246094,0.9683882301420986,,11,,,,,,,,,,,,,,,"{""markers"": [""args.json"", ""command.txt"", ""eval_fixed.csv"", ""metrics.json"", ""run.log"", ""status.json"", ""summary.json""]}"
PB000026,true,,run_artifact,run,canonical/formal_benchmark_20260607_08,formal_benchmark_20260607_08,,,Pollen,scmae,scmae,scmae,3407,success,0,,,,,,,/data/luolie/biopipeline/dimension-reduction/plantnet/results/canonical/formal_benchmark_20260607_08/Pollen/scmae__seed3407__20260608_160017,/data/luolie/biopipeline/dimension-reduction/plantnet/results/canonical/formal_benchmark_20260607_08/Pollen/scmae__seed3407__20260608_160017,/data/luolie/biopipeline/dimension-reduction/plantnet/results/canonical/formal_benchmark_20260607_08/Pollen/scmae__seed3407__20260608_160017/metrics.json,/data/luolie/biopipeline/dimension-reduction/plantnet/results/canonical/formal_benchmark_20260607_08/Pollen/scmae__seed3407__20260608_160017/summary.json,/data/luolie/biopipeline/dimension-reduction/plantnet/results/canonical/formal_benchmark_20260607_08/Pollen/scmae__seed3407__20260608_160017/eval_fixed.csv,/data/luolie/biopipeline/dimension-reduction/plantnet/results/canonical/formal_benchmark_20260607_08/Pollen/scmae__seed3407__20260608_160017/args.json,/data/luolie/biopipeline/dimension-reduction/plantnet/results/canonical/formal_benchmark_20260607_08/Pollen/scmae__seed3407__20260608_160017/status.json,6ce4c6a0430f862679451698173e2430f500f2c9,refactor/minimal-method-isolation-and-neighbormix-ablations,3,10.8,10.8,/data/luolie/conda/base/bin/python /home/luolie/biopipeline/dimension-reduction/plantnet/methods/DeepLearning/scMAE/run.py --data_path /home/luolie/biopipeline/dimension-reduction/plantnet/data/processed/Pollen.h5ad --save_dir results/formal/Pollen/scmae__seed3407__20260608_160017 --n_clusters 11 --seed 3407 --epochs 200 --gpu 3,eval_fixed.csv,0.8803986710963455,0.9204201142527716,0.9009681076978678,0.7308505220269926,0.7308505220269926,0.913107388002266,0.9204201142527714,0.8988614589442802,0.943038325319626,,11,,,,,,,,,,,,,,,"{""markers"": [""args.json"", ""command.txt"", ""eval_fixed.csv"", ""metrics.json"", ""run.log"", ""status.json"", ""summary.json""]}"
PB000027,true,,run_artifact,run,canonical/formal_benchmark_20260607_08,formal_benchmark_20260607_08,,,Pollen,scmae,scmae,scmae,42,success,0,,,,,,,/data/luolie/biopipeline/dimension-reduction/plantnet/results/canonical/formal_benchmark_20260607_08/Pollen/scmae__seed42__20260608_155954,/data/luolie/biopipeline/dimension-reduction/plantnet/results/canonical/formal_benchmark_20260607_08/Pollen/scmae__seed42__20260608_155954,/data/luolie/biopipeline/dimension-reduction/plantnet/results/canonical/formal_benchmark_20260607_08/Pollen/scmae__seed42__20260608_155954/metrics.json,/data/luolie/biopipeline/dimension-reduction/plantnet/results/canonical/formal_benchmark_20260607_08/Pollen/scmae__seed42__20260608_155954/summary.json,/data/luolie/biopipeline/dimension-reduction/plantnet/results/canonical/formal_benchmark_20260607_08/Pollen/scmae__seed42__20260608_155954/eval_fixed.csv,/data/luolie/biopipeline/dimension-reduction/plantnet/results/canonical/formal_benchmark_20260607_08/Pollen/scmae__seed42__20260608_155954/args.json,/data/luolie/biopipeline/dimension-reduction/plantnet/results/canonical/formal_benchmark_20260607_08/Pollen/scmae__seed42__20260608_155954/status.json,6ce4c6a0430f862679451698173e2430f500f2c9,refactor/minimal-method-isolation-and-neighbormix-ablations,3,12.1,12.1,/data/luolie/conda/base/bin/python /home/luolie/biopipeline/dimension-reduction/plantnet/methods/DeepLearning/scMAE/run.py --data_path /home/luolie/biopipeline/dimension-reduction/plantnet/data/processed/Pollen.h5ad --save_dir results/formal/Pollen/scmae__seed42__20260608_155954 --n_clusters 11 --seed 42 --epochs 200 --gpu 3,eval_fixed.csv,0.8770764119601329,0.9189663554222977,0.9080680478524252,0.7604366647844908,0.7604366647844908,0.9187597110329392,0.9189663554222977,0.907485740597508,0.930741175074636,,11,,,,,,,,,,,,,,,"{""markers"": [""args.json"", ""command.txt"", ""eval_fixed.csv"", ""metrics.json"", ""run.log"", ""status.json"", ""summary.json""]}"
PB000028,true,,run_artifact,run,canonical/formal_benchmark_20260607_08,formal_benchmark_20260607_08,,,Quake_Smart-seq2_Lung,dec,dec,dec,2024,success,0,,,,,,,/data/luolie/biopipeline/dimension-reduction/plantnet/results/canonical/formal_benchmark_20260607_08/Quake_Smart-seq2_Lung/dec__seed2024__20260608_155349,/data/luolie/biopipeline/dimension-reduction/plantnet/results/canonical/formal_benchmark_20260607_08/Quake_Smart-seq2_Lung/dec__seed2024__20260608_155349,/data/luolie/biopipeline/dimension-reduction/plantnet/results/canonical/formal_benchmark_20260607_08/Quake_Smart-seq2_Lung/dec__seed2024__20260608_155349/metrics.json,,,/data/luolie/biopipeline/dimension-reduction/plantnet/results/canonical/formal_benchmark_20260607_08/Quake_Smart-seq2_Lung/dec__seed2024__20260608_155349/args.json,/data/luolie/biopipeline/dimension-reduction/plantnet/results/canonical/formal_benchmark_20260607_08/Quake_Smart-seq2_Lung/dec__seed2024__20260608_155349/status.json,6ce4c6a0430f862679451698173e2430f500f2c9,refactor/minimal-method-isolation-and-neighbormix-ablations,1,17.1,17.1,/data/luolie/conda/base/bin/python /home/luolie/biopipeline/dimension-reduction/plantnet/methods/DeepLearning/dec/run.py --data_path /home/luolie/biopipeline/dimension-reduction/plantnet/data/processed/Quake_Smart-seq2_Lung.h5ad --save_dir results/formal/Quake_Smart-seq2_Lung/dec__seed2024__20260608_155349 --n_clusters 11 --seed 2024 --epochs 200 --pretrain_epochs 200 --gpu 1,metrics.json:top_level,0.7482100238663485,0.672193864711336,0.6422320406218113,0.6459350151067924,0.6459350151067924,0.7261665441726515,0.672193864711336,0.6996601116349018,0.6468026208768122,,,,,,,,,,,,,,,,,"{""markers"": [""args.json"", ""command.txt"", ""metrics.json"", ""run.log"", ""run_config.json"", ""status.json""]}"
PB000029,true,,run_artifact,run,canonical/formal_benchmark_20260607_08,formal_benchmark_20260607_08,,,Quake_Smart-seq2_Lung,dec,dec,dec,3407,success,0,,,,,,,/data/luolie/biopipeline/dimension-reduction/plantnet/results/canonical/formal_benchmark_20260607_08/Quake_Smart-seq2_Lung/dec__seed3407__20260608_155407,/data/luolie/biopipeline/dimension-reduction/plantnet/results/canonical/formal_benchmark_20260607_08/Quake_Smart-seq2_Lung/dec__seed3407__20260608_155407,/data/luolie/biopipeline/dimension-reduction/plantnet/results/canonical/formal_benchmark_20260607_08/Quake_Smart-seq2_Lung/dec__seed3407__20260608_155407/metrics.json,,,/data/luolie/biopipeline/dimension-reduction/plantnet/results/canonical/formal_benchmark_20260607_08/Quake_Smart-seq2_Lung/dec__seed3407__20260608_155407/args.json,/data/luolie/biopipeline/dimension-reduction/plantnet/results/canonical/formal_benchmark_20260607_08/Quake_Smart-seq2_Lung/dec__seed3407__20260608_155407/status.json,6ce4c6a0430f862679451698173e2430f500f2c9,refactor/minimal-method-isolation-and-neighbormix-ablations,1,19.5,19.5,/data/luolie/conda/base/bin/python /home/luolie/biopipeline/dimension-reduction/plantnet/methods/DeepLearning/dec/run.py --data_path /home/luolie/biopipeline/dimension-reduction/plantnet/data/processed/Quake_Smart-seq2_Lung.h5ad --save_dir results/formal/Quake_Smart-seq2_Lung/dec__seed3407__20260608_155407 --n_clusters 11 --seed 3407 --epochs 200 --pretrain_epochs 200 --gpu 1,metrics.json:top_level,0.6628878281622912,0.6288376594450733,0.5331105634480174,0.5019836261938139,0.5019836261938139,0.6525092383410618,0.6288376594450733,0.6255771020036663,0.6321323835334114,,,,,,,,,,,,,,,,,"{""markers"": [""args.json"", ""command.txt"", ""metrics.json"", ""run.log"", ""run_config.json"", ""status.json""]}"
PB000030,true,,run_artifact,run,canonical/formal_benchmark_20260607_08,formal_benchmark_20260607_08,,,Quake_Smart-seq2_Lung,dec,dec,dec,42,success,0,,,,,,,/data/luolie/biopipeline/dimension-reduction/plantnet/results/canonical/formal_benchmark_20260607_08/Quake_Smart-seq2_Lung/dec__seed42__20260608_155330,/data/luolie/biopipeline/dimension-reduction/plantnet/results/canonical/formal_benchmark_20260607_08/Quake_Smart-seq2_Lung/dec__seed42__20260608_155330,/data/luolie/biopipeline/dimension-reduction/plantnet/results/canonical/formal_benchmark_20260607_08/Quake_Smart-seq2_Lung/dec__seed42__20260608_155330/metrics.json,,,/data/luolie/biopipeline/dimension-reduction/plantnet/results/canonical/formal_benchmark_20260607_08/Quake_Smart-seq2_Lung/dec__seed42__20260608_155330/args.json,/data/luolie/biopipeline/dimension-reduction/plantnet/results/canonical/formal_benchmark_20260607_08/Quake_Smart-seq2_Lung/dec__seed42__20260608_155330/status.json,6ce4c6a0430f862679451698173e2430f500f2c9,refactor/minimal-method-isolation-and-neighbormix-ablations,1,19.6,19.6,/data/luolie/conda/base/bin/python /home/luolie/biopipeline/dimension-reduction/plantnet/methods/DeepLearning/dec/run.py --data_path /home/luolie/biopipeline/dimension-reduction/plantnet/data/processed/Quake_Smart-seq2_Lung.h5ad --save_dir results/formal/Quake_Smart-seq2_Lung/dec__seed42__20260608_155330 --n_clusters 11 --seed 42 --epochs 200 --pretrain_epochs 200 --gpu 1,metrics.json:top_level,0.6736276849642004,0.6164157199230568,0.5221217275150254,0.5612263196147228,0.5612263196147228,0.6414576666154287,0.6164157199230568,0.6198340485972635,0.6130348880041006,,,,,,,,,,,,,,,,,"{""markers"": [""args.json"", ""command.txt"", ""metrics.json"", ""run.log"", ""run_config.json"", ""status.json""]}"
PB000031,true,,run_artifact,run,canonical/formal_benchmark_20260607_08,formal_benchmark_20260607_08,,,Quake_Smart-seq2_Lung,leiden,leiden,leiden,2024,success,0,,,,,,,/data/luolie/biopipeline/dimension-reduction/plantnet/results/canonical/formal_benchmark_20260607_08/Quake_Smart-seq2_Lung/leiden__seed2024__20260608_155448,/data/luolie/biopipeline/dimension-reduction/plantnet/results/canonical/formal_benchmark_20260607_08/Quake_Smart-seq2_Lung/leiden__seed2024__20260608_155448,/data/luolie/biopipeline/dimension-reduction/plantnet/results/canonical/formal_benchmark_20260607_08/Quake_Smart-seq2_Lung/leiden__seed2024__20260608_155448/metrics.json,,,/data/luolie/biopipeline/dimension-reduction/plantnet/results/canonical/formal_benchmark_20260607_08/Quake_Smart-seq2_Lung/leiden__seed2024__20260608_155448/args.json,/data/luolie/biopipeline/dimension-reduction/plantnet/results/canonical/formal_benchmark_20260607_08/Quake_Smart-seq2_Lung/leiden__seed2024__20260608_155448/status.json,6ce4c6a0430f862679451698173e2430f500f2c9,refactor/minimal-method-isolation-and-neighbormix-ablations,1,22.0,22.0,/data/luolie/conda/base/bin/python /home/luolie/biopipeline/dimension-reduction/plantnet/methods/Traditional/Leiden/run.py --data_path /home/luolie/biopipeline/dimension-reduction/plantnet/data/processed/Quake_Smart-seq2_Lung.h5ad --save_dir results/formal/Quake_Smart-seq2_Lung/leiden__seed2024__20260608_155448 --n_clusters 11 --seed 2024,metrics.json:top_level,0.5960620525059666,0.6464397177949633,0.49198817525049815,0.45947001335753473,0.45947001335753473,0.6055075608298885,0.6464397177949635,0.7075649025493371,0.595035715277665,,,,,,,,,,,,,,,,,"{""markers"": [""args.json"", ""command.txt"", ""metrics.json"", ""run.log"", ""status.json""]}"
PB000032,true,,run_artifact,run,canonical/formal_benchmark_20260607_08,formal_benchmark_20260607_08,,,Quake_Smart-seq2_Lung,leiden,leiden,leiden,3407,success,0,,,,,,,/data/luolie/biopipeline/dimension-reduction/plantnet/results/canonical/formal_benchmark_20260607_08/Quake_Smart-seq2_Lung/leiden__seed3407__20260608_155510,/data/luolie/biopipeline/dimension-reduction/plantnet/results/canonical/formal_benchmark_20260607_08/Quake_Smart-seq2_Lung/leiden__seed3407__20260608_155510,/data/luolie/biopipeline/dimension-reduction/plantnet/results/canonical/formal_benchmark_20260607_08/Quake_Smart-seq2_Lung/leiden__seed3407__20260608_155510/metrics.json,,,/data/luolie/biopipeline/dimension-reduction/plantnet/results/canonical/formal_benchmark_20260607_08/Quake_Smart-seq2_Lung/leiden__seed3407__20260608_155510/args.json,/data/luolie/biopipeline/dimension-reduction/plantnet/results/canonical/formal_benchmark_20260607_08/Quake_Smart-seq2_Lung/leiden__seed3407__20260608_155510/status.json,6ce4c6a0430f862679451698173e2430f500f2c9,refactor/minimal-method-isolation-and-neighbormix-ablations,1,20.9,20.9,/data/luolie/conda/base/bin/python /home/luolie/biopipeline/dimension-reduction/plantnet/methods/Traditional/Leiden/run.py --data_path /home/luolie/biopipeline/dimension-reduction/plantnet/data/processed/Quake_Smart-seq2_Lung.h5ad --save_dir results/formal/Quake_Smart-seq2_Lung/leiden__seed3407__20260608_155510 --n_clusters 11 --seed 3407,metrics.json:top_level,0.619928400954654,0.6486796976393382,0.5121357333078191,0.451464703136815,0.451464703136815,0.6235104738558692,0.6486796976393383,0.6876580402092416,0.6138831197745983,,,,,,,,,,,,,,,,,"{""markers"": [""args.json"", ""command.txt"", ""metrics.json"", ""run.log"", ""status.json""]}"
PB000033,true,,run_artifact,run,canonical/formal_benchmark_20260607_08,formal_benchmark_20260607_08,,,Quake_Smart-seq2_Lung,leiden,leiden,leiden,42,success,0,,,,,,,/data/luolie/biopipeline/dimension-reduction/plantnet/results/canonical/formal_benchmark_20260607_08/Quake_Smart-seq2_Lung/leiden__seed42__20260608_155426,/data/luolie/biopipeline/dimension-reduction/plantnet/results/canonical/formal_benchmark_20260607_08/Quake_Smart-seq2_Lung/leiden__seed42__20260608_155426,/data/luolie/biopipeline/dimension-reduction/plantnet/results/canonical/formal_benchmark_20260607_08/Quake_Smart-seq2_Lung/leiden__seed42__20260608_155426/metrics.json,,,/data/luolie/biopipeline/dimension-reduction/plantnet/results/canonical/formal_benchmark_20260607_08/Quake_Smart-seq2_Lung/leiden__seed42__20260608_155426/args.json,/data/luolie/biopipeline/dimension-reduction/plantnet/results/canonical/formal_benchmark_20260607_08/Quake_Smart-seq2_Lung/leiden__seed42__20260608_155426/status.json,6ce4c6a0430f862679451698173e2430f500f2c9,refactor/minimal-method-isolation-and-neighbormix-ablations,1,21.7,21.7,/data/luolie/conda/base/bin/python /home/luolie/biopipeline/dimension-reduction/plantnet/methods/Traditional/Leiden/run.py --data_path /home/luolie/biopipeline/dimension-reduction/plantnet/data/processed/Quake_Smart-seq2_Lung.h5ad --save_dir results/formal/Quake_Smart-seq2_Lung/leiden__seed42__20260608_155426 --n_clusters 11 --seed 42,metrics.json:top_level,0.619928400954654,0.6486796976393382,0.5121357333078191,0.451464703136815,0.451464703136815,0.6235104738558692,0.6486796976393383,0.6876580402092416,0.6138831197745983,,,,,,,,,,,,,,,,,"{""markers"": [""args.json"", ""command.txt"", ""metrics.json"", ""run.log"", ""status.json""]}"
PB000034,true,,run_artifact,run,canonical/formal_benchmark_20260607_08,formal_benchmark_20260607_08,,,Quake_Smart-seq2_Lung,louvain,louvain,louvain,2024,success,0,,,,,,,/data/luolie/biopipeline/dimension-reduction/plantnet/results/canonical/formal_benchmark_20260607_08/Quake_Smart-seq2_Lung/louvain__seed2024__20260608_155556,/data/luolie/biopipeline/dimension-reduction/plantnet/results/canonical/formal_benchmark_20260607_08/Quake_Smart-seq2_Lung/louvain__seed2024__20260608_155556,/data/luolie/biopipeline/dimension-reduction/plantnet/results/canonical/formal_benchmark_20260607_08/Quake_Smart-seq2_Lung/louvain__seed2024__20260608_155556/metrics.json,,,/data/luolie/biopipeline/dimension-reduction/plantnet/results/canonical/formal_benchmark_20260607_08/Quake_Smart-seq2_Lung/louvain__seed2024__20260608_155556/args.json,/data/luolie/biopipeline/dimension-reduction/plantnet/results/canonical/formal_benchmark_20260607_08/Quake_Smart-seq2_Lung/louvain__seed2024__20260608_155556/status.json,6ce4c6a0430f862679451698173e2430f500f2c9,refactor/minimal-method-isolation-and-neighbormix-ablations,1,22.9,22.9,/data/luolie/conda/base/bin/python /home/luolie/biopipeline/dimension-reduction/plantnet/methods/Traditional/Louvain/run.py --data_path /home/luolie/biopipeline/dimension-reduction/plantnet/data/processed/Quake_Smart-seq2_Lung.h5ad --save_dir results/formal/Quake_Smart-seq2_Lung/louvain__seed2024__20260608_155556 --n_clusters 11 --seed 2024,metrics.json:top_level,0.6807875894988067,0.6721215814394413,0.5652047378410177,0.4839717681679231,0.4839717681679231,0.6736494766682624,0.6721215814394413,0.6690262681153447,0.675245669412037,,,,,,,,,,,,,,,,,"{""markers"": [""args.json"", ""command.txt"", ""metrics.json"", ""run.log"", ""status.json""]}"
PB000035,true,,run_artifact,run,canonical/formal_benchmark_20260607_08,formal_benchmark_20260607_08,,,Quake_Smart-seq2_Lung,louvain,louvain,louvain,3407,success,0,,,,,,,/data/luolie/biopipeline/dimension-reduction/plantnet/results/canonical/formal_benchmark_20260607_08/Quake_Smart-seq2_Lung/louvain__seed3407__20260608_155619,/data/luolie/biopipeline/dimension-reduction/plantnet/results/canonical/formal_benchmark_20260607_08/Quake_Smart-seq2_Lung/louvain__seed3407__20260608_155619,/data/luolie/biopipeline/dimension-reduction/plantnet/results/canonical/formal_benchmark_20260607_08/Quake_Smart-seq2_Lung/louvain__seed3407__20260608_155619/metrics.json,,,/data/luolie/biopipeline/dimension-reduction/plantnet/results/canonical/formal_benchmark_20260607_08/Quake_Smart-seq2_Lung/louvain__seed3407__20260608_155619/args.json,/data/luolie/biopipeline/dimension-reduction/plantnet/results/canonical/formal_benchmark_20260607_08/Quake_Smart-seq2_Lung/louvain__seed3407__20260608_155619/status.json,6ce4c6a0430f862679451698173e2430f500f2c9,refactor/minimal-method-isolation-and-neighbormix-ablations,1,20.4,20.4,/data/luolie/conda/base/bin/python /home/luolie/biopipeline/dimension-reduction/plantnet/methods/Traditional/Louvain/run.py --data_path /home/luolie/biopipeline/dimension-reduction/plantnet/data/processed/Quake_Smart-seq2_Lung.h5ad --save_dir results/formal/Quake_Smart-seq2_Lung/louvain__seed3407__20260608_155619 --n_clusters 11 --seed 3407,metrics.json:top_level,0.6270883054892601,0.6418198046367998,0.49863181080275204,0.45110896299472714,0.45110896299472714,0.6112139315379462,0.6418198046367998,0.6864258560407711,0.6026572907900564,,,,,,,,,,,,,,,,,"{""markers"": [""args.json"", ""command.txt"", ""metrics.json"", ""run.log"", ""status.json""]}"
PB000036,true,,run_artifact,run,canonical/formal_benchmark_20260607_08,formal_benchmark_20260607_08,,,Quake_Smart-seq2_Lung,louvain,louvain,louvain,42,success,0,,,,,,,/data/luolie/biopipeline/dimension-reduction/plantnet/results/canonical/formal_benchmark_20260607_08/Quake_Smart-seq2_Lung/louvain__seed42__20260608_155531,/data/luolie/biopipeline/dimension-reduction/plantnet/results/canonical/formal_benchmark_20260607_08/Quake_Smart-seq2_Lung/louvain__seed42__20260608_155531,/data/luolie/biopipeline/dimension-reduction/plantnet/results/canonical/formal_benchmark_20260607_08/Quake_Smart-seq2_Lung/louvain__seed42__20260608_155531/metrics.json,,,/data/luolie/biopipeline/dimension-reduction/plantnet/results/canonical/formal_benchmark_20260607_08/Quake_Smart-seq2_Lung/louvain__seed42__20260608_155531/args.json,/data/luolie/biopipeline/dimension-reduction/plantnet/results/canonical/formal_benchmark_20260607_08/Quake_Smart-seq2_Lung/louvain__seed42__20260608_155531/status.json,6ce4c6a0430f862679451698173e2430f500f2c9,refactor/minimal-method-isolation-and-neighbormix-ablations,1,25.1,25.1,/data/luolie/conda/base/bin/python /home/luolie/biopipeline/dimension-reduction/plantnet/methods/Traditional/Louvain/run.py --data_path /home/luolie/biopipeline/dimension-reduction/plantnet/data/processed/Quake_Smart-seq2_Lung.h5ad --save_dir results/formal/Quake_Smart-seq2_Lung/louvain__seed42__20260608_155531 --n_clusters 11 --seed 42,metrics.json:top_level,0.5704057279236276,0.623136749051937,0.4760895863211109,0.3923906026202842,0.3923906026202842,0.5925301175864314,0.623136749051937,0.6663341660490366,0.5851991876548098,,,,,,,,,,,,,,,,,"{""markers"": [""args.json"", ""command.txt"", ""metrics.json"", ""run.log"", ""status.json""]}"
PB000037,true,,run_artifact,run,canonical/formal_benchmark_20260607_08,formal_benchmark_20260607_08,,,Quake_Smart-seq2_Lung,neighbormix_scmae,neighbormix_scmae,neighbormix_scmae,2024,success,0,,,,,,,/data/luolie/biopipeline/dimension-reduction/plantnet/results/canonical/formal_benchmark_20260607_08/Quake_Smart-seq2_Lung/neighbormix_scmae__seed2024__20260608_155709,/data/luolie/biopipeline/dimension-reduction/plantnet/results/canonical/formal_benchmark_20260607_08/Quake_Smart-seq2_Lung/neighbormix_scmae__seed2024__20260608_155709,/data/luolie/biopipeline/dimension-reduction/plantnet/results/canonical/formal_benchmark_20260607_08/Quake_Smart-seq2_Lung/neighbormix_scmae__seed2024__20260608_155709/metrics.json,/data/luolie/biopipeline/dimension-reduction/plantnet/results/canonical/formal_benchmark_20260607_08/Quake_Smart-seq2_Lung/neighbormix_scmae__seed2024__20260608_155709/summary.json,/data/luolie/biopipeline/dimension-reduction/plantnet/results/canonical/formal_benchmark_20260607_08/Quake_Smart-seq2_Lung/neighbormix_scmae__seed2024__20260608_155709/eval_fixed.csv,/data/luolie/biopipeline/dimension-reduction/plantnet/results/canonical/formal_benchmark_20260607_08/Quake_Smart-seq2_Lung/neighbormix_scmae__seed2024__20260608_155709/args.json,/data/luolie/biopipeline/dimension-reduction/plantnet/results/canonical/formal_benchmark_20260607_08/Quake_Smart-seq2_Lung/neighbormix_scmae__seed2024__20260608_155709/status.json,6ce4c6a0430f862679451698173e2430f500f2c9,refactor/minimal-method-isolation-and-neighbormix-ablations,1,30.6,30.6,/data/luolie/conda/base/bin/python /home/luolie/biopipeline/dimension-reduction/plantnet/methods/DeepLearning/NeighborMix_scMAE/run.py --data_path /home/luolie/biopipeline/dimension-reduction/plantnet/data/processed/Quake_Smart-seq2_Lung.h5ad --save_dir results/formal/Quake_Smart-seq2_Lung/neighbormix_scmae__seed2024__20260608_155709 --n_clusters 11 --seed 2024 --epochs 200 --gpu 1,eval_fixed.csv,0.6115751789976134,0.731624641151736,0.5570675501331078,0.5074881327780124,0.5074881327780124,0.6583438903612372,0.731624641151736,0.7870416925450213,0.6834982721977343,,11,,,,,,,,,,,,,,,"{""markers"": [""args.json"", ""command.txt"", ""eval_fixed.csv"", ""metrics.json"", ""run.log"", ""status.json"", ""summary.json""]}"
PB000038,true,,run_artifact,run,canonical/formal_benchmark_20260607_08,formal_benchmark_20260607_08,,,Quake_Smart-seq2_Lung,neighbormix_scmae,neighbormix_scmae,neighbormix_scmae,3407,success,0,,,,,,,/data/luolie/biopipeline/dimension-reduction/plantnet/results/canonical/formal_benchmark_20260607_08/Quake_Smart-seq2_Lung/neighbormix_scmae__seed3407__20260608_155740,/data/luolie/biopipeline/dimension-reduction/plantnet/results/canonical/formal_benchmark_20260607_08/Quake_Smart-seq2_Lung/neighbormix_scmae__seed3407__20260608_155740,/data/luolie/biopipeline/dimension-reduction/plantnet/results/canonical/formal_benchmark_20260607_08/Quake_Smart-seq2_Lung/neighbormix_scmae__seed3407__20260608_155740/metrics.json,/data/luolie/biopipeline/dimension-reduction/plantnet/results/canonical/formal_benchmark_20260607_08/Quake_Smart-seq2_Lung/neighbormix_scmae__seed3407__20260608_155740/summary.json,/data/luolie/biopipeline/dimension-reduction/plantnet/results/canonical/formal_benchmark_20260607_08/Quake_Smart-seq2_Lung/neighbormix_scmae__seed3407__20260608_155740/eval_fixed.csv,/data/luolie/biopipeline/dimension-reduction/plantnet/results/canonical/formal_benchmark_20260607_08/Quake_Smart-seq2_Lung/neighbormix_scmae__seed3407__20260608_155740/args.json,/data/luolie/biopipeline/dimension-reduction/plantnet/results/canonical/formal_benchmark_20260607_08/Quake_Smart-seq2_Lung/neighbormix_scmae__seed3407__20260608_155740/status.json,6ce4c6a0430f862679451698173e2430f500f2c9,refactor/minimal-method-isolation-and-neighbormix-ablations,1,31.7,31.7,/data/luolie/conda/base/bin/python /home/luolie/biopipeline/dimension-reduction/plantnet/methods/DeepLearning/NeighborMix_scMAE/run.py --data_path /home/luolie/biopipeline/dimension-reduction/plantnet/data/processed/Quake_Smart-seq2_Lung.h5ad --save_dir results/formal/Quake_Smart-seq2_Lung/neighbormix_scmae__seed3407__20260608_155740 --n_clusters 11 --seed 3407 --epochs 200 --gpu 1,eval_fixed.csv,0.752983293556086,0.8117530400162928,0.7318794093009326,0.7041361771034257,0.7041361771034257,0.7959228006393423,0.8117530400162928,0.8511496464638074,0.7758421426928271,,11,,,,,,,,,,,,,,,"{""markers"": [""args.json"", ""command.txt"", ""eval_fixed.csv"", ""metrics.json"", ""run.log"", ""status.json"", ""summary.json""]}"
PB000039,true,,run_artifact,run,canonical/formal_benchmark_20260607_08,formal_benchmark_20260607_08,,,Quake_Smart-seq2_Lung,neighbormix_scmae,neighbormix_scmae,neighbormix_scmae,42,success,0,,,,,,,/data/luolie/biopipeline/dimension-reduction/plantnet/results/canonical/formal_benchmark_20260607_08/Quake_Smart-seq2_Lung/neighbormix_scmae__seed42__20260608_155639,/data/luolie/biopipeline/dimension-reduction/plantnet/results/canonical/formal_benchmark_20260607_08/Quake_Smart-seq2_Lung/neighbormix_scmae__seed42__20260608_155639,/data/luolie/biopipeline/dimension-reduction/plantnet/results/canonical/formal_benchmark_20260607_08/Quake_Smart-seq2_Lung/neighbormix_scmae__seed42__20260608_155639/metrics.json,/data/luolie/biopipeline/dimension-reduction/plantnet/results/canonical/formal_benchmark_20260607_08/Quake_Smart-seq2_Lung/neighbormix_scmae__seed42__20260608_155639/summary.json,/data/luolie/biopipeline/dimension-reduction/plantnet/results/canonical/formal_benchmark_20260607_08/Quake_Smart-seq2_Lung/neighbormix_scmae__seed42__20260608_155639/eval_fixed.csv,/data/luolie/biopipeline/dimension-reduction/plantnet/results/canonical/formal_benchmark_20260607_08/Quake_Smart-seq2_Lung/neighbormix_scmae__seed42__20260608_155639/args.json,/data/luolie/biopipeline/dimension-reduction/plantnet/results/canonical/formal_benchmark_20260607_08/Quake_Smart-seq2_Lung/neighbormix_scmae__seed42__20260608_155639/status.json,6ce4c6a0430f862679451698173e2430f500f2c9,refactor/minimal-method-isolation-and-neighbormix-ablations,1,30.0,30.0,/data/luolie/conda/base/bin/python /home/luolie/biopipeline/dimension-reduction/plantnet/methods/DeepLearning/NeighborMix_scMAE/run.py --data_path /home/luolie/biopipeline/dimension-reduction/plantnet/data/processed/Quake_Smart-seq2_Lung.h5ad --save_dir results/formal/Quake_Smart-seq2_Lung/neighbormix_scmae__seed42__20260608_155639 --n_clusters 11 --seed 42 --epochs 200 --gpu 1,eval_fixed.csv,0.6801909307875895,0.7713387651380973,0.6125601472990733,0.5989031460665373,0.5989031460665373,0.70409204986291,0.7713387651380974,0.8379370388600677,0.7145473613106492,,11,,,,,,,,,,,,,,,"{""markers"": [""args.json"", ""command.txt"", ""eval_fixed.csv"", ""metrics.json"", ""run.log"", ""status.json"", ""summary.json""]}"
PB000040,true,,run_artifact,run,canonical/formal_benchmark_20260607_08,formal_benchmark_20260607_08,,,Quake_Smart-seq2_Lung,nm_scmae_nomix,nm_scmae_nomix,nm_scmae_nomix,2024,success,0,,,,,,,/data/luolie/biopipeline/dimension-reduction/plantnet/results/canonical/formal_benchmark_20260607_08/Quake_Smart-seq2_Lung/nm_scmae_nomix__seed2024__20260608_155831,/data/luolie/biopipeline/dimension-reduction/plantnet/results/canonical/formal_benchmark_20260607_08/Quake_Smart-seq2_Lung/nm_scmae_nomix__seed2024__20260608_155831,/data/luolie/biopipeline/dimension-reduction/plantnet/results/canonical/formal_benchmark_20260607_08/Quake_Smart-seq2_Lung/nm_scmae_nomix__seed2024__20260608_155831/metrics.json,/data/luolie/biopipeline/dimension-reduction/plantnet/results/canonical/formal_benchmark_20260607_08/Quake_Smart-seq2_Lung/nm_scmae_nomix__seed2024__20260608_155831/summary.json,/data/luolie/biopipeline/dimension-reduction/plantnet/results/canonical/formal_benchmark_20260607_08/Quake_Smart-seq2_Lung/nm_scmae_nomix__seed2024__20260608_155831/eval_fixed.csv,/data/luolie/biopipeline/dimension-reduction/plantnet/results/canonical/formal_benchmark_20260607_08/Quake_Smart-seq2_Lung/nm_scmae_nomix__seed2024__20260608_155831/args.json,/data/luolie/biopipeline/dimension-reduction/plantnet/results/canonical/formal_benchmark_20260607_08/Quake_Smart-seq2_Lung/nm_scmae_nomix__seed2024__20260608_155831/status.json,6ce4c6a0430f862679451698173e2430f500f2c9,refactor/minimal-method-isolation-and-neighbormix-ablations,1,18.2,18.2,/data/luolie/conda/base/bin/python /home/luolie/biopipeline/dimension-reduction/plantnet/methods/DeepLearning/NeighborMix_scMAE/run.py --data_path /home/luolie/biopipeline/dimension-reduction/plantnet/data/processed/Quake_Smart-seq2_Lung.h5ad --save_dir results/formal/Quake_Smart-seq2_Lung/nm_scmae_nomix__seed2024__20260608_155831 --n_clusters 11 --seed 2024 --epochs 200 --gpu 1 --use_pseudo false --pseudo_weight 0 --neighbor_k 0 --mix_neighbors 0 --variant_name nm_scmae_nomix,eval_fixed.csv,0.6062052505966588,0.76130606909004,0.5762664895820648,0.5112356250016131,0.5112356250016131,0.6752204270816711,0.7613060690900397,0.8289405756128003,0.7038757865385311,,11,,,,,,,,,,,,,,,"{""markers"": [""args.json"", ""command.txt"", ""eval_fixed.csv"", ""metrics.json"", ""run.log"", ""status.json"", ""summary.json""]}"
PB000041,true,,run_artifact,run,canonical/formal_benchmark_20260607_08,formal_benchmark_20260607_08,,,Quake_Smart-seq2_Lung,nm_scmae_nomix,nm_scmae_nomix,nm_scmae_nomix,3407,success,0,,,,,,,/data/luolie/biopipeline/dimension-reduction/plantnet/results/canonical/formal_benchmark_20260607_08/Quake_Smart-seq2_Lung/nm_scmae_nomix__seed3407__20260608_155849,/data/luolie/biopipeline/dimension-reduction/plantnet/results/canonical/formal_benchmark_20260607_08/Quake_Smart-seq2_Lung/nm_scmae_nomix__seed3407__20260608_155849,/data/luolie/biopipeline/dimension-reduction/plantnet/results/canonical/formal_benchmark_20260607_08/Quake_Smart-seq2_Lung/nm_scmae_nomix__seed3407__20260608_155849/metrics.json,/data/luolie/biopipeline/dimension-reduction/plantnet/results/canonical/formal_benchmark_20260607_08/Quake_Smart-seq2_Lung/nm_scmae_nomix__seed3407__20260608_155849/summary.json,/data/luolie/biopipeline/dimension-reduction/plantnet/results/canonical/formal_benchmark_20260607_08/Quake_Smart-seq2_Lung/nm_scmae_nomix__seed3407__20260608_155849/eval_fixed.csv,/data/luolie/biopipeline/dimension-reduction/plantnet/results/canonical/formal_benchmark_20260607_08/Quake_Smart-seq2_Lung/nm_scmae_nomix__seed3407__20260608_155849/args.json,/data/luolie/biopipeline/dimension-reduction/plantnet/results/canonical/formal_benchmark_20260607_08/Quake_Smart-seq2_Lung/nm_scmae_nomix__seed3407__20260608_155849/status.json,6ce4c6a0430f862679451698173e2430f500f2c9,refactor/minimal-method-isolation-and-neighbormix-ablations,1,20.9,20.9,/data/luolie/conda/base/bin/python /home/luolie/biopipeline/dimension-reduction/plantnet/methods/DeepLearning/NeighborMix_scMAE/run.py --data_path /home/luolie/biopipeline/dimension-reduction/plantnet/data/processed/Quake_Smart-seq2_Lung.h5ad --save_dir results/formal/Quake_Smart-seq2_Lung/nm_scmae_nomix__seed3407__20260608_155849 --n_clusters 11 --seed 3407 --epochs 200 --gpu 1 --use_pseudo false --pseudo_weight 0 --neighbor_k 0 --mix_neighbors 0 --variant_name nm_scmae_nomix,eval_fixed.csv,0.6312649164677804,0.7686125178034302,0.6079699296307937,0.5068203148176723,0.5068203148176723,0.7005725228020785,0.76861251780343,0.8295169162010726,0.71603978371652,,11,,,,,,,,,,,,,,,"{""markers"": [""args.json"", ""command.txt"", ""eval_fixed.csv"", ""metrics.json"", ""run.log"", ""status.json"", ""summary.json""]}"
PB000042,true,,run_artifact,run,canonical/formal_benchmark_20260607_08,formal_benchmark_20260607_08,,,Quake_Smart-seq2_Lung,nm_scmae_nomix,nm_scmae_nomix,nm_scmae_nomix,42,success,0,,,,,,,/data/luolie/biopipeline/dimension-reduction/plantnet/results/canonical/formal_benchmark_20260607_08/Quake_Smart-seq2_Lung/nm_scmae_nomix__seed42__20260608_155811,/data/luolie/biopipeline/dimension-reduction/plantnet/results/canonical/formal_benchmark_20260607_08/Quake_Smart-seq2_Lung/nm_scmae_nomix__seed42__20260608_155811,/data/luolie/biopipeline/dimension-reduction/plantnet/results/canonical/formal_benchmark_20260607_08/Quake_Smart-seq2_Lung/nm_scmae_nomix__seed42__20260608_155811/metrics.json,/data/luolie/biopipeline/dimension-reduction/plantnet/results/canonical/formal_benchmark_20260607_08/Quake_Smart-seq2_Lung/nm_scmae_nomix__seed42__20260608_155811/summary.json,/data/luolie/biopipeline/dimension-reduction/plantnet/results/canonical/formal_benchmark_20260607_08/Quake_Smart-seq2_Lung/nm_scmae_nomix__seed42__20260608_155811/eval_fixed.csv,/data/luolie/biopipeline/dimension-reduction/plantnet/results/canonical/formal_benchmark_20260607_08/Quake_Smart-seq2_Lung/nm_scmae_nomix__seed42__20260608_155811/args.json,/data/luolie/biopipeline/dimension-reduction/plantnet/results/canonical/formal_benchmark_20260607_08/Quake_Smart-seq2_Lung/nm_scmae_nomix__seed42__20260608_155811/status.json,6ce4c6a0430f862679451698173e2430f500f2c9,refactor/minimal-method-isolation-and-neighbormix-ablations,1,19.5,19.5,/data/luolie/conda/base/bin/python /home/luolie/biopipeline/dimension-reduction/plantnet/methods/DeepLearning/NeighborMix_scMAE/run.py --data_path /home/luolie/biopipeline/dimension-reduction/plantnet/data/processed/Quake_Smart-seq2_Lung.h5ad --save_dir results/formal/Quake_Smart-seq2_Lung/nm_scmae_nomix__seed42__20260608_155811 --n_clusters 11 --seed 42 --epochs 200 --gpu 1 --use_pseudo false --pseudo_weight 0 --neighbor_k 0 --mix_neighbors 0 --variant_name nm_scmae_nomix,eval_fixed.csv,0.668854415274463,0.77140154022512,0.5958408496282485,0.6060548981758461,0.6060548981758461,0.690864839107863,0.77140154022512,0.839225534979317,0.7137205290977794,,11,,,,,,,,,,,,,,,"{""markers"": [""args.json"", ""command.txt"", ""eval_fixed.csv"", ""metrics.json"", ""run.log"", ""status.json"", ""summary.json""]}"
PB000043,true,,run_artifact,run,canonical/formal_benchmark_20260607_08,formal_benchmark_20260607_08,,,Quake_Smart-seq2_Lung,sc3,sc3,sc3,2024,success,0,,,,,,,/data/luolie/biopipeline/dimension-reduction/plantnet/results/canonical/formal_benchmark_20260607_08/Quake_Smart-seq2_Lung/sc3__seed2024__20260608_155919,/data/luolie/biopipeline/dimension-reduction/plantnet/results/canonical/formal_benchmark_20260607_08/Quake_Smart-seq2_Lung/sc3__seed2024__20260608_155919,/data/luolie/biopipeline/dimension-reduction/plantnet/results/canonical/formal_benchmark_20260607_08/Quake_Smart-seq2_Lung/sc3__seed2024__20260608_155919/metrics.json,,,/data/luolie/biopipeline/dimension-reduction/plantnet/results/canonical/formal_benchmark_20260607_08/Quake_Smart-seq2_Lung/sc3__seed2024__20260608_155919/args.json,/data/luolie/biopipeline/dimension-reduction/plantnet/results/canonical/formal_benchmark_20260607_08/Quake_Smart-seq2_Lung/sc3__seed2024__20260608_155919/status.json,6ce4c6a0430f862679451698173e2430f500f2c9,refactor/minimal-method-isolation-and-neighbormix-ablations,1,9.7,9.7,/data/luolie/conda/base/bin/python /home/luolie/biopipeline/dimension-reduction/plantnet/methods/Traditional/sc3/run.py --data_path /home/luolie/biopipeline/dimension-reduction/plantnet/data/processed/Quake_Smart-seq2_Lung.h5ad --save_dir results/formal/Quake_Smart-seq2_Lung/sc3__seed2024__20260608_155919 --n_clusters 11 --seed 2024,metrics.json:top_level,0.14439140811455847,0.7735912365002849,0.6071290540746459,0.04493605254061528,0.04493605254061528,0.7019711301812078,0.7735912365002849,0.8508073453492907,0.7092246465698119,,,,,,,,,,,,,,,,,"{""markers"": [""args.json"", ""command.txt"", ""metrics.json"", ""run.log"", ""status.json""]}"
PB000044,true,,run_artifact,run,canonical/formal_benchmark_20260607_08,formal_benchmark_20260607_08,,,Quake_Smart-seq2_Lung,sc3,sc3,sc3,3407,success,0,,,,,,,/data/luolie/biopipeline/dimension-reduction/plantnet/results/canonical/formal_benchmark_20260607_08/Quake_Smart-seq2_Lung/sc3__seed3407__20260608_155929,/data/luolie/biopipeline/dimension-reduction/plantnet/results/canonical/formal_benchmark_20260607_08/Quake_Smart-seq2_Lung/sc3__seed3407__20260608_155929,/data/luolie/biopipeline/dimension-reduction/plantnet/results/canonical/formal_benchmark_20260607_08/Quake_Smart-seq2_Lung/sc3__seed3407__20260608_155929/metrics.json,,,/data/luolie/biopipeline/dimension-reduction/plantnet/results/canonical/formal_benchmark_20260607_08/Quake_Smart-seq2_Lung/sc3__seed3407__20260608_155929/args.json,/data/luolie/biopipeline/dimension-reduction/plantnet/results/canonical/formal_benchmark_20260607_08/Quake_Smart-seq2_Lung/sc3__seed3407__20260608_155929/status.json,6ce4c6a0430f862679451698173e2430f500f2c9,refactor/minimal-method-isolation-and-neighbormix-ablations,1,10.1,10.1,/data/luolie/conda/base/bin/python /home/luolie/biopipeline/dimension-reduction/plantnet/methods/Traditional/sc3/run.py --data_path /home/luolie/biopipeline/dimension-reduction/plantnet/data/processed/Quake_Smart-seq2_Lung.h5ad --save_dir results/formal/Quake_Smart-seq2_Lung/sc3__seed3407__20260608_155929 --n_clusters 11 --seed 3407,metrics.json:top_level,0.1318615751789976,0.7741366366963485,0.6125316047722928,0.05618686868686869,0.05618686868686869,0.7061551324267604,0.7741366366963487,0.8506429565123496,0.710256583483214,,,,,,,,,,,,,,,,,"{""markers"": [""args.json"", ""command.txt"", ""metrics.json"", ""run.log"", ""status.json""]}"
PB000045,true,,run_artifact,run,canonical/formal_benchmark_20260607_08,formal_benchmark_20260607_08,,,Quake_Smart-seq2_Lung,sc3,sc3,sc3,42,success,0,,,,,,,/data/luolie/biopipeline/dimension-reduction/plantnet/results/canonical/formal_benchmark_20260607_08/Quake_Smart-seq2_Lung/sc3__seed42__20260608_155910,/data/luolie/biopipeline/dimension-reduction/plantnet/results/canonical/formal_benchmark_20260607_08/Quake_Smart-seq2_Lung/sc3__seed42__20260608_155910,/data/luolie/biopipeline/dimension-reduction/plantnet/results/canonical/formal_benchmark_20260607_08/Quake_Smart-seq2_Lung/sc3__seed42__20260608_155910/metrics.json,,,/data/luolie/biopipeline/dimension-reduction/plantnet/results/canonical/formal_benchmark_20260607_08/Quake_Smart-seq2_Lung/sc3__seed42__20260608_155910/args.json,/data/luolie/biopipeline/dimension-reduction/plantnet/results/canonical/formal_benchmark_20260607_08/Quake_Smart-seq2_Lung/sc3__seed42__20260608_155910/status.json,6ce4c6a0430f862679451698173e2430f500f2c9,refactor/minimal-method-isolation-and-neighbormix-ablations,1,9.4,9.4,/data/luolie/conda/base/bin/python /home/luolie/biopipeline/dimension-reduction/plantnet/methods/Traditional/sc3/run.py --data_path /home/luolie/biopipeline/dimension-reduction/plantnet/data/processed/Quake_Smart-seq2_Lung.h5ad --save_dir results/formal/Quake_Smart-seq2_Lung/sc3__seed42__20260608_155910 --n_clusters 11 --seed 42,metrics.json:top_level,0.07935560859188544,0.7731452100033153,0.6124324181742261,0.07298626993913497,0.07298626993913497,0.7060651460770248,0.7731452100033154,0.8494378636183921,0.7094276392817458,,,,,,,,,,,,,,,,,"{""markers"": [""args.json"", ""command.txt"", ""metrics.json"", ""run.log"", ""status.json""]}"
PB000046,true,,run_artifact,run,canonical/formal_benchmark_20260607_08,formal_benchmark_20260607_08,,,Quake_Smart-seq2_Lung,scdcc,scdcc,scdcc,2024,success,0,,,,,,,/data/luolie/biopipeline/dimension-reduction/plantnet/results/canonical/formal_benchmark_20260607_08/Quake_Smart-seq2_Lung/scdcc__seed2024__20260608_160113,/data/luolie/biopipeline/dimension-reduction/plantnet/results/canonical/formal_benchmark_20260607_08/Quake_Smart-seq2_Lung/scdcc__seed2024__20260608_160113,/data/luolie/biopipeline/dimension-reduction/plantnet/results/canonical/formal_benchmark_20260607_08/Quake_Smart-seq2_Lung/scdcc__seed2024__20260608_160113/metrics.json,,,/data/luolie/biopipeline/dimension-reduction/plantnet/results/canonical/formal_benchmark_20260607_08/Quake_Smart-seq2_Lung/scdcc__seed2024__20260608_160113/args.json,/data/luolie/biopipeline/dimension-reduction/plantnet/results/canonical/formal_benchmark_20260607_08/Quake_Smart-seq2_Lung/scdcc__seed2024__20260608_160113/status.json,6ce4c6a0430f862679451698173e2430f500f2c9,refactor/minimal-method-isolation-and-neighbormix-ablations,1,80.5,80.5,/data/luolie/conda/base/bin/python /home/luolie/biopipeline/dimension-reduction/plantnet/methods/DeepLearning/scDCC/run.py --data_path /home/luolie/biopipeline/dimension-reduction/plantnet/data/processed/Quake_Smart-seq2_Lung.h5ad --save_dir results/formal/Quake_Smart-seq2_Lung/scdcc__seed2024__20260608_160113 --n_clusters 11 --seed 2024 --epochs 200 --pretrain_epochs 200 --gpu 1,metrics.json:top_level,0.6992840095465394,0.8088044006734372,0.7486262842171962,0.5854893278182114,0.5854893278182114,0.809826159656486,0.8088044006734372,0.8532041145204615,0.7687971248428215,,,,,,,,,,,,,,,,,"{""markers"": [""args.json"", ""command.txt"", ""metrics.json"", ""run.log"", ""run_config.json"", ""status.json""]}"
PB000047,true,,run_artifact,run,canonical/formal_benchmark_20260607_08,formal_benchmark_20260607_08,,,Quake_Smart-seq2_Lung,scdcc,scdcc,scdcc,3407,success,0,,,,,,,/data/luolie/biopipeline/dimension-reduction/plantnet/results/canonical/formal_benchmark_20260607_08/Quake_Smart-seq2_Lung/scdcc__seed3407__20260608_160233,/data/luolie/biopipeline/dimension-reduction/plantnet/results/canonical/formal_benchmark_20260607_08/Quake_Smart-seq2_Lung/scdcc__seed3407__20260608_160233,/data/luolie/biopipeline/dimension-reduction/plantnet/results/canonical/formal_benchmark_20260607_08/Quake_Smart-seq2_Lung/scdcc__seed3407__20260608_160233/metrics.json,,,/data/luolie/biopipeline/dimension-reduction/plantnet/results/canonical/formal_benchmark_20260607_08/Quake_Smart-seq2_Lung/scdcc__seed3407__20260608_160233/args.json,/data/luolie/biopipeline/dimension-reduction/plantnet/results/canonical/formal_benchmark_20260607_08/Quake_Smart-seq2_Lung/scdcc__seed3407__20260608_160233/status.json,6ce4c6a0430f862679451698173e2430f500f2c9,refactor/minimal-method-isolation-and-neighbormix-ablations,1,72.0,72.0,/data/luolie/conda/base/bin/python /home/luolie/biopipeline/dimension-reduction/plantnet/methods/DeepLearning/scDCC/run.py --data_path /home/luolie/biopipeline/dimension-reduction/plantnet/data/processed/Quake_Smart-seq2_Lung.h5ad --save_dir results/formal/Quake_Smart-seq2_Lung/scdcc__seed3407__20260608_160233 --n_clusters 11 --seed 3407 --epochs 200 --pretrain_epochs 200 --gpu 1,metrics.json:top_level,0.6342482100238663,0.7461532574027353,0.5741941818659045,0.5630939170691425,0.5630939170691425,0.6774005622820785,0.7461532574027353,0.8308721558175526,0.6771123010460949,,,,,,,,,,,,,,,,,"{""markers"": [""args.json"", ""command.txt"", ""metrics.json"", ""run.log"", ""run_config.json"", ""status.json""]}"
PB000048,true,,run_artifact,run,canonical/formal_benchmark_20260607_08,formal_benchmark_20260607_08,,,Quake_Smart-seq2_Lung,scdcc,scdcc,scdcc,42,success,0,,,,,,,/data/luolie/biopipeline/dimension-reduction/plantnet/results/canonical/formal_benchmark_20260607_08/Quake_Smart-seq2_Lung/scdcc__seed42__20260608_155955,/data/luolie/biopipeline/dimension-reduction/plantnet/results/canonical/formal_benchmark_20260607_08/Quake_Smart-seq2_Lung/scdcc__seed42__20260608_155955,/data/luolie/biopipeline/dimension-reduction/plantnet/results/canonical/formal_benchmark_20260607_08/Quake_Smart-seq2_Lung/scdcc__seed42__20260608_155955/metrics.json,,,/data/luolie/biopipeline/dimension-reduction/plantnet/results/canonical/formal_benchmark_20260607_08/Quake_Smart-seq2_Lung/scdcc__seed42__20260608_155955/args.json,/data/luolie/biopipeline/dimension-reduction/plantnet/results/canonical/formal_benchmark_20260607_08/Quake_Smart-seq2_Lung/scdcc__seed42__20260608_155955/status.json,6ce4c6a0430f862679451698173e2430f500f2c9,refactor/minimal-method-isolation-and-neighbormix-ablations,1,78.3,78.3,/data/luolie/conda/base/bin/python /home/luolie/biopipeline/dimension-reduction/plantnet/methods/DeepLearning/scDCC/run.py --data_path /home/luolie/biopipeline/dimension-reduction/plantnet/data/processed/Quake_Smart-seq2_Lung.h5ad --save_dir results/formal/Quake_Smart-seq2_Lung/scdcc__seed42__20260608_155955 --n_clusters 11 --seed 42 --epochs 200 --pretrain_epochs 200 --gpu 1,metrics.json:top_level,0.6587112171837709,0.7530172043687539,0.6148569447927388,0.5719756822475728,0.5719756822475728,0.7056675700234429,0.7530172043687537,0.8188007756856773,0.6970178402218359,,,,,,,,,,,,,,,,,"{""markers"": [""args.json"", ""command.txt"", ""metrics.json"", ""run.log"", ""run_config.json"", ""status.json""]}"
PB000049,true,,run_artifact,run,canonical/formal_benchmark_20260607_08,formal_benchmark_20260607_08,,,Quake_Smart-seq2_Lung,scdsc,scdsc,scdsc,2024,success,0,,,,,,,/data/luolie/biopipeline/dimension-reduction/plantnet/results/canonical/formal_benchmark_20260607_08/Quake_Smart-seq2_Lung/scdsc__seed2024__20260608_160447,/data/luolie/biopipeline/dimension-reduction/plantnet/results/canonical/formal_benchmark_20260607_08/Quake_Smart-seq2_Lung/scdsc__seed2024__20260608_160447,/data/luolie/biopipeline/dimension-reduction/plantnet/results/canonical/formal_benchmark_20260607_08/Quake_Smart-seq2_Lung/scdsc__seed2024__20260608_160447/metrics.json,,,/data/luolie/biopipeline/dimension-reduction/plantnet/results/canonical/formal_benchmark_20260607_08/Quake_Smart-seq2_Lung/scdsc__seed2024__20260608_160447/args.json,/data/luolie/biopipeline/dimension-reduction/plantnet/results/canonical/formal_benchmark_20260607_08/Quake_Smart-seq2_Lung/scdsc__seed2024__20260608_160447/status.json,6ce4c6a0430f862679451698173e2430f500f2c9,refactor/minimal-method-isolation-and-neighbormix-ablations,1,53.5,53.5,/data/luolie/conda/base/bin/python /home/luolie/biopipeline/dimension-reduction/plantnet/methods/GNN/scDSC/run.py --data_path /home/luolie/biopipeline/dimension-reduction/plantnet/data/processed/Quake_Smart-seq2_Lung.h5ad --save_dir results/formal/Quake_Smart-seq2_Lung/scdsc__seed2024__20260608_160447 --n_clusters 11 --seed 2024 --epochs 200 --pretrain_epochs 200 --gpu 1,metrics.json:top_level,0.7905727923627685,0.7042202501856044,0.6960439444055317,0.4983338622569297,0.4983338622569297,0.7912592338319844,0.7042202501856045,0.6313517244055193,0.7961039300918359,,,,,,,,,,,,,,,,,"{""markers"": [""args.json"", ""command.txt"", ""metrics.json"", ""run.log"", ""run_config.json"", ""status.json""]}"
PB000050,true,,run_artifact,run,canonical/formal_benchmark_20260607_08,formal_benchmark_20260607_08,,,Quake_Smart-seq2_Lung,scdsc,scdsc,scdsc,3407,success,0,,,,,,,/data/luolie/biopipeline/dimension-reduction/plantnet/results/canonical/formal_benchmark_20260607_08/Quake_Smart-seq2_Lung/scdsc__seed3407__20260608_160541,/data/luolie/biopipeline/dimension-reduction/plantnet/results/canonical/formal_benchmark_20260607_08/Quake_Smart-seq2_Lung/scdsc__seed3407__20260608_160541,/data/luolie/biopipeline/dimension-reduction/plantnet/results/canonical/formal_benchmark_20260607_08/Quake_Smart-seq2_Lung/scdsc__seed3407__20260608_160541/metrics.json,,,/data/luolie/biopipeline/dimension-reduction/plantnet/results/canonical/formal_benchmark_20260607_08/Quake_Smart-seq2_Lung/scdsc__seed3407__20260608_160541/args.json,/data/luolie/biopipeline/dimension-reduction/plantnet/results/canonical/formal_benchmark_20260607_08/Quake_Smart-seq2_Lung/scdsc__seed3407__20260608_160541/status.json,6ce4c6a0430f862679451698173e2430f500f2c9,refactor/minimal-method-isolation-and-neighbormix-ablations,1,52.9,52.9,/data/luolie/conda/base/bin/python /home/luolie/biopipeline/dimension-reduction/plantnet/methods/GNN/scDSC/run.py --data_path /home/luolie/biopipeline/dimension-reduction/plantnet/data/processed/Quake_Smart-seq2_Lung.h5ad --save_dir results/formal/Quake_Smart-seq2_Lung/scdsc__seed3407__20260608_160541 --n_clusters 11 --seed 3407 --epochs 200 --pretrain_epochs 200 --gpu 1,metrics.json:top_level,0.6587112171837709,0.5866115577923439,0.515314707443392,0.4293086995748188,0.4293086995748188,0.6722016158564393,0.586611557792344,0.5302898195686642,0.6563187467304898,,,,,,,,,,,,,,,,,"{""markers"": [""args.json"", ""command.txt"", ""metrics.json"", ""run.log"", ""run_config.json"", ""status.json""]}"
PB000051,true,,run_artifact,run,canonical/formal_benchmark_20260607_08,formal_benchmark_20260607_08,,,Quake_Smart-seq2_Lung,scdsc,scdsc,scdsc,42,success,0,,,,,,,/data/luolie/biopipeline/dimension-reduction/plantnet/results/canonical/formal_benchmark_20260607_08/Quake_Smart-seq2_Lung/scdsc__seed42__20260608_160345,/data/luolie/biopipeline/dimension-reduction/plantnet/results/canonical/formal_benchmark_20260607_08/Quake_Smart-seq2_Lung/scdsc__seed42__20260608_160345,/data/luolie/biopipeline/dimension-reduction/plantnet/results/canonical/formal_benchmark_20260607_08/Quake_Smart-seq2_Lung/scdsc__seed42__20260608_160345/metrics.json,,,/data/luolie/biopipeline/dimension-reduction/plantnet/results/canonical/formal_benchmark_20260607_08/Quake_Smart-seq2_Lung/scdsc__seed42__20260608_160345/args.json,/data/luolie/biopipeline/dimension-reduction/plantnet/results/canonical/formal_benchmark_20260607_08/Quake_Smart-seq2_Lung/scdsc__seed42__20260608_160345/status.json,6ce4c6a0430f862679451698173e2430f500f2c9,refactor/minimal-method-isolation-and-neighbormix-ablations,1,61.9,61.9,/data/luolie/conda/base/bin/python /home/luolie/biopipeline/dimension-reduction/plantnet/methods/GNN/scDSC/run.py --data_path /home/luolie/biopipeline/dimension-reduction/plantnet/data/processed/Quake_Smart-seq2_Lung.h5ad --save_dir results/formal/Quake_Smart-seq2_Lung/scdsc__seed42__20260608_160345 --n_clusters 11 --seed 42 --epochs 200 --pretrain_epochs 200 --gpu 1,metrics.json:top_level,0.7183770883054893,0.6902027669131395,0.718952472613355,0.5080973472643074,0.5080973472643074,0.7927470908009628,0.6902027669131395,0.660684938612666,0.7224815191380085,,,,,,,,,,,,,,,,,"{""markers"": [""args.json"", ""command.txt"", ""metrics.json"", ""run.log"", ""run_config.json"", ""status.json""]}"
PB000052,true,,run_artifact,run,canonical/formal_benchmark_20260607_08,formal_benchmark_20260607_08,,,Quake_Smart-seq2_Lung,scmae,scmae,scmae,2024,success,0,,,,,,,/data/luolie/biopipeline/dimension-reduction/plantnet/results/canonical/formal_benchmark_20260607_08/Quake_Smart-seq2_Lung/scmae__seed2024__20260608_160651,/data/luolie/biopipeline/dimension-reduction/plantnet/results/canonical/formal_benchmark_20260607_08/Quake_Smart-seq2_Lung/scmae__seed2024__20260608_160651,/data/luolie/biopipeline/dimension-reduction/plantnet/results/canonical/formal_benchmark_20260607_08/Quake_Smart-seq2_Lung/scmae__seed2024__20260608_160651/metrics.json,/data/luolie/biopipeline/dimension-reduction/plantnet/results/canonical/formal_benchmark_20260607_08/Quake_Smart-seq2_Lung/scmae__seed2024__20260608_160651/summary.json,/data/luolie/biopipeline/dimension-reduction/plantnet/results/canonical/formal_benchmark_20260607_08/Quake_Smart-seq2_Lung/scmae__seed2024__20260608_160651/eval_fixed.csv,/data/luolie/biopipeline/dimension-reduction/plantnet/results/canonical/formal_benchmark_20260607_08/Quake_Smart-seq2_Lung/scmae__seed2024__20260608_160651/args.json,/data/luolie/biopipeline/dimension-reduction/plantnet/results/canonical/formal_benchmark_20260607_08/Quake_Smart-seq2_Lung/scmae__seed2024__20260608_160651/status.json,6ce4c6a0430f862679451698173e2430f500f2c9,refactor/minimal-method-isolation-and-neighbormix-ablations,1,17.0,17.0,/data/luolie/conda/base/bin/python /home/luolie/biopipeline/dimension-reduction/plantnet/methods/DeepLearning/scMAE/run.py --data_path /home/luolie/biopipeline/dimension-reduction/plantnet/data/processed/Quake_Smart-seq2_Lung.h5ad --save_dir results/formal/Quake_Smart-seq2_Lung/scmae__seed2024__20260608_160651 --n_clusters 11 --seed 2024 --epochs 200 --gpu 1,eval_fixed.csv,0.6062052505966588,0.76130606909004,0.5762664895820648,0.5112356250016131,0.5112356250016131,0.6752204270816711,0.7613060690900397,0.8289405756128003,0.7038757865385311,,11,,,,,,,,,,,,,,,"{""markers"": [""args.json"", ""command.txt"", ""eval_fixed.csv"", ""metrics.json"", ""run.log"", ""status.json"", ""summary.json""]}"
PB000053,true,,run_artifact,run,canonical/formal_benchmark_20260607_08,formal_benchmark_20260607_08,,,Quake_Smart-seq2_Lung,scmae,scmae,scmae,3407,success,0,,,,,,,/data/luolie/biopipeline/dimension-reduction/plantnet/results/canonical/formal_benchmark_20260607_08/Quake_Smart-seq2_Lung/scmae__seed3407__20260608_160708,/data/luolie/biopipeline/dimension-reduction/plantnet/results/canonical/formal_benchmark_20260607_08/Quake_Smart-seq2_Lung/scmae__seed3407__20260608_160708,/data/luolie/biopipeline/dimension-reduction/plantnet/results/canonical/formal_benchmark_20260607_08/Quake_Smart-seq2_Lung/scmae__seed3407__20260608_160708/metrics.json,/data/luolie/biopipeline/dimension-reduction/plantnet/results/canonical/formal_benchmark_20260607_08/Quake_Smart-seq2_Lung/scmae__seed3407__20260608_160708/summary.json,/data/luolie/biopipeline/dimension-reduction/plantnet/results/canonical/formal_benchmark_20260607_08/Quake_Smart-seq2_Lung/scmae__seed3407__20260608_160708/eval_fixed.csv,/data/luolie/biopipeline/dimension-reduction/plantnet/results/canonical/formal_benchmark_20260607_08/Quake_Smart-seq2_Lung/scmae__seed3407__20260608_160708/args.json,/data/luolie/biopipeline/dimension-reduction/plantnet/results/canonical/formal_benchmark_20260607_08/Quake_Smart-seq2_Lung/scmae__seed3407__20260608_160708/status.json,6ce4c6a0430f862679451698173e2430f500f2c9,refactor/minimal-method-isolation-and-neighbormix-ablations,1,16.7,16.7,/data/luolie/conda/base/bin/python /home/luolie/biopipeline/dimension-reduction/plantnet/methods/DeepLearning/scMAE/run.py --data_path /home/luolie/biopipeline/dimension-reduction/plantnet/data/processed/Quake_Smart-seq2_Lung.h5ad --save_dir results/formal/Quake_Smart-seq2_Lung/scmae__seed3407__20260608_160708 --n_clusters 11 --seed 3407 --epochs 200 --gpu 1,eval_fixed.csv,0.6312649164677804,0.7686125178034302,0.6079699296307937,0.5068203148176723,0.5068203148176723,0.7005725228020785,0.76861251780343,0.8295169162010726,0.71603978371652,,11,,,,,,,,,,,,,,,"{""markers"": [""args.json"", ""command.txt"", ""eval_fixed.csv"", ""metrics.json"", ""run.log"", ""status.json"", ""summary.json""]}"
PB000054,true,,run_artifact,run,canonical/formal_benchmark_20260607_08,formal_benchmark_20260607_08,,,Quake_Smart-seq2_Lung,scmae,scmae,scmae,42,success,0,,,,,,,/data/luolie/biopipeline/dimension-reduction/plantnet/results/canonical/formal_benchmark_20260607_08/Quake_Smart-seq2_Lung/scmae__seed42__20260608_160634,/data/luolie/biopipeline/dimension-reduction/plantnet/results/canonical/formal_benchmark_20260607_08/Quake_Smart-seq2_Lung/scmae__seed42__20260608_160634,/data/luolie/biopipeline/dimension-reduction/plantnet/results/canonical/formal_benchmark_20260607_08/Quake_Smart-seq2_Lung/scmae__seed42__20260608_160634/metrics.json,/data/luolie/biopipeline/dimension-reduction/plantnet/results/canonical/formal_benchmark_20260607_08/Quake_Smart-seq2_Lung/scmae__seed42__20260608_160634/summary.json,/data/luolie/biopipeline/dimension-reduction/plantnet/results/canonical/formal_benchmark_20260607_08/Quake_Smart-seq2_Lung/scmae__seed42__20260608_160634/eval_fixed.csv,/data/luolie/biopipeline/dimension-reduction/plantnet/results/canonical/formal_benchmark_20260607_08/Quake_Smart-seq2_Lung/scmae__seed42__20260608_160634/args.json,/data/luolie/biopipeline/dimension-reduction/plantnet/results/canonical/formal_benchmark_20260607_08/Quake_Smart-seq2_Lung/scmae__seed42__20260608_160634/status.json,6ce4c6a0430f862679451698173e2430f500f2c9,refactor/minimal-method-isolation-and-neighbormix-ablations,1,17.1,17.1,/data/luolie/conda/base/bin/python /home/luolie/biopipeline/dimension-reduction/plantnet/methods/DeepLearning/scMAE/run.py --data_path /home/luolie/biopipeline/dimension-reduction/plantnet/data/processed/Quake_Smart-seq2_Lung.h5ad --save_dir results/formal/Quake_Smart-seq2_Lung/scmae__seed42__20260608_160634 --n_clusters 11 --seed 42 --epochs 200 --gpu 1,eval_fixed.csv,0.668854415274463,0.77140154022512,0.5958408496282485,0.6060548981758461,0.6060548981758461,0.690864839107863,0.77140154022512,0.839225534979317,0.7137205290977794,,11,,,,,,,,,,,,,,,"{""markers"": [""args.json"", ""command.txt"", ""eval_fixed.csv"", ""metrics.json"", ""run.log"", ""status.json"", ""summary.json""]}"
PB000055,true,,run_artifact,run,canonical/formal_benchmark_20260607_08,formal_benchmark_20260607_08,,,SRP171040,dec,dec,dec,42,success,0,,,,,,,/data/luolie/biopipeline/dimension-reduction/plantnet/results/canonical/formal_benchmark_20260607_08/SRP171040/dec__seed42__20260607_212254,/data/luolie/biopipeline/dimension-reduction/plantnet/results/canonical/formal_benchmark_20260607_08/SRP171040/dec__seed42__20260607_212254,/data/luolie/biopipeline/dimension-reduction/plantnet/results/canonical/formal_benchmark_20260607_08/SRP171040/dec__seed42__20260607_212254/metrics.json,,,/data/luolie/biopipeline/dimension-reduction/plantnet/results/canonical/formal_benchmark_20260607_08/SRP171040/dec__seed42__20260607_212254/args.json,/data/luolie/biopipeline/dimension-reduction/plantnet/results/canonical/formal_benchmark_20260607_08/SRP171040/dec__seed42__20260607_212254/status.json,f9800d5a68e5f12c802e5ba763128f28c02dbe92,refactor/minimal-method-isolation-and-neighbormix-ablations,1,188.8,188.8,/data/luolie/conda/base/bin/python /home/luolie/biopipeline/dimension-reduction/plantnet/methods/DeepLearning/dec/run.py --data_path data/SRP171040.h5ad --save_dir results/formal/SRP171040_retry/dec__seed42__20260607_212254 --n_clusters 12 --seed 42 --epochs 200 --pretrain_epochs 200 --gpu 1,metrics.json:top_level,0.4676640358110496,0.47005370496888527,0.2905034269877988,0.3256011201872224,0.3256011201872224,0.4259217068158387,0.47005370496888527,0.41146743562025995,0.5480932706917784,,,,,,,,,,,,,,,,,"{""markers"": [""args.json"", ""command.txt"", ""metrics.json"", ""run.log"", ""run_config.json"", ""status.json""]}"
PB000056,true,,run_artifact,run,canonical/formal_benchmark_20260607_08,formal_benchmark_20260607_08,,,SRP171040,leiden,leiden,leiden,42,success,0,,,,,,,/data/luolie/biopipeline/dimension-reduction/plantnet/results/canonical/formal_benchmark_20260607_08/SRP171040/leiden__seed42__20260607_212603,/data/luolie/biopipeline/dimension-reduction/plantnet/results/canonical/formal_benchmark_20260607_08/SRP171040/leiden__seed42__20260607_212603,/data/luolie/biopipeline/dimension-reduction/plantnet/results/canonical/formal_benchmark_20260607_08/SRP171040/leiden__seed42__20260607_212603/metrics.json,,,/data/luolie/biopipeline/dimension-reduction/plantnet/results/canonical/formal_benchmark_20260607_08/SRP171040/leiden__seed42__20260607_212603/args.json,/data/luolie/biopipeline/dimension-reduction/plantnet/results/canonical/formal_benchmark_20260607_08/SRP171040/leiden__seed42__20260607_212603/status.json,f9800d5a68e5f12c802e5ba763128f28c02dbe92,refactor/minimal-method-isolation-and-neighbormix-ablations,1,123.2,123.2,/data/luolie/conda/base/bin/python /home/luolie/biopipeline/dimension-reduction/plantnet/methods/Traditional/Leiden/run.py --data_path data/SRP171040.h5ad --save_dir results/formal/SRP171040_retry/leiden__seed42__20260607_212603 --n_clusters 12 --seed 42,metrics.json:top_level,0.6899222523265403,0.6763631389152958,0.5831596295450439,0.4678696586838283,0.4678696586838283,0.6476051735053424,0.6763631389152958,0.6233578354589995,0.7392204620851847,,,,,,,,,,,,,,,,,"{""markers"": [""args.json"", ""command.txt"", ""metrics.json"", ""run.log"", ""status.json""]}"
PB000057,true,,run_artifact,run,canonical/formal_benchmark_20260607_08,formal_benchmark_20260607_08,,,SRP171040,louvain,louvain,louvain,42,success,0,,,,,,,/data/luolie/biopipeline/dimension-reduction/plantnet/results/canonical/formal_benchmark_20260607_08/SRP171040/louvain__seed42__20260607_212806,/data/luolie/biopipeline/dimension-reduction/plantnet/results/canonical/formal_benchmark_20260607_08/SRP171040/louvain__seed42__20260607_212806,/data/luolie/biopipeline/dimension-reduction/plantnet/results/canonical/formal_benchmark_20260607_08/SRP171040/louvain__seed42__20260607_212806/metrics.json,,,/data/luolie/biopipeline/dimension-reduction/plantnet/results/canonical/formal_benchmark_20260607_08/SRP171040/louvain__seed42__20260607_212806/args.json,/data/luolie/biopipeline/dimension-reduction/plantnet/results/canonical/formal_benchmark_20260607_08/SRP171040/louvain__seed42__20260607_212806/status.json,f9800d5a68e5f12c802e5ba763128f28c02dbe92,refactor/minimal-method-isolation-and-neighbormix-ablations,1,203.3,203.3,/data/luolie/conda/base/bin/python /home/luolie/biopipeline/dimension-reduction/plantnet/methods/Traditional/Louvain/run.py --data_path data/SRP171040.h5ad --save_dir results/formal/SRP171040_retry/louvain__seed42__20260607_212806 --n_clusters 12 --seed 42,metrics.json:top_level,0.6770526563788432,0.6477258354985846,0.5224658678472514,0.4537734465830914,0.4537734465830914,0.6077842032675874,0.6477258354985846,0.5772899511657977,0.7377382177876411,,,,,,,,,,,,,,,,,"{""markers"": [""args.json"", ""command.txt"", ""metrics.json"", ""run.log"", ""status.json""]}"
PB000058,true,,run_artifact,run,canonical/formal_benchmark_20260607_08,formal_benchmark_20260607_08,,,SRP171040,neighbormix_scmae,neighbormix_scmae,neighbormix_scmae,42,success,0,,,,,,,/data/luolie/biopipeline/dimension-reduction/plantnet/results/canonical/formal_benchmark_20260607_08/SRP171040/neighbormix_scmae__seed42__20260607_213129,/data/luolie/biopipeline/dimension-reduction/plantnet/results/canonical/formal_benchmark_20260607_08/SRP171040/neighbormix_scmae__seed42__20260607_213129,/data/luolie/biopipeline/dimension-reduction/plantnet/results/canonical/formal_benchmark_20260607_08/SRP171040/neighbormix_scmae__seed42__20260607_213129/metrics.json,/data/luolie/biopipeline/dimension-reduction/plantnet/results/canonical/formal_benchmark_20260607_08/SRP171040/neighbormix_scmae__seed42__20260607_213129/summary.json,/data/luolie/biopipeline/dimension-reduction/plantnet/results/canonical/formal_benchmark_20260607_08/SRP171040/neighbormix_scmae__seed42__20260607_213129/eval_fixed.csv,/data/luolie/biopipeline/dimension-reduction/plantnet/results/canonical/formal_benchmark_20260607_08/SRP171040/neighbormix_scmae__seed42__20260607_213129/args.json,/data/luolie/biopipeline/dimension-reduction/plantnet/results/canonical/formal_benchmark_20260607_08/SRP171040/neighbormix_scmae__seed42__20260607_213129/status.json,f9800d5a68e5f12c802e5ba763128f28c02dbe92,refactor/minimal-method-isolation-and-neighbormix-ablations,1,452.2,452.2,/data/luolie/conda/base/bin/python /home/luolie/biopipeline/dimension-reduction/plantnet/methods/DeepLearning/NeighborMix_scMAE/run.py --data_path data/SRP171040.h5ad --save_dir results/formal/SRP171040_retry/neighbormix_scmae__seed42__20260607_213129 --n_clusters 12 --seed 42 --epochs 200 --gpu 1,eval_fixed.csv,0.6301095535398751,0.6882690525855558,0.5207634533336177,0.5471265029492176,0.5471265029492176,0.5784618700203816,0.6882690525855557,0.6855329169483843,0.6910271169676478,,12,,,,,,,,,,,,,,,"{""markers"": [""args.json"", ""command.txt"", ""eval_fixed.csv"", ""metrics.json"", ""run.log"", ""status.json"", ""summary.json""]}"
PB000059,true,,run_artifact,run,canonical/formal_benchmark_20260607_08,formal_benchmark_20260607_08,,,SRP171040,nm_scmae_nomix,nm_scmae_nomix,nm_scmae_nomix,42,success,0,,,,,,,/data/luolie/biopipeline/dimension-reduction/plantnet/results/canonical/formal_benchmark_20260607_08/SRP171040/nm_scmae_nomix__seed42__20260607_213902,/data/luolie/biopipeline/dimension-reduction/plantnet/results/canonical/formal_benchmark_20260607_08/SRP171040/nm_scmae_nomix__seed42__20260607_213902,/data/luolie/biopipeline/dimension-reduction/plantnet/results/canonical/formal_benchmark_20260607_08/SRP171040/nm_scmae_nomix__seed42__20260607_213902/metrics.json,/data/luolie/biopipeline/dimension-reduction/plantnet/results/canonical/formal_benchmark_20260607_08/SRP171040/nm_scmae_nomix__seed42__20260607_213902/summary.json,/data/luolie/biopipeline/dimension-reduction/plantnet/results/canonical/formal_benchmark_20260607_08/SRP171040/nm_scmae_nomix__seed42__20260607_213902/eval_fixed.csv,/data/luolie/biopipeline/dimension-reduction/plantnet/results/canonical/formal_benchmark_20260607_08/SRP171040/nm_scmae_nomix__seed42__20260607_213902/args.json,/data/luolie/biopipeline/dimension-reduction/plantnet/results/canonical/formal_benchmark_20260607_08/SRP171040/nm_scmae_nomix__seed42__20260607_213902/status.json,f9800d5a68e5f12c802e5ba763128f28c02dbe92,refactor/minimal-method-isolation-and-neighbormix-ablations,1,176.8,176.8,/data/luolie/conda/base/bin/python /home/luolie/biopipeline/dimension-reduction/plantnet/methods/DeepLearning/NeighborMix_scMAE/run.py --data_path data/SRP171040.h5ad --save_dir results/formal/SRP171040_retry/nm_scmae_nomix__seed42__20260607_213902 --n_clusters 12 --seed 42 --epochs 200 --gpu 1 --use_pseudo false --pseudo_weight 0 --neighbor_k 0 --mix_neighbors 0 --variant_name nm_scmae_nomix,eval_fixed.csv,0.6787607492048533,0.6930726592273009,0.5541372703664404,0.5434923461215807,0.5434923461215807,0.6139262539724248,0.6930726592273009,0.6736825998913016,0.7136119733010494,,12,,,,,,,,,,,,,,,"{""markers"": [""args.json"", ""command.txt"", ""eval_fixed.csv"", ""metrics.json"", ""run.log"", ""status.json"", ""summary.json""]}"
PB000060,true,,run_artifact,run,canonical/formal_benchmark_20260607_08,formal_benchmark_20260607_08,,,SRP171040,sc3,sc3,sc3,42,success,0,,,,,,,/data/luolie/biopipeline/dimension-reduction/plantnet/results/canonical/formal_benchmark_20260607_08/SRP171040/sc3__seed42__20260607_214158,/data/luolie/biopipeline/dimension-reduction/plantnet/results/canonical/formal_benchmark_20260607_08/SRP171040/sc3__seed42__20260607_214158,/data/luolie/biopipeline/dimension-reduction/plantnet/results/canonical/formal_benchmark_20260607_08/SRP171040/sc3__seed42__20260607_214158/metrics.json,,,/data/luolie/biopipeline/dimension-reduction/plantnet/results/canonical/formal_benchmark_20260607_08/SRP171040/sc3__seed42__20260607_214158/args.json,/data/luolie/biopipeline/dimension-reduction/plantnet/results/canonical/formal_benchmark_20260607_08/SRP171040/sc3__seed42__20260607_214158/status.json,f9800d5a68e5f12c802e5ba763128f28c02dbe92,refactor/minimal-method-isolation-and-neighbormix-ablations,1,114.6,114.6,/data/luolie/conda/base/bin/python /home/luolie/biopipeline/dimension-reduction/plantnet/methods/Traditional/sc3/run.py --data_path data/SRP171040.h5ad --save_dir results/formal/SRP171040_retry/sc3__seed42__20260607_214158 --n_clusters 12 --seed 42,metrics.json:top_level,0.2445812227588644,0.6682198311446361,0.4692717900127006,0.052617595805306366,0.052617595805306366,0.5291080583264534,0.6682198311446361,0.6747688117262879,0.6617967511255209,,,,,,,,,,,,,,,,,"{""markers"": [""args.json"", ""command.txt"", ""metrics.json"", ""run.log"", ""status.json""]}"
PB000061,true,,run_artifact,run,canonical/formal_benchmark_20260607_08,formal_benchmark_20260607_08,,,SRP171040,scdcc,scdcc,scdcc,42,success,0,,,,,,,/data/luolie/biopipeline/dimension-reduction/plantnet/results/canonical/formal_benchmark_20260607_08/SRP171040/scdcc__seed42__20260607_214526,/data/luolie/biopipeline/dimension-reduction/plantnet/results/canonical/formal_benchmark_20260607_08/SRP171040/scdcc__seed42__20260607_214526,/data/luolie/biopipeline/dimension-reduction/plantnet/results/canonical/formal_benchmark_20260607_08/SRP171040/scdcc__seed42__20260607_214526/metrics.json,,,/data/luolie/biopipeline/dimension-reduction/plantnet/results/canonical/formal_benchmark_20260607_08/SRP171040/scdcc__seed42__20260607_214526/args.json,/data/luolie/biopipeline/dimension-reduction/plantnet/results/canonical/formal_benchmark_20260607_08/SRP171040/scdcc__seed42__20260607_214526/status.json,f9800d5a68e5f12c802e5ba763128f28c02dbe92,refactor/minimal-method-isolation-and-neighbormix-ablations,1,1004.5,1004.5,/data/luolie/conda/base/bin/python /home/luolie/biopipeline/dimension-reduction/plantnet/methods/DeepLearning/scDCC/run.py --data_path data/SRP171040.h5ad --save_dir results/formal/SRP171040_retry/scdcc__seed42__20260607_214526 --n_clusters 12 --seed 42 --epochs 200 --pretrain_epochs 200 --gpu 1,metrics.json:top_level,0.52721168571092,0.6236979523129823,0.4238944347493868,0.4814612391151027,0.4814612391151027,0.4868762618043665,0.6236979523129824,0.6349368496095972,0.6128500099943239,,,,,,,,,,,,,,,,,"{""markers"": [""args.json"", ""command.txt"", ""metrics.json"", ""run.log"", ""run_config.json"", ""status.json""]}"
PB000062,true,,run_artifact,run,canonical/formal_benchmark_20260607_08,formal_benchmark_20260607_08,,,SRP171040,scdsc,scdsc,scdsc,42,failed,-11,Exit code -11,,,,,,/data/luolie/biopipeline/dimension-reduction/plantnet/results/canonical/formal_benchmark_20260607_08/SRP171040/scdsc__seed42__20260607_220210,/data/luolie/biopipeline/dimension-reduction/plantnet/results/canonical/formal_benchmark_20260607_08/SRP171040/scdsc__seed42__20260607_220210,,,,,/data/luolie/biopipeline/dimension-reduction/plantnet/results/canonical/formal_benchmark_20260607_08/SRP171040/scdsc__seed42__20260607_220210/status.json,f9800d5a68e5f12c802e5ba763128f28c02dbe92,refactor/minimal-method-isolation-and-neighbormix-ablations,1,72.4,72.4,/data/luolie/conda/base/bin/python /home/luolie/biopipeline/dimension-reduction/plantnet/methods/GNN/scDSC/run.py --data_path data/SRP171040.h5ad --save_dir results/formal/SRP171040_retry/scdsc__seed42__20260607_220210 --n_clusters 12 --seed 42 --epochs 200 --pretrain_epochs 200 --gpu 1,,,,,,,,,,,,,,,,,,,,,,,,,,,"{""markers"": [""command.txt"", ""run.log"", ""run_config.json"", ""status.json""]}"
PB000063,true,,run_artifact,run,canonical/formal_benchmark_20260607_08,formal_benchmark_20260607_08,,,SRP171040,scmae,scmae,scmae,42,success,0,,,,,,,/data/luolie/biopipeline/dimension-reduction/plantnet/results/canonical/formal_benchmark_20260607_08/SRP171040/scmae__seed42__20260607_220322,/data/luolie/biopipeline/dimension-reduction/plantnet/results/canonical/formal_benchmark_20260607_08/SRP171040/scmae__seed42__20260607_220322,/data/luolie/biopipeline/dimension-reduction/plantnet/results/canonical/formal_benchmark_20260607_08/SRP171040/scmae__seed42__20260607_220322/metrics.json,/data/luolie/biopipeline/dimension-reduction/plantnet/results/canonical/formal_benchmark_20260607_08/SRP171040/scmae__seed42__20260607_220322/summary.json,/data/luolie/biopipeline/dimension-reduction/plantnet/results/canonical/formal_benchmark_20260607_08/SRP171040/scmae__seed42__20260607_220322/eval_fixed.csv,/data/luolie/biopipeline/dimension-reduction/plantnet/results/canonical/formal_benchmark_20260607_08/SRP171040/scmae__seed42__20260607_220322/args.json,/data/luolie/biopipeline/dimension-reduction/plantnet/results/canonical/formal_benchmark_20260607_08/SRP171040/scmae__seed42__20260607_220322/status.json,f9800d5a68e5f12c802e5ba763128f28c02dbe92,refactor/minimal-method-isolation-and-neighbormix-ablations,1,203.5,203.5,/data/luolie/conda/base/bin/python /home/luolie/biopipeline/dimension-reduction/plantnet/methods/DeepLearning/scMAE/run.py --data_path data/SRP171040.h5ad --save_dir results/formal/SRP171040_retry/scmae__seed42__20260607_220322 --n_clusters 12 --seed 42 --epochs 200 --gpu 1,eval_fixed.csv,0.6787607492048533,0.6930726592273009,0.5541372703664404,0.5434923461215807,0.5434923461215807,0.6139262539724248,0.6930726592273009,0.6736825998913016,0.7136119733010494,,12,,,,,,,,,,,,,,,"{""markers"": [""args.json"", ""command.txt"", ""eval_fixed.csv"", ""metrics.json"", ""run.log"", ""status.json"", ""summary.json""]}"
PB000064,true,,run_artifact,run,canonical/formal_benchmark_20260607_08,formal_benchmark_20260607_08,,,SRP182008,dec,dec,dec,42,success,0,,,,,,,/data/luolie/biopipeline/dimension-reduction/plantnet/results/canonical/formal_benchmark_20260607_08/SRP182008/dec__seed42__20260607_131219,/data/luolie/biopipeline/dimension-reduction/plantnet/results/canonical/formal_benchmark_20260607_08/SRP182008/dec__seed42__20260607_131219,/data/luolie/biopipeline/dimension-reduction/plantnet/results/canonical/formal_benchmark_20260607_08/SRP182008/dec__seed42__20260607_131219/metrics.json,,,/data/luolie/biopipeline/dimension-reduction/plantnet/results/canonical/formal_benchmark_20260607_08/SRP182008/dec__seed42__20260607_131219/args.json,/data/luolie/biopipeline/dimension-reduction/plantnet/results/canonical/formal_benchmark_20260607_08/SRP182008/dec__seed42__20260607_131219/status.json,aab897fc3ef457ce43224cc67f6dbc185b24df94,refactor/minimal-method-isolation-and-neighbormix-ablations,1,80.7,80.7,/data/luolie/conda/base/bin/python /home/luolie/biopipeline/dimension-reduction/plantnet/methods/DeepLearning/dec/run.py --data_path data/SRP182008.h5ad --save_dir results/formal/SRP182008/dec__seed42__20260607_131219 --n_clusters 15 --seed 42 --epochs 200 --pretrain_epochs 200 --gpu 1,metrics.json:top_level,0.41268314340683737,0.4278648210493571,0.2822844970103361,0.24780671269519253,0.24780671269519253,0.3811747902822854,0.4278648210493571,0.3847019958400311,0.48193725569885615,,,,,,,,,,,,,,,,,"{""markers"": [""args.json"", ""command.txt"", ""metrics.json"", ""run.log"", ""run_config.json"", ""status.json""]}"
PB000065,true,,run_artifact,run,canonical/formal_benchmark_20260607_08,formal_benchmark_20260607_08,,,SRP182008,leiden,leiden,leiden,42,success,0,,,,,,,/data/luolie/biopipeline/dimension-reduction/plantnet/results/canonical/formal_benchmark_20260607_08/SRP182008/leiden__seed42__20260607_131340,/data/luolie/biopipeline/dimension-reduction/plantnet/results/canonical/formal_benchmark_20260607_08/SRP182008/leiden__seed42__20260607_131340,/data/luolie/biopipeline/dimension-reduction/plantnet/results/canonical/formal_benchmark_20260607_08/SRP182008/leiden__seed42__20260607_131340/metrics.json,,,/data/luolie/biopipeline/dimension-reduction/plantnet/results/canonical/formal_benchmark_20260607_08/SRP182008/leiden__seed42__20260607_131340/args.json,/data/luolie/biopipeline/dimension-reduction/plantnet/results/canonical/formal_benchmark_20260607_08/SRP182008/leiden__seed42__20260607_131340/status.json,aab897fc3ef457ce43224cc67f6dbc185b24df94,refactor/minimal-method-isolation-and-neighbormix-ablations,1,77.3,77.3,/data/luolie/conda/base/bin/python /home/luolie/biopipeline/dimension-reduction/plantnet/methods/Traditional/Leiden/run.py --data_path data/SRP182008.h5ad --save_dir results/formal/SRP182008/leiden__seed42__20260607_131340 --n_clusters 15 --seed 42,metrics.json:top_level,0.6122539588574811,0.609219405132132,0.4170967291426764,0.6579466662800452,0.6579466662800452,0.4784570830885207,0.609219405132132,0.602002462666805,0.6166114838668498,,,,,,,,,,,,,,,,,"{""markers"": [""args.json"", ""command.txt"", ""metrics.json"", ""run.log"", ""status.json""]}"
PB000066,true,,run_artifact,run,canonical/formal_benchmark_20260607_08,formal_benchmark_20260607_08,,,SRP182008,louvain,louvain,louvain,42,success,0,,,,,,,/data/luolie/biopipeline/dimension-reduction/plantnet/results/canonical/formal_benchmark_20260607_08/SRP182008/louvain__seed42__20260607_131457,/data/luolie/biopipeline/dimension-reduction/plantnet/results/canonical/formal_benchmark_20260607_08/SRP182008/louvain__seed42__20260607_131457,/data/luolie/biopipeline/dimension-reduction/plantnet/results/canonical/formal_benchmark_20260607_08/SRP182008/louvain__seed42__20260607_131457/metrics.json,,,/data/luolie/biopipeline/dimension-reduction/plantnet/results/canonical/formal_benchmark_20260607_08/SRP182008/louvain__seed42__20260607_131457/args.json,/data/luolie/biopipeline/dimension-reduction/plantnet/results/canonical/formal_benchmark_20260607_08/SRP182008/louvain__seed42__20260607_131457/status.json,aab897fc3ef457ce43224cc67f6dbc185b24df94,refactor/minimal-method-isolation-and-neighbormix-ablations,1,99.9,99.9,/data/luolie/conda/base/bin/python /home/luolie/biopipeline/dimension-reduction/plantnet/methods/Traditional/Louvain/run.py --data_path data/SRP182008.h5ad --save_dir results/formal/SRP182008/louvain__seed42__20260607_131457 --n_clusters 15 --seed 42,metrics.json:top_level,0.5418824922302797,0.5625394773767334,0.2499521952625276,0.5701802740648378,0.5701802740648378,0.37275028787946674,0.5625394773767333,0.523031972150646,0.6085030901049581,,,,,,,,,,,,,,,,,"{""markers"": [""args.json"", ""command.txt"", ""metrics.json"", ""run.log"", ""status.json""]}"
PB000067,true,,run_artifact,run,canonical/formal_benchmark_20260607_08,formal_benchmark_20260607_08,,,SRP182008,neighbormix_scmae,neighbormix_scmae,neighbormix_scmae,42,success,0,,,,,,,/data/luolie/biopipeline/dimension-reduction/plantnet/results/canonical/formal_benchmark_20260607_08/SRP182008/neighbormix_scmae__seed42__20260607_131637,/data/luolie/biopipeline/dimension-reduction/plantnet/results/canonical/formal_benchmark_20260607_08/SRP182008/neighbormix_scmae__seed42__20260607_131637,/data/luolie/biopipeline/dimension-reduction/plantnet/results/canonical/formal_benchmark_20260607_08/SRP182008/neighbormix_scmae__seed42__20260607_131637/metrics.json,/data/luolie/biopipeline/dimension-reduction/plantnet/results/canonical/formal_benchmark_20260607_08/SRP182008/neighbormix_scmae__seed42__20260607_131637/summary.json,/data/luolie/biopipeline/dimension-reduction/plantnet/results/canonical/formal_benchmark_20260607_08/SRP182008/neighbormix_scmae__seed42__20260607_131637/eval_fixed.csv,/data/luolie/biopipeline/dimension-reduction/plantnet/results/canonical/formal_benchmark_20260607_08/SRP182008/neighbormix_scmae__seed42__20260607_131637/args.json,/data/luolie/biopipeline/dimension-reduction/plantnet/results/canonical/formal_benchmark_20260607_08/SRP182008/neighbormix_scmae__seed42__20260607_131637/status.json,aab897fc3ef457ce43224cc67f6dbc185b24df94,refactor/minimal-method-isolation-and-neighbormix-ablations,1,168.4,168.4,/data/luolie/conda/base/bin/python /home/luolie/biopipeline/dimension-reduction/plantnet/methods/DeepLearning/NeighborMix_scMAE/run.py --data_path data/SRP182008.h5ad --save_dir results/formal/SRP182008/neighbormix_scmae__seed42__20260607_131637 --n_clusters 15 --seed 42 --epochs 200 --gpu 1,eval_fixed.csv,0.5812490750332988,0.6163322139926459,0.423439700746849,0.4748342575499294,0.4748342575499294,0.5231084092639198,0.6163322139926459,0.5689495648265049,0.6723239807028283,,15,,,,,,,,,,,,,,,"{""markers"": [""args.json"", ""command.txt"", ""eval_fixed.csv"", ""metrics.json"", ""run.log"", ""status.json"", ""summary.json""]}"
PB000068,true,,run_artifact,run,canonical/formal_benchmark_20260607_08,formal_benchmark_20260607_08,,,SRP182008,nm_scmae_nomix,nm_scmae_nomix,nm_scmae_nomix,42,success,0,,,,,,,/data/luolie/biopipeline/dimension-reduction/plantnet/results/canonical/formal_benchmark_20260607_08/SRP182008/nm_scmae_nomix__seed42__20260607_131925,/data/luolie/biopipeline/dimension-reduction/plantnet/results/canonical/formal_benchmark_20260607_08/SRP182008/nm_scmae_nomix__seed42__20260607_131925,/data/luolie/biopipeline/dimension-reduction/plantnet/results/canonical/formal_benchmark_20260607_08/SRP182008/nm_scmae_nomix__seed42__20260607_131925/metrics.json,/data/luolie/biopipeline/dimension-reduction/plantnet/results/canonical/formal_benchmark_20260607_08/SRP182008/nm_scmae_nomix__seed42__20260607_131925/summary.json,/data/luolie/biopipeline/dimension-reduction/plantnet/results/canonical/formal_benchmark_20260607_08/SRP182008/nm_scmae_nomix__seed42__20260607_131925/eval_fixed.csv,/data/luolie/biopipeline/dimension-reduction/plantnet/results/canonical/formal_benchmark_20260607_08/SRP182008/nm_scmae_nomix__seed42__20260607_131925/args.json,/data/luolie/biopipeline/dimension-reduction/plantnet/results/canonical/formal_benchmark_20260607_08/SRP182008/nm_scmae_nomix__seed42__20260607_131925/status.json,aab897fc3ef457ce43224cc67f6dbc185b24df94,refactor/minimal-method-isolation-and-neighbormix-ablations,1,73.2,73.2,/data/luolie/conda/base/bin/python /home/luolie/biopipeline/dimension-reduction/plantnet/methods/DeepLearning/NeighborMix_scMAE/run.py --data_path data/SRP182008.h5ad --save_dir results/formal/SRP182008/nm_scmae_nomix__seed42__20260607_131925 --n_clusters 15 --seed 42 --epochs 200 --gpu 1 --use_pseudo false --pseudo_weight 0 --neighbor_k 0 --mix_neighbors 0 --variant_name nm_scmae_nomix,eval_fixed.csv,0.5766612401953529,0.5946949777321986,0.3689650416644994,0.4784052318131277,0.4784052318131277,0.4627666483783463,0.5946949777321986,0.5484732462338304,0.6494241936284286,,15,,,,,,,,,,,,,,,"{""markers"": [""args.json"", ""command.txt"", ""eval_fixed.csv"", ""metrics.json"", ""run.log"", ""status.json"", ""summary.json""]}"
PB000069,true,,run_artifact,run,canonical/formal_benchmark_20260607_08,formal_benchmark_20260607_08,,,SRP182008,sc3,sc3,sc3,42,success,0,,,,,,,/data/luolie/biopipeline/dimension-reduction/plantnet/results/canonical/formal_benchmark_20260607_08/SRP182008/sc3__seed42__20260607_132039,/data/luolie/biopipeline/dimension-reduction/plantnet/results/canonical/formal_benchmark_20260607_08/SRP182008/sc3__seed42__20260607_132039,/data/luolie/biopipeline/dimension-reduction/plantnet/results/canonical/formal_benchmark_20260607_08/SRP182008/sc3__seed42__20260607_132039/metrics.json,,,/data/luolie/biopipeline/dimension-reduction/plantnet/results/canonical/formal_benchmark_20260607_08/SRP182008/sc3__seed42__20260607_132039/args.json,/data/luolie/biopipeline/dimension-reduction/plantnet/results/canonical/formal_benchmark_20260607_08/SRP182008/sc3__seed42__20260607_132039/status.json,aab897fc3ef457ce43224cc67f6dbc185b24df94,refactor/minimal-method-isolation-and-neighbormix-ablations,1,45.7,45.7,/data/luolie/conda/base/bin/python /home/luolie/biopipeline/dimension-reduction/plantnet/methods/Traditional/sc3/run.py --data_path data/SRP182008.h5ad --save_dir results/formal/SRP182008/sc3__seed42__20260607_132039 --n_clusters 15 --seed 42,metrics.json:top_level,0.15791031522865176,0.6258325866868395,0.4262616823848017,0.06313130675914015,0.06313130675914015,0.48760759781674673,0.6258325866868394,0.616270680303582,0.6356958899102692,,,,,,,,,,,,,,,,,"{""markers"": [""args.json"", ""command.txt"", ""metrics.json"", ""run.log"", ""status.json""]}"
PB000070,true,,run_artifact,run,canonical/formal_benchmark_20260607_08,formal_benchmark_20260607_08,,,SRP182008,scdcc,scdcc,scdcc,42,success,0,,,,,,,/data/luolie/biopipeline/dimension-reduction/plantnet/results/canonical/formal_benchmark_20260607_08/SRP182008/scdcc__seed42__20260607_132218,/data/luolie/biopipeline/dimension-reduction/plantnet/results/canonical/formal_benchmark_20260607_08/SRP182008/scdcc__seed42__20260607_132218,/data/luolie/biopipeline/dimension-reduction/plantnet/results/canonical/formal_benchmark_20260607_08/SRP182008/scdcc__seed42__20260607_132218/metrics.json,,,/data/luolie/biopipeline/dimension-reduction/plantnet/results/canonical/formal_benchmark_20260607_08/SRP182008/scdcc__seed42__20260607_132218/args.json,/data/luolie/biopipeline/dimension-reduction/plantnet/results/canonical/formal_benchmark_20260607_08/SRP182008/scdcc__seed42__20260607_132218/status.json,aab897fc3ef457ce43224cc67f6dbc185b24df94,refactor/minimal-method-isolation-and-neighbormix-ablations,1,407.5,407.5,/data/luolie/conda/base/bin/python /home/luolie/biopipeline/dimension-reduction/plantnet/methods/DeepLearning/scDCC/run.py --data_path data/SRP182008.h5ad --save_dir results/formal/SRP182008/scdcc__seed42__20260607_132218 --n_clusters 15 --seed 42 --epochs 200 --pretrain_epochs 200 --gpu 1,metrics.json:top_level,0.6869912683143407,0.6766764301971495,0.5656280743386937,0.6212894646298953,0.6212894646298953,0.6072592863463798,0.6766764301971494,0.6822696237277044,0.6711741961227109,,,,,,,,,,,,,,,,,"{""markers"": [""args.json"", ""command.txt"", ""metrics.json"", ""run.log"", ""run_config.json"", ""status.json""]}"
PB000071,true,,run_artifact,run,canonical/formal_benchmark_20260607_08,formal_benchmark_20260607_08,,,SRP182008,scdsc,scdsc,scdsc,42,failed,1,Exit code 1,,,,,,/data/luolie/biopipeline/dimension-reduction/plantnet/results/canonical/formal_benchmark_20260607_08/SRP182008/scdsc__seed42__20260607_132906,/data/luolie/biopipeline/dimension-reduction/plantnet/results/canonical/formal_benchmark_20260607_08/SRP182008/scdsc__seed42__20260607_132906,,,,,/data/luolie/biopipeline/dimension-reduction/plantnet/results/canonical/formal_benchmark_20260607_08/SRP182008/scdsc__seed42__20260607_132906/status.json,aab897fc3ef457ce43224cc67f6dbc185b24df94,refactor/minimal-method-isolation-and-neighbormix-ablations,1,29.5,29.5,/data/luolie/conda/base/bin/python /home/luolie/biopipeline/dimension-reduction/plantnet/methods/GNN/scDSC/run.py --data_path data/SRP182008.h5ad --save_dir results/formal/SRP182008/scdsc__seed42__20260607_132906 --n_clusters 15 --seed 42 --gpu 1,,,,,,,,,,,,,,,,,,,,,,,,,,,"{""markers"": [""command.txt"", ""run.log"", ""run_config.json"", ""status.json""]}"
PB000072,true,,run_artifact,run,canonical/formal_benchmark_20260607_08,formal_benchmark_20260607_08,,,SRP182008,scmae,scmae,scmae,42,success,0,,,,,,,/data/luolie/biopipeline/dimension-reduction/plantnet/results/canonical/formal_benchmark_20260607_08/SRP182008/scmae__seed42__20260607_132935,/data/luolie/biopipeline/dimension-reduction/plantnet/results/canonical/formal_benchmark_20260607_08/SRP182008/scmae__seed42__20260607_132935,/data/luolie/biopipeline/dimension-reduction/plantnet/results/canonical/formal_benchmark_20260607_08/SRP182008/scmae__seed42__20260607_132935/metrics.json,/data/luolie/biopipeline/dimension-reduction/plantnet/results/canonical/formal_benchmark_20260607_08/SRP182008/scmae__seed42__20260607_132935/summary.json,/data/luolie/biopipeline/dimension-reduction/plantnet/results/canonical/formal_benchmark_20260607_08/SRP182008/scmae__seed42__20260607_132935/eval_fixed.csv,/data/luolie/biopipeline/dimension-reduction/plantnet/results/canonical/formal_benchmark_20260607_08/SRP182008/scmae__seed42__20260607_132935/args.json,/data/luolie/biopipeline/dimension-reduction/plantnet/results/canonical/formal_benchmark_20260607_08/SRP182008/scmae__seed42__20260607_132935/status.json,aab897fc3ef457ce43224cc67f6dbc185b24df94,refactor/minimal-method-isolation-and-neighbormix-ablations,1,72.9,72.9,/data/luolie/conda/base/bin/python /home/luolie/biopipeline/dimension-reduction/plantnet/methods/DeepLearning/scMAE/run.py --data_path data/SRP182008.h5ad --save_dir results/formal/SRP182008/scmae__seed42__20260607_132935 --n_clusters 15 --seed 42 --epochs 200 --gpu 1,eval_fixed.csv,0.5766612401953529,0.5946949777321986,0.3689650416644994,0.4784052318131277,0.4784052318131277,0.4627666483783463,0.5946949777321986,0.5484732462338304,0.6494241936284286,,15,,,,,,,,,,,,,,,"{""markers"": [""args.json"", ""command.txt"", ""eval_fixed.csv"", ""metrics.json"", ""run.log"", ""status.json"", ""summary.json""]}"
PB000073,true,,run_artifact,run,canonical/formal_benchmark_20260607_08,formal_benchmark_20260607_08,,,SRP235541,dec,dec,dec,42,success,0,,,,,,,/data/luolie/biopipeline/dimension-reduction/plantnet/results/canonical/formal_benchmark_20260607_08/SRP235541/dec__seed42__20260607_235941,/data/luolie/biopipeline/dimension-reduction/plantnet/results/canonical/formal_benchmark_20260607_08/SRP235541/dec__seed42__20260607_235941,/data/luolie/biopipeline/dimension-reduction/plantnet/results/canonical/formal_benchmark_20260607_08/SRP235541/dec__seed42__20260607_235941/metrics.json,,,/data/luolie/biopipeline/dimension-reduction/plantnet/results/canonical/formal_benchmark_20260607_08/SRP235541/dec__seed42__20260607_235941/args.json,/data/luolie/biopipeline/dimension-reduction/plantnet/results/canonical/formal_benchmark_20260607_08/SRP235541/dec__seed42__20260607_235941/status.json,f9800d5a68e5f12c802e5ba763128f28c02dbe92,refactor/minimal-method-isolation-and-neighbormix-ablations,2,160.5,160.5,/data/luolie/conda/base/bin/python /home/luolie/biopipeline/dimension-reduction/plantnet/methods/DeepLearning/dec/run.py --data_path data/SRP235541.h5ad --save_dir results/formal/SRP235541_retry/dec__seed42__20260607_235941 --n_clusters 18 --seed 42 --epochs 200 --pretrain_epochs 200 --gpu 2,metrics.json:top_level,0.3580833153464278,0.41387032893607417,0.2295433988166513,0.23322907445449065,0.23322907445449065,0.35216505464057174,0.4138703289360742,0.3470595588931752,0.5125362160842954,,,,,,,,,,,,,,,,,"{""markers"": [""args.json"", ""command.txt"", ""metrics.json"", ""run.log"", ""run_config.json"", ""status.json""]}"
PB000074,true,,run_artifact,run,canonical/formal_benchmark_20260607_08,formal_benchmark_20260607_08,,,SRP235541,leiden,leiden,leiden,42,success,0,,,,,,,/data/luolie/biopipeline/dimension-reduction/plantnet/results/canonical/formal_benchmark_20260607_08/SRP235541/leiden__seed42__20260608_000221,/data/luolie/biopipeline/dimension-reduction/plantnet/results/canonical/formal_benchmark_20260607_08/SRP235541/leiden__seed42__20260608_000221,/data/luolie/biopipeline/dimension-reduction/plantnet/results/canonical/formal_benchmark_20260607_08/SRP235541/leiden__seed42__20260608_000221/metrics.json,,,/data/luolie/biopipeline/dimension-reduction/plantnet/results/canonical/formal_benchmark_20260607_08/SRP235541/leiden__seed42__20260608_000221/args.json,/data/luolie/biopipeline/dimension-reduction/plantnet/results/canonical/formal_benchmark_20260607_08/SRP235541/leiden__seed42__20260608_000221/status.json,f9800d5a68e5f12c802e5ba763128f28c02dbe92,refactor/minimal-method-isolation-and-neighbormix-ablations,2,124.6,124.6,/data/luolie/conda/base/bin/python /home/luolie/biopipeline/dimension-reduction/plantnet/methods/Traditional/Leiden/run.py --data_path data/SRP235541.h5ad --save_dir results/formal/SRP235541_retry/leiden__seed42__20260608_000221 --n_clusters 18 --seed 42,metrics.json:top_level,0.6567378948125765,0.673938140161645,0.5356867470280045,0.6355785142059732,0.6355785142059732,0.5730367286591064,0.6739381401616449,0.6629943156928491,0.6852493205196419,,,,,,,,,,,,,,,,,"{""markers"": [""args.json"", ""command.txt"", ""metrics.json"", ""run.log"", ""status.json""]}"
PB000075,true,,run_artifact,run,canonical/formal_benchmark_20260607_08,formal_benchmark_20260607_08,,,SRP235541,louvain,louvain,louvain,42,success,0,,,,,,,/data/luolie/biopipeline/dimension-reduction/plantnet/results/canonical/formal_benchmark_20260607_08/SRP235541/louvain__seed42__20260608_000426,/data/luolie/biopipeline/dimension-reduction/plantnet/results/canonical/formal_benchmark_20260607_08/SRP235541/louvain__seed42__20260608_000426,/data/luolie/biopipeline/dimension-reduction/plantnet/results/canonical/formal_benchmark_20260607_08/SRP235541/louvain__seed42__20260608_000426/metrics.json,,,/data/luolie/biopipeline/dimension-reduction/plantnet/results/canonical/formal_benchmark_20260607_08/SRP235541/louvain__seed42__20260608_000426/args.json,/data/luolie/biopipeline/dimension-reduction/plantnet/results/canonical/formal_benchmark_20260607_08/SRP235541/louvain__seed42__20260608_000426/status.json,f9800d5a68e5f12c802e5ba763128f28c02dbe92,refactor/minimal-method-isolation-and-neighbormix-ablations,2,197.7,197.7,/data/luolie/conda/base/bin/python /home/luolie/biopipeline/dimension-reduction/plantnet/methods/Traditional/Louvain/run.py --data_path data/SRP235541.h5ad --save_dir results/formal/SRP235541_retry/louvain__seed42__20260608_000426 --n_clusters 18 --seed 42,metrics.json:top_level,0.48021440391395065,0.4984171886814374,0.1705769674438836,0.49724561705292075,0.49724561705292075,0.32005601293314573,0.49841718868143736,0.43220369952216214,0.5885888385920531,,,,,,,,,,,,,,,,,"{""markers"": [""args.json"", ""command.txt"", ""metrics.json"", ""run.log"", ""status.json""]}"
PB000076,true,,run_artifact,run,canonical/formal_benchmark_20260607_08,formal_benchmark_20260607_08,,,SRP235541,neighbormix_scmae,neighbormix_scmae,neighbormix_scmae,42,success,0,,,,,,,/data/luolie/biopipeline/dimension-reduction/plantnet/results/canonical/formal_benchmark_20260607_08/SRP235541/neighbormix_scmae__seed42__20260608_000744,/data/luolie/biopipeline/dimension-reduction/plantnet/results/canonical/formal_benchmark_20260607_08/SRP235541/neighbormix_scmae__seed42__20260608_000744,/data/luolie/biopipeline/dimension-reduction/plantnet/results/canonical/formal_benchmark_20260607_08/SRP235541/neighbormix_scmae__seed42__20260608_000744/metrics.json,/data/luolie/biopipeline/dimension-reduction/plantnet/results/canonical/formal_benchmark_20260607_08/SRP235541/neighbormix_scmae__seed42__20260608_000744/summary.json,/data/luolie/biopipeline/dimension-reduction/plantnet/results/canonical/formal_benchmark_20260607_08/SRP235541/neighbormix_scmae__seed42__20260608_000744/eval_fixed.csv,/data/luolie/biopipeline/dimension-reduction/plantnet/results/canonical/formal_benchmark_20260607_08/SRP235541/neighbormix_scmae__seed42__20260608_000744/args.json,/data/luolie/biopipeline/dimension-reduction/plantnet/results/canonical/formal_benchmark_20260607_08/SRP235541/neighbormix_scmae__seed42__20260608_000744/status.json,f9800d5a68e5f12c802e5ba763128f28c02dbe92,refactor/minimal-method-isolation-and-neighbormix-ablations,2,436.9,436.9,/data/luolie/conda/base/bin/python /home/luolie/biopipeline/dimension-reduction/plantnet/methods/DeepLearning/NeighborMix_scMAE/run.py --data_path data/SRP235541.h5ad --save_dir results/formal/SRP235541_retry/neighbormix_scmae__seed42__20260608_000744 --n_clusters 18 --seed 42 --epochs 200 --gpu 2,eval_fixed.csv,0.5655083099503562,0.6520129285553359,0.3883695789187143,0.5367222268850493,0.5367222268850493,0.4579710866654186,0.652012928555336,0.6157967443864809,0.6927551858390655,,18,,,,,,,,,,,,,,,"{""markers"": [""args.json"", ""command.txt"", ""eval_fixed.csv"", ""metrics.json"", ""run.log"", ""status.json"", ""summary.json""]}"
PB000077,true,,run_artifact,run,canonical/formal_benchmark_20260607_08,formal_benchmark_20260607_08,,,SRP235541,nm_scmae_nomix,nm_scmae_nomix,nm_scmae_nomix,42,success,0,,,,,,,/data/luolie/biopipeline/dimension-reduction/plantnet/results/canonical/formal_benchmark_20260607_08/SRP235541/nm_scmae_nomix__seed42__20260608_001501,/data/luolie/biopipeline/dimension-reduction/plantnet/results/canonical/formal_benchmark_20260607_08/SRP235541/nm_scmae_nomix__seed42__20260608_001501,/data/luolie/biopipeline/dimension-reduction/plantnet/results/canonical/formal_benchmark_20260607_08/SRP235541/nm_scmae_nomix__seed42__20260608_001501/metrics.json,/data/luolie/biopipeline/dimension-reduction/plantnet/results/canonical/formal_benchmark_20260607_08/SRP235541/nm_scmae_nomix__seed42__20260608_001501/summary.json,/data/luolie/biopipeline/dimension-reduction/plantnet/results/canonical/formal_benchmark_20260607_08/SRP235541/nm_scmae_nomix__seed42__20260608_001501/eval_fixed.csv,/data/luolie/biopipeline/dimension-reduction/plantnet/results/canonical/formal_benchmark_20260607_08/SRP235541/nm_scmae_nomix__seed42__20260608_001501/args.json,/data/luolie/biopipeline/dimension-reduction/plantnet/results/canonical/formal_benchmark_20260607_08/SRP235541/nm_scmae_nomix__seed42__20260608_001501/status.json,f9800d5a68e5f12c802e5ba763128f28c02dbe92,refactor/minimal-method-isolation-and-neighbormix-ablations,2,182.9,182.9,/data/luolie/conda/base/bin/python /home/luolie/biopipeline/dimension-reduction/plantnet/methods/DeepLearning/NeighborMix_scMAE/run.py --data_path data/SRP235541.h5ad --save_dir results/formal/SRP235541_retry/nm_scmae_nomix__seed42__20260608_001501 --n_clusters 18 --seed 42 --epochs 200 --gpu 2 --use_pseudo false --pseudo_weight 0 --neighbor_k 0 --mix_neighbors 0 --variant_name nm_scmae_nomix,eval_fixed.csv,0.5570904381610188,0.6561452082515004,0.3866147269786033,0.5429853807985282,0.5429853807985282,0.4521382030227303,0.6561452082515004,0.6271364066723034,0.6879678260194024,,18,,,,,,,,,,,,,,,"{""markers"": [""args.json"", ""command.txt"", ""eval_fixed.csv"", ""metrics.json"", ""run.log"", ""status.json"", ""summary.json""]}"
PB000078,true,,run_artifact,run,canonical/formal_benchmark_20260607_08,formal_benchmark_20260607_08,,,SRP235541,sc3,sc3,sc3,42,success,0,,,,,,,/data/luolie/biopipeline/dimension-reduction/plantnet/results/canonical/formal_benchmark_20260607_08/SRP235541/sc3__seed42__20260608_001804,/data/luolie/biopipeline/dimension-reduction/plantnet/results/canonical/formal_benchmark_20260607_08/SRP235541/sc3__seed42__20260608_001804,/data/luolie/biopipeline/dimension-reduction/plantnet/results/canonical/formal_benchmark_20260607_08/SRP235541/sc3__seed42__20260608_001804/metrics.json,,,/data/luolie/biopipeline/dimension-reduction/plantnet/results/canonical/formal_benchmark_20260607_08/SRP235541/sc3__seed42__20260608_001804/args.json,/data/luolie/biopipeline/dimension-reduction/plantnet/results/canonical/formal_benchmark_20260607_08/SRP235541/sc3__seed42__20260608_001804/status.json,f9800d5a68e5f12c802e5ba763128f28c02dbe92,refactor/minimal-method-isolation-and-neighbormix-ablations,2,102.4,102.4,/data/luolie/conda/base/bin/python /home/luolie/biopipeline/dimension-reduction/plantnet/methods/Traditional/sc3/run.py --data_path data/SRP235541.h5ad --save_dir results/formal/SRP235541_retry/sc3__seed42__20260608_001804 --n_clusters 18 --seed 42,metrics.json:top_level,0.14590977768184762,0.6372159425576492,0.3729320539620373,0.04952705085064028,0.04952705085064028,0.43311314575003096,0.6372159425576492,0.6187879068416714,0.6567752747399036,,,,,,,,,,,,,,,,,"{""markers"": [""args.json"", ""command.txt"", ""metrics.json"", ""run.log"", ""status.json""]}"
PB000079,true,,run_artifact,run,canonical/formal_benchmark_20260607_08,formal_benchmark_20260607_08,,,SRP235541,scdcc,scdcc,scdcc,42,success,0,,,,,,,/data/luolie/biopipeline/dimension-reduction/plantnet/results/canonical/formal_benchmark_20260607_08/SRP235541/scdcc__seed42__20260608_002142,/data/luolie/biopipeline/dimension-reduction/plantnet/results/canonical/formal_benchmark_20260607_08/SRP235541/scdcc__seed42__20260608_002142,/data/luolie/biopipeline/dimension-reduction/plantnet/results/canonical/formal_benchmark_20260607_08/SRP235541/scdcc__seed42__20260608_002142/metrics.json,,,/data/luolie/biopipeline/dimension-reduction/plantnet/results/canonical/formal_benchmark_20260607_08/SRP235541/scdcc__seed42__20260608_002142/args.json,/data/luolie/biopipeline/dimension-reduction/plantnet/results/canonical/formal_benchmark_20260607_08/SRP235541/scdcc__seed42__20260608_002142/status.json,f9800d5a68e5f12c802e5ba763128f28c02dbe92,refactor/minimal-method-isolation-and-neighbormix-ablations,2,853.9,853.9,/data/luolie/conda/base/bin/python /home/luolie/biopipeline/dimension-reduction/plantnet/methods/DeepLearning/scDCC/run.py --data_path data/SRP235541.h5ad --save_dir results/formal/SRP235541_retry/scdcc__seed42__20260608_002142 --n_clusters 18 --seed 42 --epochs 200 --pretrain_epochs 200 --gpu 2,metrics.json:top_level,0.5666954457155191,0.6152752261654508,0.3969576249489541,0.5182792204670805,0.5182792204670805,0.4487993509436764,0.6152752261654508,0.6036093545034196,0.6274009138929677,,,,,,,,,,,,,,,,,"{""markers"": [""args.json"", ""command.txt"", ""metrics.json"", ""run.log"", ""run_config.json"", ""status.json""]}"
PB000080,true,,run_artifact,run,canonical/formal_benchmark_20260607_08,formal_benchmark_20260607_08,,,SRP235541,scdsc,scdsc,scdsc,42,failed,1,Exit code 1,,,,,,/data/luolie/biopipeline/dimension-reduction/plantnet/results/canonical/formal_benchmark_20260607_08/SRP235541/scdsc__seed42__20260608_003556,/data/luolie/biopipeline/dimension-reduction/plantnet/results/canonical/formal_benchmark_20260607_08/SRP235541/scdsc__seed42__20260608_003556,,,,,/data/luolie/biopipeline/dimension-reduction/plantnet/results/canonical/formal_benchmark_20260607_08/SRP235541/scdsc__seed42__20260608_003556/status.json,f9800d5a68e5f12c802e5ba763128f28c02dbe92,refactor/minimal-method-isolation-and-neighbormix-ablations,2,55.3,55.3,/data/luolie/conda/base/bin/python /home/luolie/biopipeline/dimension-reduction/plantnet/methods/GNN/scDSC/run.py --data_path data/SRP235541.h5ad --save_dir results/formal/SRP235541_retry/scdsc__seed42__20260608_003556 --n_clusters 18 --seed 42 --epochs 200 --pretrain_epochs 200 --gpu 2,,,,,,,,,,,,,,,,,,,,,,,,,,,"{""markers"": [""command.txt"", ""run.log"", ""run_config.json"", ""status.json""]}"
PB000081,true,,run_artifact,run,canonical/formal_benchmark_20260607_08,formal_benchmark_20260607_08,,,SRP235541,scmae,scmae,scmae,42,success,0,,,,,,,/data/luolie/biopipeline/dimension-reduction/plantnet/results/canonical/formal_benchmark_20260607_08/SRP235541/scmae__seed42__20260608_003651,/data/luolie/biopipeline/dimension-reduction/plantnet/results/canonical/formal_benchmark_20260607_08/SRP235541/scmae__seed42__20260608_003651,/data/luolie/biopipeline/dimension-reduction/plantnet/results/canonical/formal_benchmark_20260607_08/SRP235541/scmae__seed42__20260608_003651/metrics.json,/data/luolie/biopipeline/dimension-reduction/plantnet/results/canonical/formal_benchmark_20260607_08/SRP235541/scmae__seed42__20260608_003651/summary.json,/data/luolie/biopipeline/dimension-reduction/plantnet/results/canonical/formal_benchmark_20260607_08/SRP235541/scmae__seed42__20260608_003651/eval_fixed.csv,/data/luolie/biopipeline/dimension-reduction/plantnet/results/canonical/formal_benchmark_20260607_08/SRP235541/scmae__seed42__20260608_003651/args.json,/data/luolie/biopipeline/dimension-reduction/plantnet/results/canonical/formal_benchmark_20260607_08/SRP235541/scmae__seed42__20260608_003651/status.json,f9800d5a68e5f12c802e5ba763128f28c02dbe92,refactor/minimal-method-isolation-and-neighbormix-ablations,2,171.0,171.0,/data/luolie/conda/base/bin/python /home/luolie/biopipeline/dimension-reduction/plantnet/methods/DeepLearning/scMAE/run.py --data_path data/SRP235541.h5ad --save_dir results/formal/SRP235541_retry/scmae__seed42__20260608_003651 --n_clusters 18 --seed 42 --epochs 200 --gpu 2,eval_fixed.csv,0.5570904381610188,0.6561452082515004,0.3866147269786033,0.5429853807985282,0.5429853807985282,0.4521382030227303,0.6561452082515004,0.6271364066723034,0.6879678260194024,,18,,,,,,,,,,,,,,,"{""markers"": [""args.json"", ""command.txt"", ""eval_fixed.csv"", ""metrics.json"", ""run.log"", ""status.json"", ""summary.json""]}"
PB000082,true,,run_artifact,run,canonical/formal_benchmark_20260607_08,formal_benchmark_20260607_08,,,Wang,dec,dec,dec,2024,success,0,,,,,,,/data/luolie/biopipeline/dimension-reduction/plantnet/results/canonical/formal_benchmark_20260607_08/Wang/dec__seed2024__20260608_155427,/data/luolie/biopipeline/dimension-reduction/plantnet/results/canonical/formal_benchmark_20260607_08/Wang/dec__seed2024__20260608_155427,/data/luolie/biopipeline/dimension-reduction/plantnet/results/canonical/formal_benchmark_20260607_08/Wang/dec__seed2024__20260608_155427/metrics.json,,,/data/luolie/biopipeline/dimension-reduction/plantnet/results/canonical/formal_benchmark_20260607_08/Wang/dec__seed2024__20260608_155427/args.json,/data/luolie/biopipeline/dimension-reduction/plantnet/results/canonical/formal_benchmark_20260607_08/Wang/dec__seed2024__20260608_155427/status.json,6ce4c6a0430f862679451698173e2430f500f2c9,refactor/minimal-method-isolation-and-neighbormix-ablations,2,52.4,52.4,/data/luolie/conda/base/bin/python /home/luolie/biopipeline/dimension-reduction/plantnet/methods/DeepLearning/dec/run.py --data_path /home/luolie/biopipeline/dimension-reduction/plantnet/data/processed/Wang.h5ad --save_dir results/formal/Wang/dec__seed2024__20260608_155427 --n_clusters 2 --seed 2024 --epochs 200 --pretrain_epochs 200 --gpu 2,metrics.json:top_level,0.767517596386175,0.010608141282590982,-0.017087030155163843,0.4342347696879643,0.4342347696879643,0.7965962604459979,0.010608141282590983,0.0059853786792786225,0.04659694229320652,,,,,,,,,,,,,,,,,"{""markers"": [""args.json"", ""command.txt"", ""metrics.json"", ""run.log"", ""run_config.json"", ""status.json""]}"
PB000083,true,,run_artifact,run,canonical/formal_benchmark_20260607_08,formal_benchmark_20260607_08,,,Wang,dec,dec,dec,3407,success,0,,,,,,,/data/luolie/biopipeline/dimension-reduction/plantnet/results/canonical/formal_benchmark_20260607_08/Wang/dec__seed3407__20260608_155519,/data/luolie/biopipeline/dimension-reduction/plantnet/results/canonical/formal_benchmark_20260607_08/Wang/dec__seed3407__20260608_155519,/data/luolie/biopipeline/dimension-reduction/plantnet/results/canonical/formal_benchmark_20260607_08/Wang/dec__seed3407__20260608_155519/metrics.json,,,/data/luolie/biopipeline/dimension-reduction/plantnet/results/canonical/formal_benchmark_20260607_08/Wang/dec__seed3407__20260608_155519/args.json,/data/luolie/biopipeline/dimension-reduction/plantnet/results/canonical/formal_benchmark_20260607_08/Wang/dec__seed3407__20260608_155519/status.json,6ce4c6a0430f862679451698173e2430f500f2c9,refactor/minimal-method-isolation-and-neighbormix-ablations,2,51.3,51.3,/data/luolie/conda/base/bin/python /home/luolie/biopipeline/dimension-reduction/plantnet/methods/DeepLearning/dec/run.py --data_path /home/luolie/biopipeline/dimension-reduction/plantnet/data/processed/Wang.h5ad --save_dir results/formal/Wang/dec__seed3407__20260608_155519 --n_clusters 2 --seed 3407 --epochs 200 --pretrain_epochs 200 --gpu 2,metrics.json:top_level,0.7655215884021431,0.005968656884187346,-0.016658384771611183,0.43709058306609383,0.43709058306609383,0.7937169815479689,0.005968656884187346,0.003455690237523049,0.021878978659081113,,,,,,,,,,,,,,,,,"{""markers"": [""args.json"", ""command.txt"", ""metrics.json"", ""run.log"", ""run_config.json"", ""status.json""]}"
PB000084,true,,run_artifact,run,canonical/formal_benchmark_20260607_08,formal_benchmark_20260607_08,,,Wang,dec,dec,dec,42,success,0,,,,,,,/data/luolie/biopipeline/dimension-reduction/plantnet/results/canonical/formal_benchmark_20260607_08/Wang/dec__seed42__20260608_155331,/data/luolie/biopipeline/dimension-reduction/plantnet/results/canonical/formal_benchmark_20260607_08/Wang/dec__seed42__20260608_155331,/data/luolie/biopipeline/dimension-reduction/plantnet/results/canonical/formal_benchmark_20260607_08/Wang/dec__seed42__20260608_155331/metrics.json,,,/data/luolie/biopipeline/dimension-reduction/plantnet/results/canonical/formal_benchmark_20260607_08/Wang/dec__seed42__20260608_155331/args.json,/data/luolie/biopipeline/dimension-reduction/plantnet/results/canonical/formal_benchmark_20260607_08/Wang/dec__seed42__20260608_155331/status.json,6ce4c6a0430f862679451698173e2430f500f2c9,refactor/minimal-method-isolation-and-neighbormix-ablations,2,55.7,55.7,/data/luolie/conda/base/bin/python /home/luolie/biopipeline/dimension-reduction/plantnet/methods/DeepLearning/dec/run.py --data_path /home/luolie/biopipeline/dimension-reduction/plantnet/data/processed/Wang.h5ad --save_dir results/formal/Wang/dec__seed42__20260608_155331 --n_clusters 2 --seed 42 --epochs 200 --pretrain_epochs 200 --gpu 2,metrics.json:top_level,0.7681479146969219,0.010121166430727947,-0.01628010827687871,0.4344364565385301,0.4344364565385301,0.7972838562552577,0.010121166430727949,0.005684051836856498,0.04613643145663856,,,,,,,,,,,,,,,,,"{""markers"": [""args.json"", ""command.txt"", ""metrics.json"", ""run.log"", ""run_config.json"", ""status.json""]}"
PB000085,true,,run_artifact,run,canonical/formal_benchmark_20260607_08,formal_benchmark_20260607_08,,,Wang,leiden,leiden,leiden,2024,success,0,,,,,,,/data/luolie/biopipeline/dimension-reduction/plantnet/results/canonical/formal_benchmark_20260607_08/Wang/leiden__seed2024__20260608_155703,/data/luolie/biopipeline/dimension-reduction/plantnet/results/canonical/formal_benchmark_20260607_08/Wang/leiden__seed2024__20260608_155703,/data/luolie/biopipeline/dimension-reduction/plantnet/results/canonical/formal_benchmark_20260607_08/Wang/leiden__seed2024__20260608_155703/metrics.json,,,/data/luolie/biopipeline/dimension-reduction/plantnet/results/canonical/formal_benchmark_20260607_08/Wang/leiden__seed2024__20260608_155703/args.json,/data/luolie/biopipeline/dimension-reduction/plantnet/results/canonical/formal_benchmark_20260607_08/Wang/leiden__seed2024__20260608_155703/status.json,6ce4c6a0430f862679451698173e2430f500f2c9,refactor/minimal-method-isolation-and-neighbormix-ablations,2,50.6,50.6,/data/luolie/conda/base/bin/python /home/luolie/biopipeline/dimension-reduction/plantnet/methods/Traditional/Leiden/run.py --data_path /home/luolie/biopipeline/dimension-reduction/plantnet/data/processed/Wang.h5ad --save_dir results/formal/Wang/leiden__seed2024__20260608_155703 --n_clusters 2 --seed 2024,metrics.json:top_level,0.5216934551948734,0.13695105726465975,-0.07694368038163647,0.3430352539443458,0.3430352539443458,0.6083462824709711,0.13695105726465975,0.14278517561529983,0.1315749808818018,,,,,,,,,,,,,,,,,"{""markers"": [""args.json"", ""command.txt"", ""metrics.json"", ""run.log"", ""status.json""]}"
PB000086,true,,run_artifact,run,canonical/formal_benchmark_20260607_08,formal_benchmark_20260607_08,,,Wang,leiden,leiden,leiden,3407,success,0,,,,,,,/data/luolie/biopipeline/dimension-reduction/plantnet/results/canonical/formal_benchmark_20260607_08/Wang/leiden__seed3407__20260608_155753,/data/luolie/biopipeline/dimension-reduction/plantnet/results/canonical/formal_benchmark_20260607_08/Wang/leiden__seed3407__20260608_155753,/data/luolie/biopipeline/dimension-reduction/plantnet/results/canonical/formal_benchmark_20260607_08/Wang/leiden__seed3407__20260608_155753/metrics.json,,,/data/luolie/biopipeline/dimension-reduction/plantnet/results/canonical/formal_benchmark_20260607_08/Wang/leiden__seed3407__20260608_155753/args.json,/data/luolie/biopipeline/dimension-reduction/plantnet/results/canonical/formal_benchmark_20260607_08/Wang/leiden__seed3407__20260608_155753/status.json,6ce4c6a0430f862679451698173e2430f500f2c9,refactor/minimal-method-isolation-and-neighbormix-ablations,2,51.1,51.1,/data/luolie/conda/base/bin/python /home/luolie/biopipeline/dimension-reduction/plantnet/methods/Traditional/Leiden/run.py --data_path /home/luolie/biopipeline/dimension-reduction/plantnet/data/processed/Wang.h5ad --save_dir results/formal/Wang/leiden__seed3407__20260608_155753 --n_clusters 2 --seed 3407,metrics.json:top_level,0.445950204853451,0.1464334984812314,-0.019425189081032947,0.3160061506467008,0.3160061506467008,0.5923946070383469,0.1464334984812314,0.1627057236380102,0.13312013293074412,,,,,,,,,,,,,,,,,"{""markers"": [""args.json"", ""command.txt"", ""metrics.json"", ""run.log"", ""status.json""]}"
PB000087,true,,run_artifact,run,canonical/formal_benchmark_20260607_08,formal_benchmark_20260607_08,,,Wang,leiden,leiden,leiden,42,success,0,,,,,,,/data/luolie/biopipeline/dimension-reduction/plantnet/results/canonical/formal_benchmark_20260607_08/Wang/leiden__seed42__20260608_155611,/data/luolie/biopipeline/dimension-reduction/plantnet/results/canonical/formal_benchmark_20260607_08/Wang/leiden__seed42__20260608_155611,/data/luolie/biopipeline/dimension-reduction/plantnet/results/canonical/formal_benchmark_20260607_08/Wang/leiden__seed42__20260608_155611/metrics.json,,,/data/luolie/biopipeline/dimension-reduction/plantnet/results/canonical/formal_benchmark_20260607_08/Wang/leiden__seed42__20260608_155611/args.json,/data/luolie/biopipeline/dimension-reduction/plantnet/results/canonical/formal_benchmark_20260607_08/Wang/leiden__seed42__20260608_155611/status.json,6ce4c6a0430f862679451698173e2430f500f2c9,refactor/minimal-method-isolation-and-neighbormix-ablations,2,52.3,52.3,/data/luolie/conda/base/bin/python /home/luolie/biopipeline/dimension-reduction/plantnet/methods/Traditional/Leiden/run.py --data_path /home/luolie/biopipeline/dimension-reduction/plantnet/data/processed/Wang.h5ad --save_dir results/formal/Wang/leiden__seed42__20260608_155611 --n_clusters 2 --seed 42,metrics.json:top_level,0.5203277655215884,0.1376457540150287,-0.07623316531990375,0.3424442078967657,0.3424442078967657,0.6078715867365297,0.1376457540150287,0.14369673175962155,0.1320837898491648,,,,,,,,,,,,,,,,,"{""markers"": [""args.json"", ""command.txt"", ""metrics.json"", ""run.log"", ""status.json""]}"
PB000088,true,,run_artifact,run,canonical/formal_benchmark_20260607_08,formal_benchmark_20260607_08,,,Wang,louvain,louvain,louvain,2024,success,0,,,,,,,/data/luolie/biopipeline/dimension-reduction/plantnet/results/canonical/formal_benchmark_20260607_08/Wang/louvain__seed2024__20260608_155949,/data/luolie/biopipeline/dimension-reduction/plantnet/results/canonical/formal_benchmark_20260607_08/Wang/louvain__seed2024__20260608_155949,/data/luolie/biopipeline/dimension-reduction/plantnet/results/canonical/formal_benchmark_20260607_08/Wang/louvain__seed2024__20260608_155949/metrics.json,,,/data/luolie/biopipeline/dimension-reduction/plantnet/results/canonical/formal_benchmark_20260607_08/Wang/louvain__seed2024__20260608_155949/args.json,/data/luolie/biopipeline/dimension-reduction/plantnet/results/canonical/formal_benchmark_20260607_08/Wang/louvain__seed2024__20260608_155949/status.json,6ce4c6a0430f862679451698173e2430f500f2c9,refactor/minimal-method-isolation-and-neighbormix-ablations,2,59.5,59.5,/data/luolie/conda/base/bin/python /home/luolie/biopipeline/dimension-reduction/plantnet/methods/Traditional/Louvain/run.py --data_path /home/luolie/biopipeline/dimension-reduction/plantnet/data/processed/Wang.h5ad --save_dir results/formal/Wang/louvain__seed2024__20260608_155949 --n_clusters 2 --seed 2024,metrics.json:top_level,0.7718247715096124,0.007204391537925265,-0.01147533811155083,0.435610103166133,0.435610103166133,0.801310425659912,0.007204391537925264,0.003930656835845542,0.04310707371712417,,,,,,,,,,,,,,,,,"{""markers"": [""args.json"", ""command.txt"", ""metrics.json"", ""run.log"", ""status.json""]}"
PB000089,true,,run_artifact,run,canonical/formal_benchmark_20260607_08,formal_benchmark_20260607_08,,,Wang,louvain,louvain,louvain,3407,success,0,,,,,,,/data/luolie/biopipeline/dimension-reduction/plantnet/results/canonical/formal_benchmark_20260607_08/Wang/louvain__seed3407__20260608_160049,/data/luolie/biopipeline/dimension-reduction/plantnet/results/canonical/formal_benchmark_20260607_08/Wang/louvain__seed3407__20260608_160049,/data/luolie/biopipeline/dimension-reduction/plantnet/results/canonical/formal_benchmark_20260607_08/Wang/louvain__seed3407__20260608_160049/metrics.json,,,/data/luolie/biopipeline/dimension-reduction/plantnet/results/canonical/formal_benchmark_20260607_08/Wang/louvain__seed3407__20260608_160049/args.json,/data/luolie/biopipeline/dimension-reduction/plantnet/results/canonical/formal_benchmark_20260607_08/Wang/louvain__seed3407__20260608_160049/status.json,6ce4c6a0430f862679451698173e2430f500f2c9,refactor/minimal-method-isolation-and-neighbormix-ablations,2,61.4,61.4,/data/luolie/conda/base/bin/python /home/luolie/biopipeline/dimension-reduction/plantnet/methods/Traditional/Louvain/run.py --data_path /home/luolie/biopipeline/dimension-reduction/plantnet/data/processed/Wang.h5ad --save_dir results/formal/Wang/louvain__seed3407__20260608_160049 --n_clusters 2 --seed 3407,metrics.json:top_level,0.7618447315894527,0.013322857276508757,-0.023766288292920986,0.43284575588215374,0.43284575588215374,0.7903551253421436,0.013322857276508757,0.007826151096985439,0.04476031749363095,,,,,,,,,,,,,,,,,"{""markers"": [""args.json"", ""command.txt"", ""metrics.json"", ""run.log"", ""status.json""]}"
PB000090,true,,run_artifact,run,canonical/formal_benchmark_20260607_08,formal_benchmark_20260607_08,,,Wang,louvain,louvain,louvain,42,success,0,,,,,,,/data/luolie/biopipeline/dimension-reduction/plantnet/results/canonical/formal_benchmark_20260607_08/Wang/louvain__seed42__20260608_155845,/data/luolie/biopipeline/dimension-reduction/plantnet/results/canonical/formal_benchmark_20260607_08/Wang/louvain__seed42__20260608_155845,/data/luolie/biopipeline/dimension-reduction/plantnet/results/canonical/formal_benchmark_20260607_08/Wang/louvain__seed42__20260608_155845/metrics.json,,,/data/luolie/biopipeline/dimension-reduction/plantnet/results/canonical/formal_benchmark_20260607_08/Wang/louvain__seed42__20260608_155845/args.json,/data/luolie/biopipeline/dimension-reduction/plantnet/results/canonical/formal_benchmark_20260607_08/Wang/louvain__seed42__20260608_155845/status.json,6ce4c6a0430f862679451698173e2430f500f2c9,refactor/minimal-method-isolation-and-neighbormix-ablations,2,64.8,64.8,/data/luolie/conda/base/bin/python /home/luolie/biopipeline/dimension-reduction/plantnet/methods/Traditional/Louvain/run.py --data_path /home/luolie/biopipeline/dimension-reduction/plantnet/data/processed/Wang.h5ad --save_dir results/formal/Wang/louvain__seed42__20260608_155845 --n_clusters 2 --seed 42,metrics.json:top_level,0.7618447315894527,0.013322857276508757,-0.023766288292920986,0.43284575588215374,0.43284575588215374,0.7903551253421436,0.013322857276508757,0.007826151096985439,0.04476031749363095,,,,,,,,,,,,,,,,,"{""markers"": [""args.json"", ""command.txt"", ""metrics.json"", ""run.log"", ""status.json""]}"
PB000091,true,,run_artifact,run,canonical/formal_benchmark_20260607_08,formal_benchmark_20260607_08,,,Wang,neighbormix_scmae,neighbormix_scmae,neighbormix_scmae,2024,success,0,,,,,,,/data/luolie/biopipeline/dimension-reduction/plantnet/results/canonical/formal_benchmark_20260607_08/Wang/neighbormix_scmae__seed2024__20260608_160356,/data/luolie/biopipeline/dimension-reduction/plantnet/results/canonical/formal_benchmark_20260607_08/Wang/neighbormix_scmae__seed2024__20260608_160356,/data/luolie/biopipeline/dimension-reduction/plantnet/results/canonical/formal_benchmark_20260607_08/Wang/neighbormix_scmae__seed2024__20260608_160356/metrics.json,/data/luolie/biopipeline/dimension-reduction/plantnet/results/canonical/formal_benchmark_20260607_08/Wang/neighbormix_scmae__seed2024__20260608_160356/summary.json,/data/luolie/biopipeline/dimension-reduction/plantnet/results/canonical/formal_benchmark_20260607_08/Wang/neighbormix_scmae__seed2024__20260608_160356/eval_fixed.csv,/data/luolie/biopipeline/dimension-reduction/plantnet/results/canonical/formal_benchmark_20260607_08/Wang/neighbormix_scmae__seed2024__20260608_160356/args.json,/data/luolie/biopipeline/dimension-reduction/plantnet/results/canonical/formal_benchmark_20260607_08/Wang/neighbormix_scmae__seed2024__20260608_160356/status.json,6ce4c6a0430f862679451698173e2430f500f2c9,refactor/minimal-method-isolation-and-neighbormix-ablations,2,124.3,124.3,/data/luolie/conda/base/bin/python /home/luolie/biopipeline/dimension-reduction/plantnet/methods/DeepLearning/NeighborMix_scMAE/run.py --data_path /home/luolie/biopipeline/dimension-reduction/plantnet/data/processed/Wang.h5ad --save_dir results/formal/Wang/neighbormix_scmae__seed2024__20260608_160356 --n_clusters 2 --seed 2024 --epochs 200 --gpu 2,eval_fixed.csv,0.9920159680638724,0.9148262315852042,0.9648025183593496,0.988327436632517,0.988327436632517,0.987962490734698,0.9148262315852042,0.9127376974426116,0.9169243456517469,,2,,,,,,,,,,,,,,,"{""markers"": [""args.json"", ""command.txt"", ""eval_fixed.csv"", ""metrics.json"", ""run.log"", ""status.json"", ""summary.json""]}"
PB000092,true,,run_artifact,run,canonical/formal_benchmark_20260607_08,formal_benchmark_20260607_08,,,Wang,neighbormix_scmae,neighbormix_scmae,neighbormix_scmae,3407,success,0,,,,,,,/data/luolie/biopipeline/dimension-reduction/plantnet/results/canonical/formal_benchmark_20260607_08/Wang/neighbormix_scmae__seed3407__20260608_160600,/data/luolie/biopipeline/dimension-reduction/plantnet/results/canonical/formal_benchmark_20260607_08/Wang/neighbormix_scmae__seed3407__20260608_160600,/data/luolie/biopipeline/dimension-reduction/plantnet/results/canonical/formal_benchmark_20260607_08/Wang/neighbormix_scmae__seed3407__20260608_160600/metrics.json,/data/luolie/biopipeline/dimension-reduction/plantnet/results/canonical/formal_benchmark_20260607_08/Wang/neighbormix_scmae__seed3407__20260608_160600/summary.json,/data/luolie/biopipeline/dimension-reduction/plantnet/results/canonical/formal_benchmark_20260607_08/Wang/neighbormix_scmae__seed3407__20260608_160600/eval_fixed.csv,/data/luolie/biopipeline/dimension-reduction/plantnet/results/canonical/formal_benchmark_20260607_08/Wang/neighbormix_scmae__seed3407__20260608_160600/args.json,/data/luolie/biopipeline/dimension-reduction/plantnet/results/canonical/formal_benchmark_20260607_08/Wang/neighbormix_scmae__seed3407__20260608_160600/status.json,6ce4c6a0430f862679451698173e2430f500f2c9,refactor/minimal-method-isolation-and-neighbormix-ablations,2,125.1,125.1,/data/luolie/conda/base/bin/python /home/luolie/biopipeline/dimension-reduction/plantnet/methods/DeepLearning/NeighborMix_scMAE/run.py --data_path /home/luolie/biopipeline/dimension-reduction/plantnet/data/processed/Wang.h5ad --save_dir results/formal/Wang/neighbormix_scmae__seed3407__20260608_160600 --n_clusters 2 --seed 3407 --epochs 200 --gpu 2,eval_fixed.csv,0.9909654375459608,0.9054421855492436,0.96025930224512,0.9868233849353604,0.9868233849353604,0.9863745028109918,0.9054421855492434,0.9049843798879332,0.9059004546265096,,2,,,,,,,,,,,,,,,"{""markers"": [""args.json"", ""command.txt"", ""eval_fixed.csv"", ""metrics.json"", ""run.log"", ""status.json"", ""summary.json""]}"
PB000093,true,,run_artifact,run,canonical/formal_benchmark_20260607_08,formal_benchmark_20260607_08,,,Wang,neighbormix_scmae,neighbormix_scmae,neighbormix_scmae,42,success,0,,,,,,,/data/luolie/biopipeline/dimension-reduction/plantnet/results/canonical/formal_benchmark_20260607_08/Wang/neighbormix_scmae__seed42__20260608_160150,/data/luolie/biopipeline/dimension-reduction/plantnet/results/canonical/formal_benchmark_20260607_08/Wang/neighbormix_scmae__seed42__20260608_160150,/data/luolie/biopipeline/dimension-reduction/plantnet/results/canonical/formal_benchmark_20260607_08/Wang/neighbormix_scmae__seed42__20260608_160150/metrics.json,/data/luolie/biopipeline/dimension-reduction/plantnet/results/canonical/formal_benchmark_20260607_08/Wang/neighbormix_scmae__seed42__20260608_160150/summary.json,/data/luolie/biopipeline/dimension-reduction/plantnet/results/canonical/formal_benchmark_20260607_08/Wang/neighbormix_scmae__seed42__20260608_160150/eval_fixed.csv,/data/luolie/biopipeline/dimension-reduction/plantnet/results/canonical/formal_benchmark_20260607_08/Wang/neighbormix_scmae__seed42__20260608_160150/args.json,/data/luolie/biopipeline/dimension-reduction/plantnet/results/canonical/formal_benchmark_20260607_08/Wang/neighbormix_scmae__seed42__20260608_160150/status.json,6ce4c6a0430f862679451698173e2430f500f2c9,refactor/minimal-method-isolation-and-neighbormix-ablations,2,125.3,125.3,/data/luolie/conda/base/bin/python /home/luolie/biopipeline/dimension-reduction/plantnet/methods/DeepLearning/NeighborMix_scMAE/run.py --data_path /home/luolie/biopipeline/dimension-reduction/plantnet/data/processed/Wang.h5ad --save_dir results/formal/Wang/neighbormix_scmae__seed42__20260608_160150 --n_clusters 2 --seed 42 --epochs 200 --gpu 2,eval_fixed.csv,0.9922260741674546,0.9166939241830668,0.9657215093286872,0.988634609352714,0.988634609352714,0.9882768189575244,0.9166939241830668,0.9146011261271496,0.9187963217211323,,2,,,,,,,,,,,,,,,"{""markers"": [""args.json"", ""command.txt"", ""eval_fixed.csv"", ""metrics.json"", ""run.log"", ""status.json"", ""summary.json""]}"
PB000094,true,,run_artifact,run,canonical/formal_benchmark_20260607_08,formal_benchmark_20260607_08,,,Wang,nm_scmae_nomix,nm_scmae_nomix,nm_scmae_nomix,2024,success,0,,,,,,,/data/luolie/biopipeline/dimension-reduction/plantnet/results/canonical/formal_benchmark_20260607_08/Wang/nm_scmae_nomix__seed2024__20260608_160859,/data/luolie/biopipeline/dimension-reduction/plantnet/results/canonical/formal_benchmark_20260607_08/Wang/nm_scmae_nomix__seed2024__20260608_160859,/data/luolie/biopipeline/dimension-reduction/plantnet/results/canonical/formal_benchmark_20260607_08/Wang/nm_scmae_nomix__seed2024__20260608_160859/metrics.json,/data/luolie/biopipeline/dimension-reduction/plantnet/results/canonical/formal_benchmark_20260607_08/Wang/nm_scmae_nomix__seed2024__20260608_160859/summary.json,/data/luolie/biopipeline/dimension-reduction/plantnet/results/canonical/formal_benchmark_20260607_08/Wang/nm_scmae_nomix__seed2024__20260608_160859/eval_fixed.csv,/data/luolie/biopipeline/dimension-reduction/plantnet/results/canonical/formal_benchmark_20260607_08/Wang/nm_scmae_nomix__seed2024__20260608_160859/args.json,/data/luolie/biopipeline/dimension-reduction/plantnet/results/canonical/formal_benchmark_20260607_08/Wang/nm_scmae_nomix__seed2024__20260608_160859/status.json,6ce4c6a0430f862679451698173e2430f500f2c9,refactor/minimal-method-isolation-and-neighbormix-ablations,2,55.0,55.0,/data/luolie/conda/base/bin/python /home/luolie/biopipeline/dimension-reduction/plantnet/methods/DeepLearning/NeighborMix_scMAE/run.py --data_path /home/luolie/biopipeline/dimension-reduction/plantnet/data/processed/Wang.h5ad --save_dir results/formal/Wang/nm_scmae_nomix__seed2024__20260608_160859 --n_clusters 2 --seed 2024 --epochs 200 --gpu 2 --use_pseudo false --pseudo_weight 0 --neighbor_k 0 --mix_neighbors 0 --variant_name nm_scmae_nomix,eval_fixed.csv,0.9921210211156634,0.9156543859620982,0.9652705691555276,0.988486985306318,0.988486985306318,0.9881160340362586,0.9156543859620984,0.9139136282847068,0.9174017876373304,,2,,,,,,,,,,,,,,,"{""markers"": [""args.json"", ""command.txt"", ""eval_fixed.csv"", ""metrics.json"", ""run.log"", ""status.json"", ""summary.json""]}"
PB000095,true,,run_artifact,run,canonical/formal_benchmark_20260607_08,formal_benchmark_20260607_08,,,Wang,nm_scmae_nomix,nm_scmae_nomix,nm_scmae_nomix,3407,success,0,,,,,,,/data/luolie/biopipeline/dimension-reduction/plantnet/results/canonical/formal_benchmark_20260607_08/Wang/nm_scmae_nomix__seed3407__20260608_160954,/data/luolie/biopipeline/dimension-reduction/plantnet/results/canonical/formal_benchmark_20260607_08/Wang/nm_scmae_nomix__seed3407__20260608_160954,/data/luolie/biopipeline/dimension-reduction/plantnet/results/canonical/formal_benchmark_20260607_08/Wang/nm_scmae_nomix__seed3407__20260608_160954/metrics.json,/data/luolie/biopipeline/dimension-reduction/plantnet/results/canonical/formal_benchmark_20260607_08/Wang/nm_scmae_nomix__seed3407__20260608_160954/summary.json,/data/luolie/biopipeline/dimension-reduction/plantnet/results/canonical/formal_benchmark_20260607_08/Wang/nm_scmae_nomix__seed3407__20260608_160954/eval_fixed.csv,/data/luolie/biopipeline/dimension-reduction/plantnet/results/canonical/formal_benchmark_20260607_08/Wang/nm_scmae_nomix__seed3407__20260608_160954/args.json,/data/luolie/biopipeline/dimension-reduction/plantnet/results/canonical/formal_benchmark_20260607_08/Wang/nm_scmae_nomix__seed3407__20260608_160954/status.json,6ce4c6a0430f862679451698173e2430f500f2c9,refactor/minimal-method-isolation-and-neighbormix-ablations,2,51.9,51.9,/data/luolie/conda/base/bin/python /home/luolie/biopipeline/dimension-reduction/plantnet/methods/DeepLearning/NeighborMix_scMAE/run.py --data_path /home/luolie/biopipeline/dimension-reduction/plantnet/data/processed/Wang.h5ad --save_dir results/formal/Wang/nm_scmae_nomix__seed3407__20260608_160954 --n_clusters 2 --seed 3407 --epochs 200 --gpu 2 --use_pseudo false --pseudo_weight 0 --neighbor_k 0 --mix_neighbors 0 --variant_name nm_scmae_nomix,eval_fixed.csv,0.9922260741674546,0.9165061441222088,0.9657384766968976,0.9886463656042868,0.9886463656042868,0.9882697695511202,0.9165061441222088,0.915113253188787,0.9179032817491104,,2,,,,,,,,,,,,,,,"{""markers"": [""args.json"", ""command.txt"", ""eval_fixed.csv"", ""metrics.json"", ""run.log"", ""status.json"", ""summary.json""]}"
PB000096,true,,run_artifact,run,canonical/formal_benchmark_20260607_08,formal_benchmark_20260607_08,,,Wang,nm_scmae_nomix,nm_scmae_nomix,nm_scmae_nomix,42,success,0,,,,,,,/data/luolie/biopipeline/dimension-reduction/plantnet/results/canonical/formal_benchmark_20260607_08/Wang/nm_scmae_nomix__seed42__20260608_160805,/data/luolie/biopipeline/dimension-reduction/plantnet/results/canonical/formal_benchmark_20260607_08/Wang/nm_scmae_nomix__seed42__20260608_160805,/data/luolie/biopipeline/dimension-reduction/plantnet/results/canonical/formal_benchmark_20260607_08/Wang/nm_scmae_nomix__seed42__20260608_160805/metrics.json,/data/luolie/biopipeline/dimension-reduction/plantnet/results/canonical/formal_benchmark_20260607_08/Wang/nm_scmae_nomix__seed42__20260608_160805/summary.json,/data/luolie/biopipeline/dimension-reduction/plantnet/results/canonical/formal_benchmark_20260607_08/Wang/nm_scmae_nomix__seed42__20260608_160805/eval_fixed.csv,/data/luolie/biopipeline/dimension-reduction/plantnet/results/canonical/formal_benchmark_20260607_08/Wang/nm_scmae_nomix__seed42__20260608_160805/args.json,/data/luolie/biopipeline/dimension-reduction/plantnet/results/canonical/formal_benchmark_20260607_08/Wang/nm_scmae_nomix__seed42__20260608_160805/status.json,6ce4c6a0430f862679451698173e2430f500f2c9,refactor/minimal-method-isolation-and-neighbormix-ablations,2,54.3,54.3,/data/luolie/conda/base/bin/python /home/luolie/biopipeline/dimension-reduction/plantnet/methods/DeepLearning/NeighborMix_scMAE/run.py --data_path /home/luolie/biopipeline/dimension-reduction/plantnet/data/processed/Wang.h5ad --save_dir results/formal/Wang/nm_scmae_nomix__seed42__20260608_160805 --n_clusters 2 --seed 42 --epochs 200 --gpu 2 --use_pseudo false --pseudo_weight 0 --neighbor_k 0 --mix_neighbors 0 --variant_name nm_scmae_nomix,eval_fixed.csv,0.9917008089084988,0.9117960908948776,0.963469918741496,0.9878979791341804,0.9878979791341804,0.9874731206204364,0.9117960908948772,0.9114504107682748,0.9121420333288656,,2,,,,,,,,,,,,,,,"{""markers"": [""args.json"", ""command.txt"", ""eval_fixed.csv"", ""metrics.json"", ""run.log"", ""status.json"", ""summary.json""]}"
PB000097,true,,run_artifact,run,canonical/formal_benchmark_20260607_08,formal_benchmark_20260607_08,,,Wang,sc3,sc3,sc3,2024,success,0,,,,,,,/data/luolie/biopipeline/dimension-reduction/plantnet/results/canonical/formal_benchmark_20260607_08/Wang/sc3__seed2024__20260608_161102,/data/luolie/biopipeline/dimension-reduction/plantnet/results/canonical/formal_benchmark_20260607_08/Wang/sc3__seed2024__20260608_161102,/data/luolie/biopipeline/dimension-reduction/plantnet/results/canonical/formal_benchmark_20260607_08/Wang/sc3__seed2024__20260608_161102/metrics.json,,,/data/luolie/biopipeline/dimension-reduction/plantnet/results/canonical/formal_benchmark_20260607_08/Wang/sc3__seed2024__20260608_161102/args.json,/data/luolie/biopipeline/dimension-reduction/plantnet/results/canonical/formal_benchmark_20260607_08/Wang/sc3__seed2024__20260608_161102/status.json,6ce4c6a0430f862679451698173e2430f500f2c9,refactor/minimal-method-isolation-and-neighbormix-ablations,2,15.3,15.3,/data/luolie/conda/base/bin/python /home/luolie/biopipeline/dimension-reduction/plantnet/methods/Traditional/sc3/run.py --data_path /home/luolie/biopipeline/dimension-reduction/plantnet/data/processed/Wang.h5ad --save_dir results/formal/Wang/sc3__seed2024__20260608_161102 --n_clusters 2 --seed 2024,metrics.json:top_level,0.990440172287005,0.9056906346530162,0.9581848289115297,0.009521776693152958,0.009521776693152958,0.9855225780756808,0.9056906346530165,0.9123429601146115,0.8991346174853626,,,,,,,,,,,,,,,,,"{""markers"": [""args.json"", ""command.txt"", ""metrics.json"", ""run.log"", ""status.json""]}"
PB000098,true,,run_artifact,run,canonical/formal_benchmark_20260607_08,formal_benchmark_20260607_08,,,Wang,sc3,sc3,sc3,3407,success,0,,,,,,,/data/luolie/biopipeline/dimension-reduction/plantnet/results/canonical/formal_benchmark_20260607_08/Wang/sc3__seed3407__20260608_161118,/data/luolie/biopipeline/dimension-reduction/plantnet/results/canonical/formal_benchmark_20260607_08/Wang/sc3__seed3407__20260608_161118,/data/luolie/biopipeline/dimension-reduction/plantnet/results/canonical/formal_benchmark_20260607_08/Wang/sc3__seed3407__20260608_161118/metrics.json,,,/data/luolie/biopipeline/dimension-reduction/plantnet/results/canonical/formal_benchmark_20260607_08/Wang/sc3__seed3407__20260608_161118/args.json,/data/luolie/biopipeline/dimension-reduction/plantnet/results/canonical/formal_benchmark_20260607_08/Wang/sc3__seed3407__20260608_161118/status.json,6ce4c6a0430f862679451698173e2430f500f2c9,refactor/minimal-method-isolation-and-neighbormix-ablations,2,14.2,14.2,/data/luolie/conda/base/bin/python /home/luolie/biopipeline/dimension-reduction/plantnet/methods/Traditional/sc3/run.py --data_path /home/luolie/biopipeline/dimension-reduction/plantnet/data/processed/Wang.h5ad --save_dir results/formal/Wang/sc3__seed3407__20260608_161118 --n_clusters 2 --seed 3407,metrics.json:top_level,0.990440172287005,0.9056906346530162,0.9581848289115297,0.009521776693152958,0.009521776693152958,0.9855225780756808,0.9056906346530165,0.9123429601146115,0.8991346174853626,,,,,,,,,,,,,,,,,"{""markers"": [""args.json"", ""command.txt"", ""metrics.json"", ""run.log"", ""status.json""]}"
PB000099,true,,run_artifact,run,canonical/formal_benchmark_20260607_08,formal_benchmark_20260607_08,,,Wang,sc3,sc3,sc3,42,success,0,,,,,,,/data/luolie/biopipeline/dimension-reduction/plantnet/results/canonical/formal_benchmark_20260607_08/Wang/sc3__seed42__20260608_161046,/data/luolie/biopipeline/dimension-reduction/plantnet/results/canonical/formal_benchmark_20260607_08/Wang/sc3__seed42__20260608_161046,/data/luolie/biopipeline/dimension-reduction/plantnet/results/canonical/formal_benchmark_20260607_08/Wang/sc3__seed42__20260608_161046/metrics.json,,,/data/luolie/biopipeline/dimension-reduction/plantnet/results/canonical/formal_benchmark_20260607_08/Wang/sc3__seed42__20260608_161046/args.json,/data/luolie/biopipeline/dimension-reduction/plantnet/results/canonical/formal_benchmark_20260607_08/Wang/sc3__seed42__20260608_161046/status.json,6ce4c6a0430f862679451698173e2430f500f2c9,refactor/minimal-method-isolation-and-neighbormix-ablations,2,16.2,16.2,/data/luolie/conda/base/bin/python /home/luolie/biopipeline/dimension-reduction/plantnet/methods/Traditional/sc3/run.py --data_path /home/luolie/biopipeline/dimension-reduction/plantnet/data/processed/Wang.h5ad --save_dir results/formal/Wang/sc3__seed42__20260608_161046 --n_clusters 2 --seed 42,metrics.json:top_level,0.990440172287005,0.9056906346530162,0.9581848289115297,0.009521776693152958,0.009521776693152958,0.9855225780756808,0.9056906346530165,0.9123429601146115,0.8991346174853626,,,,,,,,,,,,,,,,,"{""markers"": [""args.json"", ""command.txt"", ""metrics.json"", ""run.log"", ""status.json""]}"
PB000100,true,,run_artifact,run,canonical/formal_benchmark_20260607_08,formal_benchmark_20260607_08,,,Wang,scdcc,scdcc,scdcc,2024,success,0,,,,,,,/data/luolie/biopipeline/dimension-reduction/plantnet/results/canonical/formal_benchmark_20260607_08/Wang/scdcc__seed2024__20260608_161550,/data/luolie/biopipeline/dimension-reduction/plantnet/results/canonical/formal_benchmark_20260607_08/Wang/scdcc__seed2024__20260608_161550,/data/luolie/biopipeline/dimension-reduction/plantnet/results/canonical/formal_benchmark_20260607_08/Wang/scdcc__seed2024__20260608_161550/metrics.json,,,/data/luolie/biopipeline/dimension-reduction/plantnet/results/canonical/formal_benchmark_20260607_08/Wang/scdcc__seed2024__20260608_161550/args.json,/data/luolie/biopipeline/dimension-reduction/plantnet/results/canonical/formal_benchmark_20260607_08/Wang/scdcc__seed2024__20260608_161550/status.json,6ce4c6a0430f862679451698173e2430f500f2c9,refactor/minimal-method-isolation-and-neighbormix-ablations,2,246.9,246.9,/data/luolie/conda/base/bin/python /home/luolie/biopipeline/dimension-reduction/plantnet/methods/DeepLearning/scDCC/run.py --data_path /home/luolie/biopipeline/dimension-reduction/plantnet/data/processed/Wang.h5ad --save_dir results/formal/Wang/scdcc__seed2024__20260608_161550 --n_clusters 2 --seed 2024 --epochs 200 --pretrain_epochs 200 --gpu 2,metrics.json:top_level,0.9234163252442483,0.6285707656409422,0.7015520216477584,0.9000037682219288,0.9000037682219288,0.8874939348425029,0.628570765640942,0.6768408558006703,0.5867272826563193,,,,,,,,,,,,,,,,,"{""markers"": [""args.json"", ""command.txt"", ""metrics.json"", ""run.log"", ""run_config.json"", ""status.json""]}"
PB000101,true,,run_artifact,run,canonical/formal_benchmark_20260607_08,formal_benchmark_20260607_08,,,Wang,scdcc,scdcc,scdcc,3407,success,0,,,,,,,/data/luolie/biopipeline/dimension-reduction/plantnet/results/canonical/formal_benchmark_20260607_08/Wang/scdcc__seed3407__20260608_161957,/data/luolie/biopipeline/dimension-reduction/plantnet/results/canonical/formal_benchmark_20260607_08/Wang/scdcc__seed3407__20260608_161957,/data/luolie/biopipeline/dimension-reduction/plantnet/results/canonical/formal_benchmark_20260607_08/Wang/scdcc__seed3407__20260608_161957/metrics.json,,,/data/luolie/biopipeline/dimension-reduction/plantnet/results/canonical/formal_benchmark_20260607_08/Wang/scdcc__seed3407__20260608_161957/args.json,/data/luolie/biopipeline/dimension-reduction/plantnet/results/canonical/formal_benchmark_20260607_08/Wang/scdcc__seed3407__20260608_161957/status.json,6ce4c6a0430f862679451698173e2430f500f2c9,refactor/minimal-method-isolation-and-neighbormix-ablations,2,241.8,241.8,/data/luolie/conda/base/bin/python /home/luolie/biopipeline/dimension-reduction/plantnet/methods/DeepLearning/scDCC/run.py --data_path /home/luolie/biopipeline/dimension-reduction/plantnet/data/processed/Wang.h5ad --save_dir results/formal/Wang/scdcc__seed3407__20260608_161957 --n_clusters 2 --seed 3407 --epochs 200 --pretrain_epochs 200 --gpu 2,metrics.json:top_level,0.9186889379136464,0.6152822072481522,0.6855444455746924,0.8944585369375482,0.8944585369375482,0.8808651658779373,0.6152822072481522,0.6648894588232701,0.5725633832137711,,,,,,,,,,,,,,,,,"{""markers"": [""args.json"", ""command.txt"", ""metrics.json"", ""run.log"", ""run_config.json"", ""status.json""]}"
PB000102,true,,run_artifact,run,canonical/formal_benchmark_20260607_08,formal_benchmark_20260607_08,,,Wang,scdcc,scdcc,scdcc,42,success,0,,,,,,,/data/luolie/biopipeline/dimension-reduction/plantnet/results/canonical/formal_benchmark_20260607_08/Wang/scdcc__seed42__20260608_161147,/data/luolie/biopipeline/dimension-reduction/plantnet/results/canonical/formal_benchmark_20260607_08/Wang/scdcc__seed42__20260608_161147,/data/luolie/biopipeline/dimension-reduction/plantnet/results/canonical/formal_benchmark_20260607_08/Wang/scdcc__seed42__20260608_161147/metrics.json,,,/data/luolie/biopipeline/dimension-reduction/plantnet/results/canonical/formal_benchmark_20260607_08/Wang/scdcc__seed42__20260608_161147/args.json,/data/luolie/biopipeline/dimension-reduction/plantnet/results/canonical/formal_benchmark_20260607_08/Wang/scdcc__seed42__20260608_161147/status.json,6ce4c6a0430f862679451698173e2430f500f2c9,refactor/minimal-method-isolation-and-neighbormix-ablations,2,242.8,242.8,/data/luolie/conda/base/bin/python /home/luolie/biopipeline/dimension-reduction/plantnet/methods/DeepLearning/scDCC/run.py --data_path /home/luolie/biopipeline/dimension-reduction/plantnet/data/processed/Wang.h5ad --save_dir results/formal/Wang/scdcc__seed42__20260608_161147 --n_clusters 2 --seed 42 --epochs 200 --pretrain_epochs 200 --gpu 2,metrics.json:top_level,0.921105158104843,0.6197941440790518,0.6936260703881861,0.8972311267577349,0.8972311267577349,0.8842643169881164,0.6197941440790519,0.6683477524944207,0.5778173201941552,,,,,,,,,,,,,,,,,"{""markers"": [""args.json"", ""command.txt"", ""metrics.json"", ""run.log"", ""run_config.json"", ""status.json""]}"
PB000103,true,,run_artifact,run,canonical/formal_benchmark_20260607_08,formal_benchmark_20260607_08,,,Wang,scdsc,scdsc,scdsc,2024,failed,1,Exit code 1,,,,,,/data/luolie/biopipeline/dimension-reduction/plantnet/results/canonical/formal_benchmark_20260607_08/Wang/scdsc__seed2024__20260608_162415,/data/luolie/biopipeline/dimension-reduction/plantnet/results/canonical/formal_benchmark_20260607_08/Wang/scdsc__seed2024__20260608_162415,,,,,/data/luolie/biopipeline/dimension-reduction/plantnet/results/canonical/formal_benchmark_20260607_08/Wang/scdsc__seed2024__20260608_162415/status.json,6ce4c6a0430f862679451698173e2430f500f2c9,refactor/minimal-method-isolation-and-neighbormix-ablations,2,16.7,16.7,/data/luolie/conda/base/bin/python /home/luolie/biopipeline/dimension-reduction/plantnet/methods/GNN/scDSC/run.py --data_path /home/luolie/biopipeline/dimension-reduction/plantnet/data/processed/Wang.h5ad --save_dir results/formal/Wang/scdsc__seed2024__20260608_162415 --n_clusters 2 --seed 2024 --epochs 200 --pretrain_epochs 200 --gpu 2,,,,,,,,,,,,,,,,,,,,,,,,,,,"{""markers"": [""command.txt"", ""run.log"", ""run_config.json"", ""status.json""]}"
PB000104,true,,run_artifact,run,canonical/formal_benchmark_20260607_08,formal_benchmark_20260607_08,,,Wang,scdsc,scdsc,scdsc,3407,failed,1,Exit code 1,,,,,,/data/luolie/biopipeline/dimension-reduction/plantnet/results/canonical/formal_benchmark_20260607_08/Wang/scdsc__seed3407__20260608_162432,/data/luolie/biopipeline/dimension-reduction/plantnet/results/canonical/formal_benchmark_20260607_08/Wang/scdsc__seed3407__20260608_162432,,,,,/data/luolie/biopipeline/dimension-reduction/plantnet/results/canonical/formal_benchmark_20260607_08/Wang/scdsc__seed3407__20260608_162432/status.json,6ce4c6a0430f862679451698173e2430f500f2c9,refactor/minimal-method-isolation-and-neighbormix-ablations,2,15.7,15.7,/data/luolie/conda/base/bin/python /home/luolie/biopipeline/dimension-reduction/plantnet/methods/GNN/scDSC/run.py --data_path /home/luolie/biopipeline/dimension-reduction/plantnet/data/processed/Wang.h5ad --save_dir results/formal/Wang/scdsc__seed3407__20260608_162432 --n_clusters 2 --seed 3407 --epochs 200 --pretrain_epochs 200 --gpu 2,,,,,,,,,,,,,,,,,,,,,,,,,,,"{""markers"": [""command.txt"", ""run.log"", ""run_config.json"", ""status.json""]}"
PB000105,true,,run_artifact,run,canonical/formal_benchmark_20260607_08,formal_benchmark_20260607_08,,,Wang,scdsc,scdsc,scdsc,42,failed,1,Exit code 1,,,,,,/data/luolie/biopipeline/dimension-reduction/plantnet/results/canonical/formal_benchmark_20260607_08/Wang/scdsc__seed42__20260608_162358,/data/luolie/biopipeline/dimension-reduction/plantnet/results/canonical/formal_benchmark_20260607_08/Wang/scdsc__seed42__20260608_162358,,,,,/data/luolie/biopipeline/dimension-reduction/plantnet/results/canonical/formal_benchmark_20260607_08/Wang/scdsc__seed42__20260608_162358/status.json,6ce4c6a0430f862679451698173e2430f500f2c9,refactor/minimal-method-isolation-and-neighbormix-ablations,2,16.5,16.5,/data/luolie/conda/base/bin/python /home/luolie/biopipeline/dimension-reduction/plantnet/methods/GNN/scDSC/run.py --data_path /home/luolie/biopipeline/dimension-reduction/plantnet/data/processed/Wang.h5ad --save_dir results/formal/Wang/scdsc__seed42__20260608_162358 --n_clusters 2 --seed 42 --epochs 200 --pretrain_epochs 200 --gpu 2,,,,,,,,,,,,,,,,,,,,,,,,,,,"{""markers"": [""command.txt"", ""run.log"", ""run_config.json"", ""status.json""]}"
PB000106,true,,run_artifact,run,canonical/formal_benchmark_20260607_08,formal_benchmark_20260607_08,,,Wang,scmae,scmae,scmae,2024,success,0,,,,,,,/data/luolie/biopipeline/dimension-reduction/plantnet/results/canonical/formal_benchmark_20260607_08/Wang/scmae__seed2024__20260608_162539,/data/luolie/biopipeline/dimension-reduction/plantnet/results/canonical/formal_benchmark_20260607_08/Wang/scmae__seed2024__20260608_162539,/data/luolie/biopipeline/dimension-reduction/plantnet/results/canonical/formal_benchmark_20260607_08/Wang/scmae__seed2024__20260608_162539/metrics.json,/data/luolie/biopipeline/dimension-reduction/plantnet/results/canonical/formal_benchmark_20260607_08/Wang/scmae__seed2024__20260608_162539/summary.json,/data/luolie/biopipeline/dimension-reduction/plantnet/results/canonical/formal_benchmark_20260607_08/Wang/scmae__seed2024__20260608_162539/eval_fixed.csv,/data/luolie/biopipeline/dimension-reduction/plantnet/results/canonical/formal_benchmark_20260607_08/Wang/scmae__seed2024__20260608_162539/args.json,/data/luolie/biopipeline/dimension-reduction/plantnet/results/canonical/formal_benchmark_20260607_08/Wang/scmae__seed2024__20260608_162539/status.json,6ce4c6a0430f862679451698173e2430f500f2c9,refactor/minimal-method-isolation-and-neighbormix-ablations,2,50.2,50.2,/data/luolie/conda/base/bin/python /home/luolie/biopipeline/dimension-reduction/plantnet/methods/DeepLearning/scMAE/run.py --data_path /home/luolie/biopipeline/dimension-reduction/plantnet/data/processed/Wang.h5ad --save_dir results/formal/Wang/scmae__seed2024__20260608_162539 --n_clusters 2 --seed 2024 --epochs 200 --gpu 2,eval_fixed.csv,0.9921210211156634,0.9156543859620982,0.9652705691555276,0.988486985306318,0.988486985306318,0.9881160340362586,0.9156543859620984,0.9139136282847068,0.9174017876373304,,2,,,,,,,,,,,,,,,"{""markers"": [""args.json"", ""command.txt"", ""eval_fixed.csv"", ""metrics.json"", ""run.log"", ""status.json"", ""summary.json""]}"
PB000107,true,,run_artifact,run,canonical/formal_benchmark_20260607_08,formal_benchmark_20260607_08,,,Wang,scmae,scmae,scmae,3407,success,0,,,,,,,/data/luolie/biopipeline/dimension-reduction/plantnet/results/canonical/formal_benchmark_20260607_08/Wang/scmae__seed3407__20260608_162629,/data/luolie/biopipeline/dimension-reduction/plantnet/results/canonical/formal_benchmark_20260607_08/Wang/scmae__seed3407__20260608_162629,/data/luolie/biopipeline/dimension-reduction/plantnet/results/canonical/formal_benchmark_20260607_08/Wang/scmae__seed3407__20260608_162629/metrics.json,/data/luolie/biopipeline/dimension-reduction/plantnet/results/canonical/formal_benchmark_20260607_08/Wang/scmae__seed3407__20260608_162629/summary.json,/data/luolie/biopipeline/dimension-reduction/plantnet/results/canonical/formal_benchmark_20260607_08/Wang/scmae__seed3407__20260608_162629/eval_fixed.csv,/data/luolie/biopipeline/dimension-reduction/plantnet/results/canonical/formal_benchmark_20260607_08/Wang/scmae__seed3407__20260608_162629/args.json,/data/luolie/biopipeline/dimension-reduction/plantnet/results/canonical/formal_benchmark_20260607_08/Wang/scmae__seed3407__20260608_162629/status.json,6ce4c6a0430f862679451698173e2430f500f2c9,refactor/minimal-method-isolation-and-neighbormix-ablations,2,68.4,68.4,/data/luolie/conda/base/bin/python /home/luolie/biopipeline/dimension-reduction/plantnet/methods/DeepLearning/scMAE/run.py --data_path /home/luolie/biopipeline/dimension-reduction/plantnet/data/processed/Wang.h5ad --save_dir results/formal/Wang/scmae__seed3407__20260608_162629 --n_clusters 2 --seed 3407 --epochs 200 --gpu 2,eval_fixed.csv,0.9922260741674546,0.9165061441222088,0.9657384766968976,0.9886463656042868,0.9886463656042868,0.9882697695511202,0.9165061441222088,0.915113253188787,0.9179032817491104,,2,,,,,,,,,,,,,,,"{""markers"": [""args.json"", ""command.txt"", ""eval_fixed.csv"", ""metrics.json"", ""run.log"", ""status.json"", ""summary.json""]}"
PB000108,true,,run_artifact,run,canonical/formal_benchmark_20260607_08,formal_benchmark_20260607_08,,,Wang,scmae,scmae,scmae,42,success,0,,,,,,,/data/luolie/biopipeline/dimension-reduction/plantnet/results/canonical/formal_benchmark_20260607_08/Wang/scmae__seed42__20260608_162447,/data/luolie/biopipeline/dimension-reduction/plantnet/results/canonical/formal_benchmark_20260607_08/Wang/scmae__seed42__20260608_162447,/data/luolie/biopipeline/dimension-reduction/plantnet/results/canonical/formal_benchmark_20260607_08/Wang/scmae__seed42__20260608_162447/metrics.json,/data/luolie/biopipeline/dimension-reduction/plantnet/results/canonical/formal_benchmark_20260607_08/Wang/scmae__seed42__20260608_162447/summary.json,/data/luolie/biopipeline/dimension-reduction/plantnet/results/canonical/formal_benchmark_20260607_08/Wang/scmae__seed42__20260608_162447/eval_fixed.csv,/data/luolie/biopipeline/dimension-reduction/plantnet/results/canonical/formal_benchmark_20260607_08/Wang/scmae__seed42__20260608_162447/args.json,/data/luolie/biopipeline/dimension-reduction/plantnet/results/canonical/formal_benchmark_20260607_08/Wang/scmae__seed42__20260608_162447/status.json,6ce4c6a0430f862679451698173e2430f500f2c9,refactor/minimal-method-isolation-and-neighbormix-ablations,2,51.5,51.5,/data/luolie/conda/base/bin/python /home/luolie/biopipeline/dimension-reduction/plantnet/methods/DeepLearning/scMAE/run.py --data_path /home/luolie/biopipeline/dimension-reduction/plantnet/data/processed/Wang.h5ad --save_dir results/formal/Wang/scmae__seed42__20260608_162447 --n_clusters 2 --seed 42 --epochs 200 --gpu 2,eval_fixed.csv,0.9917008089084988,0.9117960908948776,0.963469918741496,0.9878979791341804,0.9878979791341804,0.9874731206204364,0.9117960908948772,0.9114504107682748,0.9121420333288656,,2,,,,,,,,,,,,,,,"{""markers"": [""args.json"", ""command.txt"", ""eval_fixed.csv"", ""metrics.json"", ""run.log"", ""status.json"", ""summary.json""]}"
PB000109,true,,run_artifact,run,canonical/formal_benchmark_20260607_08,formal_benchmark_20260607_08,,,hrvatin_geo_maintype_counts,dec,dec,dec,42,success,0,,,,,,,/data/luolie/biopipeline/dimension-reduction/plantnet/results/canonical/formal_benchmark_20260607_08/hrvatin_geo_maintype_counts/dec__seed42__20260607_235941,/data/luolie/biopipeline/dimension-reduction/plantnet/results/canonical/formal_benchmark_20260607_08/hrvatin_geo_maintype_counts/dec__seed42__20260607_235941,/data/luolie/biopipeline/dimension-reduction/plantnet/results/canonical/formal_benchmark_20260607_08/hrvatin_geo_maintype_counts/dec__seed42__20260607_235941/metrics.json,,,/data/luolie/biopipeline/dimension-reduction/plantnet/results/canonical/formal_benchmark_20260607_08/hrvatin_geo_maintype_counts/dec__seed42__20260607_235941/args.json,/data/luolie/biopipeline/dimension-reduction/plantnet/results/canonical/formal_benchmark_20260607_08/hrvatin_geo_maintype_counts/dec__seed42__20260607_235941/status.json,f9800d5a68e5f12c802e5ba763128f28c02dbe92,refactor/minimal-method-isolation-and-neighbormix-ablations,3,227.7,227.7,/data/luolie/conda/base/bin/python /home/luolie/biopipeline/dimension-reduction/plantnet/methods/DeepLearning/dec/run.py --data_path data/hrvatin_geo_maintype_counts.h5ad --save_dir results/formal/hrvatin_retry/hrvatin_geo_maintype_counts/dec__seed42__20260607_235941 --n_clusters 8 --seed 42 --epochs 200 --pretrain_epochs 200 --gpu 3,metrics.json:top_level,0.9174574234450752,0.8439728962530737,0.8533789953435962,0.7579934935871573,0.7579934935871573,0.8843289266257727,0.8439728962530735,0.8395589877217571,0.8484334615605799,,,,,,,,,,,,,,,,,"{""markers"": [""args.json"", ""command.txt"", ""metrics.json"", ""run.log"", ""run_config.json"", ""status.json""]}"
PB000110,true,,run_artifact,run,canonical/formal_benchmark_20260607_08,formal_benchmark_20260607_08,,,hrvatin_geo_maintype_counts,leiden,leiden,leiden,42,success,0,,,,,,,/data/luolie/biopipeline/dimension-reduction/plantnet/results/canonical/formal_benchmark_20260607_08/hrvatin_geo_maintype_counts/leiden__seed42__20260608_000329,/data/luolie/biopipeline/dimension-reduction/plantnet/results/canonical/formal_benchmark_20260607_08/hrvatin_geo_maintype_counts/leiden__seed42__20260608_000329,/data/luolie/biopipeline/dimension-reduction/plantnet/results/canonical/formal_benchmark_20260607_08/hrvatin_geo_maintype_counts/leiden__seed42__20260608_000329/metrics.json,,,/data/luolie/biopipeline/dimension-reduction/plantnet/results/canonical/formal_benchmark_20260607_08/hrvatin_geo_maintype_counts/leiden__seed42__20260608_000329/args.json,/data/luolie/biopipeline/dimension-reduction/plantnet/results/canonical/formal_benchmark_20260607_08/hrvatin_geo_maintype_counts/leiden__seed42__20260608_000329/status.json,f9800d5a68e5f12c802e5ba763128f28c02dbe92,refactor/minimal-method-isolation-and-neighbormix-ablations,3,196.4,196.4,/data/luolie/conda/base/bin/python /home/luolie/biopipeline/dimension-reduction/plantnet/methods/Traditional/Leiden/run.py --data_path data/hrvatin_geo_maintype_counts.h5ad --save_dir results/formal/hrvatin_retry/hrvatin_geo_maintype_counts/leiden__seed42__20260608_000329 --n_clusters 8 --seed 42,metrics.json:top_level,0.45342477106037377,0.32317824280604807,0.17368735558726558,0.2831049128555976,0.2831049128555976,0.35435180587165754,0.32317824280604807,0.32448978439528026,0.3218772606664135,,,,,,,,,,,,,,,,,"{""markers"": [""args.json"", ""command.txt"", ""metrics.json"", ""run.log"", ""status.json""]}"
PB000111,true,,run_artifact,run,canonical/formal_benchmark_20260607_08,formal_benchmark_20260607_08,,,hrvatin_geo_maintype_counts,louvain,louvain,louvain,42,success,0,,,,,,,/data/luolie/biopipeline/dimension-reduction/plantnet/results/canonical/formal_benchmark_20260607_08/hrvatin_geo_maintype_counts/louvain__seed42__20260608_000645,/data/luolie/biopipeline/dimension-reduction/plantnet/results/canonical/formal_benchmark_20260607_08/hrvatin_geo_maintype_counts/louvain__seed42__20260608_000645,/data/luolie/biopipeline/dimension-reduction/plantnet/results/canonical/formal_benchmark_20260607_08/hrvatin_geo_maintype_counts/louvain__seed42__20260608_000645/metrics.json,,,/data/luolie/biopipeline/dimension-reduction/plantnet/results/canonical/formal_benchmark_20260607_08/hrvatin_geo_maintype_counts/louvain__seed42__20260608_000645/args.json,/data/luolie/biopipeline/dimension-reduction/plantnet/results/canonical/formal_benchmark_20260607_08/hrvatin_geo_maintype_counts/louvain__seed42__20260608_000645/status.json,f9800d5a68e5f12c802e5ba763128f28c02dbe92,refactor/minimal-method-isolation-and-neighbormix-ablations,3,369.3,369.3,/data/luolie/conda/base/bin/python /home/luolie/biopipeline/dimension-reduction/plantnet/methods/Traditional/Louvain/run.py --data_path data/hrvatin_geo_maintype_counts.h5ad --save_dir results/formal/hrvatin_retry/hrvatin_geo_maintype_counts/louvain__seed42__20260608_000645 --n_clusters 8 --seed 42,metrics.json:top_level,0.15615547176065966,0.011599808872507578,-0.0030239469285669087,0.04372814093918002,0.04372814093918002,0.44241191587503,0.011599808872507576,0.006295751157487257,0.073641215125969,,,,,,,,,,,,,,,,,"{""markers"": [""args.json"", ""command.txt"", ""metrics.json"", ""run.log"", ""status.json""]}"
PB000112,true,,run_artifact,run,canonical/formal_benchmark_20260607_08,formal_benchmark_20260607_08,,,hrvatin_geo_maintype_counts,neighbormix_scmae,neighbormix_scmae,neighbormix_scmae,42,success,0,,,,,,,/data/luolie/biopipeline/dimension-reduction/plantnet/results/canonical/formal_benchmark_20260607_08/hrvatin_geo_maintype_counts/neighbormix_scmae__seed42__20260608_001254,/data/luolie/biopipeline/dimension-reduction/plantnet/results/canonical/formal_benchmark_20260607_08/hrvatin_geo_maintype_counts/neighbormix_scmae__seed42__20260608_001254,/data/luolie/biopipeline/dimension-reduction/plantnet/results/canonical/formal_benchmark_20260607_08/hrvatin_geo_maintype_counts/neighbormix_scmae__seed42__20260608_001254/metrics.json,/data/luolie/biopipeline/dimension-reduction/plantnet/results/canonical/formal_benchmark_20260607_08/hrvatin_geo_maintype_counts/neighbormix_scmae__seed42__20260608_001254/summary.json,/data/luolie/biopipeline/dimension-reduction/plantnet/results/canonical/formal_benchmark_20260607_08/hrvatin_geo_maintype_counts/neighbormix_scmae__seed42__20260608_001254/eval_fixed.csv,/data/luolie/biopipeline/dimension-reduction/plantnet/results/canonical/formal_benchmark_20260607_08/hrvatin_geo_maintype_counts/neighbormix_scmae__seed42__20260608_001254/args.json,/data/luolie/biopipeline/dimension-reduction/plantnet/results/canonical/formal_benchmark_20260607_08/hrvatin_geo_maintype_counts/neighbormix_scmae__seed42__20260608_001254/status.json,f9800d5a68e5f12c802e5ba763128f28c02dbe92,refactor/minimal-method-isolation-and-neighbormix-ablations,3,670.4,670.4,/data/luolie/conda/base/bin/python /home/luolie/biopipeline/dimension-reduction/plantnet/methods/DeepLearning/NeighborMix_scMAE/run.py --data_path data/hrvatin_geo_maintype_counts.h5ad --save_dir results/formal/hrvatin_retry/hrvatin_geo_maintype_counts/neighbormix_scmae__seed42__20260608_001254 --n_clusters 8 --seed 42 --epochs 200 --gpu 3,eval_fixed.csv,0.927713089959806,0.940907608733028,0.909942390256022,0.8534514440508971,0.8534514440508971,0.9285052033300616,0.940907608733028,0.9536504136160012,0.9285008556210675,,8,,,,,,,,,,,,,,,"{""markers"": [""args.json"", ""command.txt"", ""eval_fixed.csv"", ""metrics.json"", ""run.log"", ""status.json"", ""summary.json""]}"
PB000113,true,,run_artifact,run,canonical/formal_benchmark_20260607_08,formal_benchmark_20260607_08,,,hrvatin_geo_maintype_counts,nm_scmae_nomix,nm_scmae_nomix,nm_scmae_nomix,42,success,0,,,,,,,/data/luolie/biopipeline/dimension-reduction/plantnet/results/canonical/formal_benchmark_20260607_08/hrvatin_geo_maintype_counts/nm_scmae_nomix__seed42__20260608_002405,/data/luolie/biopipeline/dimension-reduction/plantnet/results/canonical/formal_benchmark_20260607_08/hrvatin_geo_maintype_counts/nm_scmae_nomix__seed42__20260608_002405,/data/luolie/biopipeline/dimension-reduction/plantnet/results/canonical/formal_benchmark_20260607_08/hrvatin_geo_maintype_counts/nm_scmae_nomix__seed42__20260608_002405/metrics.json,/data/luolie/biopipeline/dimension-reduction/plantnet/results/canonical/formal_benchmark_20260607_08/hrvatin_geo_maintype_counts/nm_scmae_nomix__seed42__20260608_002405/summary.json,/data/luolie/biopipeline/dimension-reduction/plantnet/results/canonical/formal_benchmark_20260607_08/hrvatin_geo_maintype_counts/nm_scmae_nomix__seed42__20260608_002405/eval_fixed.csv,/data/luolie/biopipeline/dimension-reduction/plantnet/results/canonical/formal_benchmark_20260607_08/hrvatin_geo_maintype_counts/nm_scmae_nomix__seed42__20260608_002405/args.json,/data/luolie/biopipeline/dimension-reduction/plantnet/results/canonical/formal_benchmark_20260607_08/hrvatin_geo_maintype_counts/nm_scmae_nomix__seed42__20260608_002405/status.json,f9800d5a68e5f12c802e5ba763128f28c02dbe92,refactor/minimal-method-isolation-and-neighbormix-ablations,3,238.6,238.6,/data/luolie/conda/base/bin/python /home/luolie/biopipeline/dimension-reduction/plantnet/methods/DeepLearning/NeighborMix_scMAE/run.py --data_path data/hrvatin_geo_maintype_counts.h5ad --save_dir results/formal/hrvatin_retry/hrvatin_geo_maintype_counts/nm_scmae_nomix__seed42__20260608_002405 --n_clusters 8 --seed 42 --epochs 200 --gpu 3 --use_pseudo false --pseudo_weight 0 --neighbor_k 0 --mix_neighbors 0 --variant_name nm_scmae_nomix,eval_fixed.csv,0.890689097915717,0.9079708384510564,0.8727070863811273,0.7150198619644821,0.7150198619644821,0.8988248029285079,0.9079708384510566,0.9289804886847792,0.8878904723958956,,8,,,,,,,,,,,,,,,"{""markers"": [""args.json"", ""command.txt"", ""eval_fixed.csv"", ""metrics.json"", ""run.log"", ""status.json"", ""summary.json""]}"
PB000114,true,,run_artifact,run,canonical/formal_benchmark_20260607_08,formal_benchmark_20260607_08,,,hrvatin_geo_maintype_counts,sc3,sc3,sc3,42,success,0,,,,,,,/data/luolie/biopipeline/dimension-reduction/plantnet/results/canonical/formal_benchmark_20260607_08/hrvatin_geo_maintype_counts/sc3__seed42__20260608_002803,/data/luolie/biopipeline/dimension-reduction/plantnet/results/canonical/formal_benchmark_20260607_08/hrvatin_geo_maintype_counts/sc3__seed42__20260608_002803,/data/luolie/biopipeline/dimension-reduction/plantnet/results/canonical/formal_benchmark_20260607_08/hrvatin_geo_maintype_counts/sc3__seed42__20260608_002803/metrics.json,,,/data/luolie/biopipeline/dimension-reduction/plantnet/results/canonical/formal_benchmark_20260607_08/hrvatin_geo_maintype_counts/sc3__seed42__20260608_002803/args.json,/data/luolie/biopipeline/dimension-reduction/plantnet/results/canonical/formal_benchmark_20260607_08/hrvatin_geo_maintype_counts/sc3__seed42__20260608_002803/status.json,f9800d5a68e5f12c802e5ba763128f28c02dbe92,refactor/minimal-method-isolation-and-neighbormix-ablations,3,229.2,229.2,/data/luolie/conda/base/bin/python /home/luolie/biopipeline/dimension-reduction/plantnet/methods/Traditional/sc3/run.py --data_path data/hrvatin_geo_maintype_counts.h5ad --save_dir results/formal/hrvatin_retry/hrvatin_geo_maintype_counts/sc3__seed42__20260608_002803 --n_clusters 8 --seed 42,metrics.json:top_level,0.042535117888368626,0.8802630371164308,0.8421167579800448,0.011778864156010623,0.011778864156010623,0.8746617238841069,0.8802630371164308,0.898244038543891,0.8629877933319715,,,,,,,,,,,,,,,,,"{""markers"": [""args.json"", ""command.txt"", ""metrics.json"", ""run.log"", ""status.json""]}"
PB000115,true,,run_artifact,run,canonical/formal_benchmark_20260607_08,formal_benchmark_20260607_08,,,hrvatin_geo_maintype_counts,scdcc,scdcc,scdcc,42,success,0,,,,,,,/data/luolie/biopipeline/dimension-reduction/plantnet/results/canonical/formal_benchmark_20260607_08/hrvatin_geo_maintype_counts/scdcc__seed42__20260608_003342,/data/luolie/biopipeline/dimension-reduction/plantnet/results/canonical/formal_benchmark_20260607_08/hrvatin_geo_maintype_counts/scdcc__seed42__20260608_003342,/data/luolie/biopipeline/dimension-reduction/plantnet/results/canonical/formal_benchmark_20260607_08/hrvatin_geo_maintype_counts/scdcc__seed42__20260608_003342/metrics.json,,,/data/luolie/biopipeline/dimension-reduction/plantnet/results/canonical/formal_benchmark_20260607_08/hrvatin_geo_maintype_counts/scdcc__seed42__20260608_003342/args.json,/data/luolie/biopipeline/dimension-reduction/plantnet/results/canonical/formal_benchmark_20260607_08/hrvatin_geo_maintype_counts/scdcc__seed42__20260608_003342/status.json,f9800d5a68e5f12c802e5ba763128f28c02dbe92,refactor/minimal-method-isolation-and-neighbormix-ablations,3,1252.5,1252.5,/data/luolie/conda/base/bin/python /home/luolie/biopipeline/dimension-reduction/plantnet/methods/DeepLearning/scDCC/run.py --data_path data/hrvatin_geo_maintype_counts.h5ad --save_dir results/formal/hrvatin_retry/hrvatin_geo_maintype_counts/scdcc__seed42__20260608_003342 --n_clusters 8 --seed 42 --epochs 200 --pretrain_epochs 200 --gpu 3,metrics.json:top_level,0.8649359797787263,0.8617524677662294,0.8530626072928215,0.6897498193479517,0.6897498193479517,0.884510644225683,0.8617524677662295,0.9120536626350711,0.8167096454935335,,,,,,,,,,,,,,,,,"{""markers"": [""args.json"", ""command.txt"", ""metrics.json"", ""run.log"", ""run_config.json"", ""status.json""]}"
PB000116,true,,run_artifact,run,canonical/formal_benchmark_20260607_08,formal_benchmark_20260607_08,,,hrvatin_geo_maintype_counts,scdsc,scdsc,scdsc,42,failed,-11,Exit code -11,,,,,,/data/luolie/biopipeline/dimension-reduction/plantnet/results/canonical/formal_benchmark_20260607_08/hrvatin_geo_maintype_counts/scdsc__seed42__20260608_005434,/data/luolie/biopipeline/dimension-reduction/plantnet/results/canonical/formal_benchmark_20260607_08/hrvatin_geo_maintype_counts/scdsc__seed42__20260608_005434,,,,,/data/luolie/biopipeline/dimension-reduction/plantnet/results/canonical/formal_benchmark_20260607_08/hrvatin_geo_maintype_counts/scdsc__seed42__20260608_005434/status.json,f9800d5a68e5f12c802e5ba763128f28c02dbe92,refactor/minimal-method-isolation-and-neighbormix-ablations,3,67.4,67.4,/data/luolie/conda/base/bin/python /home/luolie/biopipeline/dimension-reduction/plantnet/methods/GNN/scDSC/run.py --data_path data/hrvatin_geo_maintype_counts.h5ad --save_dir results/formal/hrvatin_retry/hrvatin_geo_maintype_counts/scdsc__seed42__20260608_005434 --n_clusters 8 --seed 42 --epochs 200 --pretrain_epochs 200 --gpu 3,,,,,,,,,,,,,,,,,,,,,,,,,,,"{""markers"": [""command.txt"", ""run.log"", ""run_config.json"", ""status.json""]}"
PB000117,true,,run_artifact,run,canonical/formal_benchmark_20260607_08,formal_benchmark_20260607_08,,,hrvatin_geo_maintype_counts,scmae,scmae,scmae,42,success,0,,,,,,,/data/luolie/biopipeline/dimension-reduction/plantnet/results/canonical/formal_benchmark_20260607_08/hrvatin_geo_maintype_counts/scmae__seed42__20260608_005541,/data/luolie/biopipeline/dimension-reduction/plantnet/results/canonical/formal_benchmark_20260607_08/hrvatin_geo_maintype_counts/scmae__seed42__20260608_005541,/data/luolie/biopipeline/dimension-reduction/plantnet/results/canonical/formal_benchmark_20260607_08/hrvatin_geo_maintype_counts/scmae__seed42__20260608_005541/metrics.json,/data/luolie/biopipeline/dimension-reduction/plantnet/results/canonical/formal_benchmark_20260607_08/hrvatin_geo_maintype_counts/scmae__seed42__20260608_005541/summary.json,/data/luolie/biopipeline/dimension-reduction/plantnet/results/canonical/formal_benchmark_20260607_08/hrvatin_geo_maintype_counts/scmae__seed42__20260608_005541/eval_fixed.csv,/data/luolie/biopipeline/dimension-reduction/plantnet/results/canonical/formal_benchmark_20260607_08/hrvatin_geo_maintype_counts/scmae__seed42__20260608_005541/args.json,/data/luolie/biopipeline/dimension-reduction/plantnet/results/canonical/formal_benchmark_20260607_08/hrvatin_geo_maintype_counts/scmae__seed42__20260608_005541/status.json,f9800d5a68e5f12c802e5ba763128f28c02dbe92,refactor/minimal-method-isolation-and-neighbormix-ablations,3,236.6,236.6,/data/luolie/conda/base/bin/python /home/luolie/biopipeline/dimension-reduction/plantnet/methods/DeepLearning/scMAE/run.py --data_path data/hrvatin_geo_maintype_counts.h5ad --save_dir results/formal/hrvatin_retry/hrvatin_geo_maintype_counts/scmae__seed42__20260608_005541 --n_clusters 8 --seed 42 --epochs 200 --gpu 3,eval_fixed.csv,0.890689097915717,0.9079708384510564,0.8727070863811273,0.7150198619644821,0.7150198619644821,0.8988248029285079,0.9079708384510566,0.9289804886847792,0.8878904723958956,,8,,,,,,,,,,,,,,,"{""markers"": [""args.json"", ""command.txt"", ""eval_fixed.csv"", ""metrics.json"", ""run.log"", ""status.json"", ""summary.json""]}"
PB000118,true,,run_artifact,run,canonical/scmae_11datasets_20260609_12,scmae_11datasets_20260609_12,,,Bach,dec,dec,dec,2024,success,0,,,,,,,/data/luolie/biopipeline/dimension-reduction/plantnet/results/canonical/scmae_11datasets_20260609_12/Bach/dec__seed2024__20260610_015110,/data/luolie/biopipeline/dimension-reduction/plantnet/results/canonical/scmae_11datasets_20260609_12/Bach/dec__seed2024__20260610_015110,/data/luolie/biopipeline/dimension-reduction/plantnet/results/canonical/scmae_11datasets_20260609_12/Bach/dec__seed2024__20260610_015110/metrics.json,,,/data/luolie/biopipeline/dimension-reduction/plantnet/results/canonical/scmae_11datasets_20260609_12/Bach/dec__seed2024__20260610_015110/args.json,/data/luolie/biopipeline/dimension-reduction/plantnet/results/canonical/scmae_11datasets_20260609_12/Bach/dec__seed2024__20260610_015110/status.json,cc4a3f022b1612f7b3af795f49894bec9489fe5c,refactor/minimal-method-isolation-and-neighbormix-ablations,1,128.9,128.9,/data/luolie/conda/base/bin/python /home/luolie/biopipeline/dimension-reduction/plantnet/methods/DeepLearning/dec/run.py --data_path /home/luolie/biopipeline/dimension-reduction/plantnet/data/processed_scmae/Bach.h5ad --save_dir /home/luolie/biopipeline/dimension-reduction/plantnet/results/formal/scmae_11datasets/Bach/dec__seed2024__20260610_015110 --n_clusters 8 --seed 2024 --epochs 200 --pretrain_epochs 200 --gpu 1,metrics.json:top_level,0.7533643892339544,0.7172464461353815,0.689963758488994,0.4528283372379421,0.4528283372379421,0.7657312430307055,0.7172464461353815,0.6692435429887206,0.7726676621312903,,,,,,,,,,,,,,,,,"{""markers"": [""args.json"", ""command.txt"", ""metrics.json"", ""run.log"", ""run_config.json"", ""status.json""]}"
PB000119,true,,run_artifact,run,canonical/scmae_11datasets_20260609_12,scmae_11datasets_20260609_12,,,Bach,dec,dec,dec,3407,success,0,,,,,,,/data/luolie/biopipeline/dimension-reduction/plantnet/results/canonical/scmae_11datasets_20260609_12/Bach/dec__seed3407__20260610_015324,/data/luolie/biopipeline/dimension-reduction/plantnet/results/canonical/scmae_11datasets_20260609_12/Bach/dec__seed3407__20260610_015324,/data/luolie/biopipeline/dimension-reduction/plantnet/results/canonical/scmae_11datasets_20260609_12/Bach/dec__seed3407__20260610_015324/metrics.json,,,/data/luolie/biopipeline/dimension-reduction/plantnet/results/canonical/scmae_11datasets_20260609_12/Bach/dec__seed3407__20260610_015324/args.json,/data/luolie/biopipeline/dimension-reduction/plantnet/results/canonical/scmae_11datasets_20260609_12/Bach/dec__seed3407__20260610_015324/status.json,cc4a3f022b1612f7b3af795f49894bec9489fe5c,refactor/minimal-method-isolation-and-neighbormix-ablations,1,122.1,122.1,/data/luolie/conda/base/bin/python /home/luolie/biopipeline/dimension-reduction/plantnet/methods/DeepLearning/dec/run.py --data_path /home/luolie/biopipeline/dimension-reduction/plantnet/data/processed_scmae/Bach.h5ad --save_dir /home/luolie/biopipeline/dimension-reduction/plantnet/results/formal/scmae_11datasets/Bach/dec__seed3407__20260610_015324 --n_clusters 8 --seed 3407 --epochs 200 --pretrain_epochs 200 --gpu 1,metrics.json:top_level,0.7012163561076604,0.7006082532354327,0.6163685890520254,0.4236762417648772,0.4236762417648772,0.7051727004441763,0.7006082532354327,0.6576700763213391,0.7495447752443029,,,,,,,,,,,,,,,,,"{""markers"": [""args.json"", ""command.txt"", ""metrics.json"", ""run.log"", ""run_config.json"", ""status.json""]}"
PB000120,true,,run_artifact,run,canonical/scmae_11datasets_20260609_12,scmae_11datasets_20260609_12,,,Bach,dec,dec,dec,42,success,0,,,,,,,/data/luolie/biopipeline/dimension-reduction/plantnet/results/canonical/scmae_11datasets_20260609_12/Bach/dec__seed42__20260610_014838,/data/luolie/biopipeline/dimension-reduction/plantnet/results/canonical/scmae_11datasets_20260609_12/Bach/dec__seed42__20260610_014838,/data/luolie/biopipeline/dimension-reduction/plantnet/results/canonical/scmae_11datasets_20260609_12/Bach/dec__seed42__20260610_014838/metrics.json,,,/data/luolie/biopipeline/dimension-reduction/plantnet/results/canonical/scmae_11datasets_20260609_12/Bach/dec__seed42__20260610_014838/args.json,/data/luolie/biopipeline/dimension-reduction/plantnet/results/canonical/scmae_11datasets_20260609_12/Bach/dec__seed42__20260610_014838/status.json,cc4a3f022b1612f7b3af795f49894bec9489fe5c,refactor/minimal-method-isolation-and-neighbormix-ablations,1,145.9,145.9,/data/luolie/conda/base/bin/python /home/luolie/biopipeline/dimension-reduction/plantnet/methods/DeepLearning/dec/run.py --data_path /home/luolie/biopipeline/dimension-reduction/plantnet/data/processed_scmae/Bach.h5ad --save_dir /home/luolie/biopipeline/dimension-reduction/plantnet/results/formal/scmae_11datasets/Bach/dec__seed42__20260610_014838 --n_clusters 8 --seed 42 --epochs 200 --pretrain_epochs 200 --gpu 1,metrics.json:top_level,0.6747757073844031,0.6362893820863474,0.5359440744350823,0.40709766435846484,0.40709766435846484,0.6565209244736746,0.6362893820863476,0.5775096304113807,0.7083903606603201,,,,,,,,,,,,,,,,,"{""markers"": [""args.json"", ""command.txt"", ""metrics.json"", ""run.log"", ""run_config.json"", ""status.json""]}"
PB000121,true,,run_artifact,run,canonical/scmae_11datasets_20260609_12,scmae_11datasets_20260609_12,,,Bach,desc,desc,desc,2024,success,0,,,,,,,/data/luolie/biopipeline/dimension-reduction/plantnet/results/canonical/scmae_11datasets_20260609_12/Bach/desc__seed2024__20260611_222723,/data/luolie/biopipeline/dimension-reduction/plantnet/results/canonical/scmae_11datasets_20260609_12/Bach/desc__seed2024__20260611_222723,/data/luolie/biopipeline/dimension-reduction/plantnet/results/canonical/scmae_11datasets_20260609_12/Bach/desc__seed2024__20260611_222723/metrics.json,,,/data/luolie/biopipeline/dimension-reduction/plantnet/results/canonical/scmae_11datasets_20260609_12/Bach/desc__seed2024__20260611_222723/args.json,/data/luolie/biopipeline/dimension-reduction/plantnet/results/canonical/scmae_11datasets_20260609_12/Bach/desc__seed2024__20260611_222723/status.json,,,3,548.1,548.1,/data/luolie/conda/envs/scssl_bench_py310/bin/python /home/luolie/biopipeline/dimension-reduction/plantnet/methods/DeepLearning/desc/run.py --data_path /home/luolie/biopipeline/dimension-reduction/plantnet/data/processed_scmae/Bach.h5ad --save_dir /home/luolie/biopipeline/dimension-reduction/plantnet/results/formal/scmae_11datasets/Bach/desc__seed2024__20260611_222723 --n_clusters 8 --seed 2024 --epochs 200 --pretrain_epochs 200 --gpu 3,metrics.json:top_level,0.5015527950310559,0.6308124094345828,0.40476707159749725,0.43133779279055434,0.43133779279055434,0.529450140082124,0.6308124094345829,0.6503626781137363,0.6124032233610333,,,,,,,,,,,,,,,,,"{""markers"": [""args.json"", ""command.txt"", ""metrics.json"", ""run.log"", ""status.json""]}"
PB000122,true,,run_artifact,run,canonical/scmae_11datasets_20260609_12,scmae_11datasets_20260609_12,,,Bach,desc,desc,desc,3407,success,0,,,,,,,/data/luolie/biopipeline/dimension-reduction/plantnet/results/canonical/scmae_11datasets_20260609_12/Bach/desc__seed3407__20260611_223631,/data/luolie/biopipeline/dimension-reduction/plantnet/results/canonical/scmae_11datasets_20260609_12/Bach/desc__seed3407__20260611_223631,/data/luolie/biopipeline/dimension-reduction/plantnet/results/canonical/scmae_11datasets_20260609_12/Bach/desc__seed3407__20260611_223631/metrics.json,,,/data/luolie/biopipeline/dimension-reduction/plantnet/results/canonical/scmae_11datasets_20260609_12/Bach/desc__seed3407__20260611_223631/args.json,/data/luolie/biopipeline/dimension-reduction/plantnet/results/canonical/scmae_11datasets_20260609_12/Bach/desc__seed3407__20260611_223631/status.json,,,3,458.9,458.9,/data/luolie/conda/envs/scssl_bench_py310/bin/python /home/luolie/biopipeline/dimension-reduction/plantnet/methods/DeepLearning/desc/run.py --data_path /home/luolie/biopipeline/dimension-reduction/plantnet/data/processed_scmae/Bach.h5ad --save_dir /home/luolie/biopipeline/dimension-reduction/plantnet/results/formal/scmae_11datasets/Bach/desc__seed3407__20260611_223631 --n_clusters 8 --seed 3407 --epochs 200 --pretrain_epochs 200 --gpu 3,metrics.json:top_level,0.622627674258109,0.6760604441124947,0.5529342894490594,0.4680413931277461,0.4680413931277461,0.6419885154081091,0.6760604441124947,0.710450326677021,0.644846179641965,,,,,,,,,,,,,,,,,"{""markers"": [""args.json"", ""command.txt"", ""metrics.json"", ""run.log"", ""status.json""]}"
PB000123,true,,run_artifact,run,canonical/scmae_11datasets_20260609_12,scmae_11datasets_20260609_12,,,Bach,desc,desc,desc,42,success,0,,,,,,,/data/luolie/biopipeline/dimension-reduction/plantnet/results/canonical/scmae_11datasets_20260609_12/Bach/desc__seed42__20260611_221641,/data/luolie/biopipeline/dimension-reduction/plantnet/results/canonical/scmae_11datasets_20260609_12/Bach/desc__seed42__20260611_221641,/data/luolie/biopipeline/dimension-reduction/plantnet/results/canonical/scmae_11datasets_20260609_12/Bach/desc__seed42__20260611_221641/metrics.json,,,/data/luolie/biopipeline/dimension-reduction/plantnet/results/canonical/scmae_11datasets_20260609_12/Bach/desc__seed42__20260611_221641/args.json,/data/luolie/biopipeline/dimension-reduction/plantnet/results/canonical/scmae_11datasets_20260609_12/Bach/desc__seed42__20260611_221641/status.json,,,3,577.5,577.5,/data/luolie/conda/envs/scssl_bench_py310/bin/python /home/luolie/biopipeline/dimension-reduction/plantnet/methods/DeepLearning/desc/run.py --data_path /home/luolie/biopipeline/dimension-reduction/plantnet/data/processed_scmae/Bach.h5ad --save_dir /home/luolie/biopipeline/dimension-reduction/plantnet/results/formal/scmae_11datasets/Bach/desc__seed42__20260611_221641 --n_clusters 8 --seed 42 --epochs 200 --pretrain_epochs 200 --gpu 3,metrics.json:top_level,0.5281659765355418,0.6258762787667481,0.406607700906166,0.42555985939924257,0.42555985939924257,0.5203708248209872,0.6258762787667481,0.6693654177462521,0.58769342615754,,,,,,,,,,,,,,,,,"{""markers"": [""args.json"", ""command.txt"", ""metrics.json"", ""run.log"", ""status.json""]}"
PB000124,true,,run_artifact,run,canonical/scmae_11datasets_20260609_12,scmae_11datasets_20260609_12,,,Bach,leiden,leiden,leiden,2024,success,0,,,,,,,/data/luolie/biopipeline/dimension-reduction/plantnet/results/canonical/scmae_11datasets_20260609_12/Bach/leiden__seed2024__20260610_015700,/data/luolie/biopipeline/dimension-reduction/plantnet/results/canonical/scmae_11datasets_20260609_12/Bach/leiden__seed2024__20260610_015700,/data/luolie/biopipeline/dimension-reduction/plantnet/results/canonical/scmae_11datasets_20260609_12/Bach/leiden__seed2024__20260610_015700/metrics.json,,,/data/luolie/biopipeline/dimension-reduction/plantnet/results/canonical/scmae_11datasets_20260609_12/Bach/leiden__seed2024__20260610_015700/args.json,/data/luolie/biopipeline/dimension-reduction/plantnet/results/canonical/scmae_11datasets_20260609_12/Bach/leiden__seed2024__20260610_015700/status.json,cc4a3f022b1612f7b3af795f49894bec9489fe5c,refactor/minimal-method-isolation-and-neighbormix-ablations,1,83.5,83.5,/data/luolie/conda/base/bin/python /home/luolie/biopipeline/dimension-reduction/plantnet/methods/Traditional/Leiden/run.py --data_path /home/luolie/biopipeline/dimension-reduction/plantnet/data/processed_scmae/Bach.h5ad --save_dir /home/luolie/biopipeline/dimension-reduction/plantnet/results/formal/scmae_11datasets/Bach/leiden__seed2024__20260610_015700 --n_clusters 8 --seed 2024,metrics.json:top_level,0.8163819875776398,0.7336251065662074,0.7187519788413953,0.44857390211889026,0.44857390211889026,0.7972905017502965,0.7336251065662073,0.6492708311047833,0.8431712221942489,,,,,,,,,,,,,,,,,"{""markers"": [""args.json"", ""command.txt"", ""metrics.json"", ""run.log"", ""status.json""]}"
PB000125,true,,run_artifact,run,canonical/scmae_11datasets_20260609_12,scmae_11datasets_20260609_12,,,Bach,leiden,leiden,leiden,3407,success,0,,,,,,,/data/luolie/biopipeline/dimension-reduction/plantnet/results/canonical/scmae_11datasets_20260609_12/Bach/leiden__seed3407__20260610_015829,/data/luolie/biopipeline/dimension-reduction/plantnet/results/canonical/scmae_11datasets_20260609_12/Bach/leiden__seed3407__20260610_015829,/data/luolie/biopipeline/dimension-reduction/plantnet/results/canonical/scmae_11datasets_20260609_12/Bach/leiden__seed3407__20260610_015829/metrics.json,,,/data/luolie/biopipeline/dimension-reduction/plantnet/results/canonical/scmae_11datasets_20260609_12/Bach/leiden__seed3407__20260610_015829/args.json,/data/luolie/biopipeline/dimension-reduction/plantnet/results/canonical/scmae_11datasets_20260609_12/Bach/leiden__seed3407__20260610_015829/status.json,cc4a3f022b1612f7b3af795f49894bec9489fe5c,refactor/minimal-method-isolation-and-neighbormix-ablations,1,81.7,81.7,/data/luolie/conda/base/bin/python /home/luolie/biopipeline/dimension-reduction/plantnet/methods/Traditional/Leiden/run.py --data_path /home/luolie/biopipeline/dimension-reduction/plantnet/data/processed_scmae/Bach.h5ad --save_dir /home/luolie/biopipeline/dimension-reduction/plantnet/results/formal/scmae_11datasets/Bach/leiden__seed3407__20260610_015829 --n_clusters 8 --seed 3407,metrics.json:top_level,0.8424344375431332,0.7287087776222508,0.719229198407624,0.5472666551153877,0.5472666551153877,0.7801756510367688,0.7287087776222508,0.7008473667826616,0.758877096078908,,,,,,,,,,,,,,,,,"{""markers"": [""args.json"", ""command.txt"", ""metrics.json"", ""run.log"", ""status.json""]}"
PB000126,true,,run_artifact,run,canonical/scmae_11datasets_20260609_12,scmae_11datasets_20260609_12,,,Bach,leiden,leiden,leiden,42,success,0,,,,,,,/data/luolie/biopipeline/dimension-reduction/plantnet/results/canonical/scmae_11datasets_20260609_12/Bach/leiden__seed42__20260610_015532,/data/luolie/biopipeline/dimension-reduction/plantnet/results/canonical/scmae_11datasets_20260609_12/Bach/leiden__seed42__20260610_015532,/data/luolie/biopipeline/dimension-reduction/plantnet/results/canonical/scmae_11datasets_20260609_12/Bach/leiden__seed42__20260610_015532/metrics.json,,,/data/luolie/biopipeline/dimension-reduction/plantnet/results/canonical/scmae_11datasets_20260609_12/Bach/leiden__seed42__20260610_015532/args.json,/data/luolie/biopipeline/dimension-reduction/plantnet/results/canonical/scmae_11datasets_20260609_12/Bach/leiden__seed42__20260610_015532/status.json,cc4a3f022b1612f7b3af795f49894bec9489fe5c,refactor/minimal-method-isolation-and-neighbormix-ablations,1,82.4,82.4,/data/luolie/conda/base/bin/python /home/luolie/biopipeline/dimension-reduction/plantnet/methods/Traditional/Leiden/run.py --data_path /home/luolie/biopipeline/dimension-reduction/plantnet/data/processed_scmae/Bach.h5ad --save_dir /home/luolie/biopipeline/dimension-reduction/plantnet/results/formal/scmae_11datasets/Bach/leiden__seed42__20260610_015532 --n_clusters 8 --seed 42,metrics.json:top_level,0.8420462387853692,0.7283457367514642,0.718270965154205,0.5470237395521408,0.5470237395521408,0.7794061449920138,0.7283457367514643,0.7005442428646282,0.7584450571507798,,,,,,,,,,,,,,,,,"{""markers"": [""args.json"", ""command.txt"", ""metrics.json"", ""run.log"", ""status.json""]}"
PB000127,true,,run_artifact,run,canonical/scmae_11datasets_20260609_12,scmae_11datasets_20260609_12,,,Bach,louvain,louvain,louvain,2024,success,0,,,,,,,/data/luolie/biopipeline/dimension-reduction/plantnet/results/canonical/scmae_11datasets_20260609_12/Bach/louvain__seed2024__20260610_020201,/data/luolie/biopipeline/dimension-reduction/plantnet/results/canonical/scmae_11datasets_20260609_12/Bach/louvain__seed2024__20260610_020201,/data/luolie/biopipeline/dimension-reduction/plantnet/results/canonical/scmae_11datasets_20260609_12/Bach/louvain__seed2024__20260610_020201/metrics.json,,,/data/luolie/biopipeline/dimension-reduction/plantnet/results/canonical/scmae_11datasets_20260609_12/Bach/louvain__seed2024__20260610_020201/args.json,/data/luolie/biopipeline/dimension-reduction/plantnet/results/canonical/scmae_11datasets_20260609_12/Bach/louvain__seed2024__20260610_020201/status.json,cc4a3f022b1612f7b3af795f49894bec9489fe5c,refactor/minimal-method-isolation-and-neighbormix-ablations,1,123.2,123.2,/data/luolie/conda/base/bin/python /home/luolie/biopipeline/dimension-reduction/plantnet/methods/Traditional/Louvain/run.py --data_path /home/luolie/biopipeline/dimension-reduction/plantnet/data/processed_scmae/Bach.h5ad --save_dir /home/luolie/biopipeline/dimension-reduction/plantnet/results/formal/scmae_11datasets/Bach/louvain__seed2024__20260610_020201 --n_clusters 8 --seed 2024,metrics.json:top_level,0.843944099378882,0.7273384255981163,0.7180195118613463,0.546874246341889,0.546874246341889,0.7797617885618774,0.7273384255981162,0.6942306508146179,0.7637621490224941,,,,,,,,,,,,,,,,,"{""markers"": [""args.json"", ""command.txt"", ""metrics.json"", ""run.log"", ""status.json""]}"
PB000128,true,,run_artifact,run,canonical/scmae_11datasets_20260609_12,scmae_11datasets_20260609_12,,,Bach,louvain,louvain,louvain,3407,success,0,,,,,,,/data/luolie/biopipeline/dimension-reduction/plantnet/results/canonical/scmae_11datasets_20260609_12/Bach/louvain__seed3407__20260610_020410,/data/luolie/biopipeline/dimension-reduction/plantnet/results/canonical/scmae_11datasets_20260609_12/Bach/louvain__seed3407__20260610_020410,/data/luolie/biopipeline/dimension-reduction/plantnet/results/canonical/scmae_11datasets_20260609_12/Bach/louvain__seed3407__20260610_020410/metrics.json,,,/data/luolie/biopipeline/dimension-reduction/plantnet/results/canonical/scmae_11datasets_20260609_12/Bach/louvain__seed3407__20260610_020410/args.json,/data/luolie/biopipeline/dimension-reduction/plantnet/results/canonical/scmae_11datasets_20260609_12/Bach/louvain__seed3407__20260610_020410/status.json,cc4a3f022b1612f7b3af795f49894bec9489fe5c,refactor/minimal-method-isolation-and-neighbormix-ablations,1,121.4,121.4,/data/luolie/conda/base/bin/python /home/luolie/biopipeline/dimension-reduction/plantnet/methods/Traditional/Louvain/run.py --data_path /home/luolie/biopipeline/dimension-reduction/plantnet/data/processed_scmae/Bach.h5ad --save_dir /home/luolie/biopipeline/dimension-reduction/plantnet/results/formal/scmae_11datasets/Bach/louvain__seed3407__20260610_020410 --n_clusters 8 --seed 3407,metrics.json:top_level,0.8421325051759835,0.7262254732860698,0.7171506679282057,0.5477836294216157,0.5477836294216157,0.7786830681602018,0.7262254732860699,0.6979135436274893,0.7569315589450858,,,,,,,,,,,,,,,,,"{""markers"": [""args.json"", ""command.txt"", ""metrics.json"", ""run.log"", ""status.json""]}"
PB000129,true,,run_artifact,run,canonical/scmae_11datasets_20260609_12,scmae_11datasets_20260609_12,,,Bach,louvain,louvain,louvain,42,success,0,,,,,,,/data/luolie/biopipeline/dimension-reduction/plantnet/results/canonical/scmae_11datasets_20260609_12/Bach/louvain__seed42__20260610_015956,/data/luolie/biopipeline/dimension-reduction/plantnet/results/canonical/scmae_11datasets_20260609_12/Bach/louvain__seed42__20260610_015956,/data/luolie/biopipeline/dimension-reduction/plantnet/results/canonical/scmae_11datasets_20260609_12/Bach/louvain__seed42__20260610_015956/metrics.json,,,/data/luolie/biopipeline/dimension-reduction/plantnet/results/canonical/scmae_11datasets_20260609_12/Bach/louvain__seed42__20260610_015956/args.json,/data/luolie/biopipeline/dimension-reduction/plantnet/results/canonical/scmae_11datasets_20260609_12/Bach/louvain__seed42__20260610_015956/status.json,cc4a3f022b1612f7b3af795f49894bec9489fe5c,refactor/minimal-method-isolation-and-neighbormix-ablations,1,119.0,119.0,/data/luolie/conda/base/bin/python /home/luolie/biopipeline/dimension-reduction/plantnet/methods/Traditional/Louvain/run.py --data_path /home/luolie/biopipeline/dimension-reduction/plantnet/data/processed_scmae/Bach.h5ad --save_dir /home/luolie/biopipeline/dimension-reduction/plantnet/results/formal/scmae_11datasets/Bach/louvain__seed42__20260610_015956 --n_clusters 8 --seed 42,metrics.json:top_level,0.8160369220151829,0.7230902560726336,0.7118837635112905,0.45340705296322675,0.45340705296322675,0.7929038308242277,0.7230902560726337,0.6437290732861405,0.824770913227859,,,,,,,,,,,,,,,,,"{""markers"": [""args.json"", ""command.txt"", ""metrics.json"", ""run.log"", ""status.json""]}"
PB000130,true,,run_artifact,run,canonical/scmae_11datasets_20260609_12,scmae_11datasets_20260609_12,,,Bach,neighbormix_scmae,neighbormix_scmae,neighbormix_scmae,2024,success,0,,,,,,,/data/luolie/biopipeline/dimension-reduction/plantnet/results/canonical/scmae_11datasets_20260609_12/Bach/neighbormix_scmae__seed2024__20260610_021116,/data/luolie/biopipeline/dimension-reduction/plantnet/results/canonical/scmae_11datasets_20260609_12/Bach/neighbormix_scmae__seed2024__20260610_021116,/data/luolie/biopipeline/dimension-reduction/plantnet/results/canonical/scmae_11datasets_20260609_12/Bach/neighbormix_scmae__seed2024__20260610_021116/metrics.json,/data/luolie/biopipeline/dimension-reduction/plantnet/results/canonical/scmae_11datasets_20260609_12/Bach/neighbormix_scmae__seed2024__20260610_021116/summary.json,/data/luolie/biopipeline/dimension-reduction/plantnet/results/canonical/scmae_11datasets_20260609_12/Bach/neighbormix_scmae__seed2024__20260610_021116/eval_fixed.csv,/data/luolie/biopipeline/dimension-reduction/plantnet/results/canonical/scmae_11datasets_20260609_12/Bach/neighbormix_scmae__seed2024__20260610_021116/args.json,/data/luolie/biopipeline/dimension-reduction/plantnet/results/canonical/scmae_11datasets_20260609_12/Bach/neighbormix_scmae__seed2024__20260610_021116/status.json,cc4a3f022b1612f7b3af795f49894bec9489fe5c,refactor/minimal-method-isolation-and-neighbormix-ablations,1,300.1,300.1,/data/luolie/conda/base/bin/python /home/luolie/biopipeline/dimension-reduction/plantnet/methods/DeepLearning/NeighborMix_scMAE/run.py --data_path /home/luolie/biopipeline/dimension-reduction/plantnet/data/processed_scmae/Bach.h5ad --save_dir /home/luolie/biopipeline/dimension-reduction/plantnet/results/formal/scmae_11datasets/Bach/neighbormix_scmae__seed2024__20260610_021116 --n_clusters 8 --seed 2024 --epochs 200 --gpu 1,eval_fixed.csv,0.8069789510006902,0.8355835631000466,0.8364132246615366,0.6444819407945452,0.6444819407945452,0.8707306798970336,0.8355835631000466,0.8598159478316292,0.8126796316852116,,8,,,,,,,,,,,,,,,"{""markers"": [""args.json"", ""command.txt"", ""eval_fixed.csv"", ""metrics.json"", ""run.log"", ""status.json"", ""summary.json""]}"
PB000131,true,,run_artifact,run,canonical/scmae_11datasets_20260609_12,scmae_11datasets_20260609_12,,,Bach,neighbormix_scmae,neighbormix_scmae,neighbormix_scmae,3407,success,0,,,,,,,/data/luolie/biopipeline/dimension-reduction/plantnet/results/canonical/scmae_11datasets_20260609_12/Bach/neighbormix_scmae__seed3407__20260610_021621,/data/luolie/biopipeline/dimension-reduction/plantnet/results/canonical/scmae_11datasets_20260609_12/Bach/neighbormix_scmae__seed3407__20260610_021621,/data/luolie/biopipeline/dimension-reduction/plantnet/results/canonical/scmae_11datasets_20260609_12/Bach/neighbormix_scmae__seed3407__20260610_021621/metrics.json,/data/luolie/biopipeline/dimension-reduction/plantnet/results/canonical/scmae_11datasets_20260609_12/Bach/neighbormix_scmae__seed3407__20260610_021621/summary.json,/data/luolie/biopipeline/dimension-reduction/plantnet/results/canonical/scmae_11datasets_20260609_12/Bach/neighbormix_scmae__seed3407__20260610_021621/eval_fixed.csv,/data/luolie/biopipeline/dimension-reduction/plantnet/results/canonical/scmae_11datasets_20260609_12/Bach/neighbormix_scmae__seed3407__20260610_021621/args.json,/data/luolie/biopipeline/dimension-reduction/plantnet/results/canonical/scmae_11datasets_20260609_12/Bach/neighbormix_scmae__seed3407__20260610_021621/status.json,cc4a3f022b1612f7b3af795f49894bec9489fe5c,refactor/minimal-method-isolation-and-neighbormix-ablations,1,296.0,296.0,/data/luolie/conda/base/bin/python /home/luolie/biopipeline/dimension-reduction/plantnet/methods/DeepLearning/NeighborMix_scMAE/run.py --data_path /home/luolie/biopipeline/dimension-reduction/plantnet/data/processed_scmae/Bach.h5ad --save_dir /home/luolie/biopipeline/dimension-reduction/plantnet/results/formal/scmae_11datasets/Bach/neighbormix_scmae__seed3407__20260610_021621 --n_clusters 8 --seed 3407 --epochs 200 --gpu 1,eval_fixed.csv,0.857487922705314,0.8618438726006021,0.8639128396286818,0.7752653567707568,0.7752653567707568,0.8925724041977486,0.8618438726006021,0.8790401955802776,0.8453074502563002,,8,,,,,,,,,,,,,,,"{""markers"": [""args.json"", ""command.txt"", ""eval_fixed.csv"", ""metrics.json"", ""run.log"", ""status.json"", ""summary.json""]}"
PB000132,true,,run_artifact,run,canonical/scmae_11datasets_20260609_12,scmae_11datasets_20260609_12,,,Bach,neighbormix_scmae,neighbormix_scmae,neighbormix_scmae,42,success,0,,,,,,,/data/luolie/biopipeline/dimension-reduction/plantnet/results/canonical/scmae_11datasets_20260609_12/Bach/neighbormix_scmae__seed42__20260610_020616,/data/luolie/biopipeline/dimension-reduction/plantnet/results/canonical/scmae_11datasets_20260609_12/Bach/neighbormix_scmae__seed42__20260610_020616,/data/luolie/biopipeline/dimension-reduction/plantnet/results/canonical/scmae_11datasets_20260609_12/Bach/neighbormix_scmae__seed42__20260610_020616/metrics.json,/data/luolie/biopipeline/dimension-reduction/plantnet/results/canonical/scmae_11datasets_20260609_12/Bach/neighbormix_scmae__seed42__20260610_020616/summary.json,/data/luolie/biopipeline/dimension-reduction/plantnet/results/canonical/scmae_11datasets_20260609_12/Bach/neighbormix_scmae__seed42__20260610_020616/eval_fixed.csv,/data/luolie/biopipeline/dimension-reduction/plantnet/results/canonical/scmae_11datasets_20260609_12/Bach/neighbormix_scmae__seed42__20260610_020616/args.json,/data/luolie/biopipeline/dimension-reduction/plantnet/results/canonical/scmae_11datasets_20260609_12/Bach/neighbormix_scmae__seed42__20260610_020616/status.json,cc4a3f022b1612f7b3af795f49894bec9489fe5c,refactor/minimal-method-isolation-and-neighbormix-ablations,1,294.6,294.6,/data/luolie/conda/base/bin/python /home/luolie/biopipeline/dimension-reduction/plantnet/methods/DeepLearning/NeighborMix_scMAE/run.py --data_path /home/luolie/biopipeline/dimension-reduction/plantnet/data/processed_scmae/Bach.h5ad --save_dir /home/luolie/biopipeline/dimension-reduction/plantnet/results/formal/scmae_11datasets/Bach/neighbormix_scmae__seed42__20260610_020616 --n_clusters 8 --seed 42 --epochs 200 --gpu 1,eval_fixed.csv,0.851492408557626,0.8518507585775089,0.8514954276948117,0.752446288386653,0.752446288386653,0.882787572937483,0.851850758577509,0.8734088980795093,0.8313312123627957,,8,,,,,,,,,,,,,,,"{""markers"": [""args.json"", ""command.txt"", ""eval_fixed.csv"", ""metrics.json"", ""run.log"", ""status.json"", ""summary.json""]}"
PB000133,true,,run_artifact,run,canonical/scmae_11datasets_20260609_12,scmae_11datasets_20260609_12,,,Bach,nm_scmae_nomix,nm_scmae_nomix,nm_scmae_nomix,2024,success,0,,,,,,,/data/luolie/biopipeline/dimension-reduction/plantnet/results/canonical/scmae_11datasets_20260609_12/Bach/nm_scmae_nomix__seed2024__20260609_130047,/data/luolie/biopipeline/dimension-reduction/plantnet/results/canonical/scmae_11datasets_20260609_12/Bach/nm_scmae_nomix__seed2024__20260609_130047,/data/luolie/biopipeline/dimension-reduction/plantnet/results/canonical/scmae_11datasets_20260609_12/Bach/nm_scmae_nomix__seed2024__20260609_130047/metrics.json,/data/luolie/biopipeline/dimension-reduction/plantnet/results/canonical/scmae_11datasets_20260609_12/Bach/nm_scmae_nomix__seed2024__20260609_130047/summary.json,/data/luolie/biopipeline/dimension-reduction/plantnet/results/canonical/scmae_11datasets_20260609_12/Bach/nm_scmae_nomix__seed2024__20260609_130047/eval_fixed.csv,/data/luolie/biopipeline/dimension-reduction/plantnet/results/canonical/scmae_11datasets_20260609_12/Bach/nm_scmae_nomix__seed2024__20260609_130047/args.json,/data/luolie/biopipeline/dimension-reduction/plantnet/results/canonical/scmae_11datasets_20260609_12/Bach/nm_scmae_nomix__seed2024__20260609_130047/status.json,b4a989ac74825ea21d548383f1c345db43db5fc9,refactor/minimal-method-isolation-and-neighbormix-ablations,1,114.7,114.7,/data/luolie/conda/base/bin/python /home/luolie/biopipeline/dimension-reduction/plantnet/methods/DeepLearning/NeighborMix_scMAE/run.py --data_path /home/luolie/biopipeline/dimension-reduction/plantnet/data/processed_scmae/Bach.h5ad --save_dir results/formal/scmae_11datasets/Bach/nm_scmae_nomix__seed2024__20260609_130047 --n_clusters 8 --seed 2024 --epochs 200 --gpu 1 --use_pseudo false --pseudo_weight 0 --neighbor_k 0 --mix_neighbors 0 --variant_name nm_scmae_nomix,eval_fixed.csv,0.8458850931677019,0.8455087457530736,0.8469575586757716,0.6941642715034708,0.6941642715034708,0.8790712865644146,0.8455087457530737,0.8587698737562338,0.8326509463369964,,8,,,,,,,,,,,,,,,"{""markers"": [""args.json"", ""command.txt"", ""eval_fixed.csv"", ""metrics.json"", ""run.log"", ""status.json"", ""summary.json""]}"
PB000134,true,,run_artifact,run,canonical/scmae_11datasets_20260609_12,scmae_11datasets_20260609_12,,,Bach,nm_scmae_nomix,nm_scmae_nomix,nm_scmae_nomix,3407,success,0,,,,,,,/data/luolie/biopipeline/dimension-reduction/plantnet/results/canonical/scmae_11datasets_20260609_12/Bach/nm_scmae_nomix__seed3407__20260609_130242,/data/luolie/biopipeline/dimension-reduction/plantnet/results/canonical/scmae_11datasets_20260609_12/Bach/nm_scmae_nomix__seed3407__20260609_130242,/data/luolie/biopipeline/dimension-reduction/plantnet/results/canonical/scmae_11datasets_20260609_12/Bach/nm_scmae_nomix__seed3407__20260609_130242/metrics.json,/data/luolie/biopipeline/dimension-reduction/plantnet/results/canonical/scmae_11datasets_20260609_12/Bach/nm_scmae_nomix__seed3407__20260609_130242/summary.json,/data/luolie/biopipeline/dimension-reduction/plantnet/results/canonical/scmae_11datasets_20260609_12/Bach/nm_scmae_nomix__seed3407__20260609_130242/eval_fixed.csv,/data/luolie/biopipeline/dimension-reduction/plantnet/results/canonical/scmae_11datasets_20260609_12/Bach/nm_scmae_nomix__seed3407__20260609_130242/args.json,/data/luolie/biopipeline/dimension-reduction/plantnet/results/canonical/scmae_11datasets_20260609_12/Bach/nm_scmae_nomix__seed3407__20260609_130242/status.json,b4a989ac74825ea21d548383f1c345db43db5fc9,refactor/minimal-method-isolation-and-neighbormix-ablations,1,113.8,113.8,/data/luolie/conda/base/bin/python /home/luolie/biopipeline/dimension-reduction/plantnet/methods/DeepLearning/NeighborMix_scMAE/run.py --data_path /home/luolie/biopipeline/dimension-reduction/plantnet/data/processed_scmae/Bach.h5ad --save_dir results/formal/scmae_11datasets/Bach/nm_scmae_nomix__seed3407__20260609_130242 --n_clusters 8 --seed 3407 --epochs 200 --gpu 1 --use_pseudo false --pseudo_weight 0 --neighbor_k 0 --mix_neighbors 0 --variant_name nm_scmae_nomix,eval_fixed.csv,0.9105417529330572,0.8780993679886564,0.9231887686193588,0.7351711628683668,0.7351711628683668,0.9396340390180477,0.8780993679886564,0.8743213508203145,0.8819101771230555,,8,,,,,,,,,,,,,,,"{""markers"": [""args.json"", ""command.txt"", ""eval_fixed.csv"", ""metrics.json"", ""run.log"", ""status.json"", ""summary.json""]}"
PB000135,true,,run_artifact,run,canonical/scmae_11datasets_20260609_12,scmae_11datasets_20260609_12,,,Bach,nm_scmae_nomix,nm_scmae_nomix,nm_scmae_nomix,42,success,0,,,,,,,/data/luolie/biopipeline/dimension-reduction/plantnet/results/canonical/scmae_11datasets_20260609_12/Bach/nm_scmae_nomix__seed42__20260609_125851,/data/luolie/biopipeline/dimension-reduction/plantnet/results/canonical/scmae_11datasets_20260609_12/Bach/nm_scmae_nomix__seed42__20260609_125851,/data/luolie/biopipeline/dimension-reduction/plantnet/results/canonical/scmae_11datasets_20260609_12/Bach/nm_scmae_nomix__seed42__20260609_125851/metrics.json,/data/luolie/biopipeline/dimension-reduction/plantnet/results/canonical/scmae_11datasets_20260609_12/Bach/nm_scmae_nomix__seed42__20260609_125851/summary.json,/data/luolie/biopipeline/dimension-reduction/plantnet/results/canonical/scmae_11datasets_20260609_12/Bach/nm_scmae_nomix__seed42__20260609_125851/eval_fixed.csv,/data/luolie/biopipeline/dimension-reduction/plantnet/results/canonical/scmae_11datasets_20260609_12/Bach/nm_scmae_nomix__seed42__20260609_125851/args.json,/data/luolie/biopipeline/dimension-reduction/plantnet/results/canonical/scmae_11datasets_20260609_12/Bach/nm_scmae_nomix__seed42__20260609_125851/status.json,b4a989ac74825ea21d548383f1c345db43db5fc9,refactor/minimal-method-isolation-and-neighbormix-ablations,1,116.5,116.5,/data/luolie/conda/base/bin/python /home/luolie/biopipeline/dimension-reduction/plantnet/methods/DeepLearning/NeighborMix_scMAE/run.py --data_path /home/luolie/biopipeline/dimension-reduction/plantnet/data/processed_scmae/Bach.h5ad --save_dir results/formal/scmae_11datasets/Bach/nm_scmae_nomix__seed42__20260609_125851 --n_clusters 8 --seed 42 --epochs 200 --gpu 1 --use_pseudo false --pseudo_weight 0 --neighbor_k 0 --mix_neighbors 0 --variant_name nm_scmae_nomix,eval_fixed.csv,0.822463768115942,0.8430073155690028,0.8561954849505597,0.7195616205316493,0.7195616205316493,0.8866012833866005,0.8430073155690028,0.8708763020360463,0.8168666951176384,,8,,,,,,,,,,,,,,,"{""markers"": [""args.json"", ""command.txt"", ""eval_fixed.csv"", ""metrics.json"", ""run.log"", ""status.json"", ""summary.json""]}"
PB000136,true,,run_artifact,run,canonical/scmae_11datasets_20260609_12,scmae_11datasets_20260609_12,,,Bach,sc3,sc3,sc3,2024,success,0,,,,,,,/data/luolie/biopipeline/dimension-reduction/plantnet/results/canonical/scmae_11datasets_20260609_12/Bach/sc3__seed2024__20260610_022221,/data/luolie/biopipeline/dimension-reduction/plantnet/results/canonical/scmae_11datasets_20260609_12/Bach/sc3__seed2024__20260610_022221,/data/luolie/biopipeline/dimension-reduction/plantnet/results/canonical/scmae_11datasets_20260609_12/Bach/sc3__seed2024__20260610_022221/metrics.json,,,/data/luolie/biopipeline/dimension-reduction/plantnet/results/canonical/scmae_11datasets_20260609_12/Bach/sc3__seed2024__20260610_022221/args.json,/data/luolie/biopipeline/dimension-reduction/plantnet/results/canonical/scmae_11datasets_20260609_12/Bach/sc3__seed2024__20260610_022221/status.json,cc4a3f022b1612f7b3af795f49894bec9489fe5c,refactor/minimal-method-isolation-and-neighbormix-ablations,1,51.0,51.0,/data/luolie/conda/base/bin/python /home/luolie/biopipeline/dimension-reduction/plantnet/methods/Traditional/sc3/run.py --data_path /home/luolie/biopipeline/dimension-reduction/plantnet/data/processed_scmae/Bach.h5ad --save_dir /home/luolie/biopipeline/dimension-reduction/plantnet/results/formal/scmae_11datasets/Bach/sc3__seed2024__20260610_022221 --n_clusters 8 --seed 2024,metrics.json:top_level,0.01358695652173913,0.8394572069825682,0.84948581871368,0.208584923027655,0.208584923027655,0.8812831650941806,0.8394572069825682,0.8682690721875909,0.8124960634727477,,,,,,,,,,,,,,,,,"{""markers"": [""args.json"", ""command.txt"", ""metrics.json"", ""run.log"", ""status.json""]}"
PB000137,true,,run_artifact,run,canonical/scmae_11datasets_20260609_12,scmae_11datasets_20260609_12,,,Bach,sc3,sc3,sc3,3407,success,0,,,,,,,/data/luolie/biopipeline/dimension-reduction/plantnet/results/canonical/scmae_11datasets_20260609_12/Bach/sc3__seed3407__20260610_022317,/data/luolie/biopipeline/dimension-reduction/plantnet/results/canonical/scmae_11datasets_20260609_12/Bach/sc3__seed3407__20260610_022317,/data/luolie/biopipeline/dimension-reduction/plantnet/results/canonical/scmae_11datasets_20260609_12/Bach/sc3__seed3407__20260610_022317/metrics.json,,,/data/luolie/biopipeline/dimension-reduction/plantnet/results/canonical/scmae_11datasets_20260609_12/Bach/sc3__seed3407__20260610_022317/args.json,/data/luolie/biopipeline/dimension-reduction/plantnet/results/canonical/scmae_11datasets_20260609_12/Bach/sc3__seed3407__20260610_022317/status.json,cc4a3f022b1612f7b3af795f49894bec9489fe5c,refactor/minimal-method-isolation-and-neighbormix-ablations,1,50.8,50.8,/data/luolie/conda/base/bin/python /home/luolie/biopipeline/dimension-reduction/plantnet/methods/Traditional/sc3/run.py --data_path /home/luolie/biopipeline/dimension-reduction/plantnet/data/processed_scmae/Bach.h5ad --save_dir /home/luolie/biopipeline/dimension-reduction/plantnet/results/formal/scmae_11datasets/Bach/sc3__seed3407__20260610_022317 --n_clusters 8 --seed 3407,metrics.json:top_level,0.013371290545203588,0.8398440397944639,0.8497064979400639,0.20855612033134818,0.20855612033134818,0.8814554523147655,0.8398440397944639,0.8685669539790447,0.8129600091825755,,,,,,,,,,,,,,,,,"{""markers"": [""args.json"", ""command.txt"", ""metrics.json"", ""run.log"", ""status.json""]}"
PB000138,true,,run_artifact,run,canonical/scmae_11datasets_20260609_12,scmae_11datasets_20260609_12,,,Bach,sc3,sc3,sc3,42,success,0,,,,,,,/data/luolie/biopipeline/dimension-reduction/plantnet/results/canonical/scmae_11datasets_20260609_12/Bach/sc3__seed42__20260610_022122,/data/luolie/biopipeline/dimension-reduction/plantnet/results/canonical/scmae_11datasets_20260609_12/Bach/sc3__seed42__20260610_022122,/data/luolie/biopipeline/dimension-reduction/plantnet/results/canonical/scmae_11datasets_20260609_12/Bach/sc3__seed42__20260610_022122/metrics.json,,,/data/luolie/biopipeline/dimension-reduction/plantnet/results/canonical/scmae_11datasets_20260609_12/Bach/sc3__seed42__20260610_022122/args.json,/data/luolie/biopipeline/dimension-reduction/plantnet/results/canonical/scmae_11datasets_20260609_12/Bach/sc3__seed42__20260610_022122/status.json,cc4a3f022b1612f7b3af795f49894bec9489fe5c,refactor/minimal-method-isolation-and-neighbormix-ablations,1,53.1,53.1,/data/luolie/conda/base/bin/python /home/luolie/biopipeline/dimension-reduction/plantnet/methods/Traditional/sc3/run.py --data_path /home/luolie/biopipeline/dimension-reduction/plantnet/data/processed_scmae/Bach.h5ad --save_dir /home/luolie/biopipeline/dimension-reduction/plantnet/results/formal/scmae_11datasets/Bach/sc3__seed42__20260610_022122 --n_clusters 8 --seed 42,metrics.json:top_level,0.16468253968253968,0.8258261469050795,0.7374968710689991,0.14594060596286368,0.14594060596286368,0.792724513695521,0.8258261469050796,0.8675134728503591,0.7879615917861564,,,,,,,,,,,,,,,,,"{""markers"": [""args.json"", ""command.txt"", ""metrics.json"", ""run.log"", ""status.json""]}"
PB000139,true,,run_artifact,run,canonical/scmae_11datasets_20260609_12,scmae_11datasets_20260609_12,,,Bach,scdcc,scdcc,scdcc,2024,success,0,,,,,,,/data/luolie/biopipeline/dimension-reduction/plantnet/results/canonical/scmae_11datasets_20260609_12/Bach/scdcc__seed2024__20260609_131712,/data/luolie/biopipeline/dimension-reduction/plantnet/results/canonical/scmae_11datasets_20260609_12/Bach/scdcc__seed2024__20260609_131712,/data/luolie/biopipeline/dimension-reduction/plantnet/results/canonical/scmae_11datasets_20260609_12/Bach/scdcc__seed2024__20260609_131712/metrics.json,,,/data/luolie/biopipeline/dimension-reduction/plantnet/results/canonical/scmae_11datasets_20260609_12/Bach/scdcc__seed2024__20260609_131712/args.json,/data/luolie/biopipeline/dimension-reduction/plantnet/results/canonical/scmae_11datasets_20260609_12/Bach/scdcc__seed2024__20260609_131712/status.json,b4a989ac74825ea21d548383f1c345db43db5fc9,refactor/minimal-method-isolation-and-neighbormix-ablations,1,629.6,629.6,/data/luolie/conda/base/bin/python /home/luolie/biopipeline/dimension-reduction/plantnet/methods/DeepLearning/scDCC/run.py --data_path /home/luolie/biopipeline/dimension-reduction/plantnet/data/processed_scmae/Bach.h5ad --save_dir results/formal/scmae_11datasets/Bach/scdcc__seed2024__20260609_131712 --n_clusters 8 --seed 2024 --epochs 200 --pretrain_epochs 200 --gpu 1,metrics.json:top_level,0.7071687370600414,0.7837177769808557,0.6537271381295621,0.629777026894649,0.629777026894649,0.726771782816918,0.7837177769808557,0.8443161237727399,0.7312354671258505,,,,,,,,,,,,,,,,,"{""markers"": [""args.json"", ""command.txt"", ""metrics.json"", ""run.log"", ""run_config.json"", ""status.json""]}"
PB000140,true,,run_artifact,run,canonical/scmae_11datasets_20260609_12,scmae_11datasets_20260609_12,,,Bach,scdcc,scdcc,scdcc,3407,success,0,,,,,,,/data/luolie/biopipeline/dimension-reduction/plantnet/results/canonical/scmae_11datasets_20260609_12/Bach/scdcc__seed3407__20260609_132742,/data/luolie/biopipeline/dimension-reduction/plantnet/results/canonical/scmae_11datasets_20260609_12/Bach/scdcc__seed3407__20260609_132742,/data/luolie/biopipeline/dimension-reduction/plantnet/results/canonical/scmae_11datasets_20260609_12/Bach/scdcc__seed3407__20260609_132742/metrics.json,,,/data/luolie/biopipeline/dimension-reduction/plantnet/results/canonical/scmae_11datasets_20260609_12/Bach/scdcc__seed3407__20260609_132742/args.json,/data/luolie/biopipeline/dimension-reduction/plantnet/results/canonical/scmae_11datasets_20260609_12/Bach/scdcc__seed3407__20260609_132742/status.json,b4a989ac74825ea21d548383f1c345db43db5fc9,refactor/minimal-method-isolation-and-neighbormix-ablations,1,607.9,607.9,/data/luolie/conda/base/bin/python /home/luolie/biopipeline/dimension-reduction/plantnet/methods/DeepLearning/scDCC/run.py --data_path /home/luolie/biopipeline/dimension-reduction/plantnet/data/processed_scmae/Bach.h5ad --save_dir results/formal/scmae_11datasets/Bach/scdcc__seed3407__20260609_132742 --n_clusters 8 --seed 3407 --epochs 200 --pretrain_epochs 200 --gpu 1,metrics.json:top_level,0.6937543133195307,0.7746334414791199,0.6425281558900846,0.6148457916859569,0.6148457916859569,0.718203376420307,0.7746334414791199,0.8378840572442453,0.7202619433741935,,,,,,,,,,,,,,,,,"{""markers"": [""args.json"", ""command.txt"", ""metrics.json"", ""run.log"", ""run_config.json"", ""status.json""]}"
PB000141,true,,run_artifact,run,canonical/scmae_11datasets_20260609_12,scmae_11datasets_20260609_12,,,Bach,scdcc,scdcc,scdcc,42,success,0,,,,,,,/data/luolie/biopipeline/dimension-reduction/plantnet/results/canonical/scmae_11datasets_20260609_12/Bach/scdcc__seed42__20260609_130708,/data/luolie/biopipeline/dimension-reduction/plantnet/results/canonical/scmae_11datasets_20260609_12/Bach/scdcc__seed42__20260609_130708,/data/luolie/biopipeline/dimension-reduction/plantnet/results/canonical/scmae_11datasets_20260609_12/Bach/scdcc__seed42__20260609_130708/metrics.json,,,/data/luolie/biopipeline/dimension-reduction/plantnet/results/canonical/scmae_11datasets_20260609_12/Bach/scdcc__seed42__20260609_130708/args.json,/data/luolie/biopipeline/dimension-reduction/plantnet/results/canonical/scmae_11datasets_20260609_12/Bach/scdcc__seed42__20260609_130708/status.json,b4a989ac74825ea21d548383f1c345db43db5fc9,refactor/minimal-method-isolation-and-neighbormix-ablations,1,604.4,604.4,/data/luolie/conda/base/bin/python /home/luolie/biopipeline/dimension-reduction/plantnet/methods/DeepLearning/scDCC/run.py --data_path /home/luolie/biopipeline/dimension-reduction/plantnet/data/processed_scmae/Bach.h5ad --save_dir results/formal/scmae_11datasets/Bach/scdcc__seed42__20260609_130708 --n_clusters 8 --seed 42 --epochs 200 --pretrain_epochs 200 --gpu 1,metrics.json:top_level,0.7292529330572809,0.7998343260231289,0.7053443547001081,0.6062753040501836,0.6062753040501836,0.7678089871144148,0.7998343260231291,0.853360837865898,0.7526263221427314,,,,,,,,,,,,,,,,,"{""markers"": [""args.json"", ""command.txt"", ""metrics.json"", ""run.log"", ""run_config.json"", ""status.json""]}"
PB000142,true,,run_artifact,run,canonical/scmae_11datasets_20260609_12,scmae_11datasets_20260609_12,,,Bach,scdsc,scdsc,scdsc,2024,timeout,-1,8 hour timeout,,,,,,/data/luolie/biopipeline/dimension-reduction/plantnet/results/canonical/scmae_11datasets_20260609_12/Bach/scdsc__seed2024__20260612_092651,/data/luolie/biopipeline/dimension-reduction/plantnet/results/canonical/scmae_11datasets_20260609_12/Bach/scdsc__seed2024__20260612_092651,,,,,/data/luolie/biopipeline/dimension-reduction/plantnet/results/canonical/scmae_11datasets_20260609_12/Bach/scdsc__seed2024__20260612_092651/status.json,,,cpu,28806.5,28806.5,/data/luolie/conda/envs/scclubench-main/bin/python /home/luolie/biopipeline/dimension-reduction/plantnet/methods/GNN/scDSC/run.py --data_path /home/luolie/biopipeline/dimension-reduction/plantnet/data/processed_scmae/Bach.h5ad --save_dir /home/luolie/biopipeline/dimension-reduction/plantnet/results/formal/scmae_11datasets/Bach/scdsc__seed2024__20260612_092651 --n_clusters 8 --seed 2024 --epochs 200 --pretrain_epochs 200 --no_cuda,,,,,,,,,,,,,,,,,,,,,,,,,,,"{""markers"": [""command.txt"", ""run.log"", ""run_config.json"", ""status.json""]}"
PB000143,true,,run_artifact,run,canonical/scmae_11datasets_20260609_12,scmae_11datasets_20260609_12,,,Bach,scdsc,scdsc,scdsc,3407,no_score_marker,,,,,,,,/data/luolie/biopipeline/dimension-reduction/plantnet/results/canonical/scmae_11datasets_20260609_12/Bach/scdsc__seed3407__20260612_172657,/data/luolie/biopipeline/dimension-reduction/plantnet/results/canonical/scmae_11datasets_20260609_12/Bach/scdsc__seed3407__20260612_172657,,,,,,,,,,,,,,,,,,,,,,,,,,,,,,,,,,,,,,"{""markers"": [""command.txt"", ""run_config.json""]}"
PB000144,true,,run_artifact,run,canonical/scmae_11datasets_20260609_12,scmae_11datasets_20260609_12,,,Bach,scdsc,scdsc,scdsc,42,timeout,-1,8 hour timeout,,,,,,/data/luolie/biopipeline/dimension-reduction/plantnet/results/canonical/scmae_11datasets_20260609_12/Bach/scdsc__seed42__20260612_012636,/data/luolie/biopipeline/dimension-reduction/plantnet/results/canonical/scmae_11datasets_20260609_12/Bach/scdsc__seed42__20260612_012636,,,,,/data/luolie/biopipeline/dimension-reduction/plantnet/results/canonical/scmae_11datasets_20260609_12/Bach/scdsc__seed42__20260612_012636/status.json,,,cpu,28814.8,28814.8,/data/luolie/conda/envs/scclubench-main/bin/python /home/luolie/biopipeline/dimension-reduction/plantnet/methods/GNN/scDSC/run.py --data_path /home/luolie/biopipeline/dimension-reduction/plantnet/data/processed_scmae/Bach.h5ad --save_dir /home/luolie/biopipeline/dimension-reduction/plantnet/results/formal/scmae_11datasets/Bach/scdsc__seed42__20260612_012636 --n_clusters 8 --seed 42 --epochs 200 --pretrain_epochs 200 --no_cuda,,,,,,,,,,,,,,,,,,,,,,,,,,,"{""markers"": [""command.txt"", ""run.log"", ""run_config.json"", ""status.json""]}"
PB000145,true,,run_artifact,run,canonical/scmae_11datasets_20260609_12,scmae_11datasets_20260609_12,,,Bach,scmae,scmae,scmae,2024,success,0,,,,,,,/data/luolie/biopipeline/dimension-reduction/plantnet/results/canonical/scmae_11datasets_20260609_12/Bach/scmae__seed2024__20260609_134041,/data/luolie/biopipeline/dimension-reduction/plantnet/results/canonical/scmae_11datasets_20260609_12/Bach/scmae__seed2024__20260609_134041,/data/luolie/biopipeline/dimension-reduction/plantnet/results/canonical/scmae_11datasets_20260609_12/Bach/scmae__seed2024__20260609_134041/metrics.json,/data/luolie/biopipeline/dimension-reduction/plantnet/results/canonical/scmae_11datasets_20260609_12/Bach/scmae__seed2024__20260609_134041/summary.json,/data/luolie/biopipeline/dimension-reduction/plantnet/results/canonical/scmae_11datasets_20260609_12/Bach/scmae__seed2024__20260609_134041/eval_fixed.csv,/data/luolie/biopipeline/dimension-reduction/plantnet/results/canonical/scmae_11datasets_20260609_12/Bach/scmae__seed2024__20260609_134041/args.json,/data/luolie/biopipeline/dimension-reduction/plantnet/results/canonical/scmae_11datasets_20260609_12/Bach/scmae__seed2024__20260609_134041/status.json,b4a989ac74825ea21d548383f1c345db43db5fc9,refactor/minimal-method-isolation-and-neighbormix-ablations,1,171.3,171.3,/data/luolie/conda/base/bin/python /home/luolie/biopipeline/dimension-reduction/plantnet/methods/DeepLearning/scMAE/run.py --data_path /home/luolie/biopipeline/dimension-reduction/plantnet/data/processed_scmae/Bach.h5ad --save_dir results/formal/scmae_11datasets/Bach/scmae__seed2024__20260609_134041 --n_clusters 8 --seed 2024 --epochs 200 --gpu 1,eval_fixed.csv,0.8458850931677019,0.8455087457530736,0.8469575586757716,0.6941642715034708,0.6941642715034708,0.8790712865644146,0.8455087457530737,0.8587698737562338,0.8326509463369964,,8,,,,,,,,,,,,,,,"{""markers"": [""args.json"", ""command.txt"", ""eval_fixed.csv"", ""metrics.json"", ""run.log"", ""status.json"", ""summary.json""]}"
PB000146,true,,run_artifact,run,canonical/scmae_11datasets_20260609_12,scmae_11datasets_20260609_12,,,Bach,scmae,scmae,scmae,3407,success,0,,,,,,,/data/luolie/biopipeline/dimension-reduction/plantnet/results/canonical/scmae_11datasets_20260609_12/Bach/scmae__seed3407__20260609_134332,/data/luolie/biopipeline/dimension-reduction/plantnet/results/canonical/scmae_11datasets_20260609_12/Bach/scmae__seed3407__20260609_134332,/data/luolie/biopipeline/dimension-reduction/plantnet/results/canonical/scmae_11datasets_20260609_12/Bach/scmae__seed3407__20260609_134332/metrics.json,/data/luolie/biopipeline/dimension-reduction/plantnet/results/canonical/scmae_11datasets_20260609_12/Bach/scmae__seed3407__20260609_134332/summary.json,/data/luolie/biopipeline/dimension-reduction/plantnet/results/canonical/scmae_11datasets_20260609_12/Bach/scmae__seed3407__20260609_134332/eval_fixed.csv,/data/luolie/biopipeline/dimension-reduction/plantnet/results/canonical/scmae_11datasets_20260609_12/Bach/scmae__seed3407__20260609_134332/args.json,/data/luolie/biopipeline/dimension-reduction/plantnet/results/canonical/scmae_11datasets_20260609_12/Bach/scmae__seed3407__20260609_134332/status.json,b4a989ac74825ea21d548383f1c345db43db5fc9,refactor/minimal-method-isolation-and-neighbormix-ablations,1,171.9,171.9,/data/luolie/conda/base/bin/python /home/luolie/biopipeline/dimension-reduction/plantnet/methods/DeepLearning/scMAE/run.py --data_path /home/luolie/biopipeline/dimension-reduction/plantnet/data/processed_scmae/Bach.h5ad --save_dir results/formal/scmae_11datasets/Bach/scmae__seed3407__20260609_134332 --n_clusters 8 --seed 3407 --epochs 200 --gpu 1,eval_fixed.csv,0.9105417529330572,0.8780993679886564,0.9231887686193588,0.7351711628683668,0.7351711628683668,0.9396340390180477,0.8780993679886564,0.8743213508203145,0.8819101771230555,,8,,,,,,,,,,,,,,,"{""markers"": [""args.json"", ""command.txt"", ""eval_fixed.csv"", ""metrics.json"", ""run.log"", ""status.json"", ""summary.json""]}"
PB000147,true,,run_artifact,run,canonical/scmae_11datasets_20260609_12,scmae_11datasets_20260609_12,,,Bach,scmae,scmae,scmae,42,success,0,,,,,,,/data/luolie/biopipeline/dimension-reduction/plantnet/results/canonical/scmae_11datasets_20260609_12/Bach/scmae__seed42__20260609_133750,/data/luolie/biopipeline/dimension-reduction/plantnet/results/canonical/scmae_11datasets_20260609_12/Bach/scmae__seed42__20260609_133750,/data/luolie/biopipeline/dimension-reduction/plantnet/results/canonical/scmae_11datasets_20260609_12/Bach/scmae__seed42__20260609_133750/metrics.json,/data/luolie/biopipeline/dimension-reduction/plantnet/results/canonical/scmae_11datasets_20260609_12/Bach/scmae__seed42__20260609_133750/summary.json,/data/luolie/biopipeline/dimension-reduction/plantnet/results/canonical/scmae_11datasets_20260609_12/Bach/scmae__seed42__20260609_133750/eval_fixed.csv,/data/luolie/biopipeline/dimension-reduction/plantnet/results/canonical/scmae_11datasets_20260609_12/Bach/scmae__seed42__20260609_133750/args.json,/data/luolie/biopipeline/dimension-reduction/plantnet/results/canonical/scmae_11datasets_20260609_12/Bach/scmae__seed42__20260609_133750/status.json,b4a989ac74825ea21d548383f1c345db43db5fc9,refactor/minimal-method-isolation-and-neighbormix-ablations,1,171.1,171.1,/data/luolie/conda/base/bin/python /home/luolie/biopipeline/dimension-reduction/plantnet/methods/DeepLearning/scMAE/run.py --data_path /home/luolie/biopipeline/dimension-reduction/plantnet/data/processed_scmae/Bach.h5ad --save_dir results/formal/scmae_11datasets/Bach/scmae__seed42__20260609_133750 --n_clusters 8 --seed 42 --epochs 200 --gpu 1,eval_fixed.csv,0.822463768115942,0.8430073155690028,0.8561954849505597,0.7195616205316493,0.7195616205316493,0.8866012833866005,0.8430073155690028,0.8708763020360463,0.8168666951176384,,8,,,,,,,,,,,,,,,"{""markers"": [""args.json"", ""command.txt"", ""eval_fixed.csv"", ""metrics.json"", ""run.log"", ""status.json"", ""summary.json""]}"
PB000148,true,,run_artifact,run,canonical/scmae_11datasets_20260609_12,scmae_11datasets_20260609_12,,,Bach,scname,scname,scname,2024,success,0,,,,,,,/data/luolie/biopipeline/dimension-reduction/plantnet/results/canonical/scmae_11datasets_20260609_12/Bach/scname__seed2024__20260610_143046,/data/luolie/biopipeline/dimension-reduction/plantnet/results/canonical/scmae_11datasets_20260609_12/Bach/scname__seed2024__20260610_143046,/data/luolie/biopipeline/dimension-reduction/plantnet/results/canonical/scmae_11datasets_20260609_12/Bach/scname__seed2024__20260610_143046/metrics.json,,,/data/luolie/biopipeline/dimension-reduction/plantnet/results/canonical/scmae_11datasets_20260609_12/Bach/scname__seed2024__20260610_143046/args.json,/data/luolie/biopipeline/dimension-reduction/plantnet/results/canonical/scmae_11datasets_20260609_12/Bach/scname__seed2024__20260610_143046/status.json,cc4a3f022b1612f7b3af795f49894bec9489fe5c,refactor/minimal-method-isolation-and-neighbormix-ablations,1,7416.1,7416.1,/data/luolie/conda/envs/scssl_bench_py310/bin/python /home/luolie/biopipeline/dimension-reduction/plantnet/methods/DeepLearning/scNAME/run.py --data_path /home/luolie/biopipeline/dimension-reduction/plantnet/data/processed_scmae/Bach.h5ad --save_dir /home/luolie/biopipeline/dimension-reduction/plantnet/results/formal/scmae_11datasets/Bach/scname__seed2024__20260610_143046 --n_clusters 8 --seed 2024 --epochs 200 --gpu 1,metrics.json:top_level,0.8526570048309179,0.8553214002182317,0.8564068574901452,0.7363247519003175,0.7363247519003175,0.8865645880292572,0.8553214002182318,0.8648201081454904,0.8460290825701908,,,,,,,,,,,,,,,,,"{""markers"": [""args.json"", ""command.txt"", ""metrics.json"", ""run.log"", ""status.json""]}"
PB000149,true,,run_artifact,run,canonical/scmae_11datasets_20260609_12,scmae_11datasets_20260609_12,,,Bach,scname,scname,scname,3407,success,,,,,,,,/data/luolie/biopipeline/dimension-reduction/plantnet/results/canonical/scmae_11datasets_20260609_12/Bach/scname__seed3407__20260610_163443,/data/luolie/biopipeline/dimension-reduction/plantnet/results/canonical/scmae_11datasets_20260609_12/Bach/scname__seed3407__20260610_163443,/data/luolie/biopipeline/dimension-reduction/plantnet/results/canonical/scmae_11datasets_20260609_12/Bach/scname__seed3407__20260610_163443/metrics.json,,,/data/luolie/biopipeline/dimension-reduction/plantnet/results/canonical/scmae_11datasets_20260609_12/Bach/scname__seed3407__20260610_163443/args.json,/data/luolie/biopipeline/dimension-reduction/plantnet/results/canonical/scmae_11datasets_20260609_12/Bach/scname__seed3407__20260610_163443/status.json,,,1,,,,metrics.json:top_level,0.9205055210489993,0.891041253327196,0.8951150097598186,0.7211520684101221,0.7211520684101221,0.9188858011724014,0.891041253327196,0.8628986133602645,0.9210814734482142,,,,,,,,,,,,,,,,,"{""markers"": [""args.json"", ""command.txt"", ""metrics.json"", ""status.json""]}"
PB000150,true,,run_artifact,run,canonical/scmae_11datasets_20260609_12,scmae_11datasets_20260609_12,,,Bach,scname,scname,scname,42,success,0,,,,,,,/data/luolie/biopipeline/dimension-reduction/plantnet/results/canonical/scmae_11datasets_20260609_12/Bach/scname__seed42__20260610_122219,/data/luolie/biopipeline/dimension-reduction/plantnet/results/canonical/scmae_11datasets_20260609_12/Bach/scname__seed42__20260610_122219,/data/luolie/biopipeline/dimension-reduction/plantnet/results/canonical/scmae_11datasets_20260609_12/Bach/scname__seed42__20260610_122219/metrics.json,,,/data/luolie/biopipeline/dimension-reduction/plantnet/results/canonical/scmae_11datasets_20260609_12/Bach/scname__seed42__20260610_122219/args.json,/data/luolie/biopipeline/dimension-reduction/plantnet/results/canonical/scmae_11datasets_20260609_12/Bach/scname__seed42__20260610_122219/status.json,cc4a3f022b1612f7b3af795f49894bec9489fe5c,refactor/minimal-method-isolation-and-neighbormix-ablations,1,7695.6,7695.6,/data/luolie/conda/envs/scssl_bench_py310/bin/python /home/luolie/biopipeline/dimension-reduction/plantnet/methods/DeepLearning/scNAME/run.py --data_path /home/luolie/biopipeline/dimension-reduction/plantnet/data/processed_scmae/Bach.h5ad --save_dir /home/luolie/biopipeline/dimension-reduction/plantnet/results/formal/scmae_11datasets/Bach/scname__seed42__20260610_122219 --n_clusters 8 --seed 42 --epochs 200 --gpu 1,metrics.json:top_level,0.8539941338854382,0.8597581182981222,0.8586542597810308,0.7246818756986193,0.7246818756986193,0.8883508275163129,0.8597581182981221,0.866932851098278,0.8527011668596701,,,,,,,,,,,,,,,,,"{""markers"": [""args.json"", ""command.txt"", ""metrics.json"", ""run.log"", ""status.json""]}"
PB000151,true,,run_artifact,run,canonical/scmae_11datasets_20260609_12,scmae_11datasets_20260609_12,,,Bach,sczidesk,sczidesk,sczidesk,2024,success,0,,,,,,,/data/luolie/biopipeline/dimension-reduction/plantnet/results/canonical/scmae_11datasets_20260609_12/Bach/sczidesk__seed2024__20260610_175342,/data/luolie/biopipeline/dimension-reduction/plantnet/results/canonical/scmae_11datasets_20260609_12/Bach/sczidesk__seed2024__20260610_175342,/data/luolie/biopipeline/dimension-reduction/plantnet/results/canonical/scmae_11datasets_20260609_12/Bach/sczidesk__seed2024__20260610_175342/metrics.json,,,/data/luolie/biopipeline/dimension-reduction/plantnet/results/canonical/scmae_11datasets_20260609_12/Bach/sczidesk__seed2024__20260610_175342/args.json,/data/luolie/biopipeline/dimension-reduction/plantnet/results/canonical/scmae_11datasets_20260609_12/Bach/sczidesk__seed2024__20260610_175342/status.json,cc4a3f022b1612f7b3af795f49894bec9489fe5c,refactor/minimal-method-isolation-and-neighbormix-ablations,1,3437.7,3437.7,/data/luolie/conda/envs/scssl_bench_py310/bin/python /home/luolie/biopipeline/dimension-reduction/plantnet/methods/DeepLearning/scziDesk/run.py --data_path /home/luolie/biopipeline/dimension-reduction/plantnet/data/processed_scmae/Bach.h5ad --save_dir /home/luolie/biopipeline/dimension-reduction/plantnet/results/formal/scmae_11datasets/Bach/sczidesk__seed2024__20260610_175342 --n_clusters 8 --seed 2024 --epochs 200 --gpu 1,metrics.json:top_level,0.933531746031746,0.9062821668381332,0.9105777290368373,0.7920381118190818,0.7920381118190818,0.9310903563110094,0.9062821668381331,0.8802267611397468,0.9339271462485923,,,,,,,,,,,,,,,,,"{""markers"": [""args.json"", ""command.txt"", ""metrics.json"", ""run.log"", ""status.json""]}"
PB000152,true,,run_artifact,run,canonical/scmae_11datasets_20260609_12,scmae_11datasets_20260609_12,,,Bach,sczidesk,sczidesk,sczidesk,3407,success,0,,,,,,,/data/luolie/biopipeline/dimension-reduction/plantnet/results/canonical/scmae_11datasets_20260609_12/Bach/sczidesk__seed3407__20260610_185124,/data/luolie/biopipeline/dimension-reduction/plantnet/results/canonical/scmae_11datasets_20260609_12/Bach/sczidesk__seed3407__20260610_185124,/data/luolie/biopipeline/dimension-reduction/plantnet/results/canonical/scmae_11datasets_20260609_12/Bach/sczidesk__seed3407__20260610_185124/metrics.json,,,/data/luolie/biopipeline/dimension-reduction/plantnet/results/canonical/scmae_11datasets_20260609_12/Bach/sczidesk__seed3407__20260610_185124/args.json,/data/luolie/biopipeline/dimension-reduction/plantnet/results/canonical/scmae_11datasets_20260609_12/Bach/sczidesk__seed3407__20260610_185124/status.json,cc4a3f022b1612f7b3af795f49894bec9489fe5c,refactor/minimal-method-isolation-and-neighbormix-ablations,1,2412.4,2412.4,/data/luolie/conda/envs/scssl_bench_py310/bin/python /home/luolie/biopipeline/dimension-reduction/plantnet/methods/DeepLearning/scziDesk/run.py --data_path /home/luolie/biopipeline/dimension-reduction/plantnet/data/processed_scmae/Bach.h5ad --save_dir /home/luolie/biopipeline/dimension-reduction/plantnet/results/formal/scmae_11datasets/Bach/sczidesk__seed3407__20260610_185124 --n_clusters 8 --seed 3407 --epochs 200 --gpu 1,metrics.json:top_level,0.9186939268461007,0.8904472755750237,0.8900269728538728,0.7250496947855791,0.7250496947855791,0.9146272433974839,0.8904472755750237,0.8664123378333028,0.9158537558870595,,,,,,,,,,,,,,,,,"{""markers"": [""args.json"", ""command.txt"", ""metrics.json"", ""run.log"", ""status.json""]}"
PB000153,true,,run_artifact,run,canonical/scmae_11datasets_20260609_12,scmae_11datasets_20260609_12,,,Bach,sczidesk,sczidesk,sczidesk,42,success,0,,,,,,,/data/luolie/biopipeline/dimension-reduction/plantnet/results/canonical/scmae_11datasets_20260609_12/Bach/sczidesk__seed42__20260610_164543,/data/luolie/biopipeline/dimension-reduction/plantnet/results/canonical/scmae_11datasets_20260609_12/Bach/sczidesk__seed42__20260610_164543,/data/luolie/biopipeline/dimension-reduction/plantnet/results/canonical/scmae_11datasets_20260609_12/Bach/sczidesk__seed42__20260610_164543/metrics.json,,,/data/luolie/biopipeline/dimension-reduction/plantnet/results/canonical/scmae_11datasets_20260609_12/Bach/sczidesk__seed42__20260610_164543/args.json,/data/luolie/biopipeline/dimension-reduction/plantnet/results/canonical/scmae_11datasets_20260609_12/Bach/sczidesk__seed42__20260610_164543/status.json,cc4a3f022b1612f7b3af795f49894bec9489fe5c,refactor/minimal-method-isolation-and-neighbormix-ablations,1,4051.8,4051.8,/data/luolie/conda/envs/scssl_bench_py310/bin/python /home/luolie/biopipeline/dimension-reduction/plantnet/methods/DeepLearning/scziDesk/run.py --data_path /home/luolie/biopipeline/dimension-reduction/plantnet/data/processed_scmae/Bach.h5ad --save_dir /home/luolie/biopipeline/dimension-reduction/plantnet/results/formal/scmae_11datasets/Bach/sczidesk__seed42__20260610_164543 --n_clusters 8 --seed 42 --epochs 200 --gpu 1,metrics.json:top_level,0.820479641131815,0.8082818021247467,0.7604552585309737,0.5936992408701703,0.5936992408701703,0.8275561065898358,0.8082818021247467,0.7415154274949926,0.8882612335562003,,,,,,,,,,,,,,,,,"{""markers"": [""args.json"", ""command.txt"", ""metrics.json"", ""run.log"", ""status.json""]}"
PB000154,true,,run_artifact,run,canonical/scmae_11datasets_20260609_12,scmae_11datasets_20260609_12,,,Baron,attentionae_sc,attentionae_sc,attentionae_sc,2024,success,0,,,,,,,/data/luolie/biopipeline/dimension-reduction/plantnet/results/canonical/scmae_11datasets_20260609_12/Baron/attentionae_sc__seed2024__20260610_180819,/data/luolie/biopipeline/dimension-reduction/plantnet/results/canonical/scmae_11datasets_20260609_12/Baron/attentionae_sc__seed2024__20260610_180819,/data/luolie/biopipeline/dimension-reduction/plantnet/results/canonical/scmae_11datasets_20260609_12/Baron/attentionae_sc__seed2024__20260610_180819/metrics.json,,,/data/luolie/biopipeline/dimension-reduction/plantnet/results/canonical/scmae_11datasets_20260609_12/Baron/attentionae_sc__seed2024__20260610_180819/args.json,/data/luolie/biopipeline/dimension-reduction/plantnet/results/canonical/scmae_11datasets_20260609_12/Baron/attentionae_sc__seed2024__20260610_180819/status.json,cc4a3f022b1612f7b3af795f49894bec9489fe5c,refactor/minimal-method-isolation-and-neighbormix-ablations,3,449.5,449.5,/data/luolie/conda/envs/scclubench-main/bin/python /home/luolie/biopipeline/dimension-reduction/plantnet/methods/GNN/AttentionAE_sc/run.py --data_path /home/luolie/biopipeline/dimension-reduction/plantnet/data/processed_scmae/Baron.h5ad --save_dir /home/luolie/biopipeline/dimension-reduction/plantnet/results/formal/scmae_11datasets/Baron/attentionae_sc__seed2024__20260610_180819 --n_clusters 14 --seed 2024 --epochs 200 --gpu 3,metrics.json:top_level,0.6812930330260241,0.6418716905454789,0.5445679978065753,0.22960379325743357,0.22960379325743357,0.688204330660363,0.6418716905454789,0.5189622982562073,0.8410674500615535,,,,,,,,,,,,,,,,,"{""markers"": [""args.json"", ""command.txt"", ""metrics.json"", ""run.log"", ""status.json""]}"
PB000155,true,,run_artifact,run,canonical/scmae_11datasets_20260609_12,scmae_11datasets_20260609_12,,,Baron,attentionae_sc,attentionae_sc,attentionae_sc,3407,success,0,,,,,,,/data/luolie/biopipeline/dimension-reduction/plantnet/results/canonical/scmae_11datasets_20260609_12/Baron/attentionae_sc__seed3407__20260610_191243,/data/luolie/biopipeline/dimension-reduction/plantnet/results/canonical/scmae_11datasets_20260609_12/Baron/attentionae_sc__seed3407__20260610_191243,/data/luolie/biopipeline/dimension-reduction/plantnet/results/canonical/scmae_11datasets_20260609_12/Baron/attentionae_sc__seed3407__20260610_191243/metrics.json,,,/data/luolie/biopipeline/dimension-reduction/plantnet/results/canonical/scmae_11datasets_20260609_12/Baron/attentionae_sc__seed3407__20260610_191243/args.json,/data/luolie/biopipeline/dimension-reduction/plantnet/results/canonical/scmae_11datasets_20260609_12/Baron/attentionae_sc__seed3407__20260610_191243/status.json,cc4a3f022b1612f7b3af795f49894bec9489fe5c,refactor/minimal-method-isolation-and-neighbormix-ablations,3,682.0,682.0,/data/luolie/conda/envs/scclubench-main/bin/python /home/luolie/biopipeline/dimension-reduction/plantnet/methods/GNN/AttentionAE_sc/run.py --data_path /home/luolie/biopipeline/dimension-reduction/plantnet/data/processed_scmae/Baron.h5ad --save_dir /home/luolie/biopipeline/dimension-reduction/plantnet/results/formal/scmae_11datasets/Baron/attentionae_sc__seed3407__20260610_191243 --n_clusters 14 --seed 3407 --epochs 200 --gpu 3,metrics.json:top_level,0.8034776520014004,0.7051966518081939,0.6868038983841788,0.3822877695375987,0.3822877695375987,0.7661945485239738,0.7051966518081938,0.645816103767839,0.7766025603545255,,,,,,,,,,,,,,,,,"{""markers"": [""args.json"", ""command.txt"", ""metrics.json"", ""run.log"", ""status.json""]}"
PB000156,true,,run_artifact,run,canonical/scmae_11datasets_20260609_12,scmae_11datasets_20260609_12,,,Baron,attentionae_sc,attentionae_sc,attentionae_sc,42,success,0,,,,,,,/data/luolie/biopipeline/dimension-reduction/plantnet/results/canonical/scmae_11datasets_20260609_12/Baron/attentionae_sc__seed42__20260610_164543,/data/luolie/biopipeline/dimension-reduction/plantnet/results/canonical/scmae_11datasets_20260609_12/Baron/attentionae_sc__seed42__20260610_164543,/data/luolie/biopipeline/dimension-reduction/plantnet/results/canonical/scmae_11datasets_20260609_12/Baron/attentionae_sc__seed42__20260610_164543/metrics.json,,,/data/luolie/biopipeline/dimension-reduction/plantnet/results/canonical/scmae_11datasets_20260609_12/Baron/attentionae_sc__seed42__20260610_164543/args.json,/data/luolie/biopipeline/dimension-reduction/plantnet/results/canonical/scmae_11datasets_20260609_12/Baron/attentionae_sc__seed42__20260610_164543/status.json,cc4a3f022b1612f7b3af795f49894bec9489fe5c,refactor/minimal-method-isolation-and-neighbormix-ablations,3,800.4,800.4,/data/luolie/conda/envs/scclubench-main/bin/python /home/luolie/biopipeline/dimension-reduction/plantnet/methods/GNN/AttentionAE_sc/run.py --data_path /home/luolie/biopipeline/dimension-reduction/plantnet/data/processed_scmae/Baron.h5ad --save_dir /home/luolie/biopipeline/dimension-reduction/plantnet/results/formal/scmae_11datasets/Baron/attentionae_sc__seed42__20260610_164543 --n_clusters 14 --seed 42 --epochs 200 --gpu 3,metrics.json:top_level,0.6664721671140157,0.5382934669552496,0.48340309458826614,0.25698290405601765,0.25698290405601765,0.6161892329010303,0.5382934669552496,0.4666992773999916,0.635833806715936,,,,,,,,,,,,,,,,,"{""markers"": [""args.json"", ""command.txt"", ""metrics.json"", ""run.log"", ""status.json""]}"
PB000157,true,,run_artifact,run,canonical/scmae_11datasets_20260609_12,scmae_11datasets_20260609_12,,,Baron,dec,dec,dec,2024,success,0,,,,,,,/data/luolie/biopipeline/dimension-reduction/plantnet/results/canonical/scmae_11datasets_20260609_12/Baron/dec__seed2024__20260609_134734,/data/luolie/biopipeline/dimension-reduction/plantnet/results/canonical/scmae_11datasets_20260609_12/Baron/dec__seed2024__20260609_134734,/data/luolie/biopipeline/dimension-reduction/plantnet/results/canonical/scmae_11datasets_20260609_12/Baron/dec__seed2024__20260609_134734/metrics.json,,,/data/luolie/biopipeline/dimension-reduction/plantnet/results/canonical/scmae_11datasets_20260609_12/Baron/dec__seed2024__20260609_134734/args.json,/data/luolie/biopipeline/dimension-reduction/plantnet/results/canonical/scmae_11datasets_20260609_12/Baron/dec__seed2024__20260609_134734/status.json,79654c249dbc289e3ae47f265e59ea33b3377e52,refactor/minimal-method-isolation-and-neighbormix-ablations,1,71.9,71.9,/data/luolie/conda/base/bin/python /home/luolie/biopipeline/dimension-reduction/plantnet/methods/DeepLearning/dec/run.py --data_path /home/luolie/biopipeline/dimension-reduction/plantnet/data/processed_scmae/Baron.h5ad --save_dir results/formal/scmae_11datasets/Baron/dec__seed2024__20260609_134734 --n_clusters 14 --seed 2024 --epochs 200 --pretrain_epochs 200 --gpu 1,metrics.json:top_level,0.8205158128136305,0.7305639275881504,0.7358080445382716,0.62085447606167,0.62085447606167,0.7879153632489978,0.7305639275881503,0.7308136459568346,0.7303143798182588,,,,,,,,,,,,,,,,,"{""markers"": [""args.json"", ""command.txt"", ""metrics.json"", ""run.log"", ""run_config.json"", ""status.json""]}"
PB000158,true,,run_artifact,run,canonical/scmae_11datasets_20260609_12,scmae_11datasets_20260609_12,,,Baron,dec,dec,dec,3407,success,0,,,,,,,/data/luolie/biopipeline/dimension-reduction/plantnet/results/canonical/scmae_11datasets_20260609_12/Baron/dec__seed3407__20260609_134846,/data/luolie/biopipeline/dimension-reduction/plantnet/results/canonical/scmae_11datasets_20260609_12/Baron/dec__seed3407__20260609_134846,/data/luolie/biopipeline/dimension-reduction/plantnet/results/canonical/scmae_11datasets_20260609_12/Baron/dec__seed3407__20260609_134846/metrics.json,,,/data/luolie/biopipeline/dimension-reduction/plantnet/results/canonical/scmae_11datasets_20260609_12/Baron/dec__seed3407__20260609_134846/args.json,/data/luolie/biopipeline/dimension-reduction/plantnet/results/canonical/scmae_11datasets_20260609_12/Baron/dec__seed3407__20260609_134846/status.json,79654c249dbc289e3ae47f265e59ea33b3377e52,refactor/minimal-method-isolation-and-neighbormix-ablations,1,70.0,70.0,/data/luolie/conda/base/bin/python /home/luolie/biopipeline/dimension-reduction/plantnet/methods/DeepLearning/dec/run.py --data_path /home/luolie/biopipeline/dimension-reduction/plantnet/data/processed_scmae/Baron.h5ad --save_dir results/formal/scmae_11datasets/Baron/dec__seed3407__20260609_134846 --n_clusters 14 --seed 3407 --epochs 200 --pretrain_epochs 200 --gpu 1,metrics.json:top_level,0.8124635313338779,0.7425572560969343,0.755762643962334,0.5327008086205801,0.5327008086205801,0.8119672014412006,0.7425572560969343,0.7164072276400896,0.7706886445138142,,,,,,,,,,,,,,,,,"{""markers"": [""args.json"", ""command.txt"", ""metrics.json"", ""run.log"", ""run_config.json"", ""status.json""]}"
PB000159,true,,run_artifact,run,canonical/scmae_11datasets_20260609_12,scmae_11datasets_20260609_12,,,Baron,dec,dec,dec,42,success,0,,,,,,,/data/luolie/biopipeline/dimension-reduction/plantnet/results/canonical/scmae_11datasets_20260609_12/Baron/dec__seed42__20260609_134624,/data/luolie/biopipeline/dimension-reduction/plantnet/results/canonical/scmae_11datasets_20260609_12/Baron/dec__seed42__20260609_134624,/data/luolie/biopipeline/dimension-reduction/plantnet/results/canonical/scmae_11datasets_20260609_12/Baron/dec__seed42__20260609_134624/metrics.json,,,/data/luolie/biopipeline/dimension-reduction/plantnet/results/canonical/scmae_11datasets_20260609_12/Baron/dec__seed42__20260609_134624/args.json,/data/luolie/biopipeline/dimension-reduction/plantnet/results/canonical/scmae_11datasets_20260609_12/Baron/dec__seed42__20260609_134624/status.json,79654c249dbc289e3ae47f265e59ea33b3377e52,refactor/minimal-method-isolation-and-neighbormix-ablations,1,70.1,70.1,/data/luolie/conda/base/bin/python /home/luolie/biopipeline/dimension-reduction/plantnet/methods/DeepLearning/dec/run.py --data_path /home/luolie/biopipeline/dimension-reduction/plantnet/data/processed_scmae/Baron.h5ad --save_dir results/formal/scmae_11datasets/Baron/dec__seed42__20260609_134624 --n_clusters 14 --seed 42 --epochs 200 --pretrain_epochs 200 --gpu 1,metrics.json:top_level,0.7613490488971876,0.6785166685483542,0.6321412338174858,0.5569757050958302,0.5569757050958302,0.7086418659716953,0.6785166685483541,0.6685483312143695,0.6887867695257155,,,,,,,,,,,,,,,,,"{""markers"": [""args.json"", ""command.txt"", ""metrics.json"", ""run.log"", ""run_config.json"", ""status.json""]}"
PB000160,true,,run_artifact,run,canonical/scmae_11datasets_20260609_12,scmae_11datasets_20260609_12,,,Baron,desc,desc,desc,2024,success,0,,,,,,,/data/luolie/biopipeline/dimension-reduction/plantnet/results/canonical/scmae_11datasets_20260609_12/Baron/desc__seed2024__20260611_224652,/data/luolie/biopipeline/dimension-reduction/plantnet/results/canonical/scmae_11datasets_20260609_12/Baron/desc__seed2024__20260611_224652,/data/luolie/biopipeline/dimension-reduction/plantnet/results/canonical/scmae_11datasets_20260609_12/Baron/desc__seed2024__20260611_224652/metrics.json,,,/data/luolie/biopipeline/dimension-reduction/plantnet/results/canonical/scmae_11datasets_20260609_12/Baron/desc__seed2024__20260611_224652/args.json,/data/luolie/biopipeline/dimension-reduction/plantnet/results/canonical/scmae_11datasets_20260609_12/Baron/desc__seed2024__20260611_224652/status.json,,,3,166.5,166.5,/data/luolie/conda/envs/scssl_bench_py310/bin/python /home/luolie/biopipeline/dimension-reduction/plantnet/methods/DeepLearning/desc/run.py --data_path /home/luolie/biopipeline/dimension-reduction/plantnet/data/processed_scmae/Baron.h5ad --save_dir /home/luolie/biopipeline/dimension-reduction/plantnet/results/formal/scmae_11datasets/Baron/desc__seed2024__20260611_224652 --n_clusters 14 --seed 2024 --epochs 200 --pretrain_epochs 200 --gpu 3,metrics.json:top_level,0.4489438674291049,0.6514433638644538,0.33025714787368665,0.35067721671838753,0.35067721671838753,0.44304083294811075,0.6514433638644538,0.7500979197291677,0.5757229888657313,,,,,,,,,,,,,,,,,"{""markers"": [""args.json"", ""command.txt"", ""metrics.json"", ""run.log"", ""status.json""]}"
PB000161,true,,run_artifact,run,canonical/scmae_11datasets_20260609_12,scmae_11datasets_20260609_12,,,Baron,desc,desc,desc,3407,success,0,,,,,,,/data/luolie/biopipeline/dimension-reduction/plantnet/results/canonical/scmae_11datasets_20260609_12/Baron/desc__seed3407__20260611_224938,/data/luolie/biopipeline/dimension-reduction/plantnet/results/canonical/scmae_11datasets_20260609_12/Baron/desc__seed3407__20260611_224938,/data/luolie/biopipeline/dimension-reduction/plantnet/results/canonical/scmae_11datasets_20260609_12/Baron/desc__seed3407__20260611_224938/metrics.json,,,/data/luolie/biopipeline/dimension-reduction/plantnet/results/canonical/scmae_11datasets_20260609_12/Baron/desc__seed3407__20260611_224938/args.json,/data/luolie/biopipeline/dimension-reduction/plantnet/results/canonical/scmae_11datasets_20260609_12/Baron/desc__seed3407__20260611_224938/status.json,,,3,178.0,178.0,/data/luolie/conda/envs/scssl_bench_py310/bin/python /home/luolie/biopipeline/dimension-reduction/plantnet/methods/DeepLearning/desc/run.py --data_path /home/luolie/biopipeline/dimension-reduction/plantnet/data/processed_scmae/Baron.h5ad --save_dir /home/luolie/biopipeline/dimension-reduction/plantnet/results/formal/scmae_11datasets/Baron/desc__seed3407__20260611_224938 --n_clusters 14 --seed 3407 --epochs 200 --pretrain_epochs 200 --gpu 3,metrics.json:top_level,0.41766833936281944,0.6684849508321599,0.3689847915734205,0.28487230332879904,0.28487230332879904,0.4798740010930054,0.66848495083216,0.7763180662476096,0.5869549858764085,,,,,,,,,,,,,,,,,"{""markers"": [""args.json"", ""command.txt"", ""metrics.json"", ""run.log"", ""status.json""]}"
PB000162,true,,run_artifact,run,canonical/scmae_11datasets_20260609_12,scmae_11datasets_20260609_12,,,Baron,desc,desc,desc,42,success,0,,,,,,,/data/luolie/biopipeline/dimension-reduction/plantnet/results/canonical/scmae_11datasets_20260609_12/Baron/desc__seed42__20260611_224410,/data/luolie/biopipeline/dimension-reduction/plantnet/results/canonical/scmae_11datasets_20260609_12/Baron/desc__seed42__20260611_224410,/data/luolie/biopipeline/dimension-reduction/plantnet/results/canonical/scmae_11datasets_20260609_12/Baron/desc__seed42__20260611_224410/metrics.json,,,/data/luolie/biopipeline/dimension-reduction/plantnet/results/canonical/scmae_11datasets_20260609_12/Baron/desc__seed42__20260611_224410/args.json,/data/luolie/biopipeline/dimension-reduction/plantnet/results/canonical/scmae_11datasets_20260609_12/Baron/desc__seed42__20260611_224410/status.json,,,3,161.2,161.2,/data/luolie/conda/envs/scssl_bench_py310/bin/python /home/luolie/biopipeline/dimension-reduction/plantnet/methods/DeepLearning/desc/run.py --data_path /home/luolie/biopipeline/dimension-reduction/plantnet/data/processed_scmae/Baron.h5ad --save_dir /home/luolie/biopipeline/dimension-reduction/plantnet/results/formal/scmae_11datasets/Baron/desc__seed42__20260611_224410 --n_clusters 14 --seed 42 --epochs 200 --pretrain_epochs 200 --gpu 3,metrics.json:top_level,0.4777687011319874,0.6695206925103336,0.3599180074219956,0.36351114730707546,0.36351114730707546,0.4703290463813594,0.6695206925103336,0.7730508305659043,0.59044577278482,,,,,,,,,,,,,,,,,"{""markers"": [""args.json"", ""command.txt"", ""metrics.json"", ""run.log"", ""status.json""]}"
PB000163,true,,run_artifact,run,canonical/scmae_11datasets_20260609_12,scmae_11datasets_20260609_12,,,Baron,leiden,leiden,leiden,2024,success,0,,,,,,,/data/luolie/biopipeline/dimension-reduction/plantnet/results/canonical/scmae_11datasets_20260609_12/Baron/leiden__seed2024__20260609_135045,/data/luolie/biopipeline/dimension-reduction/plantnet/results/canonical/scmae_11datasets_20260609_12/Baron/leiden__seed2024__20260609_135045,/data/luolie/biopipeline/dimension-reduction/plantnet/results/canonical/scmae_11datasets_20260609_12/Baron/leiden__seed2024__20260609_135045/metrics.json,,,/data/luolie/biopipeline/dimension-reduction/plantnet/results/canonical/scmae_11datasets_20260609_12/Baron/leiden__seed2024__20260609_135045/args.json,/data/luolie/biopipeline/dimension-reduction/plantnet/results/canonical/scmae_11datasets_20260609_12/Baron/leiden__seed2024__20260609_135045/status.json,79654c249dbc289e3ae47f265e59ea33b3377e52,refactor/minimal-method-isolation-and-neighbormix-ablations,1,50.2,50.2,/data/luolie/conda/base/bin/python /home/luolie/biopipeline/dimension-reduction/plantnet/methods/Traditional/Leiden/run.py --data_path /home/luolie/biopipeline/dimension-reduction/plantnet/data/processed_scmae/Baron.h5ad --save_dir results/formal/scmae_11datasets/Baron/leiden__seed2024__20260609_135045 --n_clusters 14 --seed 2024,metrics.json:top_level,0.8697630995448711,0.7535916996073757,0.7758511822771452,0.4921078075740036,0.4921078075740036,0.8264051038587698,0.7535916996073756,0.7089855574016194,0.8041875154152064,,,,,,,,,,,,,,,,,"{""markers"": [""args.json"", ""command.txt"", ""metrics.json"", ""run.log"", ""status.json""]}"
PB000164,true,,run_artifact,run,canonical/scmae_11datasets_20260609_12,scmae_11datasets_20260609_12,,,Baron,leiden,leiden,leiden,3407,success,0,,,,,,,/data/luolie/biopipeline/dimension-reduction/plantnet/results/canonical/scmae_11datasets_20260609_12/Baron/leiden__seed3407__20260609_135136,/data/luolie/biopipeline/dimension-reduction/plantnet/results/canonical/scmae_11datasets_20260609_12/Baron/leiden__seed3407__20260609_135136,/data/luolie/biopipeline/dimension-reduction/plantnet/results/canonical/scmae_11datasets_20260609_12/Baron/leiden__seed3407__20260609_135136/metrics.json,,,/data/luolie/biopipeline/dimension-reduction/plantnet/results/canonical/scmae_11datasets_20260609_12/Baron/leiden__seed3407__20260609_135136/args.json,/data/luolie/biopipeline/dimension-reduction/plantnet/results/canonical/scmae_11datasets_20260609_12/Baron/leiden__seed3407__20260609_135136/status.json,79654c249dbc289e3ae47f265e59ea33b3377e52,refactor/minimal-method-isolation-and-neighbormix-ablations,1,48.5,48.5,/data/luolie/conda/base/bin/python /home/luolie/biopipeline/dimension-reduction/plantnet/methods/Traditional/Leiden/run.py --data_path /home/luolie/biopipeline/dimension-reduction/plantnet/data/processed_scmae/Baron.h5ad --save_dir results/formal/scmae_11datasets/Baron/leiden__seed3407__20260609_135136 --n_clusters 14 --seed 3407,metrics.json:top_level,0.8695297000816898,0.7528471284492473,0.7741668030755904,0.501051515996339,0.501051515996339,0.8251970631920319,0.7528471284492473,0.7091474049889819,0.80228634393424,,,,,,,,,,,,,,,,,"{""markers"": [""args.json"", ""command.txt"", ""metrics.json"", ""run.log"", ""status.json""]}"
PB000165,true,,run_artifact,run,canonical/scmae_11datasets_20260609_12,scmae_11datasets_20260609_12,,,Baron,leiden,leiden,leiden,42,success,0,,,,,,,/data/luolie/biopipeline/dimension-reduction/plantnet/results/canonical/scmae_11datasets_20260609_12/Baron/leiden__seed42__20260609_134956,/data/luolie/biopipeline/dimension-reduction/plantnet/results/canonical/scmae_11datasets_20260609_12/Baron/leiden__seed42__20260609_134956,/data/luolie/biopipeline/dimension-reduction/plantnet/results/canonical/scmae_11datasets_20260609_12/Baron/leiden__seed42__20260609_134956/metrics.json,,,/data/luolie/biopipeline/dimension-reduction/plantnet/results/canonical/scmae_11datasets_20260609_12/Baron/leiden__seed42__20260609_134956/args.json,/data/luolie/biopipeline/dimension-reduction/plantnet/results/canonical/scmae_11datasets_20260609_12/Baron/leiden__seed42__20260609_134956/status.json,79654c249dbc289e3ae47f265e59ea33b3377e52,refactor/minimal-method-isolation-and-neighbormix-ablations,1,49.2,49.2,/data/luolie/conda/base/bin/python /home/luolie/biopipeline/dimension-reduction/plantnet/methods/Traditional/Leiden/run.py --data_path /home/luolie/biopipeline/dimension-reduction/plantnet/data/processed_scmae/Baron.h5ad --save_dir results/formal/scmae_11datasets/Baron/leiden__seed42__20260609_134956 --n_clusters 14 --seed 42,metrics.json:top_level,0.8703465982028241,0.7537799812189889,0.7758933551755476,0.5013386752827472,0.5013386752827472,0.8265227279234574,0.7537799812189889,0.710082876384784,0.8032078115650804,,,,,,,,,,,,,,,,,"{""markers"": [""args.json"", ""command.txt"", ""metrics.json"", ""run.log"", ""status.json""]}"
PB000166,true,,run_artifact,run,canonical/scmae_11datasets_20260609_12,scmae_11datasets_20260609_12,,,Baron,louvain,louvain,louvain,2024,success,0,,,,,,,/data/luolie/biopipeline/dimension-reduction/plantnet/results/canonical/scmae_11datasets_20260609_12/Baron/louvain__seed2024__20260609_135323,/data/luolie/biopipeline/dimension-reduction/plantnet/results/canonical/scmae_11datasets_20260609_12/Baron/louvain__seed2024__20260609_135323,/data/luolie/biopipeline/dimension-reduction/plantnet/results/canonical/scmae_11datasets_20260609_12/Baron/louvain__seed2024__20260609_135323/metrics.json,,,/data/luolie/biopipeline/dimension-reduction/plantnet/results/canonical/scmae_11datasets_20260609_12/Baron/louvain__seed2024__20260609_135323/args.json,/data/luolie/biopipeline/dimension-reduction/plantnet/results/canonical/scmae_11datasets_20260609_12/Baron/louvain__seed2024__20260609_135323/status.json,79654c249dbc289e3ae47f265e59ea33b3377e52,refactor/minimal-method-isolation-and-neighbormix-ablations,1,62.7,62.7,/data/luolie/conda/base/bin/python /home/luolie/biopipeline/dimension-reduction/plantnet/methods/Traditional/Louvain/run.py --data_path /home/luolie/biopipeline/dimension-reduction/plantnet/data/processed_scmae/Baron.h5ad --save_dir results/formal/scmae_11datasets/Baron/louvain__seed2024__20260609_135323 --n_clusters 14 --seed 2024,metrics.json:top_level,0.8617108180651184,0.7349955299071417,0.754149421563182,0.4897816863645485,0.4897816863645485,0.8091034590880096,0.7349955299071418,0.69423193521302,0.78084482056954,,,,,,,,,,,,,,,,,"{""markers"": [""args.json"", ""command.txt"", ""metrics.json"", ""run.log"", ""status.json""]}"
PB000167,true,,run_artifact,run,canonical/scmae_11datasets_20260609_12,scmae_11datasets_20260609_12,,,Baron,louvain,louvain,louvain,3407,success,0,,,,,,,/data/luolie/biopipeline/dimension-reduction/plantnet/results/canonical/scmae_11datasets_20260609_12/Baron/louvain__seed3407__20260609_135426,/data/luolie/biopipeline/dimension-reduction/plantnet/results/canonical/scmae_11datasets_20260609_12/Baron/louvain__seed3407__20260609_135426,/data/luolie/biopipeline/dimension-reduction/plantnet/results/canonical/scmae_11datasets_20260609_12/Baron/louvain__seed3407__20260609_135426/metrics.json,,,/data/luolie/biopipeline/dimension-reduction/plantnet/results/canonical/scmae_11datasets_20260609_12/Baron/louvain__seed3407__20260609_135426/args.json,/data/luolie/biopipeline/dimension-reduction/plantnet/results/canonical/scmae_11datasets_20260609_12/Baron/louvain__seed3407__20260609_135426/status.json,79654c249dbc289e3ae47f265e59ea33b3377e52,refactor/minimal-method-isolation-and-neighbormix-ablations,1,61.4,61.4,/data/luolie/conda/base/bin/python /home/luolie/biopipeline/dimension-reduction/plantnet/methods/Traditional/Louvain/run.py --data_path /home/luolie/biopipeline/dimension-reduction/plantnet/data/processed_scmae/Baron.h5ad --save_dir results/formal/scmae_11datasets/Baron/louvain__seed3407__20260609_135426 --n_clusters 14 --seed 3407,metrics.json:top_level,0.8604271210176216,0.7331970840329889,0.7619592587605689,0.50264983873464,0.50264983873464,0.8136594758909595,0.7331970840329889,0.7027318929348512,0.7664234645998607,,,,,,,,,,,,,,,,,"{""markers"": [""args.json"", ""command.txt"", ""metrics.json"", ""run.log"", ""status.json""]}"
PB000168,true,,run_artifact,run,canonical/scmae_11datasets_20260609_12,scmae_11datasets_20260609_12,,,Baron,louvain,louvain,louvain,42,success,0,,,,,,,/data/luolie/biopipeline/dimension-reduction/plantnet/results/canonical/scmae_11datasets_20260609_12/Baron/louvain__seed42__20260609_135224,/data/luolie/biopipeline/dimension-reduction/plantnet/results/canonical/scmae_11datasets_20260609_12/Baron/louvain__seed42__20260609_135224,/data/luolie/biopipeline/dimension-reduction/plantnet/results/canonical/scmae_11datasets_20260609_12/Baron/louvain__seed42__20260609_135224/metrics.json,,,/data/luolie/biopipeline/dimension-reduction/plantnet/results/canonical/scmae_11datasets_20260609_12/Baron/louvain__seed42__20260609_135224/args.json,/data/luolie/biopipeline/dimension-reduction/plantnet/results/canonical/scmae_11datasets_20260609_12/Baron/louvain__seed42__20260609_135224/status.json,79654c249dbc289e3ae47f265e59ea33b3377e52,refactor/minimal-method-isolation-and-neighbormix-ablations,1,59.3,59.3,/data/luolie/conda/base/bin/python /home/luolie/biopipeline/dimension-reduction/plantnet/methods/Traditional/Louvain/run.py --data_path /home/luolie/biopipeline/dimension-reduction/plantnet/data/processed_scmae/Baron.h5ad --save_dir results/formal/scmae_11datasets/Baron/louvain__seed42__20260609_135224 --n_clusters 14 --seed 42,metrics.json:top_level,0.8634613140389777,0.739706485650799,0.7599349428877984,0.5011054949788705,0.5011054949788705,0.8131434950615076,0.7397064856507991,0.7014792749072446,0.7823402251341464,,,,,,,,,,,,,,,,,"{""markers"": [""args.json"", ""command.txt"", ""metrics.json"", ""run.log"", ""status.json""]}"
PB000169,true,,run_artifact,run,canonical/scmae_11datasets_20260609_12,scmae_11datasets_20260609_12,,,Baron,neighbormix_scmae,neighbormix_scmae,neighbormix_scmae,2024,success,0,,,,,,,/data/luolie/biopipeline/dimension-reduction/plantnet/results/canonical/scmae_11datasets_20260609_12/Baron/neighbormix_scmae__seed2024__20260609_135725,/data/luolie/biopipeline/dimension-reduction/plantnet/results/canonical/scmae_11datasets_20260609_12/Baron/neighbormix_scmae__seed2024__20260609_135725,/data/luolie/biopipeline/dimension-reduction/plantnet/results/canonical/scmae_11datasets_20260609_12/Baron/neighbormix_scmae__seed2024__20260609_135725/metrics.json,/data/luolie/biopipeline/dimension-reduction/plantnet/results/canonical/scmae_11datasets_20260609_12/Baron/neighbormix_scmae__seed2024__20260609_135725/summary.json,/data/luolie/biopipeline/dimension-reduction/plantnet/results/canonical/scmae_11datasets_20260609_12/Baron/neighbormix_scmae__seed2024__20260609_135725/eval_fixed.csv,/data/luolie/biopipeline/dimension-reduction/plantnet/results/canonical/scmae_11datasets_20260609_12/Baron/neighbormix_scmae__seed2024__20260609_135725/args.json,/data/luolie/biopipeline/dimension-reduction/plantnet/results/canonical/scmae_11datasets_20260609_12/Baron/neighbormix_scmae__seed2024__20260609_135725/status.json,79654c249dbc289e3ae47f265e59ea33b3377e52,refactor/minimal-method-isolation-and-neighbormix-ablations,1,120.5,120.5,/data/luolie/conda/base/bin/python /home/luolie/biopipeline/dimension-reduction/plantnet/methods/DeepLearning/NeighborMix_scMAE/run.py --data_path /home/luolie/biopipeline/dimension-reduction/plantnet/data/processed_scmae/Baron.h5ad --save_dir results/formal/scmae_11datasets/Baron/neighbormix_scmae__seed2024__20260609_135725 --n_clusters 14 --seed 2024 --epochs 200 --gpu 1,eval_fixed.csv,0.8537752363169565,0.8515138712026996,0.8946329039633989,0.6301907491031222,0.6301907491031222,0.9152224177887692,0.8515138712026997,0.8711793384190539,0.8327166373719836,,14,,,,,,,,,,,,,,,"{""markers"": [""args.json"", ""command.txt"", ""eval_fixed.csv"", ""metrics.json"", ""run.log"", ""status.json"", ""summary.json""]}"
PB000170,true,,run_artifact,run,canonical/scmae_11datasets_20260609_12,scmae_11datasets_20260609_12,,,Baron,neighbormix_scmae,neighbormix_scmae,neighbormix_scmae,3407,success,0,,,,,,,/data/luolie/biopipeline/dimension-reduction/plantnet/results/canonical/scmae_11datasets_20260609_12/Baron/neighbormix_scmae__seed3407__20260609_135925,/data/luolie/biopipeline/dimension-reduction/plantnet/results/canonical/scmae_11datasets_20260609_12/Baron/neighbormix_scmae__seed3407__20260609_135925,/data/luolie/biopipeline/dimension-reduction/plantnet/results/canonical/scmae_11datasets_20260609_12/Baron/neighbormix_scmae__seed3407__20260609_135925/metrics.json,/data/luolie/biopipeline/dimension-reduction/plantnet/results/canonical/scmae_11datasets_20260609_12/Baron/neighbormix_scmae__seed3407__20260609_135925/summary.json,/data/luolie/biopipeline/dimension-reduction/plantnet/results/canonical/scmae_11datasets_20260609_12/Baron/neighbormix_scmae__seed3407__20260609_135925/eval_fixed.csv,/data/luolie/biopipeline/dimension-reduction/plantnet/results/canonical/scmae_11datasets_20260609_12/Baron/neighbormix_scmae__seed3407__20260609_135925/args.json,/data/luolie/biopipeline/dimension-reduction/plantnet/results/canonical/scmae_11datasets_20260609_12/Baron/neighbormix_scmae__seed3407__20260609_135925/status.json,79654c249dbc289e3ae47f265e59ea33b3377e52,refactor/minimal-method-isolation-and-neighbormix-ablations,1,113.7,113.7,/data/luolie/conda/base/bin/python /home/luolie/biopipeline/dimension-reduction/plantnet/methods/DeepLearning/NeighborMix_scMAE/run.py --data_path /home/luolie/biopipeline/dimension-reduction/plantnet/data/processed_scmae/Baron.h5ad --save_dir results/formal/scmae_11datasets/Baron/neighbormix_scmae__seed3407__20260609_135925 --n_clusters 14 --seed 3407 --epochs 200 --gpu 1,eval_fixed.csv,0.7397595985529233,0.8201206127200452,0.7766835057106968,0.6286412067458088,0.6286412067458088,0.821308912182409,0.8201206127200452,0.8762833382259098,0.7707234297134935,,14,,,,,,,,,,,,,,,"{""markers"": [""args.json"", ""command.txt"", ""eval_fixed.csv"", ""metrics.json"", ""run.log"", ""status.json"", ""summary.json""]}"
PB000171,true,,run_artifact,run,canonical/scmae_11datasets_20260609_12,scmae_11datasets_20260609_12,,,Baron,neighbormix_scmae,neighbormix_scmae,neighbormix_scmae,42,success,0,,,,,,,/data/luolie/biopipeline/dimension-reduction/plantnet/results/canonical/scmae_11datasets_20260609_12/Baron/neighbormix_scmae__seed42__20260609_135527,/data/luolie/biopipeline/dimension-reduction/plantnet/results/canonical/scmae_11datasets_20260609_12/Baron/neighbormix_scmae__seed42__20260609_135527,/data/luolie/biopipeline/dimension-reduction/plantnet/results/canonical/scmae_11datasets_20260609_12/Baron/neighbormix_scmae__seed42__20260609_135527/metrics.json,/data/luolie/biopipeline/dimension-reduction/plantnet/results/canonical/scmae_11datasets_20260609_12/Baron/neighbormix_scmae__seed42__20260609_135527/summary.json,/data/luolie/biopipeline/dimension-reduction/plantnet/results/canonical/scmae_11datasets_20260609_12/Baron/neighbormix_scmae__seed42__20260609_135527/eval_fixed.csv,/data/luolie/biopipeline/dimension-reduction/plantnet/results/canonical/scmae_11datasets_20260609_12/Baron/neighbormix_scmae__seed42__20260609_135527/args.json,/data/luolie/biopipeline/dimension-reduction/plantnet/results/canonical/scmae_11datasets_20260609_12/Baron/neighbormix_scmae__seed42__20260609_135527/status.json,79654c249dbc289e3ae47f265e59ea33b3377e52,refactor/minimal-method-isolation-and-neighbormix-ablations,1,117.3,117.3,/data/luolie/conda/base/bin/python /home/luolie/biopipeline/dimension-reduction/plantnet/methods/DeepLearning/NeighborMix_scMAE/run.py --data_path /home/luolie/biopipeline/dimension-reduction/plantnet/data/processed_scmae/Baron.h5ad --save_dir results/formal/scmae_11datasets/Baron/neighbormix_scmae__seed42__20260609_135527 --n_clusters 14 --seed 42 --epochs 200 --gpu 1,eval_fixed.csv,0.668806161745828,0.7921936393743519,0.6430089501885609,0.6191959985609058,0.6191959985609058,0.7166854638776946,0.7921936393743519,0.8769484983456888,0.7223776616382673,,14,,,,,,,,,,,,,,,"{""markers"": [""args.json"", ""command.txt"", ""eval_fixed.csv"", ""metrics.json"", ""run.log"", ""status.json"", ""summary.json""]}"
PB000172,true,,run_artifact,run,canonical/scmae_11datasets_20260609_12,scmae_11datasets_20260609_12,,,Baron,nm_scmae_nomix,nm_scmae_nomix,nm_scmae_nomix,2024,success,0,,,,,,,/data/luolie/biopipeline/dimension-reduction/plantnet/results/canonical/scmae_11datasets_20260609_12/Baron/nm_scmae_nomix__seed2024__20260609_140228,/data/luolie/biopipeline/dimension-reduction/plantnet/results/canonical/scmae_11datasets_20260609_12/Baron/nm_scmae_nomix__seed2024__20260609_140228,/data/luolie/biopipeline/dimension-reduction/plantnet/results/canonical/scmae_11datasets_20260609_12/Baron/nm_scmae_nomix__seed2024__20260609_140228/metrics.json,/data/luolie/biopipeline/dimension-reduction/plantnet/results/canonical/scmae_11datasets_20260609_12/Baron/nm_scmae_nomix__seed2024__20260609_140228/summary.json,/data/luolie/biopipeline/dimension-reduction/plantnet/results/canonical/scmae_11datasets_20260609_12/Baron/nm_scmae_nomix__seed2024__20260609_140228/eval_fixed.csv,/data/luolie/biopipeline/dimension-reduction/plantnet/results/canonical/scmae_11datasets_20260609_12/Baron/nm_scmae_nomix__seed2024__20260609_140228/args.json,/data/luolie/biopipeline/dimension-reduction/plantnet/results/canonical/scmae_11datasets_20260609_12/Baron/nm_scmae_nomix__seed2024__20260609_140228/status.json,79654c249dbc289e3ae47f265e59ea33b3377e52,refactor/minimal-method-isolation-and-neighbormix-ablations,1,71.0,71.0,/data/luolie/conda/base/bin/python /home/luolie/biopipeline/dimension-reduction/plantnet/methods/DeepLearning/NeighborMix_scMAE/run.py --data_path /home/luolie/biopipeline/dimension-reduction/plantnet/data/processed_scmae/Baron.h5ad --save_dir results/formal/scmae_11datasets/Baron/nm_scmae_nomix__seed2024__20260609_140228 --n_clusters 14 --seed 2024 --epochs 200 --gpu 1 --use_pseudo false --pseudo_weight 0 --neighbor_k 0 --mix_neighbors 0 --variant_name nm_scmae_nomix,eval_fixed.csv,0.7265725288831836,0.7991996866151893,0.7580314230970406,0.6043260037264961,0.6043260037264961,0.8050706155927843,0.7991996866151894,0.8450944821486419,0.7580329665138833,,14,,,,,,,,,,,,,,,"{""markers"": [""args.json"", ""command.txt"", ""eval_fixed.csv"", ""metrics.json"", ""run.log"", ""status.json"", ""summary.json""]}"
PB000173,true,,run_artifact,run,canonical/scmae_11datasets_20260609_12,scmae_11datasets_20260609_12,,,Baron,nm_scmae_nomix,nm_scmae_nomix,nm_scmae_nomix,3407,success,0,,,,,,,/data/luolie/biopipeline/dimension-reduction/plantnet/results/canonical/scmae_11datasets_20260609_12/Baron/nm_scmae_nomix__seed3407__20260609_140339,/data/luolie/biopipeline/dimension-reduction/plantnet/results/canonical/scmae_11datasets_20260609_12/Baron/nm_scmae_nomix__seed3407__20260609_140339,/data/luolie/biopipeline/dimension-reduction/plantnet/results/canonical/scmae_11datasets_20260609_12/Baron/nm_scmae_nomix__seed3407__20260609_140339/metrics.json,/data/luolie/biopipeline/dimension-reduction/plantnet/results/canonical/scmae_11datasets_20260609_12/Baron/nm_scmae_nomix__seed3407__20260609_140339/summary.json,/data/luolie/biopipeline/dimension-reduction/plantnet/results/canonical/scmae_11datasets_20260609_12/Baron/nm_scmae_nomix__seed3407__20260609_140339/eval_fixed.csv,/data/luolie/biopipeline/dimension-reduction/plantnet/results/canonical/scmae_11datasets_20260609_12/Baron/nm_scmae_nomix__seed3407__20260609_140339/args.json,/data/luolie/biopipeline/dimension-reduction/plantnet/results/canonical/scmae_11datasets_20260609_12/Baron/nm_scmae_nomix__seed3407__20260609_140339/status.json,79654c249dbc289e3ae47f265e59ea33b3377e52,refactor/minimal-method-isolation-and-neighbormix-ablations,1,73.2,73.2,/data/luolie/conda/base/bin/python /home/luolie/biopipeline/dimension-reduction/plantnet/methods/DeepLearning/NeighborMix_scMAE/run.py --data_path /home/luolie/biopipeline/dimension-reduction/plantnet/data/processed_scmae/Baron.h5ad --save_dir results/formal/scmae_11datasets/Baron/nm_scmae_nomix__seed3407__20260609_140339 --n_clusters 14 --seed 3407 --epochs 200 --gpu 1 --use_pseudo false --pseudo_weight 0 --neighbor_k 0 --mix_neighbors 0 --variant_name nm_scmae_nomix,eval_fixed.csv,0.7415100945267826,0.8170875679577289,0.7724275707049656,0.6228977671367534,0.6228977671367534,0.8177303729220637,0.817087567957729,0.8729615482210381,0.7679357717081147,,14,,,,,,,,,,,,,,,"{""markers"": [""args.json"", ""command.txt"", ""eval_fixed.csv"", ""metrics.json"", ""run.log"", ""status.json"", ""summary.json""]}"
PB000174,true,,run_artifact,run,canonical/scmae_11datasets_20260609_12,scmae_11datasets_20260609_12,,,Baron,nm_scmae_nomix,nm_scmae_nomix,nm_scmae_nomix,42,success,0,,,,,,,/data/luolie/biopipeline/dimension-reduction/plantnet/results/canonical/scmae_11datasets_20260609_12/Baron/nm_scmae_nomix__seed42__20260609_140119,/data/luolie/biopipeline/dimension-reduction/plantnet/results/canonical/scmae_11datasets_20260609_12/Baron/nm_scmae_nomix__seed42__20260609_140119,/data/luolie/biopipeline/dimension-reduction/plantnet/results/canonical/scmae_11datasets_20260609_12/Baron/nm_scmae_nomix__seed42__20260609_140119/metrics.json,/data/luolie/biopipeline/dimension-reduction/plantnet/results/canonical/scmae_11datasets_20260609_12/Baron/nm_scmae_nomix__seed42__20260609_140119/summary.json,/data/luolie/biopipeline/dimension-reduction/plantnet/results/canonical/scmae_11datasets_20260609_12/Baron/nm_scmae_nomix__seed42__20260609_140119/eval_fixed.csv,/data/luolie/biopipeline/dimension-reduction/plantnet/results/canonical/scmae_11datasets_20260609_12/Baron/nm_scmae_nomix__seed42__20260609_140119/args.json,/data/luolie/biopipeline/dimension-reduction/plantnet/results/canonical/scmae_11datasets_20260609_12/Baron/nm_scmae_nomix__seed42__20260609_140119/status.json,79654c249dbc289e3ae47f265e59ea33b3377e52,refactor/minimal-method-isolation-and-neighbormix-ablations,1,69.5,69.5,/data/luolie/conda/base/bin/python /home/luolie/biopipeline/dimension-reduction/plantnet/methods/DeepLearning/NeighborMix_scMAE/run.py --data_path /home/luolie/biopipeline/dimension-reduction/plantnet/data/processed_scmae/Baron.h5ad --save_dir results/formal/scmae_11datasets/Baron/nm_scmae_nomix__seed42__20260609_140119 --n_clusters 14 --seed 42 --epochs 200 --gpu 1 --use_pseudo false --pseudo_weight 0 --neighbor_k 0 --mix_neighbors 0 --variant_name nm_scmae_nomix,eval_fixed.csv,0.7352083090208893,0.8166827455736975,0.773942578764389,0.5983534320862992,0.5983534320862992,0.818922465679064,0.8166827455736974,0.8728614938775059,0.7672982169768253,,14,,,,,,,,,,,,,,,"{""markers"": [""args.json"", ""command.txt"", ""eval_fixed.csv"", ""metrics.json"", ""run.log"", ""status.json"", ""summary.json""]}"
PB000175,true,,run_artifact,run,canonical/scmae_11datasets_20260609_12,scmae_11datasets_20260609_12,,,Baron,sc3,sc3,sc3,2024,success,0,,,,,,,/data/luolie/biopipeline/dimension-reduction/plantnet/results/canonical/scmae_11datasets_20260609_12/Baron/sc3__seed2024__20260609_140508,/data/luolie/biopipeline/dimension-reduction/plantnet/results/canonical/scmae_11datasets_20260609_12/Baron/sc3__seed2024__20260609_140508,/data/luolie/biopipeline/dimension-reduction/plantnet/results/canonical/scmae_11datasets_20260609_12/Baron/sc3__seed2024__20260609_140508/metrics.json,,,/data/luolie/biopipeline/dimension-reduction/plantnet/results/canonical/scmae_11datasets_20260609_12/Baron/sc3__seed2024__20260609_140508/args.json,/data/luolie/biopipeline/dimension-reduction/plantnet/results/canonical/scmae_11datasets_20260609_12/Baron/sc3__seed2024__20260609_140508/status.json,79654c249dbc289e3ae47f265e59ea33b3377e52,refactor/minimal-method-isolation-and-neighbormix-ablations,1,17.3,17.3,/data/luolie/conda/base/bin/python /home/luolie/biopipeline/dimension-reduction/plantnet/methods/Traditional/sc3/run.py --data_path /home/luolie/biopipeline/dimension-reduction/plantnet/data/processed_scmae/Baron.h5ad --save_dir results/formal/scmae_11datasets/Baron/sc3__seed2024__20260609_140508 --n_clusters 14 --seed 2024,metrics.json:top_level,0.22266308787489789,0.802694055358593,0.6367852871206503,0.12748567765438268,0.12748567765438268,0.7163643553226855,0.802694055358593,0.9040689093729184,0.7217616396001955,,,,,,,,,,,,,,,,,"{""markers"": [""args.json"", ""command.txt"", ""metrics.json"", ""run.log"", ""status.json""]}"
PB000176,true,,run_artifact,run,canonical/scmae_11datasets_20260609_12,scmae_11datasets_20260609_12,,,Baron,sc3,sc3,sc3,3407,success,0,,,,,,,/data/luolie/biopipeline/dimension-reduction/plantnet/results/canonical/scmae_11datasets_20260609_12/Baron/sc3__seed3407__20260609_140525,/data/luolie/biopipeline/dimension-reduction/plantnet/results/canonical/scmae_11datasets_20260609_12/Baron/sc3__seed3407__20260609_140525,/data/luolie/biopipeline/dimension-reduction/plantnet/results/canonical/scmae_11datasets_20260609_12/Baron/sc3__seed3407__20260609_140525/metrics.json,,,/data/luolie/biopipeline/dimension-reduction/plantnet/results/canonical/scmae_11datasets_20260609_12/Baron/sc3__seed3407__20260609_140525/args.json,/data/luolie/biopipeline/dimension-reduction/plantnet/results/canonical/scmae_11datasets_20260609_12/Baron/sc3__seed3407__20260609_140525/status.json,79654c249dbc289e3ae47f265e59ea33b3377e52,refactor/minimal-method-isolation-and-neighbormix-ablations,1,18.1,18.1,/data/luolie/conda/base/bin/python /home/luolie/biopipeline/dimension-reduction/plantnet/methods/Traditional/sc3/run.py --data_path /home/luolie/biopipeline/dimension-reduction/plantnet/data/processed_scmae/Baron.h5ad --save_dir results/formal/scmae_11datasets/Baron/sc3__seed3407__20260609_140525 --n_clusters 14 --seed 3407,metrics.json:top_level,0.00011669973159061734,0.8045020566257927,0.6359213944535934,0.001158023848527907,0.001158023848527907,0.7161178222028655,0.8045020566257925,0.9076757752566484,0.7223894678277893,,,,,,,,,,,,,,,,,"{""markers"": [""args.json"", ""command.txt"", ""metrics.json"", ""run.log"", ""status.json""]}"
PB000177,true,,run_artifact,run,canonical/scmae_11datasets_20260609_12,scmae_11datasets_20260609_12,,,Baron,sc3,sc3,sc3,42,success,0,,,,,,,/data/luolie/biopipeline/dimension-reduction/plantnet/results/canonical/scmae_11datasets_20260609_12/Baron/sc3__seed42__20260609_140453,/data/luolie/biopipeline/dimension-reduction/plantnet/results/canonical/scmae_11datasets_20260609_12/Baron/sc3__seed42__20260609_140453,/data/luolie/biopipeline/dimension-reduction/plantnet/results/canonical/scmae_11datasets_20260609_12/Baron/sc3__seed42__20260609_140453/metrics.json,,,/data/luolie/biopipeline/dimension-reduction/plantnet/results/canonical/scmae_11datasets_20260609_12/Baron/sc3__seed42__20260609_140453/args.json,/data/luolie/biopipeline/dimension-reduction/plantnet/results/canonical/scmae_11datasets_20260609_12/Baron/sc3__seed42__20260609_140453/status.json,79654c249dbc289e3ae47f265e59ea33b3377e52,refactor/minimal-method-isolation-and-neighbormix-ablations,1,15.1,15.1,/data/luolie/conda/base/bin/python /home/luolie/biopipeline/dimension-reduction/plantnet/methods/Traditional/sc3/run.py --data_path /home/luolie/biopipeline/dimension-reduction/plantnet/data/processed_scmae/Baron.h5ad --save_dir results/formal/scmae_11datasets/Baron/sc3__seed42__20260609_140453 --n_clusters 14 --seed 42,metrics.json:top_level,0.0018671957054498774,0.80383815119934,0.6362324849277338,0.08111110172097043,0.08111110172097043,0.7162924461688496,0.8038381511993399,0.9068255439279878,0.7218574274804223,,,,,,,,,,,,,,,,,"{""markers"": [""args.json"", ""command.txt"", ""metrics.json"", ""run.log"", ""status.json""]}"
PB000178,true,,run_artifact,run,canonical/scmae_11datasets_20260609_12,scmae_11datasets_20260609_12,,,Baron,scdcc,scdcc,scdcc,2024,success,0,,,,,,,/data/luolie/biopipeline/dimension-reduction/plantnet/results/canonical/scmae_11datasets_20260609_12/Baron/scdcc__seed2024__20260609_141001,/data/luolie/biopipeline/dimension-reduction/plantnet/results/canonical/scmae_11datasets_20260609_12/Baron/scdcc__seed2024__20260609_141001,/data/luolie/biopipeline/dimension-reduction/plantnet/results/canonical/scmae_11datasets_20260609_12/Baron/scdcc__seed2024__20260609_141001/metrics.json,,,/data/luolie/biopipeline/dimension-reduction/plantnet/results/canonical/scmae_11datasets_20260609_12/Baron/scdcc__seed2024__20260609_141001/args.json,/data/luolie/biopipeline/dimension-reduction/plantnet/results/canonical/scmae_11datasets_20260609_12/Baron/scdcc__seed2024__20260609_141001/status.json,79654c249dbc289e3ae47f265e59ea33b3377e52,refactor/minimal-method-isolation-and-neighbormix-ablations,1,245.1,245.1,/data/luolie/conda/base/bin/python /home/luolie/biopipeline/dimension-reduction/plantnet/methods/DeepLearning/scDCC/run.py --data_path /home/luolie/biopipeline/dimension-reduction/plantnet/data/processed_scmae/Baron.h5ad --save_dir results/formal/scmae_11datasets/Baron/scdcc__seed2024__20260609_141001 --n_clusters 14 --seed 2024 --epochs 200 --pretrain_epochs 200 --gpu 1,metrics.json:top_level,0.647450110864745,0.8260903231171828,0.6290711852708265,0.6085389937696696,0.6085389937696696,0.7135716734822315,0.8260903231171827,0.9395679296862987,0.7370697162680327,,,,,,,,,,,,,,,,,"{""markers"": [""args.json"", ""command.txt"", ""metrics.json"", ""run.log"", ""run_config.json"", ""status.json""]}"
PB000179,true,,run_artifact,run,canonical/scmae_11datasets_20260609_12,scmae_11datasets_20260609_12,,,Baron,scdcc,scdcc,scdcc,3407,success,0,,,,,,,/data/luolie/biopipeline/dimension-reduction/plantnet/results/canonical/scmae_11datasets_20260609_12/Baron/scdcc__seed3407__20260609_141406,/data/luolie/biopipeline/dimension-reduction/plantnet/results/canonical/scmae_11datasets_20260609_12/Baron/scdcc__seed3407__20260609_141406,/data/luolie/biopipeline/dimension-reduction/plantnet/results/canonical/scmae_11datasets_20260609_12/Baron/scdcc__seed3407__20260609_141406/metrics.json,,,/data/luolie/biopipeline/dimension-reduction/plantnet/results/canonical/scmae_11datasets_20260609_12/Baron/scdcc__seed3407__20260609_141406/args.json,/data/luolie/biopipeline/dimension-reduction/plantnet/results/canonical/scmae_11datasets_20260609_12/Baron/scdcc__seed3407__20260609_141406/status.json,79654c249dbc289e3ae47f265e59ea33b3377e52,refactor/minimal-method-isolation-and-neighbormix-ablations,1,261.3,261.3,/data/luolie/conda/base/bin/python /home/luolie/biopipeline/dimension-reduction/plantnet/methods/DeepLearning/scDCC/run.py --data_path /home/luolie/biopipeline/dimension-reduction/plantnet/data/processed_scmae/Baron.h5ad --save_dir results/formal/scmae_11datasets/Baron/scdcc__seed3407__20260609_141406 --n_clusters 14 --seed 3407 --epochs 200 --pretrain_epochs 200 --gpu 1,metrics.json:top_level,0.6880616174582799,0.8239462518663234,0.6435686593827152,0.6147888250070508,0.6147888250070508,0.7219740887086072,0.8239462518663232,0.925680572705716,0.7423593361340147,,,,,,,,,,,,,,,,,"{""markers"": [""args.json"", ""command.txt"", ""metrics.json"", ""run.log"", ""run_config.json"", ""status.json""]}"
PB000180,true,,run_artifact,run,canonical/scmae_11datasets_20260609_12,scmae_11datasets_20260609_12,,,Baron,scdcc,scdcc,scdcc,42,success,0,,,,,,,/data/luolie/biopipeline/dimension-reduction/plantnet/results/canonical/scmae_11datasets_20260609_12/Baron/scdcc__seed42__20260609_140543,/data/luolie/biopipeline/dimension-reduction/plantnet/results/canonical/scmae_11datasets_20260609_12/Baron/scdcc__seed42__20260609_140543,/data/luolie/biopipeline/dimension-reduction/plantnet/results/canonical/scmae_11datasets_20260609_12/Baron/scdcc__seed42__20260609_140543/metrics.json,,,/data/luolie/biopipeline/dimension-reduction/plantnet/results/canonical/scmae_11datasets_20260609_12/Baron/scdcc__seed42__20260609_140543/args.json,/data/luolie/biopipeline/dimension-reduction/plantnet/results/canonical/scmae_11datasets_20260609_12/Baron/scdcc__seed42__20260609_140543/status.json,79654c249dbc289e3ae47f265e59ea33b3377e52,refactor/minimal-method-isolation-and-neighbormix-ablations,1,257.7,257.7,/data/luolie/conda/base/bin/python /home/luolie/biopipeline/dimension-reduction/plantnet/methods/DeepLearning/scDCC/run.py --data_path /home/luolie/biopipeline/dimension-reduction/plantnet/data/processed_scmae/Baron.h5ad --save_dir results/formal/scmae_11datasets/Baron/scdcc__seed42__20260609_140543 --n_clusters 14 --seed 42 --epochs 200 --pretrain_epochs 200 --gpu 1,metrics.json:top_level,0.6425487221379391,0.8252905286638954,0.6283012542613129,0.6040499714715833,0.6040499714715833,0.7132863428088072,0.8252905286638954,0.9394716062185212,0.7358563504857295,,,,,,,,,,,,,,,,,"{""markers"": [""args.json"", ""command.txt"", ""metrics.json"", ""run.log"", ""run_config.json"", ""status.json""]}"
PB000181,true,,run_artifact,run,canonical/scmae_11datasets_20260609_12,scmae_11datasets_20260609_12,,,Baron,scmae,scmae,scmae,2024,success,0,,,,,,,/data/luolie/biopipeline/dimension-reduction/plantnet/results/canonical/scmae_11datasets_20260609_12/Baron/scmae__seed2024__20260609_141938,/data/luolie/biopipeline/dimension-reduction/plantnet/results/canonical/scmae_11datasets_20260609_12/Baron/scmae__seed2024__20260609_141938,/data/luolie/biopipeline/dimension-reduction/plantnet/results/canonical/scmae_11datasets_20260609_12/Baron/scmae__seed2024__20260609_141938/metrics.json,/data/luolie/biopipeline/dimension-reduction/plantnet/results/canonical/scmae_11datasets_20260609_12/Baron/scmae__seed2024__20260609_141938/summary.json,/data/luolie/biopipeline/dimension-reduction/plantnet/results/canonical/scmae_11datasets_20260609_12/Baron/scmae__seed2024__20260609_141938/eval_fixed.csv,/data/luolie/biopipeline/dimension-reduction/plantnet/results/canonical/scmae_11datasets_20260609_12/Baron/scmae__seed2024__20260609_141938/args.json,/data/luolie/biopipeline/dimension-reduction/plantnet/results/canonical/scmae_11datasets_20260609_12/Baron/scmae__seed2024__20260609_141938/status.json,79654c249dbc289e3ae47f265e59ea33b3377e52,refactor/minimal-method-isolation-and-neighbormix-ablations,1,70.0,70.0,/data/luolie/conda/base/bin/python /home/luolie/biopipeline/dimension-reduction/plantnet/methods/DeepLearning/scMAE/run.py --data_path /home/luolie/biopipeline/dimension-reduction/plantnet/data/processed_scmae/Baron.h5ad --save_dir results/formal/scmae_11datasets/Baron/scmae__seed2024__20260609_141938 --n_clusters 14 --seed 2024 --epochs 200 --gpu 1,eval_fixed.csv,0.7265725288831836,0.7991996866151893,0.7580314230970406,0.6043260037264961,0.6043260037264961,0.8050706155927843,0.7991996866151894,0.8450944821486419,0.7580329665138833,,14,,,,,,,,,,,,,,,"{""markers"": [""args.json"", ""command.txt"", ""eval_fixed.csv"", ""metrics.json"", ""run.log"", ""status.json"", ""summary.json""]}"
PB000182,true,,run_artifact,run,canonical/scmae_11datasets_20260609_12,scmae_11datasets_20260609_12,,,Baron,scmae,scmae,scmae,3407,success,0,,,,,,,/data/luolie/biopipeline/dimension-reduction/plantnet/results/canonical/scmae_11datasets_20260609_12/Baron/scmae__seed3407__20260609_142048,/data/luolie/biopipeline/dimension-reduction/plantnet/results/canonical/scmae_11datasets_20260609_12/Baron/scmae__seed3407__20260609_142048,/data/luolie/biopipeline/dimension-reduction/plantnet/results/canonical/scmae_11datasets_20260609_12/Baron/scmae__seed3407__20260609_142048/metrics.json,/data/luolie/biopipeline/dimension-reduction/plantnet/results/canonical/scmae_11datasets_20260609_12/Baron/scmae__seed3407__20260609_142048/summary.json,/data/luolie/biopipeline/dimension-reduction/plantnet/results/canonical/scmae_11datasets_20260609_12/Baron/scmae__seed3407__20260609_142048/eval_fixed.csv,/data/luolie/biopipeline/dimension-reduction/plantnet/results/canonical/scmae_11datasets_20260609_12/Baron/scmae__seed3407__20260609_142048/args.json,/data/luolie/biopipeline/dimension-reduction/plantnet/results/canonical/scmae_11datasets_20260609_12/Baron/scmae__seed3407__20260609_142048/status.json,79654c249dbc289e3ae47f265e59ea33b3377e52,refactor/minimal-method-isolation-and-neighbormix-ablations,1,73.0,73.0,/data/luolie/conda/base/bin/python /home/luolie/biopipeline/dimension-reduction/plantnet/methods/DeepLearning/scMAE/run.py --data_path /home/luolie/biopipeline/dimension-reduction/plantnet/data/processed_scmae/Baron.h5ad --save_dir results/formal/scmae_11datasets/Baron/scmae__seed3407__20260609_142048 --n_clusters 14 --seed 3407 --epochs 200 --gpu 1,eval_fixed.csv,0.7415100945267826,0.8170875679577289,0.7724275707049656,0.6228977671367534,0.6228977671367534,0.8177303729220637,0.817087567957729,0.8729615482210381,0.7679357717081147,,14,,,,,,,,,,,,,,,"{""markers"": [""args.json"", ""command.txt"", ""eval_fixed.csv"", ""metrics.json"", ""run.log"", ""status.json"", ""summary.json""]}"
PB000183,true,,run_artifact,run,canonical/scmae_11datasets_20260609_12,scmae_11datasets_20260609_12,,,Baron,scmae,scmae,scmae,42,success,0,,,,,,,/data/luolie/biopipeline/dimension-reduction/plantnet/results/canonical/scmae_11datasets_20260609_12/Baron/scmae__seed42__20260609_141827,/data/luolie/biopipeline/dimension-reduction/plantnet/results/canonical/scmae_11datasets_20260609_12/Baron/scmae__seed42__20260609_141827,/data/luolie/biopipeline/dimension-reduction/plantnet/results/canonical/scmae_11datasets_20260609_12/Baron/scmae__seed42__20260609_141827/metrics.json,/data/luolie/biopipeline/dimension-reduction/plantnet/results/canonical/scmae_11datasets_20260609_12/Baron/scmae__seed42__20260609_141827/summary.json,/data/luolie/biopipeline/dimension-reduction/plantnet/results/canonical/scmae_11datasets_20260609_12/Baron/scmae__seed42__20260609_141827/eval_fixed.csv,/data/luolie/biopipeline/dimension-reduction/plantnet/results/canonical/scmae_11datasets_20260609_12/Baron/scmae__seed42__20260609_141827/args.json,/data/luolie/biopipeline/dimension-reduction/plantnet/results/canonical/scmae_11datasets_20260609_12/Baron/scmae__seed42__20260609_141827/status.json,79654c249dbc289e3ae47f265e59ea33b3377e52,refactor/minimal-method-isolation-and-neighbormix-ablations,1,70.7,70.7,/data/luolie/conda/base/bin/python /home/luolie/biopipeline/dimension-reduction/plantnet/methods/DeepLearning/scMAE/run.py --data_path /home/luolie/biopipeline/dimension-reduction/plantnet/data/processed_scmae/Baron.h5ad --save_dir results/formal/scmae_11datasets/Baron/scmae__seed42__20260609_141827 --n_clusters 14 --seed 42 --epochs 200 --gpu 1,eval_fixed.csv,0.7352083090208893,0.8166827455736975,0.773942578764389,0.5983534320862992,0.5983534320862992,0.818922465679064,0.8166827455736974,0.8728614938775059,0.7672982169768253,,14,,,,,,,,,,,,,,,"{""markers"": [""args.json"", ""command.txt"", ""eval_fixed.csv"", ""metrics.json"", ""run.log"", ""status.json"", ""summary.json""]}"
PB000184,true,,run_artifact,run,canonical/scmae_11datasets_20260609_12,scmae_11datasets_20260609_12,,,Baron,scname,scname,scname,2024,success,0,,,,,,,/data/luolie/biopipeline/dimension-reduction/plantnet/results/canonical/scmae_11datasets_20260609_12/Baron/scname__seed2024__20260610_181607,/data/luolie/biopipeline/dimension-reduction/plantnet/results/canonical/scmae_11datasets_20260609_12/Baron/scname__seed2024__20260610_181607,/data/luolie/biopipeline/dimension-reduction/plantnet/results/canonical/scmae_11datasets_20260609_12/Baron/scname__seed2024__20260610_181607/metrics.json,,,/data/luolie/biopipeline/dimension-reduction/plantnet/results/canonical/scmae_11datasets_20260609_12/Baron/scname__seed2024__20260610_181607/args.json,/data/luolie/biopipeline/dimension-reduction/plantnet/results/canonical/scmae_11datasets_20260609_12/Baron/scname__seed2024__20260610_181607/status.json,cc4a3f022b1612f7b3af795f49894bec9489fe5c,refactor/minimal-method-isolation-and-neighbormix-ablations,3,2345.3,2345.3,/data/luolie/conda/envs/scssl_bench_py310/bin/python /home/luolie/biopipeline/dimension-reduction/plantnet/methods/DeepLearning/scNAME/run.py --data_path /home/luolie/biopipeline/dimension-reduction/plantnet/data/processed_scmae/Baron.h5ad --save_dir /home/luolie/biopipeline/dimension-reduction/plantnet/results/formal/scmae_11datasets/Baron/scname__seed2024__20260610_181607 --n_clusters 14 --seed 2024 --epochs 200 --gpu 3,metrics.json:top_level,0.6330960438790991,0.7864286939017413,0.6059897011899809,0.45318229415563416,0.45318229415563416,0.6897829807106923,0.7864286939017412,0.8875417354400531,0.705997992462722,,,,,,,,,,,,,,,,,"{""markers"": [""args.json"", ""command.txt"", ""metrics.json"", ""run.log"", ""status.json""]}"
PB000185,true,,run_artifact,run,canonical/scmae_11datasets_20260609_12,scmae_11datasets_20260609_12,,,Baron,scname,scname,scname,3407,success,0,,,,,,,/data/luolie/biopipeline/dimension-reduction/plantnet/results/canonical/scmae_11datasets_20260609_12/Baron/scname__seed3407__20260610_192418,/data/luolie/biopipeline/dimension-reduction/plantnet/results/canonical/scmae_11datasets_20260609_12/Baron/scname__seed3407__20260610_192418,/data/luolie/biopipeline/dimension-reduction/plantnet/results/canonical/scmae_11datasets_20260609_12/Baron/scname__seed3407__20260610_192418/metrics.json,,,/data/luolie/biopipeline/dimension-reduction/plantnet/results/canonical/scmae_11datasets_20260609_12/Baron/scname__seed3407__20260610_192418/args.json,/data/luolie/biopipeline/dimension-reduction/plantnet/results/canonical/scmae_11datasets_20260609_12/Baron/scname__seed3407__20260610_192418/status.json,cc4a3f022b1612f7b3af795f49894bec9489fe5c,refactor/minimal-method-isolation-and-neighbormix-ablations,3,2141.8,2141.8,/data/luolie/conda/envs/scssl_bench_py310/bin/python /home/luolie/biopipeline/dimension-reduction/plantnet/methods/DeepLearning/scNAME/run.py --data_path /home/luolie/biopipeline/dimension-reduction/plantnet/data/processed_scmae/Baron.h5ad --save_dir /home/luolie/biopipeline/dimension-reduction/plantnet/results/formal/scmae_11datasets/Baron/scname__seed3407__20260610_192418 --n_clusters 14 --seed 3407 --epochs 200 --gpu 3,metrics.json:top_level,0.7397595985529233,0.8289657405090443,0.6695885204579185,0.7044046088035205,0.7044046088035205,0.7399668819288202,0.8289657405090444,0.9117837438273299,0.7599398337627012,,,,,,,,,,,,,,,,,"{""markers"": [""args.json"", ""command.txt"", ""metrics.json"", ""run.log"", ""status.json""]}"
PB000186,true,,run_artifact,run,canonical/scmae_11datasets_20260609_12,scmae_11datasets_20260609_12,,,Baron,scname,scname,scname,42,success,0,,,,,,,/data/luolie/biopipeline/dimension-reduction/plantnet/results/canonical/scmae_11datasets_20260609_12/Baron/scname__seed42__20260610_165922,/data/luolie/biopipeline/dimension-reduction/plantnet/results/canonical/scmae_11datasets_20260609_12/Baron/scname__seed42__20260610_165922,/data/luolie/biopipeline/dimension-reduction/plantnet/results/canonical/scmae_11datasets_20260609_12/Baron/scname__seed42__20260610_165922/metrics.json,,,/data/luolie/biopipeline/dimension-reduction/plantnet/results/canonical/scmae_11datasets_20260609_12/Baron/scname__seed42__20260610_165922/args.json,/data/luolie/biopipeline/dimension-reduction/plantnet/results/canonical/scmae_11datasets_20260609_12/Baron/scname__seed42__20260610_165922/status.json,cc4a3f022b1612f7b3af795f49894bec9489fe5c,refactor/minimal-method-isolation-and-neighbormix-ablations,3,2659.5,2659.5,/data/luolie/conda/envs/scssl_bench_py310/bin/python /home/luolie/biopipeline/dimension-reduction/plantnet/methods/DeepLearning/scNAME/run.py --data_path /home/luolie/biopipeline/dimension-reduction/plantnet/data/processed_scmae/Baron.h5ad --save_dir /home/luolie/biopipeline/dimension-reduction/plantnet/results/formal/scmae_11datasets/Baron/scname__seed42__20260610_165922 --n_clusters 14 --seed 42 --epochs 200 --gpu 3,metrics.json:top_level,0.6293616524681993,0.7869120705824213,0.6064414861406335,0.5232571493816983,0.5232571493816983,0.6875952501155714,0.7869120705824213,0.874254624161208,0.7154362891661585,,,,,,,,,,,,,,,,,"{""markers"": [""args.json"", ""command.txt"", ""metrics.json"", ""run.log"", ""status.json""]}"
PB000187,true,,run_artifact,run,canonical/scmae_11datasets_20260609_12,scmae_11datasets_20260609_12,,,Baron,sczidesk,sczidesk,sczidesk,2024,success,0,,,,,,,/data/luolie/biopipeline/dimension-reduction/plantnet/results/canonical/scmae_11datasets_20260609_12/Baron/sczidesk__seed2024__20260610_185537,/data/luolie/biopipeline/dimension-reduction/plantnet/results/canonical/scmae_11datasets_20260609_12/Baron/sczidesk__seed2024__20260610_185537,/data/luolie/biopipeline/dimension-reduction/plantnet/results/canonical/scmae_11datasets_20260609_12/Baron/sczidesk__seed2024__20260610_185537/metrics.json,,,/data/luolie/biopipeline/dimension-reduction/plantnet/results/canonical/scmae_11datasets_20260609_12/Baron/sczidesk__seed2024__20260610_185537/args.json,/data/luolie/biopipeline/dimension-reduction/plantnet/results/canonical/scmae_11datasets_20260609_12/Baron/sczidesk__seed2024__20260610_185537/status.json,cc4a3f022b1612f7b3af795f49894bec9489fe5c,refactor/minimal-method-isolation-and-neighbormix-ablations,3,1004.4,1004.4,/data/luolie/conda/envs/scssl_bench_py310/bin/python /home/luolie/biopipeline/dimension-reduction/plantnet/methods/DeepLearning/scziDesk/run.py --data_path /home/luolie/biopipeline/dimension-reduction/plantnet/data/processed_scmae/Baron.h5ad --save_dir /home/luolie/biopipeline/dimension-reduction/plantnet/results/formal/scmae_11datasets/Baron/sczidesk__seed2024__20260610_185537 --n_clusters 14 --seed 2024 --epochs 200 --gpu 3,metrics.json:top_level,0.6038044112498542,0.7841123860055186,0.609363036652163,0.4853514047843941,0.4853514047843941,0.6906898358337865,0.7841123860055187,0.8752315421372088,0.7101768478481821,,,,,,,,,,,,,,,,,"{""markers"": [""args.json"", ""command.txt"", ""metrics.json"", ""run.log"", ""status.json""]}"
PB000188,true,,run_artifact,run,canonical/scmae_11datasets_20260609_12,scmae_11datasets_20260609_12,,,Baron,sczidesk,sczidesk,sczidesk,3407,success,0,,,,,,,/data/luolie/biopipeline/dimension-reduction/plantnet/results/canonical/scmae_11datasets_20260609_12/Baron/sczidesk__seed3407__20260610_200019,/data/luolie/biopipeline/dimension-reduction/plantnet/results/canonical/scmae_11datasets_20260609_12/Baron/sczidesk__seed3407__20260610_200019,/data/luolie/biopipeline/dimension-reduction/plantnet/results/canonical/scmae_11datasets_20260609_12/Baron/sczidesk__seed3407__20260610_200019/metrics.json,,,/data/luolie/biopipeline/dimension-reduction/plantnet/results/canonical/scmae_11datasets_20260609_12/Baron/sczidesk__seed3407__20260610_200019/args.json,/data/luolie/biopipeline/dimension-reduction/plantnet/results/canonical/scmae_11datasets_20260609_12/Baron/sczidesk__seed3407__20260610_200019/status.json,cc4a3f022b1612f7b3af795f49894bec9489fe5c,refactor/minimal-method-isolation-and-neighbormix-ablations,3,872.6,872.6,/data/luolie/conda/envs/scssl_bench_py310/bin/python /home/luolie/biopipeline/dimension-reduction/plantnet/methods/DeepLearning/scziDesk/run.py --data_path /home/luolie/biopipeline/dimension-reduction/plantnet/data/processed_scmae/Baron.h5ad --save_dir /home/luolie/biopipeline/dimension-reduction/plantnet/results/formal/scmae_11datasets/Baron/sczidesk__seed3407__20260610_200019 --n_clusters 14 --seed 3407 --epochs 200 --gpu 3,metrics.json:top_level,0.6629711751662971,0.808572814694099,0.6361687668630316,0.6003144308615961,0.6003144308615961,0.7150324821444657,0.808572814694099,0.9039079326025079,0.7314290361239284,,,,,,,,,,,,,,,,,"{""markers"": [""args.json"", ""command.txt"", ""metrics.json"", ""run.log"", ""status.json""]}"
PB000189,true,,run_artifact,run,canonical/scmae_11datasets_20260609_12,scmae_11datasets_20260609_12,,,Baron,sczidesk,sczidesk,sczidesk,42,success,0,,,,,,,/data/luolie/biopipeline/dimension-reduction/plantnet/results/canonical/scmae_11datasets_20260609_12/Baron/sczidesk__seed42__20260610_174411,/data/luolie/biopipeline/dimension-reduction/plantnet/results/canonical/scmae_11datasets_20260609_12/Baron/sczidesk__seed42__20260610_174411,/data/luolie/biopipeline/dimension-reduction/plantnet/results/canonical/scmae_11datasets_20260609_12/Baron/sczidesk__seed42__20260610_174411/metrics.json,,,/data/luolie/biopipeline/dimension-reduction/plantnet/results/canonical/scmae_11datasets_20260609_12/Baron/sczidesk__seed42__20260610_174411/args.json,/data/luolie/biopipeline/dimension-reduction/plantnet/results/canonical/scmae_11datasets_20260609_12/Baron/sczidesk__seed42__20260610_174411/status.json,cc4a3f022b1612f7b3af795f49894bec9489fe5c,refactor/minimal-method-isolation-and-neighbormix-ablations,3,1422.6,1422.6,/data/luolie/conda/envs/scssl_bench_py310/bin/python /home/luolie/biopipeline/dimension-reduction/plantnet/methods/DeepLearning/scziDesk/run.py --data_path /home/luolie/biopipeline/dimension-reduction/plantnet/data/processed_scmae/Baron.h5ad --save_dir /home/luolie/biopipeline/dimension-reduction/plantnet/results/formal/scmae_11datasets/Baron/sczidesk__seed42__20260610_174411 --n_clusters 14 --seed 42 --epochs 200 --gpu 3,metrics.json:top_level,0.731007118683627,0.8163420143733536,0.7516440784099268,0.5254000295222344,0.5254000295222344,0.8021517229504105,0.8163420143733534,0.8888731788660396,0.7547547776026627,,,,,,,,,,,,,,,,,"{""markers"": [""args.json"", ""command.txt"", ""metrics.json"", ""run.log"", ""status.json""]}"
PB000190,true,,run_artifact,run,canonical/scmae_11datasets_20260609_12,scmae_11datasets_20260609_12,,,Guo,attentionae_sc,attentionae_sc,attentionae_sc,2024,success,0,,,,,,,/data/luolie/biopipeline/dimension-reduction/plantnet/results/canonical/scmae_11datasets_20260609_12/Guo/attentionae_sc__seed2024__20260610_122216,/data/luolie/biopipeline/dimension-reduction/plantnet/results/canonical/scmae_11datasets_20260609_12/Guo/attentionae_sc__seed2024__20260610_122216,/data/luolie/biopipeline/dimension-reduction/plantnet/results/canonical/scmae_11datasets_20260609_12/Guo/attentionae_sc__seed2024__20260610_122216/metrics.json,,,/data/luolie/biopipeline/dimension-reduction/plantnet/results/canonical/scmae_11datasets_20260609_12/Guo/attentionae_sc__seed2024__20260610_122216/args.json,/data/luolie/biopipeline/dimension-reduction/plantnet/results/canonical/scmae_11datasets_20260609_12/Guo/attentionae_sc__seed2024__20260610_122216/status.json,cc4a3f022b1612f7b3af795f49894bec9489fe5c,refactor/minimal-method-isolation-and-neighbormix-ablations,2,332.2,332.2,/data/luolie/conda/envs/scclubench-main/bin/python /home/luolie/biopipeline/dimension-reduction/plantnet/methods/GNN/AttentionAE_sc/run.py --data_path /home/luolie/biopipeline/dimension-reduction/plantnet/data/processed_scmae/Guo.h5ad --save_dir /home/luolie/biopipeline/dimension-reduction/plantnet/results/formal/scmae_11datasets/Guo/attentionae_sc__seed2024__20260610_122216 --n_clusters 12 --seed 2024 --epochs 200 --gpu 2,metrics.json:top_level,0.7420647149460708,0.74514413646113,0.7103171964287839,0.5784081108076046,0.5784081108076046,0.7590407054351703,0.74514413646113,0.7087486523575882,0.7854799047060282,,,,,,,,,,,,,,,,,"{""markers"": [""args.json"", ""command.txt"", ""metrics.json"", ""run.log"", ""status.json""]}"
PB000191,true,,run_artifact,run,canonical/scmae_11datasets_20260609_12,scmae_11datasets_20260609_12,,,Guo,attentionae_sc,attentionae_sc,attentionae_sc,3407,success,0,,,,,,,/data/luolie/biopipeline/dimension-reduction/plantnet/results/canonical/scmae_11datasets_20260609_12/Guo/attentionae_sc__seed3407__20260610_122757,/data/luolie/biopipeline/dimension-reduction/plantnet/results/canonical/scmae_11datasets_20260609_12/Guo/attentionae_sc__seed3407__20260610_122757,/data/luolie/biopipeline/dimension-reduction/plantnet/results/canonical/scmae_11datasets_20260609_12/Guo/attentionae_sc__seed3407__20260610_122757/metrics.json,,,/data/luolie/biopipeline/dimension-reduction/plantnet/results/canonical/scmae_11datasets_20260609_12/Guo/attentionae_sc__seed3407__20260610_122757/args.json,/data/luolie/biopipeline/dimension-reduction/plantnet/results/canonical/scmae_11datasets_20260609_12/Guo/attentionae_sc__seed3407__20260610_122757/status.json,cc4a3f022b1612f7b3af795f49894bec9489fe5c,refactor/minimal-method-isolation-and-neighbormix-ablations,2,346.1,346.1,/data/luolie/conda/envs/scclubench-main/bin/python /home/luolie/biopipeline/dimension-reduction/plantnet/methods/GNN/AttentionAE_sc/run.py --data_path /home/luolie/biopipeline/dimension-reduction/plantnet/data/processed_scmae/Guo.h5ad --save_dir /home/luolie/biopipeline/dimension-reduction/plantnet/results/formal/scmae_11datasets/Guo/attentionae_sc__seed3407__20260610_122757 --n_clusters 12 --seed 3407 --epochs 200 --gpu 2,metrics.json:top_level,0.7425269645608629,0.771446701528779,0.7384701864360957,0.5228765224872459,0.5228765224872459,0.783627277045697,0.771446701528779,0.7254364651713442,0.8236884955149578,,,,,,,,,,,,,,,,,"{""markers"": [""args.json"", ""command.txt"", ""metrics.json"", ""run.log"", ""status.json""]}"
PB000192,true,,run_artifact,run,canonical/scmae_11datasets_20260609_12,scmae_11datasets_20260609_12,,,Guo,attentionae_sc,attentionae_sc,attentionae_sc,42,success,0,,,,,,,/data/luolie/biopipeline/dimension-reduction/plantnet/results/canonical/scmae_11datasets_20260609_12/Guo/attentionae_sc__seed42__20260610_121812,/data/luolie/biopipeline/dimension-reduction/plantnet/results/canonical/scmae_11datasets_20260609_12/Guo/attentionae_sc__seed42__20260610_121812,/data/luolie/biopipeline/dimension-reduction/plantnet/results/canonical/scmae_11datasets_20260609_12/Guo/attentionae_sc__seed42__20260610_121812/metrics.json,,,/data/luolie/biopipeline/dimension-reduction/plantnet/results/canonical/scmae_11datasets_20260609_12/Guo/attentionae_sc__seed42__20260610_121812/args.json,/data/luolie/biopipeline/dimension-reduction/plantnet/results/canonical/scmae_11datasets_20260609_12/Guo/attentionae_sc__seed42__20260610_121812/status.json,cc4a3f022b1612f7b3af795f49894bec9489fe5c,refactor/minimal-method-isolation-and-neighbormix-ablations,2,236.3,236.3,/data/luolie/conda/envs/scclubench-main/bin/python /home/luolie/biopipeline/dimension-reduction/plantnet/methods/GNN/AttentionAE_sc/run.py --data_path /home/luolie/biopipeline/dimension-reduction/plantnet/data/processed_scmae/Guo.h5ad --save_dir /home/luolie/biopipeline/dimension-reduction/plantnet/results/formal/scmae_11datasets/Guo/attentionae_sc__seed42__20260610_121812 --n_clusters 12 --seed 42 --epochs 200 --gpu 2,metrics.json:top_level,0.7779661016949152,0.7736045732876395,0.7347037804359912,0.6164143223483415,0.6164143223483415,0.7796755581448842,0.7736045732876395,0.7367848298822163,0.8142979199073744,,,,,,,,,,,,,,,,,"{""markers"": [""args.json"", ""command.txt"", ""metrics.json"", ""run.log"", ""status.json""]}"
PB000193,true,,run_artifact,run,canonical/scmae_11datasets_20260609_12,scmae_11datasets_20260609_12,,,Guo,dec,dec,dec,2024,success,0,,,,,,,/data/luolie/biopipeline/dimension-reduction/plantnet/results/canonical/scmae_11datasets_20260609_12/Guo/dec__seed2024__20260610_014935,/data/luolie/biopipeline/dimension-reduction/plantnet/results/canonical/scmae_11datasets_20260609_12/Guo/dec__seed2024__20260610_014935,/data/luolie/biopipeline/dimension-reduction/plantnet/results/canonical/scmae_11datasets_20260609_12/Guo/dec__seed2024__20260610_014935/metrics.json,,,/data/luolie/biopipeline/dimension-reduction/plantnet/results/canonical/scmae_11datasets_20260609_12/Guo/dec__seed2024__20260610_014935/args.json,/data/luolie/biopipeline/dimension-reduction/plantnet/results/canonical/scmae_11datasets_20260609_12/Guo/dec__seed2024__20260610_014935/status.json,cc4a3f022b1612f7b3af795f49894bec9489fe5c,refactor/minimal-method-isolation-and-neighbormix-ablations,2,49.6,49.6,/data/luolie/conda/base/bin/python /home/luolie/biopipeline/dimension-reduction/plantnet/methods/DeepLearning/dec/run.py --data_path /home/luolie/biopipeline/dimension-reduction/plantnet/data/processed_scmae/Guo.h5ad --save_dir /home/luolie/biopipeline/dimension-reduction/plantnet/results/formal/scmae_11datasets/Guo/dec__seed2024__20260610_014935 --n_clusters 12 --seed 2024 --epochs 200 --pretrain_epochs 200 --gpu 2,metrics.json:top_level,0.6996918335901386,0.6973270949041381,0.5878052934993253,0.5494773101928904,0.5494773101928904,0.6778050204559548,0.6973270949041381,0.647565652747035,0.7553728585219788,,,,,,,,,,,,,,,,,"{""markers"": [""args.json"", ""command.txt"", ""metrics.json"", ""run.log"", ""run_config.json"", ""status.json""]}"
PB000194,true,,run_artifact,run,canonical/scmae_11datasets_20260609_12,scmae_11datasets_20260609_12,,,Guo,dec,dec,dec,3407,success,0,,,,,,,/data/luolie/biopipeline/dimension-reduction/plantnet/results/canonical/scmae_11datasets_20260609_12/Guo/dec__seed3407__20260610_015030,/data/luolie/biopipeline/dimension-reduction/plantnet/results/canonical/scmae_11datasets_20260609_12/Guo/dec__seed3407__20260610_015030,/data/luolie/biopipeline/dimension-reduction/plantnet/results/canonical/scmae_11datasets_20260609_12/Guo/dec__seed3407__20260610_015030/metrics.json,,,/data/luolie/biopipeline/dimension-reduction/plantnet/results/canonical/scmae_11datasets_20260609_12/Guo/dec__seed3407__20260610_015030/args.json,/data/luolie/biopipeline/dimension-reduction/plantnet/results/canonical/scmae_11datasets_20260609_12/Guo/dec__seed3407__20260610_015030/status.json,cc4a3f022b1612f7b3af795f49894bec9489fe5c,refactor/minimal-method-isolation-and-neighbormix-ablations,2,45.1,45.1,/data/luolie/conda/base/bin/python /home/luolie/biopipeline/dimension-reduction/plantnet/methods/DeepLearning/dec/run.py --data_path /home/luolie/biopipeline/dimension-reduction/plantnet/data/processed_scmae/Guo.h5ad --save_dir /home/luolie/biopipeline/dimension-reduction/plantnet/results/formal/scmae_11datasets/Guo/dec__seed3407__20260610_015030 --n_clusters 12 --seed 3407 --epochs 200 --pretrain_epochs 200 --gpu 2,metrics.json:top_level,0.6901386748844376,0.7645132582248786,0.7002589631980423,0.5196933657943413,0.5196933657943413,0.7556778748499791,0.7645132582248787,0.7293512184409228,0.8032373501980101,,,,,,,,,,,,,,,,,"{""markers"": [""args.json"", ""command.txt"", ""metrics.json"", ""run.log"", ""run_config.json"", ""status.json""]}"
PB000195,true,,run_artifact,run,canonical/scmae_11datasets_20260609_12,scmae_11datasets_20260609_12,,,Guo,dec,dec,dec,42,success,0,,,,,,,/data/luolie/biopipeline/dimension-reduction/plantnet/results/canonical/scmae_11datasets_20260609_12/Guo/dec__seed42__20260610_121222,/data/luolie/biopipeline/dimension-reduction/plantnet/results/canonical/scmae_11datasets_20260609_12/Guo/dec__seed42__20260610_121222,/data/luolie/biopipeline/dimension-reduction/plantnet/results/canonical/scmae_11datasets_20260609_12/Guo/dec__seed42__20260610_121222/metrics.json,,,/data/luolie/biopipeline/dimension-reduction/plantnet/results/canonical/scmae_11datasets_20260609_12/Guo/dec__seed42__20260610_121222/args.json,/data/luolie/biopipeline/dimension-reduction/plantnet/results/canonical/scmae_11datasets_20260609_12/Guo/dec__seed42__20260610_121222/status.json,cc4a3f022b1612f7b3af795f49894bec9489fe5c,refactor/minimal-method-isolation-and-neighbormix-ablations,2,50.8,50.8,/data/luolie/conda/base/bin/python /home/luolie/biopipeline/dimension-reduction/plantnet/methods/DeepLearning/dec/run.py --data_path /home/luolie/biopipeline/dimension-reduction/plantnet/data/processed_scmae/Guo.h5ad --save_dir /home/luolie/biopipeline/dimension-reduction/plantnet/results/formal/scmae_11datasets/Guo/dec__seed42__20260610_121222 --n_clusters 12 --seed 42 --epochs 200 --pretrain_epochs 200 --gpu 2,metrics.json:top_level,0.6907550077041602,0.7550119736343,0.6943425910552303,0.5601647363944117,0.5601647363944117,0.7515046055979829,0.7550119736343001,0.7177185217340961,0.796393462899066,,,,,,,,,,,,,,,,,"{""markers"": [""args.json"", ""command.txt"", ""metrics.json"", ""run.log"", ""run_config.json"", ""status.json""]}"
PB000196,true,,run_artifact,run,canonical/scmae_11datasets_20260609_12,scmae_11datasets_20260609_12,,,Guo,desc,desc,desc,2024,success,0,,,,,,,/data/luolie/biopipeline/dimension-reduction/plantnet/results/canonical/scmae_11datasets_20260609_12/Guo/desc__seed2024__20260611_225452,/data/luolie/biopipeline/dimension-reduction/plantnet/results/canonical/scmae_11datasets_20260609_12/Guo/desc__seed2024__20260611_225452,/data/luolie/biopipeline/dimension-reduction/plantnet/results/canonical/scmae_11datasets_20260609_12/Guo/desc__seed2024__20260611_225452/metrics.json,,,/data/luolie/biopipeline/dimension-reduction/plantnet/results/canonical/scmae_11datasets_20260609_12/Guo/desc__seed2024__20260611_225452/args.json,/data/luolie/biopipeline/dimension-reduction/plantnet/results/canonical/scmae_11datasets_20260609_12/Guo/desc__seed2024__20260611_225452/status.json,,,3,151.6,151.6,/data/luolie/conda/envs/scssl_bench_py310/bin/python /home/luolie/biopipeline/dimension-reduction/plantnet/methods/DeepLearning/desc/run.py --data_path /home/luolie/biopipeline/dimension-reduction/plantnet/data/processed_scmae/Guo.h5ad --save_dir /home/luolie/biopipeline/dimension-reduction/plantnet/results/formal/scmae_11datasets/Guo/desc__seed2024__20260611_225452 --n_clusters 12 --seed 2024 --epochs 200 --pretrain_epochs 200 --gpu 3,metrics.json:top_level,0.3802773497688752,0.5541127896233763,0.19749866102263772,0.4611199126633325,0.4611199126633325,0.4224862220054334,0.5541127896233764,0.4589849064458108,0.69898171710764,,,,,,,,,,,,,,,,,"{""markers"": [""args.json"", ""command.txt"", ""metrics.json"", ""run.log"", ""status.json""]}"
PB000197,true,,run_artifact,run,canonical/scmae_11datasets_20260609_12,scmae_11datasets_20260609_12,,,Guo,desc,desc,desc,3407,success,0,,,,,,,/data/luolie/biopipeline/dimension-reduction/plantnet/results/canonical/scmae_11datasets_20260609_12/Guo/desc__seed3407__20260611_225724,/data/luolie/biopipeline/dimension-reduction/plantnet/results/canonical/scmae_11datasets_20260609_12/Guo/desc__seed3407__20260611_225724,/data/luolie/biopipeline/dimension-reduction/plantnet/results/canonical/scmae_11datasets_20260609_12/Guo/desc__seed3407__20260611_225724/metrics.json,,,/data/luolie/biopipeline/dimension-reduction/plantnet/results/canonical/scmae_11datasets_20260609_12/Guo/desc__seed3407__20260611_225724/args.json,/data/luolie/biopipeline/dimension-reduction/plantnet/results/canonical/scmae_11datasets_20260609_12/Guo/desc__seed3407__20260611_225724/status.json,,,3,205.2,205.2,/data/luolie/conda/envs/scssl_bench_py310/bin/python /home/luolie/biopipeline/dimension-reduction/plantnet/methods/DeepLearning/desc/run.py --data_path /home/luolie/biopipeline/dimension-reduction/plantnet/data/processed_scmae/Guo.h5ad --save_dir /home/luolie/biopipeline/dimension-reduction/plantnet/results/formal/scmae_11datasets/Guo/desc__seed3407__20260611_225724 --n_clusters 12 --seed 3407 --epochs 200 --pretrain_epochs 200 --gpu 3,metrics.json:top_level,0.3961479198767334,0.4801471323480071,0.0787876550354411,0.4223745331532975,0.4223745331532975,0.2902235192893136,0.4801471323480071,0.4200241552188574,0.5603576923967729,,,,,,,,,,,,,,,,,"{""markers"": [""args.json"", ""command.txt"", ""metrics.json"", ""run.log"", ""status.json""]}"
PB000198,true,,run_artifact,run,canonical/scmae_11datasets_20260609_12,scmae_11datasets_20260609_12,,,Guo,desc,desc,desc,42,failed,1,Exit code 1,,,,,,/data/luolie/biopipeline/dimension-reduction/plantnet/results/canonical/scmae_11datasets_20260609_12/Guo/desc__seed42__20260611_225236,/data/luolie/biopipeline/dimension-reduction/plantnet/results/canonical/scmae_11datasets_20260609_12/Guo/desc__seed42__20260611_225236,,,,,/data/luolie/biopipeline/dimension-reduction/plantnet/results/canonical/scmae_11datasets_20260609_12/Guo/desc__seed42__20260611_225236/status.json,,,3,136.4,136.4,/data/luolie/conda/envs/scssl_bench_py310/bin/python /home/luolie/biopipeline/dimension-reduction/plantnet/methods/DeepLearning/desc/run.py --data_path /home/luolie/biopipeline/dimension-reduction/plantnet/data/processed_scmae/Guo.h5ad --save_dir /home/luolie/biopipeline/dimension-reduction/plantnet/results/formal/scmae_11datasets/Guo/desc__seed42__20260611_225236 --n_clusters 12 --seed 42 --epochs 200 --pretrain_epochs 200 --gpu 3,,,,,,,,,,,,,,,,,,,,,,,,,,,"{""markers"": [""command.txt"", ""run.log"", ""status.json""]}"
PB000199,true,,run_artifact,run,canonical/scmae_11datasets_20260609_12,scmae_11datasets_20260609_12,,,Guo,leiden,leiden,leiden,2024,success,0,,,,,,,/data/luolie/biopipeline/dimension-reduction/plantnet/results/canonical/scmae_11datasets_20260609_12/Guo/leiden__seed2024__20260610_015155,/data/luolie/biopipeline/dimension-reduction/plantnet/results/canonical/scmae_11datasets_20260609_12/Guo/leiden__seed2024__20260610_015155,/data/luolie/biopipeline/dimension-reduction/plantnet/results/canonical/scmae_11datasets_20260609_12/Guo/leiden__seed2024__20260610_015155/metrics.json,,,/data/luolie/biopipeline/dimension-reduction/plantnet/results/canonical/scmae_11datasets_20260609_12/Guo/leiden__seed2024__20260610_015155/args.json,/data/luolie/biopipeline/dimension-reduction/plantnet/results/canonical/scmae_11datasets_20260609_12/Guo/leiden__seed2024__20260610_015155/status.json,cc4a3f022b1612f7b3af795f49894bec9489fe5c,refactor/minimal-method-isolation-and-neighbormix-ablations,2,30.5,30.5,/data/luolie/conda/base/bin/python /home/luolie/biopipeline/dimension-reduction/plantnet/methods/Traditional/Leiden/run.py --data_path /home/luolie/biopipeline/dimension-reduction/plantnet/data/processed_scmae/Guo.h5ad --save_dir /home/luolie/biopipeline/dimension-reduction/plantnet/results/formal/scmae_11datasets/Guo/leiden__seed2024__20260610_015155 --n_clusters 12 --seed 2024,metrics.json:top_level,0.8721109399075501,0.8455609197526873,0.8118403224849844,0.7487936232935929,0.7487936232935929,0.8434120098122593,0.8455609197526872,0.8179509672069435,0.8750999370070494,,,,,,,,,,,,,,,,,"{""markers"": [""args.json"", ""command.txt"", ""metrics.json"", ""run.log"", ""status.json""]}"
PB000200,true,,run_artifact,run,canonical/scmae_11datasets_20260609_12,scmae_11datasets_20260609_12,,,Guo,leiden,leiden,leiden,3407,success,0,,,,,,,/data/luolie/biopipeline/dimension-reduction/plantnet/results/canonical/scmae_11datasets_20260609_12/Guo/leiden__seed3407__20260610_015231,/data/luolie/biopipeline/dimension-reduction/plantnet/results/canonical/scmae_11datasets_20260609_12/Guo/leiden__seed3407__20260610_015231,/data/luolie/biopipeline/dimension-reduction/plantnet/results/canonical/scmae_11datasets_20260609_12/Guo/leiden__seed3407__20260610_015231/metrics.json,,,/data/luolie/biopipeline/dimension-reduction/plantnet/results/canonical/scmae_11datasets_20260609_12/Guo/leiden__seed3407__20260610_015231/args.json,/data/luolie/biopipeline/dimension-reduction/plantnet/results/canonical/scmae_11datasets_20260609_12/Guo/leiden__seed3407__20260610_015231/status.json,cc4a3f022b1612f7b3af795f49894bec9489fe5c,refactor/minimal-method-isolation-and-neighbormix-ablations,2,29.0,29.0,/data/luolie/conda/base/bin/python /home/luolie/biopipeline/dimension-reduction/plantnet/methods/Traditional/Leiden/run.py --data_path /home/luolie/biopipeline/dimension-reduction/plantnet/data/processed_scmae/Guo.h5ad --save_dir /home/luolie/biopipeline/dimension-reduction/plantnet/results/formal/scmae_11datasets/Guo/leiden__seed3407__20260610_015231 --n_clusters 12 --seed 3407,metrics.json:top_level,0.7947611710323574,0.810312900239427,0.7468630503169965,0.7560594975193613,0.7560594975193613,0.7833206964714963,0.8103129002394269,0.8087999423408707,0.8118315290868452,,,,,,,,,,,,,,,,,"{""markers"": [""args.json"", ""command.txt"", ""metrics.json"", ""run.log"", ""status.json""]}"
PB000201,true,,run_artifact,run,canonical/scmae_11datasets_20260609_12,scmae_11datasets_20260609_12,,,Guo,leiden,leiden,leiden,42,success,0,,,,,,,/data/luolie/biopipeline/dimension-reduction/plantnet/results/canonical/scmae_11datasets_20260609_12/Guo/leiden__seed42__20260610_015121,/data/luolie/biopipeline/dimension-reduction/plantnet/results/canonical/scmae_11datasets_20260609_12/Guo/leiden__seed42__20260610_015121,/data/luolie/biopipeline/dimension-reduction/plantnet/results/canonical/scmae_11datasets_20260609_12/Guo/leiden__seed42__20260610_015121/metrics.json,,,/data/luolie/biopipeline/dimension-reduction/plantnet/results/canonical/scmae_11datasets_20260609_12/Guo/leiden__seed42__20260610_015121/args.json,/data/luolie/biopipeline/dimension-reduction/plantnet/results/canonical/scmae_11datasets_20260609_12/Guo/leiden__seed42__20260610_015121/status.json,cc4a3f022b1612f7b3af795f49894bec9489fe5c,refactor/minimal-method-isolation-and-neighbormix-ablations,2,28.6,28.6,/data/luolie/conda/base/bin/python /home/luolie/biopipeline/dimension-reduction/plantnet/methods/Traditional/Leiden/run.py --data_path /home/luolie/biopipeline/dimension-reduction/plantnet/data/processed_scmae/Guo.h5ad --save_dir /home/luolie/biopipeline/dimension-reduction/plantnet/results/formal/scmae_11datasets/Guo/leiden__seed42__20260610_015121 --n_clusters 12 --seed 42,metrics.json:top_level,0.8101694915254237,0.825350829918139,0.7690557802258681,0.7265379466395133,0.7265379466395133,0.8021366448559867,0.8253508299181389,0.8264708630509913,0.8242338284141372,,,,,,,,,,,,,,,,,"{""markers"": [""args.json"", ""command.txt"", ""metrics.json"", ""run.log"", ""status.json""]}"
PB000202,true,,run_artifact,run,canonical/scmae_11datasets_20260609_12,scmae_11datasets_20260609_12,,,Guo,louvain,louvain,louvain,2024,success,0,,,,,,,/data/luolie/biopipeline/dimension-reduction/plantnet/results/canonical/scmae_11datasets_20260609_12/Guo/louvain__seed2024__20260610_015347,/data/luolie/biopipeline/dimension-reduction/plantnet/results/canonical/scmae_11datasets_20260609_12/Guo/louvain__seed2024__20260610_015347,/data/luolie/biopipeline/dimension-reduction/plantnet/results/canonical/scmae_11datasets_20260609_12/Guo/louvain__seed2024__20260610_015347/metrics.json,,,/data/luolie/biopipeline/dimension-reduction/plantnet/results/canonical/scmae_11datasets_20260609_12/Guo/louvain__seed2024__20260610_015347/args.json,/data/luolie/biopipeline/dimension-reduction/plantnet/results/canonical/scmae_11datasets_20260609_12/Guo/louvain__seed2024__20260610_015347/status.json,cc4a3f022b1612f7b3af795f49894bec9489fe5c,refactor/minimal-method-isolation-and-neighbormix-ablations,2,32.5,32.5,/data/luolie/conda/base/bin/python /home/luolie/biopipeline/dimension-reduction/plantnet/methods/Traditional/Louvain/run.py --data_path /home/luolie/biopipeline/dimension-reduction/plantnet/data/processed_scmae/Guo.h5ad --save_dir /home/luolie/biopipeline/dimension-reduction/plantnet/results/formal/scmae_11datasets/Guo/louvain__seed2024__20260610_015347 --n_clusters 12 --seed 2024,metrics.json:top_level,0.6799691833590139,0.7511641109905483,0.6691955413698987,0.5300642948918254,0.5300642948918254,0.7184064330436862,0.7511641109905481,0.727849467808114,0.7760218222165329,,,,,,,,,,,,,,,,,"{""markers"": [""args.json"", ""command.txt"", ""metrics.json"", ""run.log"", ""status.json""]}"
PB000203,true,,run_artifact,run,canonical/scmae_11datasets_20260609_12,scmae_11datasets_20260609_12,,,Guo,louvain,louvain,louvain,3407,success,0,,,,,,,/data/luolie/biopipeline/dimension-reduction/plantnet/results/canonical/scmae_11datasets_20260609_12/Guo/louvain__seed3407__20260610_015425,/data/luolie/biopipeline/dimension-reduction/plantnet/results/canonical/scmae_11datasets_20260609_12/Guo/louvain__seed3407__20260610_015425,/data/luolie/biopipeline/dimension-reduction/plantnet/results/canonical/scmae_11datasets_20260609_12/Guo/louvain__seed3407__20260610_015425/metrics.json,,,/data/luolie/biopipeline/dimension-reduction/plantnet/results/canonical/scmae_11datasets_20260609_12/Guo/louvain__seed3407__20260610_015425/args.json,/data/luolie/biopipeline/dimension-reduction/plantnet/results/canonical/scmae_11datasets_20260609_12/Guo/louvain__seed3407__20260610_015425/status.json,cc4a3f022b1612f7b3af795f49894bec9489fe5c,refactor/minimal-method-isolation-and-neighbormix-ablations,2,33.7,33.7,/data/luolie/conda/base/bin/python /home/luolie/biopipeline/dimension-reduction/plantnet/methods/Traditional/Louvain/run.py --data_path /home/luolie/biopipeline/dimension-reduction/plantnet/data/processed_scmae/Guo.h5ad --save_dir /home/luolie/biopipeline/dimension-reduction/plantnet/results/formal/scmae_11datasets/Guo/louvain__seed3407__20260610_015425 --n_clusters 12 --seed 3407,metrics.json:top_level,0.7762711864406779,0.8092582668961836,0.7479648858654382,0.7071118406057996,0.7071118406057996,0.7838075103489061,0.8092582668961836,0.8227540465887869,0.7961980892540373,,,,,,,,,,,,,,,,,"{""markers"": [""args.json"", ""command.txt"", ""metrics.json"", ""run.log"", ""status.json""]}"
PB000204,true,,run_artifact,run,canonical/scmae_11datasets_20260609_12,scmae_11datasets_20260609_12,,,Guo,louvain,louvain,louvain,42,success,0,,,,,,,/data/luolie/biopipeline/dimension-reduction/plantnet/results/canonical/scmae_11datasets_20260609_12/Guo/louvain__seed42__20260610_015305,/data/luolie/biopipeline/dimension-reduction/plantnet/results/canonical/scmae_11datasets_20260609_12/Guo/louvain__seed42__20260610_015305,/data/luolie/biopipeline/dimension-reduction/plantnet/results/canonical/scmae_11datasets_20260609_12/Guo/louvain__seed42__20260610_015305/metrics.json,,,/data/luolie/biopipeline/dimension-reduction/plantnet/results/canonical/scmae_11datasets_20260609_12/Guo/louvain__seed42__20260610_015305/args.json,/data/luolie/biopipeline/dimension-reduction/plantnet/results/canonical/scmae_11datasets_20260609_12/Guo/louvain__seed42__20260610_015305/status.json,cc4a3f022b1612f7b3af795f49894bec9489fe5c,refactor/minimal-method-isolation-and-neighbormix-ablations,2,36.1,36.1,/data/luolie/conda/base/bin/python /home/luolie/biopipeline/dimension-reduction/plantnet/methods/Traditional/Louvain/run.py --data_path /home/luolie/biopipeline/dimension-reduction/plantnet/data/processed_scmae/Guo.h5ad --save_dir /home/luolie/biopipeline/dimension-reduction/plantnet/results/formal/scmae_11datasets/Guo/louvain__seed42__20260610_015305 --n_clusters 12 --seed 42,metrics.json:top_level,0.7992295839753467,0.8111718022125605,0.7453575756424364,0.7629699830029136,0.7629699830029136,0.7819088366436636,0.8111718022125604,0.8102841162465091,0.812061435274855,,,,,,,,,,,,,,,,,"{""markers"": [""args.json"", ""command.txt"", ""metrics.json"", ""run.log"", ""status.json""]}"
PB000205,true,,run_artifact,run,canonical/scmae_11datasets_20260609_12,scmae_11datasets_20260609_12,,,Guo,neighbormix_scmae,neighbormix_scmae,neighbormix_scmae,2024,success,0,,,,,,,/data/luolie/biopipeline/dimension-reduction/plantnet/results/canonical/scmae_11datasets_20260609_12/Guo/neighbormix_scmae__seed2024__20260610_015638,/data/luolie/biopipeline/dimension-reduction/plantnet/results/canonical/scmae_11datasets_20260609_12/Guo/neighbormix_scmae__seed2024__20260610_015638,/data/luolie/biopipeline/dimension-reduction/plantnet/results/canonical/scmae_11datasets_20260609_12/Guo/neighbormix_scmae__seed2024__20260610_015638/metrics.json,/data/luolie/biopipeline/dimension-reduction/plantnet/results/canonical/scmae_11datasets_20260609_12/Guo/neighbormix_scmae__seed2024__20260610_015638/summary.json,/data/luolie/biopipeline/dimension-reduction/plantnet/results/canonical/scmae_11datasets_20260609_12/Guo/neighbormix_scmae__seed2024__20260610_015638/eval_fixed.csv,/data/luolie/biopipeline/dimension-reduction/plantnet/results/canonical/scmae_11datasets_20260609_12/Guo/neighbormix_scmae__seed2024__20260610_015638/args.json,/data/luolie/biopipeline/dimension-reduction/plantnet/results/canonical/scmae_11datasets_20260609_12/Guo/neighbormix_scmae__seed2024__20260610_015638/status.json,cc4a3f022b1612f7b3af795f49894bec9489fe5c,refactor/minimal-method-isolation-and-neighbormix-ablations,2,91.3,91.3,/data/luolie/conda/base/bin/python /home/luolie/biopipeline/dimension-reduction/plantnet/methods/DeepLearning/NeighborMix_scMAE/run.py --data_path /home/luolie/biopipeline/dimension-reduction/plantnet/data/processed_scmae/Guo.h5ad --save_dir /home/luolie/biopipeline/dimension-reduction/plantnet/results/formal/scmae_11datasets/Guo/neighbormix_scmae__seed2024__20260610_015638 --n_clusters 12 --seed 2024 --epochs 200 --gpu 2,eval_fixed.csv,0.8710323574730354,0.8563050401597051,0.8397312341652575,0.8425672814835732,0.8425672814835732,0.8627924021491011,0.8563050401597053,0.8596994202865151,0.8529373589072001,,12,,,,,,,,,,,,,,,"{""markers"": [""args.json"", ""command.txt"", ""eval_fixed.csv"", ""metrics.json"", ""run.log"", ""status.json"", ""summary.json""]}"
PB000206,true,,run_artifact,run,canonical/scmae_11datasets_20260609_12,scmae_11datasets_20260609_12,,,Guo,neighbormix_scmae,neighbormix_scmae,neighbormix_scmae,3407,success,0,,,,,,,/data/luolie/biopipeline/dimension-reduction/plantnet/results/canonical/scmae_11datasets_20260609_12/Guo/neighbormix_scmae__seed3407__20260610_015815,/data/luolie/biopipeline/dimension-reduction/plantnet/results/canonical/scmae_11datasets_20260609_12/Guo/neighbormix_scmae__seed3407__20260610_015815,/data/luolie/biopipeline/dimension-reduction/plantnet/results/canonical/scmae_11datasets_20260609_12/Guo/neighbormix_scmae__seed3407__20260610_015815/metrics.json,/data/luolie/biopipeline/dimension-reduction/plantnet/results/canonical/scmae_11datasets_20260609_12/Guo/neighbormix_scmae__seed3407__20260610_015815/summary.json,/data/luolie/biopipeline/dimension-reduction/plantnet/results/canonical/scmae_11datasets_20260609_12/Guo/neighbormix_scmae__seed3407__20260610_015815/eval_fixed.csv,/data/luolie/biopipeline/dimension-reduction/plantnet/results/canonical/scmae_11datasets_20260609_12/Guo/neighbormix_scmae__seed3407__20260610_015815/args.json,/data/luolie/biopipeline/dimension-reduction/plantnet/results/canonical/scmae_11datasets_20260609_12/Guo/neighbormix_scmae__seed3407__20260610_015815/status.json,cc4a3f022b1612f7b3af795f49894bec9489fe5c,refactor/minimal-method-isolation-and-neighbormix-ablations,2,90.2,90.2,/data/luolie/conda/base/bin/python /home/luolie/biopipeline/dimension-reduction/plantnet/methods/DeepLearning/NeighborMix_scMAE/run.py --data_path /home/luolie/biopipeline/dimension-reduction/plantnet/data/processed_scmae/Guo.h5ad --save_dir /home/luolie/biopipeline/dimension-reduction/plantnet/results/formal/scmae_11datasets/Guo/neighbormix_scmae__seed3407__20260610_015815 --n_clusters 12 --seed 3407 --epochs 200 --gpu 2,eval_fixed.csv,0.8679506933744222,0.8579917576243895,0.8287753148329347,0.8074708815150043,0.8074708815150043,0.8534433268060366,0.8579917576243893,0.8723718973274708,0.8440780130560124,,12,,,,,,,,,,,,,,,"{""markers"": [""args.json"", ""command.txt"", ""eval_fixed.csv"", ""metrics.json"", ""run.log"", ""status.json"", ""summary.json""]}"
PB000207,true,,run_artifact,run,canonical/scmae_11datasets_20260609_12,scmae_11datasets_20260609_12,,,Guo,neighbormix_scmae,neighbormix_scmae,neighbormix_scmae,42,success,0,,,,,,,/data/luolie/biopipeline/dimension-reduction/plantnet/results/canonical/scmae_11datasets_20260609_12/Guo/neighbormix_scmae__seed42__20260610_015505,/data/luolie/biopipeline/dimension-reduction/plantnet/results/canonical/scmae_11datasets_20260609_12/Guo/neighbormix_scmae__seed42__20260610_015505,/data/luolie/biopipeline/dimension-reduction/plantnet/results/canonical/scmae_11datasets_20260609_12/Guo/neighbormix_scmae__seed42__20260610_015505/metrics.json,/data/luolie/biopipeline/dimension-reduction/plantnet/results/canonical/scmae_11datasets_20260609_12/Guo/neighbormix_scmae__seed42__20260610_015505/summary.json,/data/luolie/biopipeline/dimension-reduction/plantnet/results/canonical/scmae_11datasets_20260609_12/Guo/neighbormix_scmae__seed42__20260610_015505/eval_fixed.csv,/data/luolie/biopipeline/dimension-reduction/plantnet/results/canonical/scmae_11datasets_20260609_12/Guo/neighbormix_scmae__seed42__20260610_015505/args.json,/data/luolie/biopipeline/dimension-reduction/plantnet/results/canonical/scmae_11datasets_20260609_12/Guo/neighbormix_scmae__seed42__20260610_015505/status.json,cc4a3f022b1612f7b3af795f49894bec9489fe5c,refactor/minimal-method-isolation-and-neighbormix-ablations,2,88.6,88.6,/data/luolie/conda/base/bin/python /home/luolie/biopipeline/dimension-reduction/plantnet/methods/DeepLearning/NeighborMix_scMAE/run.py --data_path /home/luolie/biopipeline/dimension-reduction/plantnet/data/processed_scmae/Guo.h5ad --save_dir /home/luolie/biopipeline/dimension-reduction/plantnet/results/formal/scmae_11datasets/Guo/neighbormix_scmae__seed42__20260610_015505 --n_clusters 12 --seed 42 --epochs 200 --gpu 2,eval_fixed.csv,0.8741140215716486,0.8570934463063056,0.8327365549205828,0.8124324962385928,0.8124324962385928,0.8568111799143004,0.8570934463063056,0.8703175263588983,0.8442652192434723,,12,,,,,,,,,,,,,,,"{""markers"": [""args.json"", ""command.txt"", ""eval_fixed.csv"", ""metrics.json"", ""run.log"", ""status.json"", ""summary.json""]}"
PB000208,true,,run_artifact,run,canonical/scmae_11datasets_20260609_12,scmae_11datasets_20260609_12,,,Guo,nm_scmae_nomix,nm_scmae_nomix,nm_scmae_nomix,2024,success,0,,,,,,,/data/luolie/biopipeline/dimension-reduction/plantnet/results/canonical/scmae_11datasets_20260609_12/Guo/nm_scmae_nomix__seed2024__20260609_143556,/data/luolie/biopipeline/dimension-reduction/plantnet/results/canonical/scmae_11datasets_20260609_12/Guo/nm_scmae_nomix__seed2024__20260609_143556,/data/luolie/biopipeline/dimension-reduction/plantnet/results/canonical/scmae_11datasets_20260609_12/Guo/nm_scmae_nomix__seed2024__20260609_143556/metrics.json,/data/luolie/biopipeline/dimension-reduction/plantnet/results/canonical/scmae_11datasets_20260609_12/Guo/nm_scmae_nomix__seed2024__20260609_143556/summary.json,/data/luolie/biopipeline/dimension-reduction/plantnet/results/canonical/scmae_11datasets_20260609_12/Guo/nm_scmae_nomix__seed2024__20260609_143556/eval_fixed.csv,/data/luolie/biopipeline/dimension-reduction/plantnet/results/canonical/scmae_11datasets_20260609_12/Guo/nm_scmae_nomix__seed2024__20260609_143556/args.json,/data/luolie/biopipeline/dimension-reduction/plantnet/results/canonical/scmae_11datasets_20260609_12/Guo/nm_scmae_nomix__seed2024__20260609_143556/status.json,79654c249dbc289e3ae47f265e59ea33b3377e52,refactor/minimal-method-isolation-and-neighbormix-ablations,1,55.2,55.2,/data/luolie/conda/base/bin/python /home/luolie/biopipeline/dimension-reduction/plantnet/methods/DeepLearning/NeighborMix_scMAE/run.py --data_path /home/luolie/biopipeline/dimension-reduction/plantnet/data/processed_scmae/Guo.h5ad --save_dir results/formal/scmae_11datasets/Guo/nm_scmae_nomix__seed2024__20260609_143556 --n_clusters 12 --seed 2024 --epochs 200 --gpu 1 --use_pseudo false --pseudo_weight 0 --neighbor_k 0 --mix_neighbors 0 --variant_name nm_scmae_nomix,eval_fixed.csv,0.8610169491525423,0.8509735731745321,0.8200821532184521,0.8008169822538184,0.8008169822538184,0.8459329687327188,0.8509735731745323,0.8640385706598198,0.8382977980467629,,12,,,,,,,,,,,,,,,"{""markers"": [""args.json"", ""command.txt"", ""eval_fixed.csv"", ""metrics.json"", ""run.log"", ""status.json"", ""summary.json""]}"
PB000209,true,,run_artifact,run,canonical/scmae_11datasets_20260609_12,scmae_11datasets_20260609_12,,,Guo,nm_scmae_nomix,nm_scmae_nomix,nm_scmae_nomix,3407,success,0,,,,,,,/data/luolie/biopipeline/dimension-reduction/plantnet/results/canonical/scmae_11datasets_20260609_12/Guo/nm_scmae_nomix__seed3407__20260609_143651,/data/luolie/biopipeline/dimension-reduction/plantnet/results/canonical/scmae_11datasets_20260609_12/Guo/nm_scmae_nomix__seed3407__20260609_143651,/data/luolie/biopipeline/dimension-reduction/plantnet/results/canonical/scmae_11datasets_20260609_12/Guo/nm_scmae_nomix__seed3407__20260609_143651/metrics.json,/data/luolie/biopipeline/dimension-reduction/plantnet/results/canonical/scmae_11datasets_20260609_12/Guo/nm_scmae_nomix__seed3407__20260609_143651/summary.json,/data/luolie/biopipeline/dimension-reduction/plantnet/results/canonical/scmae_11datasets_20260609_12/Guo/nm_scmae_nomix__seed3407__20260609_143651/eval_fixed.csv,/data/luolie/biopipeline/dimension-reduction/plantnet/results/canonical/scmae_11datasets_20260609_12/Guo/nm_scmae_nomix__seed3407__20260609_143651/args.json,/data/luolie/biopipeline/dimension-reduction/plantnet/results/canonical/scmae_11datasets_20260609_12/Guo/nm_scmae_nomix__seed3407__20260609_143651/status.json,79654c249dbc289e3ae47f265e59ea33b3377e52,refactor/minimal-method-isolation-and-neighbormix-ablations,1,54.9,54.9,/data/luolie/conda/base/bin/python /home/luolie/biopipeline/dimension-reduction/plantnet/methods/DeepLearning/NeighborMix_scMAE/run.py --data_path /home/luolie/biopipeline/dimension-reduction/plantnet/data/processed_scmae/Guo.h5ad --save_dir results/formal/scmae_11datasets/Guo/nm_scmae_nomix__seed3407__20260609_143651 --n_clusters 12 --seed 3407 --epochs 200 --gpu 1 --use_pseudo false --pseudo_weight 0 --neighbor_k 0 --mix_neighbors 0 --variant_name nm_scmae_nomix,eval_fixed.csv,0.8657935285053929,0.852377859504368,0.8314697864580054,0.8014898124527643,0.8014898124527643,0.8556810834760898,0.8523778595043681,0.8645492063954116,0.8405444576622612,,12,,,,,,,,,,,,,,,"{""markers"": [""args.json"", ""command.txt"", ""eval_fixed.csv"", ""metrics.json"", ""run.log"", ""status.json"", ""summary.json""]}"
PB000210,true,,run_artifact,run,canonical/scmae_11datasets_20260609_12,scmae_11datasets_20260609_12,,,Guo,nm_scmae_nomix,nm_scmae_nomix,nm_scmae_nomix,42,success,0,,,,,,,/data/luolie/biopipeline/dimension-reduction/plantnet/results/canonical/scmae_11datasets_20260609_12/Guo/nm_scmae_nomix__seed42__20260609_143458,/data/luolie/biopipeline/dimension-reduction/plantnet/results/canonical/scmae_11datasets_20260609_12/Guo/nm_scmae_nomix__seed42__20260609_143458,/data/luolie/biopipeline/dimension-reduction/plantnet/results/canonical/scmae_11datasets_20260609_12/Guo/nm_scmae_nomix__seed42__20260609_143458/metrics.json,/data/luolie/biopipeline/dimension-reduction/plantnet/results/canonical/scmae_11datasets_20260609_12/Guo/nm_scmae_nomix__seed42__20260609_143458/summary.json,/data/luolie/biopipeline/dimension-reduction/plantnet/results/canonical/scmae_11datasets_20260609_12/Guo/nm_scmae_nomix__seed42__20260609_143458/eval_fixed.csv,/data/luolie/biopipeline/dimension-reduction/plantnet/results/canonical/scmae_11datasets_20260609_12/Guo/nm_scmae_nomix__seed42__20260609_143458/args.json,/data/luolie/biopipeline/dimension-reduction/plantnet/results/canonical/scmae_11datasets_20260609_12/Guo/nm_scmae_nomix__seed42__20260609_143458/status.json,79654c249dbc289e3ae47f265e59ea33b3377e52,refactor/minimal-method-isolation-and-neighbormix-ablations,1,57.9,57.9,/data/luolie/conda/base/bin/python /home/luolie/biopipeline/dimension-reduction/plantnet/methods/DeepLearning/NeighborMix_scMAE/run.py --data_path /home/luolie/biopipeline/dimension-reduction/plantnet/data/processed_scmae/Guo.h5ad --save_dir results/formal/scmae_11datasets/Guo/nm_scmae_nomix__seed42__20260609_143458 --n_clusters 12 --seed 42 --epochs 200 --gpu 1 --use_pseudo false --pseudo_weight 0 --neighbor_k 0 --mix_neighbors 0 --variant_name nm_scmae_nomix,eval_fixed.csv,0.8684129429892141,0.8518812747577263,0.8361628594101437,0.829958287807471,0.829958287807471,0.8596929464634389,0.8518812747577265,0.8588344081817781,0.8450398224611785,,12,,,,,,,,,,,,,,,"{""markers"": [""args.json"", ""command.txt"", ""eval_fixed.csv"", ""metrics.json"", ""run.log"", ""status.json"", ""summary.json""]}"
PB000211,true,,run_artifact,run,canonical/scmae_11datasets_20260609_12,scmae_11datasets_20260609_12,,,Guo,sc3,sc3,sc3,2024,success,0,,,,,,,/data/luolie/biopipeline/dimension-reduction/plantnet/results/canonical/scmae_11datasets_20260609_12/Guo/sc3__seed2024__20260610_020012,/data/luolie/biopipeline/dimension-reduction/plantnet/results/canonical/scmae_11datasets_20260609_12/Guo/sc3__seed2024__20260610_020012,/data/luolie/biopipeline/dimension-reduction/plantnet/results/canonical/scmae_11datasets_20260609_12/Guo/sc3__seed2024__20260610_020012/metrics.json,,,/data/luolie/biopipeline/dimension-reduction/plantnet/results/canonical/scmae_11datasets_20260609_12/Guo/sc3__seed2024__20260610_020012/args.json,/data/luolie/biopipeline/dimension-reduction/plantnet/results/canonical/scmae_11datasets_20260609_12/Guo/sc3__seed2024__20260610_020012/status.json,cc4a3f022b1612f7b3af795f49894bec9489fe5c,refactor/minimal-method-isolation-and-neighbormix-ablations,2,17.9,17.9,/data/luolie/conda/base/bin/python /home/luolie/biopipeline/dimension-reduction/plantnet/methods/Traditional/sc3/run.py --data_path /home/luolie/biopipeline/dimension-reduction/plantnet/data/processed_scmae/Guo.h5ad --save_dir /home/luolie/biopipeline/dimension-reduction/plantnet/results/formal/scmae_11datasets/Guo/sc3__seed2024__20260610_020012 --n_clusters 12 --seed 2024,metrics.json:top_level,0.275808936825886,0.8535794553914233,0.8392380130661368,0.16207781277856967,0.16207781277856967,0.862352047413084,0.8535794553914233,0.8634757537607244,0.8439074296472318,,,,,,,,,,,,,,,,,"{""markers"": [""args.json"", ""command.txt"", ""metrics.json"", ""run.log"", ""status.json""]}"
PB000212,true,,run_artifact,run,canonical/scmae_11datasets_20260609_12,scmae_11datasets_20260609_12,,,Guo,sc3,sc3,sc3,3407,success,0,,,,,,,/data/luolie/biopipeline/dimension-reduction/plantnet/results/canonical/scmae_11datasets_20260609_12/Guo/sc3__seed3407__20260610_020035,/data/luolie/biopipeline/dimension-reduction/plantnet/results/canonical/scmae_11datasets_20260609_12/Guo/sc3__seed3407__20260610_020035,/data/luolie/biopipeline/dimension-reduction/plantnet/results/canonical/scmae_11datasets_20260609_12/Guo/sc3__seed3407__20260610_020035/metrics.json,,,/data/luolie/biopipeline/dimension-reduction/plantnet/results/canonical/scmae_11datasets_20260609_12/Guo/sc3__seed3407__20260610_020035/args.json,/data/luolie/biopipeline/dimension-reduction/plantnet/results/canonical/scmae_11datasets_20260609_12/Guo/sc3__seed3407__20260610_020035/status.json,cc4a3f022b1612f7b3af795f49894bec9489fe5c,refactor/minimal-method-isolation-and-neighbormix-ablations,2,14.7,14.7,/data/luolie/conda/base/bin/python /home/luolie/biopipeline/dimension-reduction/plantnet/methods/Traditional/sc3/run.py --data_path /home/luolie/biopipeline/dimension-reduction/plantnet/data/processed_scmae/Guo.h5ad --save_dir /home/luolie/biopipeline/dimension-reduction/plantnet/results/formal/scmae_11datasets/Guo/sc3__seed3407__20260610_020035 --n_clusters 12 --seed 3407,metrics.json:top_level,0.09953775038520801,0.8535794553914235,0.8392380130661368,0.07638469012474239,0.07638469012474239,0.862352047413084,0.8535794553914234,0.8634757537607246,0.8439074296472318,,,,,,,,,,,,,,,,,"{""markers"": [""args.json"", ""command.txt"", ""metrics.json"", ""run.log"", ""status.json""]}"
PB000213,true,,run_artifact,run,canonical/scmae_11datasets_20260609_12,scmae_11datasets_20260609_12,,,Guo,sc3,sc3,sc3,42,success,0,,,,,,,/data/luolie/biopipeline/dimension-reduction/plantnet/results/canonical/scmae_11datasets_20260609_12/Guo/sc3__seed42__20260610_015950,/data/luolie/biopipeline/dimension-reduction/plantnet/results/canonical/scmae_11datasets_20260609_12/Guo/sc3__seed42__20260610_015950,/data/luolie/biopipeline/dimension-reduction/plantnet/results/canonical/scmae_11datasets_20260609_12/Guo/sc3__seed42__20260610_015950/metrics.json,,,/data/luolie/biopipeline/dimension-reduction/plantnet/results/canonical/scmae_11datasets_20260609_12/Guo/sc3__seed42__20260610_015950/args.json,/data/luolie/biopipeline/dimension-reduction/plantnet/results/canonical/scmae_11datasets_20260609_12/Guo/sc3__seed42__20260610_015950/status.json,cc4a3f022b1612f7b3af795f49894bec9489fe5c,refactor/minimal-method-isolation-and-neighbormix-ablations,2,16.8,16.8,/data/luolie/conda/base/bin/python /home/luolie/biopipeline/dimension-reduction/plantnet/methods/Traditional/sc3/run.py --data_path /home/luolie/biopipeline/dimension-reduction/plantnet/data/processed_scmae/Guo.h5ad --save_dir /home/luolie/biopipeline/dimension-reduction/plantnet/results/formal/scmae_11datasets/Guo/sc3__seed42__20260610_015950 --n_clusters 12 --seed 42,metrics.json:top_level,0.275808936825886,0.8535794553914233,0.8392380130661368,0.16207781277856967,0.16207781277856967,0.862352047413084,0.8535794553914233,0.8634757537607244,0.8439074296472318,,,,,,,,,,,,,,,,,"{""markers"": [""args.json"", ""command.txt"", ""metrics.json"", ""run.log"", ""status.json""]}"
PB000214,true,,run_artifact,run,canonical/scmae_11datasets_20260609_12,scmae_11datasets_20260609_12,,,Guo,scdcc,scdcc,scdcc,2024,success,0,,,,,,,/data/luolie/biopipeline/dimension-reduction/plantnet/results/canonical/scmae_11datasets_20260609_12/Guo/scdcc__seed2024__20260610_020407,/data/luolie/biopipeline/dimension-reduction/plantnet/results/canonical/scmae_11datasets_20260609_12/Guo/scdcc__seed2024__20260610_020407,/data/luolie/biopipeline/dimension-reduction/plantnet/results/canonical/scmae_11datasets_20260609_12/Guo/scdcc__seed2024__20260610_020407/metrics.json,,,/data/luolie/biopipeline/dimension-reduction/plantnet/results/canonical/scmae_11datasets_20260609_12/Guo/scdcc__seed2024__20260610_020407/args.json,/data/luolie/biopipeline/dimension-reduction/plantnet/results/canonical/scmae_11datasets_20260609_12/Guo/scdcc__seed2024__20260610_020407/status.json,cc4a3f022b1612f7b3af795f49894bec9489fe5c,refactor/minimal-method-isolation-and-neighbormix-ablations,2,186.0,186.0,/data/luolie/conda/base/bin/python /home/luolie/biopipeline/dimension-reduction/plantnet/methods/DeepLearning/scDCC/run.py --data_path /home/luolie/biopipeline/dimension-reduction/plantnet/data/processed_scmae/Guo.h5ad --save_dir /home/luolie/biopipeline/dimension-reduction/plantnet/results/formal/scmae_11datasets/Guo/scdcc__seed2024__20260610_020407 --n_clusters 12 --seed 2024 --epochs 200 --pretrain_epochs 200 --gpu 2,metrics.json:top_level,0.884899845916795,0.8549293444554267,0.833752802001529,0.8549801107448486,0.8549801107448486,0.857682703682878,0.8549293444554267,0.8649584641196574,0.8451301326049836,,,,,,,,,,,,,,,,,"{""markers"": [""args.json"", ""command.txt"", ""metrics.json"", ""run.log"", ""run_config.json"", ""status.json""]}"
PB000215,true,,run_artifact,run,canonical/scmae_11datasets_20260609_12,scmae_11datasets_20260609_12,,,Guo,scdcc,scdcc,scdcc,3407,success,0,,,,,,,/data/luolie/biopipeline/dimension-reduction/plantnet/results/canonical/scmae_11datasets_20260609_12/Guo/scdcc__seed3407__20260610_020718,/data/luolie/biopipeline/dimension-reduction/plantnet/results/canonical/scmae_11datasets_20260609_12/Guo/scdcc__seed3407__20260610_020718,/data/luolie/biopipeline/dimension-reduction/plantnet/results/canonical/scmae_11datasets_20260609_12/Guo/scdcc__seed3407__20260610_020718/metrics.json,,,/data/luolie/biopipeline/dimension-reduction/plantnet/results/canonical/scmae_11datasets_20260609_12/Guo/scdcc__seed3407__20260610_020718/args.json,/data/luolie/biopipeline/dimension-reduction/plantnet/results/canonical/scmae_11datasets_20260609_12/Guo/scdcc__seed3407__20260610_020718/status.json,cc4a3f022b1612f7b3af795f49894bec9489fe5c,refactor/minimal-method-isolation-and-neighbormix-ablations,2,186.9,186.9,/data/luolie/conda/base/bin/python /home/luolie/biopipeline/dimension-reduction/plantnet/methods/DeepLearning/scDCC/run.py --data_path /home/luolie/biopipeline/dimension-reduction/plantnet/data/processed_scmae/Guo.h5ad --save_dir /home/luolie/biopipeline/dimension-reduction/plantnet/results/formal/scmae_11datasets/Guo/scdcc__seed3407__20260610_020718 --n_clusters 12 --seed 3407 --epochs 200 --pretrain_epochs 200 --gpu 2,metrics.json:top_level,0.8489984591679507,0.8506593790873891,0.8367438437238185,0.7577596332809505,0.7577596332809505,0.8601855744468082,0.8506593790873891,0.8577299041166023,0.8437044699216835,,,,,,,,,,,,,,,,,"{""markers"": [""args.json"", ""command.txt"", ""metrics.json"", ""run.log"", ""run_config.json"", ""status.json""]}"
PB000216,true,,run_artifact,run,canonical/scmae_11datasets_20260609_12,scmae_11datasets_20260609_12,,,Guo,scdcc,scdcc,scdcc,42,success,0,,,,,,,/data/luolie/biopipeline/dimension-reduction/plantnet/results/canonical/scmae_11datasets_20260609_12/Guo/scdcc__seed42__20260610_020056,/data/luolie/biopipeline/dimension-reduction/plantnet/results/canonical/scmae_11datasets_20260609_12/Guo/scdcc__seed42__20260610_020056,/data/luolie/biopipeline/dimension-reduction/plantnet/results/canonical/scmae_11datasets_20260609_12/Guo/scdcc__seed42__20260610_020056/metrics.json,,,/data/luolie/biopipeline/dimension-reduction/plantnet/results/canonical/scmae_11datasets_20260609_12/Guo/scdcc__seed42__20260610_020056/args.json,/data/luolie/biopipeline/dimension-reduction/plantnet/results/canonical/scmae_11datasets_20260609_12/Guo/scdcc__seed42__20260610_020056/status.json,cc4a3f022b1612f7b3af795f49894bec9489fe5c,refactor/minimal-method-isolation-and-neighbormix-ablations,2,186.6,186.6,/data/luolie/conda/base/bin/python /home/luolie/biopipeline/dimension-reduction/plantnet/methods/DeepLearning/scDCC/run.py --data_path /home/luolie/biopipeline/dimension-reduction/plantnet/data/processed_scmae/Guo.h5ad --save_dir /home/luolie/biopipeline/dimension-reduction/plantnet/results/formal/scmae_11datasets/Guo/scdcc__seed42__20260610_020056 --n_clusters 12 --seed 42 --epochs 200 --pretrain_epochs 200 --gpu 2,metrics.json:top_level,0.8827426810477658,0.8644123893300156,0.8469180006460607,0.8703236412900041,0.8703236412900041,0.86892102651139,0.8644123893300155,0.8709935295033124,0.8579299562126016,,,,,,,,,,,,,,,,,"{""markers"": [""args.json"", ""command.txt"", ""metrics.json"", ""run.log"", ""run_config.json"", ""status.json""]}"
PB000217,true,,run_artifact,run,canonical/scmae_11datasets_20260609_12,scmae_11datasets_20260609_12,,,Guo,scmae,scmae,scmae,2024,success,0,,,,,,,/data/luolie/biopipeline/dimension-reduction/plantnet/results/canonical/scmae_11datasets_20260609_12/Guo/scmae__seed2024__20260610_021117,/data/luolie/biopipeline/dimension-reduction/plantnet/results/canonical/scmae_11datasets_20260609_12/Guo/scmae__seed2024__20260610_021117,/data/luolie/biopipeline/dimension-reduction/plantnet/results/canonical/scmae_11datasets_20260609_12/Guo/scmae__seed2024__20260610_021117/metrics.json,/data/luolie/biopipeline/dimension-reduction/plantnet/results/canonical/scmae_11datasets_20260609_12/Guo/scmae__seed2024__20260610_021117/summary.json,/data/luolie/biopipeline/dimension-reduction/plantnet/results/canonical/scmae_11datasets_20260609_12/Guo/scmae__seed2024__20260610_021117/eval_fixed.csv,/data/luolie/biopipeline/dimension-reduction/plantnet/results/canonical/scmae_11datasets_20260609_12/Guo/scmae__seed2024__20260610_021117/args.json,/data/luolie/biopipeline/dimension-reduction/plantnet/results/canonical/scmae_11datasets_20260609_12/Guo/scmae__seed2024__20260610_021117/status.json,cc4a3f022b1612f7b3af795f49894bec9489fe5c,refactor/minimal-method-isolation-and-neighbormix-ablations,2,44.4,44.4,/data/luolie/conda/base/bin/python /home/luolie/biopipeline/dimension-reduction/plantnet/methods/DeepLearning/scMAE/run.py --data_path /home/luolie/biopipeline/dimension-reduction/plantnet/data/processed_scmae/Guo.h5ad --save_dir /home/luolie/biopipeline/dimension-reduction/plantnet/results/formal/scmae_11datasets/Guo/scmae__seed2024__20260610_021117 --n_clusters 12 --seed 2024 --epochs 200 --gpu 2,eval_fixed.csv,0.8610169491525423,0.8509735731745321,0.8200821532184521,0.8008169822538184,0.8008169822538184,0.8459329687327188,0.8509735731745323,0.8640385706598198,0.8382977980467629,,12,,,,,,,,,,,,,,,"{""markers"": [""args.json"", ""command.txt"", ""eval_fixed.csv"", ""metrics.json"", ""run.log"", ""status.json"", ""summary.json""]}"
PB000218,true,,run_artifact,run,canonical/scmae_11datasets_20260609_12,scmae_11datasets_20260609_12,,,Guo,scmae,scmae,scmae,3407,success,0,,,,,,,/data/luolie/biopipeline/dimension-reduction/plantnet/results/canonical/scmae_11datasets_20260609_12/Guo/scmae__seed3407__20260610_021206,/data/luolie/biopipeline/dimension-reduction/plantnet/results/canonical/scmae_11datasets_20260609_12/Guo/scmae__seed3407__20260610_021206,/data/luolie/biopipeline/dimension-reduction/plantnet/results/canonical/scmae_11datasets_20260609_12/Guo/scmae__seed3407__20260610_021206/metrics.json,/data/luolie/biopipeline/dimension-reduction/plantnet/results/canonical/scmae_11datasets_20260609_12/Guo/scmae__seed3407__20260610_021206/summary.json,/data/luolie/biopipeline/dimension-reduction/plantnet/results/canonical/scmae_11datasets_20260609_12/Guo/scmae__seed3407__20260610_021206/eval_fixed.csv,/data/luolie/biopipeline/dimension-reduction/plantnet/results/canonical/scmae_11datasets_20260609_12/Guo/scmae__seed3407__20260610_021206/args.json,/data/luolie/biopipeline/dimension-reduction/plantnet/results/canonical/scmae_11datasets_20260609_12/Guo/scmae__seed3407__20260610_021206/status.json,cc4a3f022b1612f7b3af795f49894bec9489fe5c,refactor/minimal-method-isolation-and-neighbormix-ablations,2,43.7,43.7,/data/luolie/conda/base/bin/python /home/luolie/biopipeline/dimension-reduction/plantnet/methods/DeepLearning/scMAE/run.py --data_path /home/luolie/biopipeline/dimension-reduction/plantnet/data/processed_scmae/Guo.h5ad --save_dir /home/luolie/biopipeline/dimension-reduction/plantnet/results/formal/scmae_11datasets/Guo/scmae__seed3407__20260610_021206 --n_clusters 12 --seed 3407 --epochs 200 --gpu 2,eval_fixed.csv,0.8657935285053929,0.852377859504368,0.8314697864580054,0.8014898124527643,0.8014898124527643,0.8556810834760898,0.8523778595043681,0.8645492063954116,0.8405444576622612,,12,,,,,,,,,,,,,,,"{""markers"": [""args.json"", ""command.txt"", ""eval_fixed.csv"", ""metrics.json"", ""run.log"", ""status.json"", ""summary.json""]}"
PB000219,true,,run_artifact,run,canonical/scmae_11datasets_20260609_12,scmae_11datasets_20260609_12,,,Guo,scmae,scmae,scmae,42,success,0,,,,,,,/data/luolie/biopipeline/dimension-reduction/plantnet/results/canonical/scmae_11datasets_20260609_12/Guo/scmae__seed42__20260610_021031,/data/luolie/biopipeline/dimension-reduction/plantnet/results/canonical/scmae_11datasets_20260609_12/Guo/scmae__seed42__20260610_021031,/data/luolie/biopipeline/dimension-reduction/plantnet/results/canonical/scmae_11datasets_20260609_12/Guo/scmae__seed42__20260610_021031/metrics.json,/data/luolie/biopipeline/dimension-reduction/plantnet/results/canonical/scmae_11datasets_20260609_12/Guo/scmae__seed42__20260610_021031/summary.json,/data/luolie/biopipeline/dimension-reduction/plantnet/results/canonical/scmae_11datasets_20260609_12/Guo/scmae__seed42__20260610_021031/eval_fixed.csv,/data/luolie/biopipeline/dimension-reduction/plantnet/results/canonical/scmae_11datasets_20260609_12/Guo/scmae__seed42__20260610_021031/args.json,/data/luolie/biopipeline/dimension-reduction/plantnet/results/canonical/scmae_11datasets_20260609_12/Guo/scmae__seed42__20260610_021031/status.json,cc4a3f022b1612f7b3af795f49894bec9489fe5c,refactor/minimal-method-isolation-and-neighbormix-ablations,2,40.7,40.7,/data/luolie/conda/base/bin/python /home/luolie/biopipeline/dimension-reduction/plantnet/methods/DeepLearning/scMAE/run.py --data_path /home/luolie/biopipeline/dimension-reduction/plantnet/data/processed_scmae/Guo.h5ad --save_dir /home/luolie/biopipeline/dimension-reduction/plantnet/results/formal/scmae_11datasets/Guo/scmae__seed42__20260610_021031 --n_clusters 12 --seed 42 --epochs 200 --gpu 2,eval_fixed.csv,0.8684129429892141,0.8518812747577263,0.8361628594101437,0.829958287807471,0.829958287807471,0.8596929464634389,0.8518812747577265,0.8588344081817781,0.8450398224611785,,12,,,,,,,,,,,,,,,"{""markers"": [""args.json"", ""command.txt"", ""eval_fixed.csv"", ""metrics.json"", ""run.log"", ""status.json"", ""summary.json""]}"
PB000220,true,,run_artifact,run,canonical/scmae_11datasets_20260609_12,scmae_11datasets_20260609_12,,,Guo,scname,scname,scname,2024,success,0,,,,,,,/data/luolie/biopipeline/dimension-reduction/plantnet/results/canonical/scmae_11datasets_20260609_12/Guo/scname__seed2024__20260610_131013,/data/luolie/biopipeline/dimension-reduction/plantnet/results/canonical/scmae_11datasets_20260609_12/Guo/scname__seed2024__20260610_131013,/data/luolie/biopipeline/dimension-reduction/plantnet/results/canonical/scmae_11datasets_20260609_12/Guo/scname__seed2024__20260610_131013/metrics.json,,,/data/luolie/biopipeline/dimension-reduction/plantnet/results/canonical/scmae_11datasets_20260609_12/Guo/scname__seed2024__20260610_131013/args.json,/data/luolie/biopipeline/dimension-reduction/plantnet/results/canonical/scmae_11datasets_20260609_12/Guo/scname__seed2024__20260610_131013/status.json,cc4a3f022b1612f7b3af795f49894bec9489fe5c,refactor/minimal-method-isolation-and-neighbormix-ablations,2,2197.6,2197.6,/data/luolie/conda/envs/scssl_bench_py310/bin/python /home/luolie/biopipeline/dimension-reduction/plantnet/methods/DeepLearning/scNAME/run.py --data_path /home/luolie/biopipeline/dimension-reduction/plantnet/data/processed_scmae/Guo.h5ad --save_dir /home/luolie/biopipeline/dimension-reduction/plantnet/results/formal/scmae_11datasets/Guo/scname__seed2024__20260610_131013 --n_clusters 12 --seed 2024 --epochs 200 --gpu 2,metrics.json:top_level,0.8194144838212635,0.8497191565511775,0.8188158142181589,0.7180971072167018,0.7180971072167018,0.8499436010173974,0.8497191565511775,0.8130609398087743,0.8898390429008834,,,,,,,,,,,,,,,,,"{""markers"": [""args.json"", ""command.txt"", ""metrics.json"", ""run.log"", ""status.json""]}"
PB000221,true,,run_artifact,run,canonical/scmae_11datasets_20260609_12,scmae_11datasets_20260609_12,,,Guo,scname,scname,scname,3407,success,0,,,,,,,/data/luolie/biopipeline/dimension-reduction/plantnet/results/canonical/scmae_11datasets_20260609_12/Guo/scname__seed3407__20260610_134709,/data/luolie/biopipeline/dimension-reduction/plantnet/results/canonical/scmae_11datasets_20260609_12/Guo/scname__seed3407__20260610_134709,/data/luolie/biopipeline/dimension-reduction/plantnet/results/canonical/scmae_11datasets_20260609_12/Guo/scname__seed3407__20260610_134709/metrics.json,,,/data/luolie/biopipeline/dimension-reduction/plantnet/results/canonical/scmae_11datasets_20260609_12/Guo/scname__seed3407__20260610_134709/args.json,/data/luolie/biopipeline/dimension-reduction/plantnet/results/canonical/scmae_11datasets_20260609_12/Guo/scname__seed3407__20260610_134709/status.json,cc4a3f022b1612f7b3af795f49894bec9489fe5c,refactor/minimal-method-isolation-and-neighbormix-ablations,2,2145.3,2145.3,/data/luolie/conda/envs/scssl_bench_py310/bin/python /home/luolie/biopipeline/dimension-reduction/plantnet/methods/DeepLearning/scNAME/run.py --data_path /home/luolie/biopipeline/dimension-reduction/plantnet/data/processed_scmae/Guo.h5ad --save_dir /home/luolie/biopipeline/dimension-reduction/plantnet/results/formal/scmae_11datasets/Guo/scname__seed3407__20260610_134709 --n_clusters 12 --seed 3407 --epochs 200 --gpu 2,metrics.json:top_level,0.8368258859784283,0.8247975547377027,0.7719743041986703,0.7694442467719927,0.7694442467719927,0.804992068094817,0.8247975547377027,0.8307750642870114,0.818905448261009,,,,,,,,,,,,,,,,,"{""markers"": [""args.json"", ""command.txt"", ""metrics.json"", ""run.log"", ""status.json""]}"
PB000222,true,,run_artifact,run,canonical/scmae_11datasets_20260609_12,scmae_11datasets_20260609_12,,,Guo,scname,scname,scname,42,success,0,,,,,,,/data/luolie/biopipeline/dimension-reduction/plantnet/results/canonical/scmae_11datasets_20260609_12/Guo/scname__seed42__20260610_123356,/data/luolie/biopipeline/dimension-reduction/plantnet/results/canonical/scmae_11datasets_20260609_12/Guo/scname__seed42__20260610_123356,/data/luolie/biopipeline/dimension-reduction/plantnet/results/canonical/scmae_11datasets_20260609_12/Guo/scname__seed42__20260610_123356/metrics.json,,,/data/luolie/biopipeline/dimension-reduction/plantnet/results/canonical/scmae_11datasets_20260609_12/Guo/scname__seed42__20260610_123356/args.json,/data/luolie/biopipeline/dimension-reduction/plantnet/results/canonical/scmae_11datasets_20260609_12/Guo/scname__seed42__20260610_123356/status.json,cc4a3f022b1612f7b3af795f49894bec9489fe5c,refactor/minimal-method-isolation-and-neighbormix-ablations,2,2159.3,2159.3,/data/luolie/conda/envs/scssl_bench_py310/bin/python /home/luolie/biopipeline/dimension-reduction/plantnet/methods/DeepLearning/scNAME/run.py --data_path /home/luolie/biopipeline/dimension-reduction/plantnet/data/processed_scmae/Guo.h5ad --save_dir /home/luolie/biopipeline/dimension-reduction/plantnet/results/formal/scmae_11datasets/Guo/scname__seed42__20260610_123356 --n_clusters 12 --seed 42 --epochs 200 --gpu 2,metrics.json:top_level,0.8016949152542373,0.8471672567549101,0.8091519110301985,0.732262284645632,0.732262284645632,0.8365323309597023,0.8471672567549101,0.8562126425400218,0.8383109914432828,,,,,,,,,,,,,,,,,"{""markers"": [""args.json"", ""command.txt"", ""metrics.json"", ""run.log"", ""status.json""]}"
PB000223,true,,run_artifact,run,canonical/scmae_11datasets_20260609_12,scmae_11datasets_20260609_12,,,Guo,sczidesk,sczidesk,sczidesk,2024,success,0,,,,,,,/data/luolie/biopipeline/dimension-reduction/plantnet/results/canonical/scmae_11datasets_20260609_12/Guo/sczidesk__seed2024__20260610_143833,/data/luolie/biopipeline/dimension-reduction/plantnet/results/canonical/scmae_11datasets_20260609_12/Guo/sczidesk__seed2024__20260610_143833,/data/luolie/biopipeline/dimension-reduction/plantnet/results/canonical/scmae_11datasets_20260609_12/Guo/sczidesk__seed2024__20260610_143833/metrics.json,,,/data/luolie/biopipeline/dimension-reduction/plantnet/results/canonical/scmae_11datasets_20260609_12/Guo/sczidesk__seed2024__20260610_143833/args.json,/data/luolie/biopipeline/dimension-reduction/plantnet/results/canonical/scmae_11datasets_20260609_12/Guo/sczidesk__seed2024__20260610_143833/status.json,cc4a3f022b1612f7b3af795f49894bec9489fe5c,refactor/minimal-method-isolation-and-neighbormix-ablations,2,857.9,857.9,/data/luolie/conda/envs/scssl_bench_py310/bin/python /home/luolie/biopipeline/dimension-reduction/plantnet/methods/DeepLearning/scziDesk/run.py --data_path /home/luolie/biopipeline/dimension-reduction/plantnet/data/processed_scmae/Guo.h5ad --save_dir /home/luolie/biopipeline/dimension-reduction/plantnet/results/formal/scmae_11datasets/Guo/sczidesk__seed2024__20260610_143833 --n_clusters 12 --seed 2024 --epochs 200 --gpu 2,metrics.json:top_level,0.7761171032357473,0.8044381693893188,0.7506578195038737,0.6133372677040132,0.6133372677040132,0.7915900421442635,0.8044381693893189,0.7781973731488576,0.8325103995409361,,,,,,,,,,,,,,,,,"{""markers"": [""args.json"", ""command.txt"", ""metrics.json"", ""run.log"", ""status.json""]}"
PB000224,true,,run_artifact,run,canonical/scmae_11datasets_20260609_12,scmae_11datasets_20260609_12,,,Guo,sczidesk,sczidesk,sczidesk,3407,success,0,,,,,,,/data/luolie/biopipeline/dimension-reduction/plantnet/results/canonical/scmae_11datasets_20260609_12/Guo/sczidesk__seed3407__20260610_145311,/data/luolie/biopipeline/dimension-reduction/plantnet/results/canonical/scmae_11datasets_20260609_12/Guo/sczidesk__seed3407__20260610_145311,/data/luolie/biopipeline/dimension-reduction/plantnet/results/canonical/scmae_11datasets_20260609_12/Guo/sczidesk__seed3407__20260610_145311/metrics.json,,,/data/luolie/biopipeline/dimension-reduction/plantnet/results/canonical/scmae_11datasets_20260609_12/Guo/sczidesk__seed3407__20260610_145311/args.json,/data/luolie/biopipeline/dimension-reduction/plantnet/results/canonical/scmae_11datasets_20260609_12/Guo/sczidesk__seed3407__20260610_145311/status.json,cc4a3f022b1612f7b3af795f49894bec9489fe5c,refactor/minimal-method-isolation-and-neighbormix-ablations,2,860.7,860.7,/data/luolie/conda/envs/scssl_bench_py310/bin/python /home/luolie/biopipeline/dimension-reduction/plantnet/methods/DeepLearning/scziDesk/run.py --data_path /home/luolie/biopipeline/dimension-reduction/plantnet/data/processed_scmae/Guo.h5ad --save_dir /home/luolie/biopipeline/dimension-reduction/plantnet/results/formal/scmae_11datasets/Guo/sczidesk__seed3407__20260610_145311 --n_clusters 12 --seed 3407 --epochs 200 --gpu 2,metrics.json:top_level,0.7967642526964561,0.8256731454301396,0.7909326660822886,0.6810681701566401,0.6810681701566401,0.8221952875279662,0.8256731454301396,0.824178886955808,0.8271728320073207,,,,,,,,,,,,,,,,,"{""markers"": [""args.json"", ""command.txt"", ""metrics.json"", ""run.log"", ""status.json""]}"
PB000225,true,,run_artifact,run,canonical/scmae_11datasets_20260609_12,scmae_11datasets_20260609_12,,,Guo,sczidesk,sczidesk,sczidesk,42,success,0,,,,,,,/data/luolie/biopipeline/dimension-reduction/plantnet/results/canonical/scmae_11datasets_20260609_12/Guo/sczidesk__seed42__20260610_142321,/data/luolie/biopipeline/dimension-reduction/plantnet/results/canonical/scmae_11datasets_20260609_12/Guo/sczidesk__seed42__20260610_142321,/data/luolie/biopipeline/dimension-reduction/plantnet/results/canonical/scmae_11datasets_20260609_12/Guo/sczidesk__seed42__20260610_142321/metrics.json,,,/data/luolie/biopipeline/dimension-reduction/plantnet/results/canonical/scmae_11datasets_20260609_12/Guo/sczidesk__seed42__20260610_142321/args.json,/data/luolie/biopipeline/dimension-reduction/plantnet/results/canonical/scmae_11datasets_20260609_12/Guo/sczidesk__seed42__20260610_142321/status.json,cc4a3f022b1612f7b3af795f49894bec9489fe5c,refactor/minimal-method-isolation-and-neighbormix-ablations,2,891.6,891.6,/data/luolie/conda/envs/scssl_bench_py310/bin/python /home/luolie/biopipeline/dimension-reduction/plantnet/methods/DeepLearning/scziDesk/run.py --data_path /home/luolie/biopipeline/dimension-reduction/plantnet/data/processed_scmae/Guo.h5ad --save_dir /home/luolie/biopipeline/dimension-reduction/plantnet/results/formal/scmae_11datasets/Guo/sczidesk__seed42__20260610_142321 --n_clusters 12 --seed 42 --epochs 200 --gpu 2,metrics.json:top_level,0.7901386748844376,0.8274939654996643,0.7955744734884969,0.68648580063557,0.68648580063557,0.8252707580252859,0.8274939654996644,0.8281273389236558,0.8268615601763277,,,,,,,,,,,,,,,,,"{""markers"": [""args.json"", ""command.txt"", ""metrics.json"", ""run.log"", ""status.json""]}"
PB000226,true,,run_artifact,run,canonical/scmae_11datasets_20260609_12,scmae_11datasets_20260609_12,,,Limb_Muscle,attentionae_sc,attentionae_sc,attentionae_sc,2024,success,0,,,,,,,/data/luolie/biopipeline/dimension-reduction/plantnet/results/canonical/scmae_11datasets_20260609_12/Limb_Muscle/attentionae_sc__seed2024__20260610_151147,/data/luolie/biopipeline/dimension-reduction/plantnet/results/canonical/scmae_11datasets_20260609_12/Limb_Muscle/attentionae_sc__seed2024__20260610_151147,/data/luolie/biopipeline/dimension-reduction/plantnet/results/canonical/scmae_11datasets_20260609_12/Limb_Muscle/attentionae_sc__seed2024__20260610_151147/metrics.json,,,/data/luolie/biopipeline/dimension-reduction/plantnet/results/canonical/scmae_11datasets_20260609_12/Limb_Muscle/attentionae_sc__seed2024__20260610_151147/args.json,/data/luolie/biopipeline/dimension-reduction/plantnet/results/canonical/scmae_11datasets_20260609_12/Limb_Muscle/attentionae_sc__seed2024__20260610_151147/status.json,cc4a3f022b1612f7b3af795f49894bec9489fe5c,refactor/minimal-method-isolation-and-neighbormix-ablations,2,294.3,294.3,/data/luolie/conda/envs/scclubench-main/bin/python /home/luolie/biopipeline/dimension-reduction/plantnet/methods/GNN/AttentionAE_sc/run.py --data_path /home/luolie/biopipeline/dimension-reduction/plantnet/data/processed_scmae/Limb_Muscle.h5ad --save_dir /home/luolie/biopipeline/dimension-reduction/plantnet/results/formal/scmae_11datasets/Limb_Muscle/attentionae_sc__seed2024__20260610_151147 --n_clusters 6 --seed 2024 --epochs 200 --gpu 2,metrics.json:top_level,0.8398567408544385,0.7975099615039631,0.7604177086053115,0.7204453700156551,0.7204453700156551,0.8193517658546788,0.797509961503963,0.7617039412368599,0.8368483547131335,,,,,,,,,,,,,,,,,"{""markers"": [""args.json"", ""command.txt"", ""metrics.json"", ""run.log"", ""status.json""]}"
PB000227,true,,run_artifact,run,canonical/scmae_11datasets_20260609_12,scmae_11datasets_20260609_12,,,Limb_Muscle,attentionae_sc,attentionae_sc,attentionae_sc,3407,success,0,,,,,,,/data/luolie/biopipeline/dimension-reduction/plantnet/results/canonical/scmae_11datasets_20260609_12/Limb_Muscle/attentionae_sc__seed3407__20260610_151654,/data/luolie/biopipeline/dimension-reduction/plantnet/results/canonical/scmae_11datasets_20260609_12/Limb_Muscle/attentionae_sc__seed3407__20260610_151654,/data/luolie/biopipeline/dimension-reduction/plantnet/results/canonical/scmae_11datasets_20260609_12/Limb_Muscle/attentionae_sc__seed3407__20260610_151654/metrics.json,,,/data/luolie/biopipeline/dimension-reduction/plantnet/results/canonical/scmae_11datasets_20260609_12/Limb_Muscle/attentionae_sc__seed3407__20260610_151654/args.json,/data/luolie/biopipeline/dimension-reduction/plantnet/results/canonical/scmae_11datasets_20260609_12/Limb_Muscle/attentionae_sc__seed3407__20260610_151654/status.json,cc4a3f022b1612f7b3af795f49894bec9489fe5c,refactor/minimal-method-isolation-and-neighbormix-ablations,2,285.5,285.5,/data/luolie/conda/envs/scclubench-main/bin/python /home/luolie/biopipeline/dimension-reduction/plantnet/methods/GNN/AttentionAE_sc/run.py --data_path /home/luolie/biopipeline/dimension-reduction/plantnet/data/processed_scmae/Limb_Muscle.h5ad --save_dir /home/luolie/biopipeline/dimension-reduction/plantnet/results/formal/scmae_11datasets/Limb_Muscle/attentionae_sc__seed3407__20260610_151654 --n_clusters 6 --seed 3407 --epochs 200 --gpu 2,metrics.json:top_level,0.6300844205679201,0.7115424417787036,0.5543760392061439,0.5112241614154597,0.5112241614154597,0.6623954980432499,0.7115424417787036,0.6863063516690852,0.7387052869733819,,,,,,,,,,,,,,,,,"{""markers"": [""args.json"", ""command.txt"", ""metrics.json"", ""run.log"", ""status.json""]}"
PB000228,true,,run_artifact,run,canonical/scmae_11datasets_20260609_12,scmae_11datasets_20260609_12,,,Limb_Muscle,attentionae_sc,attentionae_sc,attentionae_sc,42,success,0,,,,,,,/data/luolie/biopipeline/dimension-reduction/plantnet/results/canonical/scmae_11datasets_20260609_12/Limb_Muscle/attentionae_sc__seed42__20260610_150801,/data/luolie/biopipeline/dimension-reduction/plantnet/results/canonical/scmae_11datasets_20260609_12/Limb_Muscle/attentionae_sc__seed42__20260610_150801,/data/luolie/biopipeline/dimension-reduction/plantnet/results/canonical/scmae_11datasets_20260609_12/Limb_Muscle/attentionae_sc__seed42__20260610_150801/metrics.json,,,/data/luolie/biopipeline/dimension-reduction/plantnet/results/canonical/scmae_11datasets_20260609_12/Limb_Muscle/attentionae_sc__seed42__20260610_150801/args.json,/data/luolie/biopipeline/dimension-reduction/plantnet/results/canonical/scmae_11datasets_20260609_12/Limb_Muscle/attentionae_sc__seed42__20260610_150801/status.json,cc4a3f022b1612f7b3af795f49894bec9489fe5c,refactor/minimal-method-isolation-and-neighbormix-ablations,2,212.2,212.2,/data/luolie/conda/envs/scclubench-main/bin/python /home/luolie/biopipeline/dimension-reduction/plantnet/methods/GNN/AttentionAE_sc/run.py --data_path /home/luolie/biopipeline/dimension-reduction/plantnet/data/processed_scmae/Limb_Muscle.h5ad --save_dir /home/luolie/biopipeline/dimension-reduction/plantnet/results/formal/scmae_11datasets/Limb_Muscle/attentionae_sc__seed42__20260610_150801 --n_clusters 6 --seed 42 --epochs 200 --gpu 2,metrics.json:top_level,0.12125863392171911,0.004210563503431505,-0.0008613547661055125,0.03930561625957924,0.03930561625957924,0.4821514602919927,0.004210563503431505,0.0021415145196964293,0.12443132806623058,,,,,,,,,,,,,,,,,"{""markers"": [""args.json"", ""command.txt"", ""metrics.json"", ""run.log"", ""status.json""]}"
PB000229,true,,run_artifact,run,canonical/scmae_11datasets_20260609_12,scmae_11datasets_20260609_12,,,Limb_Muscle,dec,dec,dec,2024,success,0,,,,,,,/data/luolie/biopipeline/dimension-reduction/plantnet/results/canonical/scmae_11datasets_20260609_12/Limb_Muscle/dec__seed2024__20260610_021335,/data/luolie/biopipeline/dimension-reduction/plantnet/results/canonical/scmae_11datasets_20260609_12/Limb_Muscle/dec__seed2024__20260610_021335,/data/luolie/biopipeline/dimension-reduction/plantnet/results/canonical/scmae_11datasets_20260609_12/Limb_Muscle/dec__seed2024__20260610_021335/metrics.json,,,/data/luolie/biopipeline/dimension-reduction/plantnet/results/canonical/scmae_11datasets_20260609_12/Limb_Muscle/dec__seed2024__20260610_021335/args.json,/data/luolie/biopipeline/dimension-reduction/plantnet/results/canonical/scmae_11datasets_20260609_12/Limb_Muscle/dec__seed2024__20260610_021335/status.json,cc4a3f022b1612f7b3af795f49894bec9489fe5c,refactor/minimal-method-isolation-and-neighbormix-ablations,2,29.9,29.9,/data/luolie/conda/base/bin/python /home/luolie/biopipeline/dimension-reduction/plantnet/methods/DeepLearning/dec/run.py --data_path /home/luolie/biopipeline/dimension-reduction/plantnet/data/processed_scmae/Limb_Muscle.h5ad --save_dir /home/luolie/biopipeline/dimension-reduction/plantnet/results/formal/scmae_11datasets/Limb_Muscle/dec__seed2024__20260610_021335 --n_clusters 6 --seed 2024 --epochs 200 --pretrain_epochs 200 --gpu 2,metrics.json:top_level,0.6055257099002302,0.46786407054042733,0.30315457533093015,0.4149022599119383,0.4149022599119383,0.5458220026417215,0.46786407054042733,0.39096043720431906,0.5824307555757842,,,,,,,,,,,,,,,,,"{""markers"": [""args.json"", ""command.txt"", ""metrics.json"", ""run.log"", ""run_config.json"", ""status.json""]}"
PB000230,true,,run_artifact,run,canonical/scmae_11datasets_20260609_12,scmae_11datasets_20260609_12,,,Limb_Muscle,dec,dec,dec,3407,success,0,,,,,,,/data/luolie/biopipeline/dimension-reduction/plantnet/results/canonical/scmae_11datasets_20260609_12/Limb_Muscle/dec__seed3407__20260610_021411,/data/luolie/biopipeline/dimension-reduction/plantnet/results/canonical/scmae_11datasets_20260609_12/Limb_Muscle/dec__seed3407__20260610_021411,/data/luolie/biopipeline/dimension-reduction/plantnet/results/canonical/scmae_11datasets_20260609_12/Limb_Muscle/dec__seed3407__20260610_021411/metrics.json,,,/data/luolie/biopipeline/dimension-reduction/plantnet/results/canonical/scmae_11datasets_20260609_12/Limb_Muscle/dec__seed3407__20260610_021411/args.json,/data/luolie/biopipeline/dimension-reduction/plantnet/results/canonical/scmae_11datasets_20260609_12/Limb_Muscle/dec__seed3407__20260610_021411/status.json,cc4a3f022b1612f7b3af795f49894bec9489fe5c,refactor/minimal-method-isolation-and-neighbormix-ablations,2,32.0,32.0,/data/luolie/conda/base/bin/python /home/luolie/biopipeline/dimension-reduction/plantnet/methods/DeepLearning/dec/run.py --data_path /home/luolie/biopipeline/dimension-reduction/plantnet/data/processed_scmae/Limb_Muscle.h5ad --save_dir /home/luolie/biopipeline/dimension-reduction/plantnet/results/formal/scmae_11datasets/Limb_Muscle/dec__seed3407__20260610_021411 --n_clusters 6 --seed 3407 --epochs 200 --pretrain_epochs 200 --gpu 2,metrics.json:top_level,0.6323867996930161,0.513983589231359,0.3565293493642888,0.448833886745122,0.448833886745122,0.5788125184559134,0.5139835892313589,0.4331584967329182,0.6318911467976535,,,,,,,,,,,,,,,,,"{""markers"": [""args.json"", ""command.txt"", ""metrics.json"", ""run.log"", ""run_config.json"", ""status.json""]}"
PB000231,true,,run_artifact,run,canonical/scmae_11datasets_20260609_12,scmae_11datasets_20260609_12,,,Limb_Muscle,dec,dec,dec,42,success,0,,,,,,,/data/luolie/biopipeline/dimension-reduction/plantnet/results/canonical/scmae_11datasets_20260609_12/Limb_Muscle/dec__seed42__20260610_021257,/data/luolie/biopipeline/dimension-reduction/plantnet/results/canonical/scmae_11datasets_20260609_12/Limb_Muscle/dec__seed42__20260610_021257,/data/luolie/biopipeline/dimension-reduction/plantnet/results/canonical/scmae_11datasets_20260609_12/Limb_Muscle/dec__seed42__20260610_021257/metrics.json,,,/data/luolie/biopipeline/dimension-reduction/plantnet/results/canonical/scmae_11datasets_20260609_12/Limb_Muscle/dec__seed42__20260610_021257/args.json,/data/luolie/biopipeline/dimension-reduction/plantnet/results/canonical/scmae_11datasets_20260609_12/Limb_Muscle/dec__seed42__20260610_021257/status.json,cc4a3f022b1612f7b3af795f49894bec9489fe5c,refactor/minimal-method-isolation-and-neighbormix-ablations,2,32.7,32.7,/data/luolie/conda/base/bin/python /home/luolie/biopipeline/dimension-reduction/plantnet/methods/DeepLearning/dec/run.py --data_path /home/luolie/biopipeline/dimension-reduction/plantnet/data/processed_scmae/Limb_Muscle.h5ad --save_dir /home/luolie/biopipeline/dimension-reduction/plantnet/results/formal/scmae_11datasets/Limb_Muscle/dec__seed42__20260610_021257 --n_clusters 6 --seed 42 --epochs 200 --pretrain_epochs 200 --gpu 2,metrics.json:top_level,0.6216423637759018,0.5180956930475877,0.3647228770117309,0.3966573082706096,0.3966573082706096,0.587853887914066,0.5180956930475876,0.4309631484908497,0.649389986058729,,,,,,,,,,,,,,,,,"{""markers"": [""args.json"", ""command.txt"", ""metrics.json"", ""run.log"", ""run_config.json"", ""status.json""]}"
PB000232,true,,run_artifact,run,canonical/scmae_11datasets_20260609_12,scmae_11datasets_20260609_12,,,Limb_Muscle,desc,desc,desc,2024,success,0,,,,,,,/data/luolie/biopipeline/dimension-reduction/plantnet/results/canonical/scmae_11datasets_20260609_12/Limb_Muscle/desc__seed2024__20260611_230235,/data/luolie/biopipeline/dimension-reduction/plantnet/results/canonical/scmae_11datasets_20260609_12/Limb_Muscle/desc__seed2024__20260611_230235,/data/luolie/biopipeline/dimension-reduction/plantnet/results/canonical/scmae_11datasets_20260609_12/Limb_Muscle/desc__seed2024__20260611_230235/metrics.json,,,/data/luolie/biopipeline/dimension-reduction/plantnet/results/canonical/scmae_11datasets_20260609_12/Limb_Muscle/desc__seed2024__20260611_230235/args.json,/data/luolie/biopipeline/dimension-reduction/plantnet/results/canonical/scmae_11datasets_20260609_12/Limb_Muscle/desc__seed2024__20260611_230235/status.json,,,3,80.5,80.5,/data/luolie/conda/envs/scssl_bench_py310/bin/python /home/luolie/biopipeline/dimension-reduction/plantnet/methods/DeepLearning/desc/run.py --data_path /home/luolie/biopipeline/dimension-reduction/plantnet/data/processed_scmae/Limb_Muscle.h5ad --save_dir /home/luolie/biopipeline/dimension-reduction/plantnet/results/formal/scmae_11datasets/Limb_Muscle/desc__seed2024__20260611_230235 --n_clusters 6 --seed 2024 --epochs 200 --pretrain_epochs 200 --gpu 3,metrics.json:top_level,0.6331542594013815,0.6437042279424622,0.3868556119938744,0.6322026936684408,0.6322026936684408,0.5335487832792493,0.6437042279424622,0.6415373010331917,0.645885842964977,,,,,,,,,,,,,,,,,"{""markers"": [""args.json"", ""command.txt"", ""metrics.json"", ""run.log"", ""status.json""]}"
PB000233,true,,run_artifact,run,canonical/scmae_11datasets_20260609_12,scmae_11datasets_20260609_12,,,Limb_Muscle,desc,desc,desc,3407,success,0,,,,,,,/data/luolie/biopipeline/dimension-reduction/plantnet/results/canonical/scmae_11datasets_20260609_12/Limb_Muscle/desc__seed3407__20260611_230356,/data/luolie/biopipeline/dimension-reduction/plantnet/results/canonical/scmae_11datasets_20260609_12/Limb_Muscle/desc__seed3407__20260611_230356,/data/luolie/biopipeline/dimension-reduction/plantnet/results/canonical/scmae_11datasets_20260609_12/Limb_Muscle/desc__seed3407__20260611_230356/metrics.json,,,/data/luolie/biopipeline/dimension-reduction/plantnet/results/canonical/scmae_11datasets_20260609_12/Limb_Muscle/desc__seed3407__20260611_230356/args.json,/data/luolie/biopipeline/dimension-reduction/plantnet/results/canonical/scmae_11datasets_20260609_12/Limb_Muscle/desc__seed3407__20260611_230356/status.json,,,3,75.3,75.3,/data/luolie/conda/envs/scssl_bench_py310/bin/python /home/luolie/biopipeline/dimension-reduction/plantnet/methods/DeepLearning/desc/run.py --data_path /home/luolie/biopipeline/dimension-reduction/plantnet/data/processed_scmae/Limb_Muscle.h5ad --save_dir /home/luolie/biopipeline/dimension-reduction/plantnet/results/formal/scmae_11datasets/Limb_Muscle/desc__seed3407__20260611_230356 --n_clusters 6 --seed 3407 --epochs 200 --pretrain_epochs 200 --gpu 3,metrics.json:top_level,0.5945254540803274,0.6146082988495513,0.33069683664442134,0.602557232717751,0.602557232717751,0.5002023043461774,0.6146082988495511,0.6010511030757192,0.6287911949241545,,,,,,,,,,,,,,,,,"{""markers"": [""args.json"", ""command.txt"", ""metrics.json"", ""run.log"", ""status.json""]}"
PB000234,true,,run_artifact,run,canonical/scmae_11datasets_20260609_12,scmae_11datasets_20260609_12,,,Limb_Muscle,desc,desc,desc,42,success,0,,,,,,,/data/luolie/biopipeline/dimension-reduction/plantnet/results/canonical/scmae_11datasets_20260609_12/Limb_Muscle/desc__seed42__20260611_230049,/data/luolie/biopipeline/dimension-reduction/plantnet/results/canonical/scmae_11datasets_20260609_12/Limb_Muscle/desc__seed42__20260611_230049,/data/luolie/biopipeline/dimension-reduction/plantnet/results/canonical/scmae_11datasets_20260609_12/Limb_Muscle/desc__seed42__20260611_230049/metrics.json,,,/data/luolie/biopipeline/dimension-reduction/plantnet/results/canonical/scmae_11datasets_20260609_12/Limb_Muscle/desc__seed42__20260611_230049/args.json,/data/luolie/biopipeline/dimension-reduction/plantnet/results/canonical/scmae_11datasets_20260609_12/Limb_Muscle/desc__seed42__20260611_230049/status.json,,,3,106.2,106.2,/data/luolie/conda/envs/scssl_bench_py310/bin/python /home/luolie/biopipeline/dimension-reduction/plantnet/methods/DeepLearning/desc/run.py --data_path /home/luolie/biopipeline/dimension-reduction/plantnet/data/processed_scmae/Limb_Muscle.h5ad --save_dir /home/luolie/biopipeline/dimension-reduction/plantnet/results/formal/scmae_11datasets/Limb_Muscle/desc__seed42__20260611_230049 --n_clusters 6 --seed 42 --epochs 200 --pretrain_epochs 200 --gpu 3,metrics.json:top_level,0.6211307239703249,0.6161437689289069,0.3377329371643188,0.6203786040858484,0.6203786040858484,0.5049521232100949,0.6161437689289069,0.6024193960461217,0.6305080602876921,,,,,,,,,,,,,,,,,"{""markers"": [""args.json"", ""command.txt"", ""metrics.json"", ""run.log"", ""status.json""]}"
PB000235,true,,run_artifact,run,canonical/scmae_11datasets_20260609_12,scmae_11datasets_20260609_12,,,Limb_Muscle,leiden,leiden,leiden,2024,success,0,,,,,,,/data/luolie/biopipeline/dimension-reduction/plantnet/results/canonical/scmae_11datasets_20260609_12/Limb_Muscle/leiden__seed2024__20260610_021515,/data/luolie/biopipeline/dimension-reduction/plantnet/results/canonical/scmae_11datasets_20260609_12/Limb_Muscle/leiden__seed2024__20260610_021515,/data/luolie/biopipeline/dimension-reduction/plantnet/results/canonical/scmae_11datasets_20260609_12/Limb_Muscle/leiden__seed2024__20260610_021515/metrics.json,,,/data/luolie/biopipeline/dimension-reduction/plantnet/results/canonical/scmae_11datasets_20260609_12/Limb_Muscle/leiden__seed2024__20260610_021515/args.json,/data/luolie/biopipeline/dimension-reduction/plantnet/results/canonical/scmae_11datasets_20260609_12/Limb_Muscle/leiden__seed2024__20260610_021515/status.json,cc4a3f022b1612f7b3af795f49894bec9489fe5c,refactor/minimal-method-isolation-and-neighbormix-ablations,2,24.1,24.1,/data/luolie/conda/base/bin/python /home/luolie/biopipeline/dimension-reduction/plantnet/methods/Traditional/Leiden/run.py --data_path /home/luolie/biopipeline/dimension-reduction/plantnet/data/processed_scmae/Limb_Muscle.h5ad --save_dir /home/luolie/biopipeline/dimension-reduction/plantnet/results/formal/scmae_11datasets/Limb_Muscle/leiden__seed2024__20260610_021515 --n_clusters 6 --seed 2024,metrics.json:top_level,0.8674852903555896,0.8435524258161202,0.7695427782643176,0.7926822599033212,0.7926822599033212,0.8303656105572578,0.8435524258161202,0.8109740524624482,0.8788578194728506,,,,,,,,,,,,,,,,,"{""markers"": [""args.json"", ""command.txt"", ""metrics.json"", ""run.log"", ""status.json""]}"
PB000236,true,,run_artifact,run,canonical/scmae_11datasets_20260609_12,scmae_11datasets_20260609_12,,,Limb_Muscle,leiden,leiden,leiden,3407,success,0,,,,,,,/data/luolie/biopipeline/dimension-reduction/plantnet/results/canonical/scmae_11datasets_20260609_12/Limb_Muscle/leiden__seed3407__20260610_021545,/data/luolie/biopipeline/dimension-reduction/plantnet/results/canonical/scmae_11datasets_20260609_12/Limb_Muscle/leiden__seed3407__20260610_021545,/data/luolie/biopipeline/dimension-reduction/plantnet/results/canonical/scmae_11datasets_20260609_12/Limb_Muscle/leiden__seed3407__20260610_021545/metrics.json,,,/data/luolie/biopipeline/dimension-reduction/plantnet/results/canonical/scmae_11datasets_20260609_12/Limb_Muscle/leiden__seed3407__20260610_021545/args.json,/data/luolie/biopipeline/dimension-reduction/plantnet/results/canonical/scmae_11datasets_20260609_12/Limb_Muscle/leiden__seed3407__20260610_021545/status.json,cc4a3f022b1612f7b3af795f49894bec9489fe5c,refactor/minimal-method-isolation-and-neighbormix-ablations,2,23.9,23.9,/data/luolie/conda/base/bin/python /home/luolie/biopipeline/dimension-reduction/plantnet/methods/Traditional/Leiden/run.py --data_path /home/luolie/biopipeline/dimension-reduction/plantnet/data/processed_scmae/Limb_Muscle.h5ad --save_dir /home/luolie/biopipeline/dimension-reduction/plantnet/results/formal/scmae_11datasets/Limb_Muscle/leiden__seed3407__20260610_021545 --n_clusters 6 --seed 3407,metrics.json:top_level,0.8669736505500127,0.8412906114551396,0.7692496865478194,0.79147884326143,0.79147884326143,0.8301929903508226,0.8412906114551398,0.8086502100397115,0.8766768436389936,,,,,,,,,,,,,,,,,"{""markers"": [""args.json"", ""command.txt"", ""metrics.json"", ""run.log"", ""status.json""]}"
PB000237,true,,run_artifact,run,canonical/scmae_11datasets_20260609_12,scmae_11datasets_20260609_12,,,Limb_Muscle,leiden,leiden,leiden,42,success,0,,,,,,,/data/luolie/biopipeline/dimension-reduction/plantnet/results/canonical/scmae_11datasets_20260609_12/Limb_Muscle/leiden__seed42__20260610_021448,/data/luolie/biopipeline/dimension-reduction/plantnet/results/canonical/scmae_11datasets_20260609_12/Limb_Muscle/leiden__seed42__20260610_021448,/data/luolie/biopipeline/dimension-reduction/plantnet/results/canonical/scmae_11datasets_20260609_12/Limb_Muscle/leiden__seed42__20260610_021448/metrics.json,,,/data/luolie/biopipeline/dimension-reduction/plantnet/results/canonical/scmae_11datasets_20260609_12/Limb_Muscle/leiden__seed42__20260610_021448/args.json,/data/luolie/biopipeline/dimension-reduction/plantnet/results/canonical/scmae_11datasets_20260609_12/Limb_Muscle/leiden__seed42__20260610_021448/status.json,cc4a3f022b1612f7b3af795f49894bec9489fe5c,refactor/minimal-method-isolation-and-neighbormix-ablations,2,21.8,21.8,/data/luolie/conda/base/bin/python /home/luolie/biopipeline/dimension-reduction/plantnet/methods/Traditional/Leiden/run.py --data_path /home/luolie/biopipeline/dimension-reduction/plantnet/data/processed_scmae/Limb_Muscle.h5ad --save_dir /home/luolie/biopipeline/dimension-reduction/plantnet/results/formal/scmae_11datasets/Limb_Muscle/leiden__seed42__20260610_021448 --n_clusters 6 --seed 42,metrics.json:top_level,0.8667178306472244,0.8413002573100816,0.76891960860201,0.7910515269293775,0.7910515269293775,0.8299018684471974,0.8413002573100815,0.808785223911951,0.8765391551816933,,,,,,,,,,,,,,,,,"{""markers"": [""args.json"", ""command.txt"", ""metrics.json"", ""run.log"", ""status.json""]}"
PB000238,true,,run_artifact,run,canonical/scmae_11datasets_20260609_12,scmae_11datasets_20260609_12,,,Limb_Muscle,louvain,louvain,louvain,2024,success,0,,,,,,,/data/luolie/biopipeline/dimension-reduction/plantnet/results/canonical/scmae_11datasets_20260609_12/Limb_Muscle/louvain__seed2024__20260610_021646,/data/luolie/biopipeline/dimension-reduction/plantnet/results/canonical/scmae_11datasets_20260609_12/Limb_Muscle/louvain__seed2024__20260610_021646,/data/luolie/biopipeline/dimension-reduction/plantnet/results/canonical/scmae_11datasets_20260609_12/Limb_Muscle/louvain__seed2024__20260610_021646/metrics.json,,,/data/luolie/biopipeline/dimension-reduction/plantnet/results/canonical/scmae_11datasets_20260609_12/Limb_Muscle/louvain__seed2024__20260610_021646/args.json,/data/luolie/biopipeline/dimension-reduction/plantnet/results/canonical/scmae_11datasets_20260609_12/Limb_Muscle/louvain__seed2024__20260610_021646/status.json,cc4a3f022b1612f7b3af795f49894bec9489fe5c,refactor/minimal-method-isolation-and-neighbormix-ablations,2,26.3,26.3,/data/luolie/conda/base/bin/python /home/luolie/biopipeline/dimension-reduction/plantnet/methods/Traditional/Louvain/run.py --data_path /home/luolie/biopipeline/dimension-reduction/plantnet/data/processed_scmae/Limb_Muscle.h5ad --save_dir /home/luolie/biopipeline/dimension-reduction/plantnet/results/formal/scmae_11datasets/Limb_Muscle/louvain__seed2024__20260610_021646 --n_clusters 6 --seed 2024,metrics.json:top_level,0.8654387311332822,0.8352115300723844,0.7652250642658529,0.7893128175731955,0.7893128175731955,0.827401124607545,0.8352115300723842,0.8021346468464483,0.8711336617456974,,,,,,,,,,,,,,,,,"{""markers"": [""args.json"", ""command.txt"", ""metrics.json"", ""run.log"", ""status.json""]}"
PB000239,true,,run_artifact,run,canonical/scmae_11datasets_20260609_12,scmae_11datasets_20260609_12,,,Limb_Muscle,louvain,louvain,louvain,3407,success,0,,,,,,,/data/luolie/biopipeline/dimension-reduction/plantnet/results/canonical/scmae_11datasets_20260609_12/Limb_Muscle/louvain__seed3407__20260610_021718,/data/luolie/biopipeline/dimension-reduction/plantnet/results/canonical/scmae_11datasets_20260609_12/Limb_Muscle/louvain__seed3407__20260610_021718,/data/luolie/biopipeline/dimension-reduction/plantnet/results/canonical/scmae_11datasets_20260609_12/Limb_Muscle/louvain__seed3407__20260610_021718/metrics.json,,,/data/luolie/biopipeline/dimension-reduction/plantnet/results/canonical/scmae_11datasets_20260609_12/Limb_Muscle/louvain__seed3407__20260610_021718/args.json,/data/luolie/biopipeline/dimension-reduction/plantnet/results/canonical/scmae_11datasets_20260609_12/Limb_Muscle/louvain__seed3407__20260610_021718/status.json,cc4a3f022b1612f7b3af795f49894bec9489fe5c,refactor/minimal-method-isolation-and-neighbormix-ablations,2,25.0,25.0,/data/luolie/conda/base/bin/python /home/luolie/biopipeline/dimension-reduction/plantnet/methods/Traditional/Louvain/run.py --data_path /home/luolie/biopipeline/dimension-reduction/plantnet/data/processed_scmae/Limb_Muscle.h5ad --save_dir /home/luolie/biopipeline/dimension-reduction/plantnet/results/formal/scmae_11datasets/Limb_Muscle/louvain__seed3407__20260610_021718 --n_clusters 6 --seed 3407,metrics.json:top_level,0.8644154515221284,0.8329636139634329,0.7601464952268749,0.7905859325818985,0.7905859325818985,0.8235063508126349,0.8329636139634328,0.8003615189588572,0.8683345361957175,,,,,,,,,,,,,,,,,"{""markers"": [""args.json"", ""command.txt"", ""metrics.json"", ""run.log"", ""status.json""]}"
PB000240,true,,run_artifact,run,canonical/scmae_11datasets_20260609_12,scmae_11datasets_20260609_12,,,Limb_Muscle,louvain,louvain,louvain,42,success,0,,,,,,,/data/luolie/biopipeline/dimension-reduction/plantnet/results/canonical/scmae_11datasets_20260609_12/Limb_Muscle/louvain__seed42__20260610_021613,/data/luolie/biopipeline/dimension-reduction/plantnet/results/canonical/scmae_11datasets_20260609_12/Limb_Muscle/louvain__seed42__20260610_021613,/data/luolie/biopipeline/dimension-reduction/plantnet/results/canonical/scmae_11datasets_20260609_12/Limb_Muscle/louvain__seed42__20260610_021613/metrics.json,,,/data/luolie/biopipeline/dimension-reduction/plantnet/results/canonical/scmae_11datasets_20260609_12/Limb_Muscle/louvain__seed42__20260610_021613/args.json,/data/luolie/biopipeline/dimension-reduction/plantnet/results/canonical/scmae_11datasets_20260609_12/Limb_Muscle/louvain__seed42__20260610_021613/status.json,cc4a3f022b1612f7b3af795f49894bec9489fe5c,refactor/minimal-method-isolation-and-neighbormix-ablations,2,26.9,26.9,/data/luolie/conda/base/bin/python /home/luolie/biopipeline/dimension-reduction/plantnet/methods/Traditional/Louvain/run.py --data_path /home/luolie/biopipeline/dimension-reduction/plantnet/data/processed_scmae/Limb_Muscle.h5ad --save_dir /home/luolie/biopipeline/dimension-reduction/plantnet/results/formal/scmae_11datasets/Limb_Muscle/louvain__seed42__20260610_021613 --n_clusters 6 --seed 42,metrics.json:top_level,0.8628805321053978,0.8284673072979222,0.7617688660625234,0.7855528820835335,0.7855528820835335,0.8247980562005158,0.8284673072979223,0.7956657426412153,0.8640896693520658,,,,,,,,,,,,,,,,,"{""markers"": [""args.json"", ""command.txt"", ""metrics.json"", ""run.log"", ""status.json""]}"
PB000241,true,,run_artifact,run,canonical/scmae_11datasets_20260609_12,scmae_11datasets_20260609_12,,,Limb_Muscle,neighbormix_scmae,neighbormix_scmae,neighbormix_scmae,2024,success,0,,,,,,,/data/luolie/biopipeline/dimension-reduction/plantnet/results/canonical/scmae_11datasets_20260609_12/Limb_Muscle/neighbormix_scmae__seed2024__20260610_021850,/data/luolie/biopipeline/dimension-reduction/plantnet/results/canonical/scmae_11datasets_20260609_12/Limb_Muscle/neighbormix_scmae__seed2024__20260610_021850,/data/luolie/biopipeline/dimension-reduction/plantnet/results/canonical/scmae_11datasets_20260609_12/Limb_Muscle/neighbormix_scmae__seed2024__20260610_021850/metrics.json,/data/luolie/biopipeline/dimension-reduction/plantnet/results/canonical/scmae_11datasets_20260609_12/Limb_Muscle/neighbormix_scmae__seed2024__20260610_021850/summary.json,/data/luolie/biopipeline/dimension-reduction/plantnet/results/canonical/scmae_11datasets_20260609_12/Limb_Muscle/neighbormix_scmae__seed2024__20260610_021850/eval_fixed.csv,/data/luolie/biopipeline/dimension-reduction/plantnet/results/canonical/scmae_11datasets_20260609_12/Limb_Muscle/neighbormix_scmae__seed2024__20260610_021850/args.json,/data/luolie/biopipeline/dimension-reduction/plantnet/results/canonical/scmae_11datasets_20260609_12/Limb_Muscle/neighbormix_scmae__seed2024__20260610_021850/status.json,cc4a3f022b1612f7b3af795f49894bec9489fe5c,refactor/minimal-method-isolation-and-neighbormix-ablations,2,59.1,59.1,/data/luolie/conda/base/bin/python /home/luolie/biopipeline/dimension-reduction/plantnet/methods/DeepLearning/NeighborMix_scMAE/run.py --data_path /home/luolie/biopipeline/dimension-reduction/plantnet/data/processed_scmae/Limb_Muscle.h5ad --save_dir /home/luolie/biopipeline/dimension-reduction/plantnet/results/formal/scmae_11datasets/Limb_Muscle/neighbormix_scmae__seed2024__20260610_021850 --n_clusters 6 --seed 2024 --epochs 200 --gpu 2,eval_fixed.csv,0.9966743412637504,0.9862787103241528,0.9932171043773076,0.9957383323741944,0.9957383323741944,0.9948103043233408,0.9862787103241528,0.9865472095374718,0.9860103572208464,,6,,,,,,,,,,,,,,,"{""markers"": [""args.json"", ""command.txt"", ""eval_fixed.csv"", ""metrics.json"", ""run.log"", ""status.json"", ""summary.json""]}"
PB000242,true,,run_artifact,run,canonical/scmae_11datasets_20260609_12,scmae_11datasets_20260609_12,,,Limb_Muscle,neighbormix_scmae,neighbormix_scmae,neighbormix_scmae,3407,success,0,,,,,,,/data/luolie/biopipeline/dimension-reduction/plantnet/results/canonical/scmae_11datasets_20260609_12/Limb_Muscle/neighbormix_scmae__seed3407__20260610_021954,/data/luolie/biopipeline/dimension-reduction/plantnet/results/canonical/scmae_11datasets_20260609_12/Limb_Muscle/neighbormix_scmae__seed3407__20260610_021954,/data/luolie/biopipeline/dimension-reduction/plantnet/results/canonical/scmae_11datasets_20260609_12/Limb_Muscle/neighbormix_scmae__seed3407__20260610_021954/metrics.json,/data/luolie/biopipeline/dimension-reduction/plantnet/results/canonical/scmae_11datasets_20260609_12/Limb_Muscle/neighbormix_scmae__seed3407__20260610_021954/summary.json,/data/luolie/biopipeline/dimension-reduction/plantnet/results/canonical/scmae_11datasets_20260609_12/Limb_Muscle/neighbormix_scmae__seed3407__20260610_021954/eval_fixed.csv,/data/luolie/biopipeline/dimension-reduction/plantnet/results/canonical/scmae_11datasets_20260609_12/Limb_Muscle/neighbormix_scmae__seed3407__20260610_021954/args.json,/data/luolie/biopipeline/dimension-reduction/plantnet/results/canonical/scmae_11datasets_20260609_12/Limb_Muscle/neighbormix_scmae__seed3407__20260610_021954/status.json,cc4a3f022b1612f7b3af795f49894bec9489fe5c,refactor/minimal-method-isolation-and-neighbormix-ablations,2,58.3,58.3,/data/luolie/conda/base/bin/python /home/luolie/biopipeline/dimension-reduction/plantnet/methods/DeepLearning/NeighborMix_scMAE/run.py --data_path /home/luolie/biopipeline/dimension-reduction/plantnet/data/processed_scmae/Limb_Muscle.h5ad --save_dir /home/luolie/biopipeline/dimension-reduction/plantnet/results/formal/scmae_11datasets/Limb_Muscle/neighbormix_scmae__seed3407__20260610_021954 --n_clusters 6 --seed 3407 --epochs 200 --gpu 2,eval_fixed.csv,0.9928370427219236,0.9752928616988196,0.9897907718609892,0.9880823254967206,0.9880823254967206,0.992188881339134,0.9752928616988196,0.9753127675506964,0.9752729566594718,,6,,,,,,,,,,,,,,,"{""markers"": [""args.json"", ""command.txt"", ""eval_fixed.csv"", ""metrics.json"", ""run.log"", ""status.json"", ""summary.json""]}"
PB000243,true,,run_artifact,run,canonical/scmae_11datasets_20260609_12,scmae_11datasets_20260609_12,,,Limb_Muscle,neighbormix_scmae,neighbormix_scmae,neighbormix_scmae,42,success,0,,,,,,,/data/luolie/biopipeline/dimension-reduction/plantnet/results/canonical/scmae_11datasets_20260609_12/Limb_Muscle/neighbormix_scmae__seed42__20260610_021748,/data/luolie/biopipeline/dimension-reduction/plantnet/results/canonical/scmae_11datasets_20260609_12/Limb_Muscle/neighbormix_scmae__seed42__20260610_021748,/data/luolie/biopipeline/dimension-reduction/plantnet/results/canonical/scmae_11datasets_20260609_12/Limb_Muscle/neighbormix_scmae__seed42__20260610_021748/metrics.json,/data/luolie/biopipeline/dimension-reduction/plantnet/results/canonical/scmae_11datasets_20260609_12/Limb_Muscle/neighbormix_scmae__seed42__20260610_021748/summary.json,/data/luolie/biopipeline/dimension-reduction/plantnet/results/canonical/scmae_11datasets_20260609_12/Limb_Muscle/neighbormix_scmae__seed42__20260610_021748/eval_fixed.csv,/data/luolie/biopipeline/dimension-reduction/plantnet/results/canonical/scmae_11datasets_20260609_12/Limb_Muscle/neighbormix_scmae__seed42__20260610_021748/args.json,/data/luolie/biopipeline/dimension-reduction/plantnet/results/canonical/scmae_11datasets_20260609_12/Limb_Muscle/neighbormix_scmae__seed42__20260610_021748/status.json,cc4a3f022b1612f7b3af795f49894bec9489fe5c,refactor/minimal-method-isolation-and-neighbormix-ablations,2,56.5,56.5,/data/luolie/conda/base/bin/python /home/luolie/biopipeline/dimension-reduction/plantnet/methods/DeepLearning/NeighborMix_scMAE/run.py --data_path /home/luolie/biopipeline/dimension-reduction/plantnet/data/processed_scmae/Limb_Muscle.h5ad --save_dir /home/luolie/biopipeline/dimension-reduction/plantnet/results/formal/scmae_11datasets/Limb_Muscle/neighbormix_scmae__seed42__20260610_021748 --n_clusters 6 --seed 42 --epochs 200 --gpu 2,eval_fixed.csv,0.981325147096444,0.953065917343571,0.9587980386650096,0.9777341949395622,0.9777341949395622,0.9684478919739226,0.9530659173435712,0.958569643356381,0.947625030946472,,6,,,,,,,,,,,,,,,"{""markers"": [""args.json"", ""command.txt"", ""eval_fixed.csv"", ""metrics.json"", ""run.log"", ""status.json"", ""summary.json""]}"
PB000244,true,,run_artifact,run,canonical/scmae_11datasets_20260609_12,scmae_11datasets_20260609_12,,,Limb_Muscle,nm_scmae_nomix,nm_scmae_nomix,nm_scmae_nomix,2024,success,0,,,,,,,/data/luolie/biopipeline/dimension-reduction/plantnet/results/canonical/scmae_11datasets_20260609_12/Limb_Muscle/nm_scmae_nomix__seed2024__20260609_145615,/data/luolie/biopipeline/dimension-reduction/plantnet/results/canonical/scmae_11datasets_20260609_12/Limb_Muscle/nm_scmae_nomix__seed2024__20260609_145615,/data/luolie/biopipeline/dimension-reduction/plantnet/results/canonical/scmae_11datasets_20260609_12/Limb_Muscle/nm_scmae_nomix__seed2024__20260609_145615/metrics.json,/data/luolie/biopipeline/dimension-reduction/plantnet/results/canonical/scmae_11datasets_20260609_12/Limb_Muscle/nm_scmae_nomix__seed2024__20260609_145615/summary.json,/data/luolie/biopipeline/dimension-reduction/plantnet/results/canonical/scmae_11datasets_20260609_12/Limb_Muscle/nm_scmae_nomix__seed2024__20260609_145615/eval_fixed.csv,/data/luolie/biopipeline/dimension-reduction/plantnet/results/canonical/scmae_11datasets_20260609_12/Limb_Muscle/nm_scmae_nomix__seed2024__20260609_145615/args.json,/data/luolie/biopipeline/dimension-reduction/plantnet/results/canonical/scmae_11datasets_20260609_12/Limb_Muscle/nm_scmae_nomix__seed2024__20260609_145615/status.json,79654c249dbc289e3ae47f265e59ea33b3377e52,refactor/minimal-method-isolation-and-neighbormix-ablations,1,39.4,39.4,/data/luolie/conda/base/bin/python /home/luolie/biopipeline/dimension-reduction/plantnet/methods/DeepLearning/NeighborMix_scMAE/run.py --data_path /home/luolie/biopipeline/dimension-reduction/plantnet/data/processed_scmae/Limb_Muscle.h5ad --save_dir results/formal/scmae_11datasets/Limb_Muscle/nm_scmae_nomix__seed2024__20260609_145615 --n_clusters 6 --seed 2024 --epochs 200 --gpu 1 --use_pseudo false --pseudo_weight 0 --neighbor_k 0 --mix_neighbors 0 --variant_name nm_scmae_nomix,eval_fixed.csv,0.9833717063187516,0.9492577871298332,0.9525535565253136,0.9853798176615016,0.9853798176615016,0.9636957496937104,0.9492577871298334,0.9492379054076004,0.9492776696849264,,6,,,,,,,,,,,,,,,"{""markers"": [""args.json"", ""command.txt"", ""eval_fixed.csv"", ""metrics.json"", ""run.log"", ""status.json"", ""summary.json""]}"
PB000245,true,,run_artifact,run,canonical/scmae_11datasets_20260609_12,scmae_11datasets_20260609_12,,,Limb_Muscle,nm_scmae_nomix,nm_scmae_nomix,nm_scmae_nomix,3407,success,0,,,,,,,/data/luolie/biopipeline/dimension-reduction/plantnet/results/canonical/scmae_11datasets_20260609_12/Limb_Muscle/nm_scmae_nomix__seed3407__20260609_145654,/data/luolie/biopipeline/dimension-reduction/plantnet/results/canonical/scmae_11datasets_20260609_12/Limb_Muscle/nm_scmae_nomix__seed3407__20260609_145654,/data/luolie/biopipeline/dimension-reduction/plantnet/results/canonical/scmae_11datasets_20260609_12/Limb_Muscle/nm_scmae_nomix__seed3407__20260609_145654/metrics.json,/data/luolie/biopipeline/dimension-reduction/plantnet/results/canonical/scmae_11datasets_20260609_12/Limb_Muscle/nm_scmae_nomix__seed3407__20260609_145654/summary.json,/data/luolie/biopipeline/dimension-reduction/plantnet/results/canonical/scmae_11datasets_20260609_12/Limb_Muscle/nm_scmae_nomix__seed3407__20260609_145654/eval_fixed.csv,/data/luolie/biopipeline/dimension-reduction/plantnet/results/canonical/scmae_11datasets_20260609_12/Limb_Muscle/nm_scmae_nomix__seed3407__20260609_145654/args.json,/data/luolie/biopipeline/dimension-reduction/plantnet/results/canonical/scmae_11datasets_20260609_12/Limb_Muscle/nm_scmae_nomix__seed3407__20260609_145654/status.json,79654c249dbc289e3ae47f265e59ea33b3377e52,refactor/minimal-method-isolation-and-neighbormix-ablations,1,37.5,37.5,/data/luolie/conda/base/bin/python /home/luolie/biopipeline/dimension-reduction/plantnet/methods/DeepLearning/NeighborMix_scMAE/run.py --data_path /home/luolie/biopipeline/dimension-reduction/plantnet/data/processed_scmae/Limb_Muscle.h5ad --save_dir results/formal/scmae_11datasets/Limb_Muscle/nm_scmae_nomix__seed3407__20260609_145654 --n_clusters 6 --seed 3407 --epochs 200 --gpu 1 --use_pseudo false --pseudo_weight 0 --neighbor_k 0 --mix_neighbors 0 --variant_name nm_scmae_nomix,eval_fixed.csv,0.9925812228191352,0.9737952666180582,0.9884720345777994,0.9880488116919032,0.9880488116919032,0.9911836302516293,0.9737952666180582,0.973278454700793,0.9743126276823004,,6,,,,,,,,,,,,,,,"{""markers"": [""args.json"", ""command.txt"", ""eval_fixed.csv"", ""metrics.json"", ""run.log"", ""status.json"", ""summary.json""]}"
PB000246,true,,run_artifact,run,canonical/scmae_11datasets_20260609_12,scmae_11datasets_20260609_12,,,Limb_Muscle,nm_scmae_nomix,nm_scmae_nomix,nm_scmae_nomix,42,success,0,,,,,,,/data/luolie/biopipeline/dimension-reduction/plantnet/results/canonical/scmae_11datasets_20260609_12/Limb_Muscle/nm_scmae_nomix__seed42__20260609_145548,/data/luolie/biopipeline/dimension-reduction/plantnet/results/canonical/scmae_11datasets_20260609_12/Limb_Muscle/nm_scmae_nomix__seed42__20260609_145548,/data/luolie/biopipeline/dimension-reduction/plantnet/results/canonical/scmae_11datasets_20260609_12/Limb_Muscle/nm_scmae_nomix__seed42__20260609_145548/metrics.json,/data/luolie/biopipeline/dimension-reduction/plantnet/results/canonical/scmae_11datasets_20260609_12/Limb_Muscle/nm_scmae_nomix__seed42__20260609_145548/summary.json,/data/luolie/biopipeline/dimension-reduction/plantnet/results/canonical/scmae_11datasets_20260609_12/Limb_Muscle/nm_scmae_nomix__seed42__20260609_145548/eval_fixed.csv,/data/luolie/biopipeline/dimension-reduction/plantnet/results/canonical/scmae_11datasets_20260609_12/Limb_Muscle/nm_scmae_nomix__seed42__20260609_145548/args.json,/data/luolie/biopipeline/dimension-reduction/plantnet/results/canonical/scmae_11datasets_20260609_12/Limb_Muscle/nm_scmae_nomix__seed42__20260609_145548/status.json,79654c249dbc289e3ae47f265e59ea33b3377e52,refactor/minimal-method-isolation-and-neighbormix-ablations,1,27.1,27.1,/data/luolie/conda/base/bin/python /home/luolie/biopipeline/dimension-reduction/plantnet/methods/DeepLearning/NeighborMix_scMAE/run.py --data_path /home/luolie/biopipeline/dimension-reduction/plantnet/data/processed_scmae/Limb_Muscle.h5ad --save_dir results/formal/scmae_11datasets/Limb_Muscle/nm_scmae_nomix__seed42__20260609_145548 --n_clusters 6 --seed 42 --epochs 200 --gpu 1 --use_pseudo false --pseudo_weight 0 --neighbor_k 0 --mix_neighbors 0 --variant_name nm_scmae_nomix,eval_fixed.csv,0.9933486825275006,0.9762535942300088,0.9890875323678204,0.9895110940994812,0.9895110940994812,0.9916512271195012,0.9762535942300088,0.9763014143760368,0.9762057787683014,,6,,,,,,,,,,,,,,,"{""markers"": [""args.json"", ""command.txt"", ""eval_fixed.csv"", ""metrics.json"", ""run.log"", ""status.json"", ""summary.json""]}"
PB000247,true,,run_artifact,run,canonical/scmae_11datasets_20260609_12,scmae_11datasets_20260609_12,,,Limb_Muscle,sc3,sc3,sc3,2024,success,0,,,,,,,/data/luolie/biopipeline/dimension-reduction/plantnet/results/canonical/scmae_11datasets_20260609_12/Limb_Muscle/sc3__seed2024__20260610_022115,/data/luolie/biopipeline/dimension-reduction/plantnet/results/canonical/scmae_11datasets_20260609_12/Limb_Muscle/sc3__seed2024__20260610_022115,/data/luolie/biopipeline/dimension-reduction/plantnet/results/canonical/scmae_11datasets_20260609_12/Limb_Muscle/sc3__seed2024__20260610_022115/metrics.json,,,/data/luolie/biopipeline/dimension-reduction/plantnet/results/canonical/scmae_11datasets_20260609_12/Limb_Muscle/sc3__seed2024__20260610_022115/args.json,/data/luolie/biopipeline/dimension-reduction/plantnet/results/canonical/scmae_11datasets_20260609_12/Limb_Muscle/sc3__seed2024__20260610_022115/status.json,cc4a3f022b1612f7b3af795f49894bec9489fe5c,refactor/minimal-method-isolation-and-neighbormix-ablations,2,11.4,11.4,/data/luolie/conda/base/bin/python /home/luolie/biopipeline/dimension-reduction/plantnet/methods/Traditional/sc3/run.py --data_path /home/luolie/biopipeline/dimension-reduction/plantnet/data/processed_scmae/Limb_Muscle.h5ad --save_dir /home/luolie/biopipeline/dimension-reduction/plantnet/results/formal/scmae_11datasets/Limb_Muscle/sc3__seed2024__20260610_022115 --n_clusters 6 --seed 2024,metrics.json:top_level,0.28191353287285753,0.8341305573065092,0.7523772086036408,0.22053373394137032,0.22053373394137032,0.8086732194261523,0.8341305573065093,0.8613439372298572,0.8085840772725801,,,,,,,,,,,,,,,,,"{""markers"": [""args.json"", ""command.txt"", ""metrics.json"", ""run.log"", ""status.json""]}"
PB000248,true,,run_artifact,run,canonical/scmae_11datasets_20260609_12,scmae_11datasets_20260609_12,,,Limb_Muscle,sc3,sc3,sc3,3407,success,0,,,,,,,/data/luolie/biopipeline/dimension-reduction/plantnet/results/canonical/scmae_11datasets_20260609_12/Limb_Muscle/sc3__seed3407__20260610_022131,/data/luolie/biopipeline/dimension-reduction/plantnet/results/canonical/scmae_11datasets_20260609_12/Limb_Muscle/sc3__seed3407__20260610_022131,/data/luolie/biopipeline/dimension-reduction/plantnet/results/canonical/scmae_11datasets_20260609_12/Limb_Muscle/sc3__seed3407__20260610_022131/metrics.json,,,/data/luolie/biopipeline/dimension-reduction/plantnet/results/canonical/scmae_11datasets_20260609_12/Limb_Muscle/sc3__seed3407__20260610_022131/args.json,/data/luolie/biopipeline/dimension-reduction/plantnet/results/canonical/scmae_11datasets_20260609_12/Limb_Muscle/sc3__seed3407__20260610_022131/status.json,cc4a3f022b1612f7b3af795f49894bec9489fe5c,refactor/minimal-method-isolation-and-neighbormix-ablations,2,11.6,11.6,/data/luolie/conda/base/bin/python /home/luolie/biopipeline/dimension-reduction/plantnet/methods/Traditional/sc3/run.py --data_path /home/luolie/biopipeline/dimension-reduction/plantnet/data/processed_scmae/Limb_Muscle.h5ad --save_dir /home/luolie/biopipeline/dimension-reduction/plantnet/results/formal/scmae_11datasets/Limb_Muscle/sc3__seed3407__20260610_022131 --n_clusters 6 --seed 3407,metrics.json:top_level,0.2934254284983372,0.8915514010089003,0.9138286877262591,0.29096449709029165,0.29096449709029165,0.9347482912933808,0.8915514010089003,0.8676124494059886,0.9168488720042993,,,,,,,,,,,,,,,,,"{""markers"": [""args.json"", ""command.txt"", ""metrics.json"", ""run.log"", ""status.json""]}"
PB000249,true,,run_artifact,run,canonical/scmae_11datasets_20260609_12,scmae_11datasets_20260609_12,,,Limb_Muscle,sc3,sc3,sc3,42,success,0,,,,,,,/data/luolie/biopipeline/dimension-reduction/plantnet/results/canonical/scmae_11datasets_20260609_12/Limb_Muscle/sc3__seed42__20260610_022058,/data/luolie/biopipeline/dimension-reduction/plantnet/results/canonical/scmae_11datasets_20260609_12/Limb_Muscle/sc3__seed42__20260610_022058,/data/luolie/biopipeline/dimension-reduction/plantnet/results/canonical/scmae_11datasets_20260609_12/Limb_Muscle/sc3__seed42__20260610_022058/metrics.json,,,/data/luolie/biopipeline/dimension-reduction/plantnet/results/canonical/scmae_11datasets_20260609_12/Limb_Muscle/sc3__seed42__20260610_022058/args.json,/data/luolie/biopipeline/dimension-reduction/plantnet/results/canonical/scmae_11datasets_20260609_12/Limb_Muscle/sc3__seed42__20260610_022058/status.json,cc4a3f022b1612f7b3af795f49894bec9489fe5c,refactor/minimal-method-isolation-and-neighbormix-ablations,2,11.5,11.5,/data/luolie/conda/base/bin/python /home/luolie/biopipeline/dimension-reduction/plantnet/methods/Traditional/sc3/run.py --data_path /home/luolie/biopipeline/dimension-reduction/plantnet/data/processed_scmae/Limb_Muscle.h5ad --save_dir /home/luolie/biopipeline/dimension-reduction/plantnet/results/formal/scmae_11datasets/Limb_Muscle/sc3__seed42__20260610_022058 --n_clusters 6 --seed 42,metrics.json:top_level,0.003837298541826554,0.8341305573065095,0.7523772086036408,0.0020183836056328073,0.0020183836056328073,0.8086732194261523,0.8341305573065094,0.8613439372298576,0.8085840772725803,,,,,,,,,,,,,,,,,"{""markers"": [""args.json"", ""command.txt"", ""metrics.json"", ""run.log"", ""status.json""]}"
PB000250,true,,run_artifact,run,canonical/scmae_11datasets_20260609_12,scmae_11datasets_20260609_12,,,Limb_Muscle,scdcc,scdcc,scdcc,2024,success,0,,,,,,,/data/luolie/biopipeline/dimension-reduction/plantnet/results/canonical/scmae_11datasets_20260609_12/Limb_Muscle/scdcc__seed2024__20260609_145948,/data/luolie/biopipeline/dimension-reduction/plantnet/results/canonical/scmae_11datasets_20260609_12/Limb_Muscle/scdcc__seed2024__20260609_145948,/data/luolie/biopipeline/dimension-reduction/plantnet/results/canonical/scmae_11datasets_20260609_12/Limb_Muscle/scdcc__seed2024__20260609_145948/metrics.json,,,/data/luolie/biopipeline/dimension-reduction/plantnet/results/canonical/scmae_11datasets_20260609_12/Limb_Muscle/scdcc__seed2024__20260609_145948/args.json,/data/luolie/biopipeline/dimension-reduction/plantnet/results/canonical/scmae_11datasets_20260609_12/Limb_Muscle/scdcc__seed2024__20260609_145948/status.json,79654c249dbc289e3ae47f265e59ea33b3377e52,refactor/minimal-method-isolation-and-neighbormix-ablations,1,107.6,107.6,/data/luolie/conda/base/bin/python /home/luolie/biopipeline/dimension-reduction/plantnet/methods/DeepLearning/scDCC/run.py --data_path /home/luolie/biopipeline/dimension-reduction/plantnet/data/processed_scmae/Limb_Muscle.h5ad --save_dir results/formal/scmae_11datasets/Limb_Muscle/scdcc__seed2024__20260609_145948 --n_clusters 6 --seed 2024 --epochs 200 --pretrain_epochs 200 --gpu 1,metrics.json:top_level,0.9828600665131747,0.9511008947972805,0.9605824565537743,0.9798322178571092,0.9798322178571092,0.9698095308331034,0.9511008947972807,0.9559001941755414,0.946349546468597,,,,,,,,,,,,,,,,,"{""markers"": [""args.json"", ""command.txt"", ""metrics.json"", ""run.log"", ""run_config.json"", ""status.json""]}"
PB000251,true,,run_artifact,run,canonical/scmae_11datasets_20260609_12,scmae_11datasets_20260609_12,,,Limb_Muscle,scdcc,scdcc,scdcc,3407,success,0,,,,,,,/data/luolie/biopipeline/dimension-reduction/plantnet/results/canonical/scmae_11datasets_20260609_12/Limb_Muscle/scdcc__seed3407__20260609_150135,/data/luolie/biopipeline/dimension-reduction/plantnet/results/canonical/scmae_11datasets_20260609_12/Limb_Muscle/scdcc__seed3407__20260609_150135,/data/luolie/biopipeline/dimension-reduction/plantnet/results/canonical/scmae_11datasets_20260609_12/Limb_Muscle/scdcc__seed3407__20260609_150135/metrics.json,,,/data/luolie/biopipeline/dimension-reduction/plantnet/results/canonical/scmae_11datasets_20260609_12/Limb_Muscle/scdcc__seed3407__20260609_150135/args.json,/data/luolie/biopipeline/dimension-reduction/plantnet/results/canonical/scmae_11datasets_20260609_12/Limb_Muscle/scdcc__seed3407__20260609_150135/status.json,79654c249dbc289e3ae47f265e59ea33b3377e52,refactor/minimal-method-isolation-and-neighbormix-ablations,1,106.2,106.2,/data/luolie/conda/base/bin/python /home/luolie/biopipeline/dimension-reduction/plantnet/methods/DeepLearning/scDCC/run.py --data_path /home/luolie/biopipeline/dimension-reduction/plantnet/data/processed_scmae/Limb_Muscle.h5ad --save_dir results/formal/scmae_11datasets/Limb_Muscle/scdcc__seed3407__20260609_150135 --n_clusters 6 --seed 3407 --epochs 200 --pretrain_epochs 200 --gpu 1,metrics.json:top_level,0.9756971092350984,0.9382337517801878,0.944738449794008,0.9727484903966749,0.9727484903966749,0.9576732360942275,0.9382337517801875,0.9460276603932949,0.9305672150224532,,,,,,,,,,,,,,,,,"{""markers"": [""args.json"", ""command.txt"", ""metrics.json"", ""run.log"", ""run_config.json"", ""status.json""]}"
PB000252,true,,run_artifact,run,canonical/scmae_11datasets_20260609_12,scmae_11datasets_20260609_12,,,Limb_Muscle,scdcc,scdcc,scdcc,42,success,0,,,,,,,/data/luolie/biopipeline/dimension-reduction/plantnet/results/canonical/scmae_11datasets_20260609_12/Limb_Muscle/scdcc__seed42__20260610_022149,/data/luolie/biopipeline/dimension-reduction/plantnet/results/canonical/scmae_11datasets_20260609_12/Limb_Muscle/scdcc__seed42__20260610_022149,/data/luolie/biopipeline/dimension-reduction/plantnet/results/canonical/scmae_11datasets_20260609_12/Limb_Muscle/scdcc__seed42__20260610_022149/metrics.json,,,/data/luolie/biopipeline/dimension-reduction/plantnet/results/canonical/scmae_11datasets_20260609_12/Limb_Muscle/scdcc__seed42__20260610_022149/args.json,/data/luolie/biopipeline/dimension-reduction/plantnet/results/canonical/scmae_11datasets_20260609_12/Limb_Muscle/scdcc__seed42__20260610_022149/status.json,cc4a3f022b1612f7b3af795f49894bec9489fe5c,refactor/minimal-method-isolation-and-neighbormix-ablations,2,104.9,104.9,/data/luolie/conda/base/bin/python /home/luolie/biopipeline/dimension-reduction/plantnet/methods/DeepLearning/scDCC/run.py --data_path /home/luolie/biopipeline/dimension-reduction/plantnet/data/processed_scmae/Limb_Muscle.h5ad --save_dir /home/luolie/biopipeline/dimension-reduction/plantnet/results/formal/scmae_11datasets/Limb_Muscle/scdcc__seed42__20260610_022149 --n_clusters 6 --seed 42 --epochs 200 --pretrain_epochs 200 --gpu 2,metrics.json:top_level,0.9943719621386544,0.9773349856858864,0.9879151946528882,0.9926623008493233,0.9926623008493233,0.9907521042712896,0.9773349856858863,0.9780229546552238,0.9766479839098055,,,,,,,,,,,,,,,,,"{""markers"": [""args.json"", ""command.txt"", ""metrics.json"", ""run.log"", ""run_config.json"", ""status.json""]}"
PB000253,true,,run_artifact,run,canonical/scmae_11datasets_20260609_12,scmae_11datasets_20260609_12,,,Limb_Muscle,scmae,scmae,scmae,2024,success,0,,,,,,,/data/luolie/biopipeline/dimension-reduction/plantnet/results/canonical/scmae_11datasets_20260609_12/Limb_Muscle/scmae__seed2024__20260609_150357,/data/luolie/biopipeline/dimension-reduction/plantnet/results/canonical/scmae_11datasets_20260609_12/Limb_Muscle/scmae__seed2024__20260609_150357,/data/luolie/biopipeline/dimension-reduction/plantnet/results/canonical/scmae_11datasets_20260609_12/Limb_Muscle/scmae__seed2024__20260609_150357/metrics.json,/data/luolie/biopipeline/dimension-reduction/plantnet/results/canonical/scmae_11datasets_20260609_12/Limb_Muscle/scmae__seed2024__20260609_150357/summary.json,/data/luolie/biopipeline/dimension-reduction/plantnet/results/canonical/scmae_11datasets_20260609_12/Limb_Muscle/scmae__seed2024__20260609_150357/eval_fixed.csv,/data/luolie/biopipeline/dimension-reduction/plantnet/results/canonical/scmae_11datasets_20260609_12/Limb_Muscle/scmae__seed2024__20260609_150357/args.json,/data/luolie/biopipeline/dimension-reduction/plantnet/results/canonical/scmae_11datasets_20260609_12/Limb_Muscle/scmae__seed2024__20260609_150357/status.json,79654c249dbc289e3ae47f265e59ea33b3377e52,refactor/minimal-method-isolation-and-neighbormix-ablations,1,38.8,38.8,/data/luolie/conda/base/bin/python /home/luolie/biopipeline/dimension-reduction/plantnet/methods/DeepLearning/scMAE/run.py --data_path /home/luolie/biopipeline/dimension-reduction/plantnet/data/processed_scmae/Limb_Muscle.h5ad --save_dir results/formal/scmae_11datasets/Limb_Muscle/scmae__seed2024__20260609_150357 --n_clusters 6 --seed 2024 --epochs 200 --gpu 1,eval_fixed.csv,0.9833717063187516,0.9492577871298332,0.9525535565253136,0.9853798176615016,0.9853798176615016,0.9636957496937104,0.9492577871298334,0.9492379054076004,0.9492776696849264,,6,,,,,,,,,,,,,,,"{""markers"": [""args.json"", ""command.txt"", ""eval_fixed.csv"", ""metrics.json"", ""run.log"", ""status.json"", ""summary.json""]}"
PB000254,true,,run_artifact,run,canonical/scmae_11datasets_20260609_12,scmae_11datasets_20260609_12,,,Limb_Muscle,scmae,scmae,scmae,3407,success,0,,,,,,,/data/luolie/biopipeline/dimension-reduction/plantnet/results/canonical/scmae_11datasets_20260609_12/Limb_Muscle/scmae__seed3407__20260609_150436,/data/luolie/biopipeline/dimension-reduction/plantnet/results/canonical/scmae_11datasets_20260609_12/Limb_Muscle/scmae__seed3407__20260609_150436,/data/luolie/biopipeline/dimension-reduction/plantnet/results/canonical/scmae_11datasets_20260609_12/Limb_Muscle/scmae__seed3407__20260609_150436/metrics.json,/data/luolie/biopipeline/dimension-reduction/plantnet/results/canonical/scmae_11datasets_20260609_12/Limb_Muscle/scmae__seed3407__20260609_150436/summary.json,/data/luolie/biopipeline/dimension-reduction/plantnet/results/canonical/scmae_11datasets_20260609_12/Limb_Muscle/scmae__seed3407__20260609_150436/eval_fixed.csv,/data/luolie/biopipeline/dimension-reduction/plantnet/results/canonical/scmae_11datasets_20260609_12/Limb_Muscle/scmae__seed3407__20260609_150436/args.json,/data/luolie/biopipeline/dimension-reduction/plantnet/results/canonical/scmae_11datasets_20260609_12/Limb_Muscle/scmae__seed3407__20260609_150436/status.json,79654c249dbc289e3ae47f265e59ea33b3377e52,refactor/minimal-method-isolation-and-neighbormix-ablations,1,36.6,36.6,/data/luolie/conda/base/bin/python /home/luolie/biopipeline/dimension-reduction/plantnet/methods/DeepLearning/scMAE/run.py --data_path /home/luolie/biopipeline/dimension-reduction/plantnet/data/processed_scmae/Limb_Muscle.h5ad --save_dir results/formal/scmae_11datasets/Limb_Muscle/scmae__seed3407__20260609_150436 --n_clusters 6 --seed 3407 --epochs 200 --gpu 1,eval_fixed.csv,0.9925812228191352,0.9737952666180582,0.9884720345777994,0.9880488116919032,0.9880488116919032,0.9911836302516293,0.9737952666180582,0.973278454700793,0.9743126276823004,,6,,,,,,,,,,,,,,,"{""markers"": [""args.json"", ""command.txt"", ""eval_fixed.csv"", ""metrics.json"", ""run.log"", ""status.json"", ""summary.json""]}"
PB000255,true,,run_artifact,run,canonical/scmae_11datasets_20260609_12,scmae_11datasets_20260609_12,,,Limb_Muscle,scmae,scmae,scmae,42,success,0,,,,,,,/data/luolie/biopipeline/dimension-reduction/plantnet/results/canonical/scmae_11datasets_20260609_12/Limb_Muscle/scmae__seed42__20260609_150321,/data/luolie/biopipeline/dimension-reduction/plantnet/results/canonical/scmae_11datasets_20260609_12/Limb_Muscle/scmae__seed42__20260609_150321,/data/luolie/biopipeline/dimension-reduction/plantnet/results/canonical/scmae_11datasets_20260609_12/Limb_Muscle/scmae__seed42__20260609_150321/metrics.json,/data/luolie/biopipeline/dimension-reduction/plantnet/results/canonical/scmae_11datasets_20260609_12/Limb_Muscle/scmae__seed42__20260609_150321/summary.json,/data/luolie/biopipeline/dimension-reduction/plantnet/results/canonical/scmae_11datasets_20260609_12/Limb_Muscle/scmae__seed42__20260609_150321/eval_fixed.csv,/data/luolie/biopipeline/dimension-reduction/plantnet/results/canonical/scmae_11datasets_20260609_12/Limb_Muscle/scmae__seed42__20260609_150321/args.json,/data/luolie/biopipeline/dimension-reduction/plantnet/results/canonical/scmae_11datasets_20260609_12/Limb_Muscle/scmae__seed42__20260609_150321/status.json,79654c249dbc289e3ae47f265e59ea33b3377e52,refactor/minimal-method-isolation-and-neighbormix-ablations,1,35.5,35.5,/data/luolie/conda/base/bin/python /home/luolie/biopipeline/dimension-reduction/plantnet/methods/DeepLearning/scMAE/run.py --data_path /home/luolie/biopipeline/dimension-reduction/plantnet/data/processed_scmae/Limb_Muscle.h5ad --save_dir results/formal/scmae_11datasets/Limb_Muscle/scmae__seed42__20260609_150321 --n_clusters 6 --seed 42 --epochs 200 --gpu 1,eval_fixed.csv,0.9933486825275006,0.9762535942300088,0.9890875323678204,0.9895110940994812,0.9895110940994812,0.9916512271195012,0.9762535942300088,0.9763014143760368,0.9762057787683014,,6,,,,,,,,,,,,,,,"{""markers"": [""args.json"", ""command.txt"", ""eval_fixed.csv"", ""metrics.json"", ""run.log"", ""status.json"", ""summary.json""]}"
PB000256,true,,run_artifact,run,canonical/scmae_11datasets_20260609_12,scmae_11datasets_20260609_12,,,Limb_Muscle,scname,scname,scname,2024,success,0,,,,,,,/data/luolie/biopipeline/dimension-reduction/plantnet/results/canonical/scmae_11datasets_20260609_12/Limb_Muscle/scname__seed2024__20260610_154243,/data/luolie/biopipeline/dimension-reduction/plantnet/results/canonical/scmae_11datasets_20260609_12/Limb_Muscle/scname__seed2024__20260610_154243,/data/luolie/biopipeline/dimension-reduction/plantnet/results/canonical/scmae_11datasets_20260609_12/Limb_Muscle/scname__seed2024__20260610_154243/metrics.json,,,/data/luolie/biopipeline/dimension-reduction/plantnet/results/canonical/scmae_11datasets_20260609_12/Limb_Muscle/scname__seed2024__20260610_154243/args.json,/data/luolie/biopipeline/dimension-reduction/plantnet/results/canonical/scmae_11datasets_20260609_12/Limb_Muscle/scname__seed2024__20260610_154243/status.json,cc4a3f022b1612f7b3af795f49894bec9489fe5c,refactor/minimal-method-isolation-and-neighbormix-ablations,2,1213.4,1213.4,/data/luolie/conda/envs/scssl_bench_py310/bin/python /home/luolie/biopipeline/dimension-reduction/plantnet/methods/DeepLearning/scNAME/run.py --data_path /home/luolie/biopipeline/dimension-reduction/plantnet/data/processed_scmae/Limb_Muscle.h5ad --save_dir /home/luolie/biopipeline/dimension-reduction/plantnet/results/formal/scmae_11datasets/Limb_Muscle/scname__seed2024__20260610_154243 --n_clusters 6 --seed 2024 --epochs 200 --gpu 2,metrics.json:top_level,0.8462522384241494,0.880739189577056,0.8255510417002865,0.76891630563442,0.76891630563442,0.8655881771831276,0.8807391895770561,0.8925798117741208,0.8692086009191452,,,,,,,,,,,,,,,,,"{""markers"": [""args.json"", ""command.txt"", ""metrics.json"", ""run.log"", ""status.json""]}"
PB000257,true,,run_artifact,run,canonical/scmae_11datasets_20260609_12,scmae_11datasets_20260609_12,,,Limb_Muscle,scname,scname,scname,3407,success,0,,,,,,,/data/luolie/biopipeline/dimension-reduction/plantnet/results/canonical/scmae_11datasets_20260609_12/Limb_Muscle/scname__seed3407__20260610_160318,/data/luolie/biopipeline/dimension-reduction/plantnet/results/canonical/scmae_11datasets_20260609_12/Limb_Muscle/scname__seed3407__20260610_160318,/data/luolie/biopipeline/dimension-reduction/plantnet/results/canonical/scmae_11datasets_20260609_12/Limb_Muscle/scname__seed3407__20260610_160318/metrics.json,,,/data/luolie/biopipeline/dimension-reduction/plantnet/results/canonical/scmae_11datasets_20260609_12/Limb_Muscle/scname__seed3407__20260610_160318/args.json,/data/luolie/biopipeline/dimension-reduction/plantnet/results/canonical/scmae_11datasets_20260609_12/Limb_Muscle/scname__seed3407__20260610_160318/status.json,cc4a3f022b1612f7b3af795f49894bec9489fe5c,refactor/minimal-method-isolation-and-neighbormix-ablations,2,1262.1,1262.1,/data/luolie/conda/envs/scssl_bench_py310/bin/python /home/luolie/biopipeline/dimension-reduction/plantnet/methods/DeepLearning/scNAME/run.py --data_path /home/luolie/biopipeline/dimension-reduction/plantnet/data/processed_scmae/Limb_Muscle.h5ad --save_dir /home/luolie/biopipeline/dimension-reduction/plantnet/results/formal/scmae_11datasets/Limb_Muscle/scname__seed3407__20260610_160318 --n_clusters 6 --seed 3407 --epochs 200 --gpu 2,metrics.json:top_level,0.851880276285495,0.8635522204745985,0.7697570885445828,0.7875426071381438,0.7875426071381438,0.8273312203790157,0.8635522204745985,0.8459384039738547,0.8819151310778567,,,,,,,,,,,,,,,,,"{""markers"": [""args.json"", ""command.txt"", ""metrics.json"", ""run.log"", ""status.json""]}"
PB000258,true,,run_artifact,run,canonical/scmae_11datasets_20260609_12,scmae_11datasets_20260609_12,,,Limb_Muscle,scname,scname,scname,42,success,0,,,,,,,/data/luolie/biopipeline/dimension-reduction/plantnet/results/canonical/scmae_11datasets_20260609_12/Limb_Muscle/scname__seed42__20260610_152157,/data/luolie/biopipeline/dimension-reduction/plantnet/results/canonical/scmae_11datasets_20260609_12/Limb_Muscle/scname__seed42__20260610_152157,/data/luolie/biopipeline/dimension-reduction/plantnet/results/canonical/scmae_11datasets_20260609_12/Limb_Muscle/scname__seed42__20260610_152157/metrics.json,,,/data/luolie/biopipeline/dimension-reduction/plantnet/results/canonical/scmae_11datasets_20260609_12/Limb_Muscle/scname__seed42__20260610_152157/args.json,/data/luolie/biopipeline/dimension-reduction/plantnet/results/canonical/scmae_11datasets_20260609_12/Limb_Muscle/scname__seed42__20260610_152157/status.json,cc4a3f022b1612f7b3af795f49894bec9489fe5c,refactor/minimal-method-isolation-and-neighbormix-ablations,2,1226.6,1226.6,/data/luolie/conda/envs/scssl_bench_py310/bin/python /home/luolie/biopipeline/dimension-reduction/plantnet/methods/DeepLearning/scNAME/run.py --data_path /home/luolie/biopipeline/dimension-reduction/plantnet/data/processed_scmae/Limb_Muscle.h5ad --save_dir /home/luolie/biopipeline/dimension-reduction/plantnet/results/formal/scmae_11datasets/Limb_Muscle/scname__seed42__20260610_152157 --n_clusters 6 --seed 42 --epochs 200 --gpu 2,metrics.json:top_level,0.7444359171143515,0.7913741151536718,0.6833625875888489,0.5713776673884201,0.5713776673884201,0.7641819768552326,0.7913741151536718,0.7582377086746004,0.8275391231013147,,,,,,,,,,,,,,,,,"{""markers"": [""args.json"", ""command.txt"", ""metrics.json"", ""run.log"", ""status.json""]}"
PB000259,true,,run_artifact,run,canonical/scmae_11datasets_20260609_12,scmae_11datasets_20260609_12,,,Limb_Muscle,sczidesk,sczidesk,sczidesk,2024,success,0,,,,,,,/data/luolie/biopipeline/dimension-reduction/plantnet/results/canonical/scmae_11datasets_20260609_12/Limb_Muscle/sczidesk__seed2024__20260610_164543,/data/luolie/biopipeline/dimension-reduction/plantnet/results/canonical/scmae_11datasets_20260609_12/Limb_Muscle/sczidesk__seed2024__20260610_164543,/data/luolie/biopipeline/dimension-reduction/plantnet/results/canonical/scmae_11datasets_20260609_12/Limb_Muscle/sczidesk__seed2024__20260610_164543/metrics.json,,,/data/luolie/biopipeline/dimension-reduction/plantnet/results/canonical/scmae_11datasets_20260609_12/Limb_Muscle/sczidesk__seed2024__20260610_164543/args.json,/data/luolie/biopipeline/dimension-reduction/plantnet/results/canonical/scmae_11datasets_20260609_12/Limb_Muscle/sczidesk__seed2024__20260610_164543/status.json,cc4a3f022b1612f7b3af795f49894bec9489fe5c,refactor/minimal-method-isolation-and-neighbormix-ablations,2,697.1,697.1,/data/luolie/conda/envs/scssl_bench_py310/bin/python /home/luolie/biopipeline/dimension-reduction/plantnet/methods/DeepLearning/scziDesk/run.py --data_path /home/luolie/biopipeline/dimension-reduction/plantnet/data/processed_scmae/Limb_Muscle.h5ad --save_dir /home/luolie/biopipeline/dimension-reduction/plantnet/results/formal/scmae_11datasets/Limb_Muscle/sczidesk__seed2024__20260610_164543 --n_clusters 6 --seed 2024 --epochs 200 --gpu 2,metrics.json:top_level,0.874136607828089,0.8905529045395661,0.846850474226394,0.7632405030232188,0.7632405030232188,0.8904970771629569,0.8905529045395661,0.8463920491925815,0.9395756529665964,,,,,,,,,,,,,,,,,"{""markers"": [""args.json"", ""command.txt"", ""metrics.json"", ""run.log"", ""status.json""]}"
PB000260,true,,run_artifact,run,canonical/scmae_11datasets_20260609_12,scmae_11datasets_20260609_12,,,Limb_Muscle,sczidesk,sczidesk,sczidesk,3407,success,0,,,,,,,/data/luolie/biopipeline/dimension-reduction/plantnet/results/canonical/scmae_11datasets_20260609_12/Limb_Muscle/sczidesk__seed3407__20260610_165746,/data/luolie/biopipeline/dimension-reduction/plantnet/results/canonical/scmae_11datasets_20260609_12/Limb_Muscle/sczidesk__seed3407__20260610_165746,/data/luolie/biopipeline/dimension-reduction/plantnet/results/canonical/scmae_11datasets_20260609_12/Limb_Muscle/sczidesk__seed3407__20260610_165746/metrics.json,,,/data/luolie/biopipeline/dimension-reduction/plantnet/results/canonical/scmae_11datasets_20260609_12/Limb_Muscle/sczidesk__seed3407__20260610_165746/args.json,/data/luolie/biopipeline/dimension-reduction/plantnet/results/canonical/scmae_11datasets_20260609_12/Limb_Muscle/sczidesk__seed3407__20260610_165746/status.json,cc4a3f022b1612f7b3af795f49894bec9489fe5c,refactor/minimal-method-isolation-and-neighbormix-ablations,2,782.5,782.5,/data/luolie/conda/envs/scssl_bench_py310/bin/python /home/luolie/biopipeline/dimension-reduction/plantnet/methods/DeepLearning/scziDesk/run.py --data_path /home/luolie/biopipeline/dimension-reduction/plantnet/data/processed_scmae/Limb_Muscle.h5ad --save_dir /home/luolie/biopipeline/dimension-reduction/plantnet/results/formal/scmae_11datasets/Limb_Muscle/sczidesk__seed3407__20260610_165746 --n_clusters 6 --seed 3407 --epochs 200 --gpu 2,metrics.json:top_level,0.7196213865438731,0.7676983617374092,0.6483181353838283,0.5582271054813213,0.5582271054813213,0.7355364710005704,0.7676983617374092,0.7478042308226902,0.7886799248636116,,,,,,,,,,,,,,,,,"{""markers"": [""args.json"", ""command.txt"", ""metrics.json"", ""run.log"", ""status.json""]}"
PB000261,true,,run_artifact,run,canonical/scmae_11datasets_20260609_12,scmae_11datasets_20260609_12,,,Limb_Muscle,sczidesk,sczidesk,sczidesk,42,success,0,,,,,,,/data/luolie/biopipeline/dimension-reduction/plantnet/results/canonical/scmae_11datasets_20260609_12/Limb_Muscle/sczidesk__seed42__20260610_162445,/data/luolie/biopipeline/dimension-reduction/plantnet/results/canonical/scmae_11datasets_20260609_12/Limb_Muscle/sczidesk__seed42__20260610_162445,/data/luolie/biopipeline/dimension-reduction/plantnet/results/canonical/scmae_11datasets_20260609_12/Limb_Muscle/sczidesk__seed42__20260610_162445/metrics.json,,,/data/luolie/biopipeline/dimension-reduction/plantnet/results/canonical/scmae_11datasets_20260609_12/Limb_Muscle/sczidesk__seed42__20260610_162445/args.json,/data/luolie/biopipeline/dimension-reduction/plantnet/results/canonical/scmae_11datasets_20260609_12/Limb_Muscle/sczidesk__seed42__20260610_162445/status.json,cc4a3f022b1612f7b3af795f49894bec9489fe5c,refactor/minimal-method-isolation-and-neighbormix-ablations,2,529.0,529.0,/data/luolie/conda/envs/scssl_bench_py310/bin/python /home/luolie/biopipeline/dimension-reduction/plantnet/methods/DeepLearning/scziDesk/run.py --data_path /home/luolie/biopipeline/dimension-reduction/plantnet/data/processed_scmae/Limb_Muscle.h5ad --save_dir /home/luolie/biopipeline/dimension-reduction/plantnet/results/formal/scmae_11datasets/Limb_Muscle/sczidesk__seed42__20260610_162445 --n_clusters 6 --seed 42 --epochs 200 --gpu 2,metrics.json:top_level,0.9897672038884625,0.964198773021359,0.9828579692471856,0.9845384438602246,0.9845384438602246,0.9869052630178125,0.964198773021359,0.9625075408144848,0.9658959590538542,,,,,,,,,,,,,,,,,"{""markers"": [""args.json"", ""command.txt"", ""metrics.json"", ""run.log"", ""status.json""]}"
PB000262,true,,run_artifact,run,canonical/scmae_11datasets_20260609_12,scmae_11datasets_20260609_12,,,Macosko,dec,dec,dec,2024,success,0,,,,,,,/data/luolie/biopipeline/dimension-reduction/plantnet/results/canonical/scmae_11datasets_20260609_12/Macosko/dec__seed2024__20260610_015252,/data/luolie/biopipeline/dimension-reduction/plantnet/results/canonical/scmae_11datasets_20260609_12/Macosko/dec__seed2024__20260610_015252,/data/luolie/biopipeline/dimension-reduction/plantnet/results/canonical/scmae_11datasets_20260609_12/Macosko/dec__seed2024__20260610_015252/metrics.json,,,/data/luolie/biopipeline/dimension-reduction/plantnet/results/canonical/scmae_11datasets_20260609_12/Macosko/dec__seed2024__20260610_015252/args.json,/data/luolie/biopipeline/dimension-reduction/plantnet/results/canonical/scmae_11datasets_20260609_12/Macosko/dec__seed2024__20260610_015252/status.json,cc4a3f022b1612f7b3af795f49894bec9489fe5c,refactor/minimal-method-isolation-and-neighbormix-ablations,3,227.9,227.9,/data/luolie/conda/base/bin/python /home/luolie/biopipeline/dimension-reduction/plantnet/methods/DeepLearning/dec/run.py --data_path /home/luolie/biopipeline/dimension-reduction/plantnet/data/processed_scmae/Macosko.h5ad --save_dir /home/luolie/biopipeline/dimension-reduction/plantnet/results/formal/scmae_11datasets/Macosko/dec__seed2024__20260610_015252 --n_clusters 12 --seed 2024 --epochs 200 --pretrain_epochs 200 --gpu 3,metrics.json:top_level,0.6842304945545439,0.3851389975752141,0.4301518689731105,0.3215162248234336,0.3215162248234336,0.6622944236836831,0.3851389975752141,0.4267607933687646,0.350914461736088,,,,,,,,,,,,,,,,,"{""markers"": [""args.json"", ""command.txt"", ""metrics.json"", ""run.log"", ""run_config.json"", ""status.json""]}"
PB000263,true,,run_artifact,run,canonical/scmae_11datasets_20260609_12,scmae_11datasets_20260609_12,,,Macosko,dec,dec,dec,3407,success,0,,,,,,,/data/luolie/biopipeline/dimension-reduction/plantnet/results/canonical/scmae_11datasets_20260609_12/Macosko/dec__seed3407__20260610_015645,/data/luolie/biopipeline/dimension-reduction/plantnet/results/canonical/scmae_11datasets_20260609_12/Macosko/dec__seed3407__20260610_015645,/data/luolie/biopipeline/dimension-reduction/plantnet/results/canonical/scmae_11datasets_20260609_12/Macosko/dec__seed3407__20260610_015645/metrics.json,,,/data/luolie/biopipeline/dimension-reduction/plantnet/results/canonical/scmae_11datasets_20260609_12/Macosko/dec__seed3407__20260610_015645/args.json,/data/luolie/biopipeline/dimension-reduction/plantnet/results/canonical/scmae_11datasets_20260609_12/Macosko/dec__seed3407__20260610_015645/status.json,cc4a3f022b1612f7b3af795f49894bec9489fe5c,refactor/minimal-method-isolation-and-neighbormix-ablations,3,221.0,221.0,/data/luolie/conda/base/bin/python /home/luolie/biopipeline/dimension-reduction/plantnet/methods/DeepLearning/dec/run.py --data_path /home/luolie/biopipeline/dimension-reduction/plantnet/data/processed_scmae/Macosko.h5ad --save_dir /home/luolie/biopipeline/dimension-reduction/plantnet/results/formal/scmae_11datasets/Macosko/dec__seed3407__20260610_015645 --n_clusters 12 --seed 3407 --epochs 200 --pretrain_epochs 200 --gpu 3,metrics.json:top_level,0.7176620246384574,0.34940634707135515,0.44110377611286117,0.3170554232852232,0.3170554232852232,0.7054666797037877,0.3494063470713552,0.3329671619620315,0.3675531019806423,,,,,,,,,,,,,,,,,"{""markers"": [""args.json"", ""command.txt"", ""metrics.json"", ""run.log"", ""run_config.json"", ""status.json""]}"
PB000264,true,,run_artifact,run,canonical/scmae_11datasets_20260609_12,scmae_11datasets_20260609_12,,,Macosko,dec,dec,dec,42,success,0,,,,,,,/data/luolie/biopipeline/dimension-reduction/plantnet/results/canonical/scmae_11datasets_20260609_12/Macosko/dec__seed42__20260610_014838,/data/luolie/biopipeline/dimension-reduction/plantnet/results/canonical/scmae_11datasets_20260609_12/Macosko/dec__seed42__20260610_014838,/data/luolie/biopipeline/dimension-reduction/plantnet/results/canonical/scmae_11datasets_20260609_12/Macosko/dec__seed42__20260610_014838/metrics.json,,,/data/luolie/biopipeline/dimension-reduction/plantnet/results/canonical/scmae_11datasets_20260609_12/Macosko/dec__seed42__20260610_014838/args.json,/data/luolie/biopipeline/dimension-reduction/plantnet/results/canonical/scmae_11datasets_20260609_12/Macosko/dec__seed42__20260610_014838/status.json,cc4a3f022b1612f7b3af795f49894bec9489fe5c,refactor/minimal-method-isolation-and-neighbormix-ablations,3,247.8,247.8,/data/luolie/conda/base/bin/python /home/luolie/biopipeline/dimension-reduction/plantnet/methods/DeepLearning/dec/run.py --data_path /home/luolie/biopipeline/dimension-reduction/plantnet/data/processed_scmae/Macosko.h5ad --save_dir /home/luolie/biopipeline/dimension-reduction/plantnet/results/formal/scmae_11datasets/Macosko/dec__seed42__20260610_014838 --n_clusters 12 --seed 42 --epochs 200 --pretrain_epochs 200 --gpu 3,metrics.json:top_level,0.6753258346723799,0.41993572638146826,0.4880952763252294,0.29747041932276447,0.29747041932276447,0.6993608129295877,0.4199357263814683,0.452234525354766,0.3919429776331544,,,,,,,,,,,,,,,,,"{""markers"": [""args.json"", ""command.txt"", ""metrics.json"", ""run.log"", ""run_config.json"", ""status.json""]}"
PB000265,true,,run_artifact,run,canonical/scmae_11datasets_20260609_12,scmae_11datasets_20260609_12,,,Macosko,desc,desc,desc,2024,success,0,,,,,,,/data/luolie/biopipeline/dimension-reduction/plantnet/results/canonical/scmae_11datasets_20260609_12/Macosko/desc__seed2024__20260611_231603,/data/luolie/biopipeline/dimension-reduction/plantnet/results/canonical/scmae_11datasets_20260609_12/Macosko/desc__seed2024__20260611_231603,/data/luolie/biopipeline/dimension-reduction/plantnet/results/canonical/scmae_11datasets_20260609_12/Macosko/desc__seed2024__20260611_231603/metrics.json,,,/data/luolie/biopipeline/dimension-reduction/plantnet/results/canonical/scmae_11datasets_20260609_12/Macosko/desc__seed2024__20260611_231603/args.json,/data/luolie/biopipeline/dimension-reduction/plantnet/results/canonical/scmae_11datasets_20260609_12/Macosko/desc__seed2024__20260611_231603/status.json,,,3,704.8,704.8,/data/luolie/conda/envs/scssl_bench_py310/bin/python /home/luolie/biopipeline/dimension-reduction/plantnet/methods/DeepLearning/desc/run.py --data_path /home/luolie/biopipeline/dimension-reduction/plantnet/data/processed_scmae/Macosko.h5ad --save_dir /home/luolie/biopipeline/dimension-reduction/plantnet/results/formal/scmae_11datasets/Macosko/desc__seed2024__20260611_231603 --n_clusters 12 --seed 2024 --epochs 200 --pretrain_epochs 200 --gpu 3,metrics.json:top_level,0.45520889126941616,0.5690383680811207,0.2962051639341569,0.43581296783239504,0.43581296783239504,0.5299586893937285,0.5690383680811207,0.7953794849196805,0.44297965933644934,,,,,,,,,,,,,,,,,"{""markers"": [""args.json"", ""command.txt"", ""metrics.json"", ""run.log"", ""status.json""]}"
PB000266,true,,run_artifact,run,canonical/scmae_11datasets_20260609_12,scmae_11datasets_20260609_12,,,Macosko,desc,desc,desc,3407,failed,1,Exit code 1,,,,,,/data/luolie/biopipeline/dimension-reduction/plantnet/results/canonical/scmae_11datasets_20260609_12/Macosko/desc__seed3407__20260611_232747,/data/luolie/biopipeline/dimension-reduction/plantnet/results/canonical/scmae_11datasets_20260609_12/Macosko/desc__seed3407__20260611_232747,,,,,/data/luolie/biopipeline/dimension-reduction/plantnet/results/canonical/scmae_11datasets_20260609_12/Macosko/desc__seed3407__20260611_232747/status.json,,,3,1537.1,1537.1,/data/luolie/conda/envs/scssl_bench_py310/bin/python /home/luolie/biopipeline/dimension-reduction/plantnet/methods/DeepLearning/desc/run.py --data_path /home/luolie/biopipeline/dimension-reduction/plantnet/data/processed_scmae/Macosko.h5ad --save_dir /home/luolie/biopipeline/dimension-reduction/plantnet/results/formal/scmae_11datasets/Macosko/desc__seed3407__20260611_232747 --n_clusters 12 --seed 3407 --epochs 200 --pretrain_epochs 200 --gpu 3,,,,,,,,,,,,,,,,,,,,,,,,,,,"{""markers"": [""command.txt"", ""run.log"", ""status.json""]}"
PB000267,true,,run_artifact,run,canonical/scmae_11datasets_20260609_12,scmae_11datasets_20260609_12,,,Macosko,desc,desc,desc,42,success,0,,,,,,,/data/luolie/biopipeline/dimension-reduction/plantnet/results/canonical/scmae_11datasets_20260609_12/Macosko/desc__seed42__20260611_230511,/data/luolie/biopipeline/dimension-reduction/plantnet/results/canonical/scmae_11datasets_20260609_12/Macosko/desc__seed42__20260611_230511,/data/luolie/biopipeline/dimension-reduction/plantnet/results/canonical/scmae_11datasets_20260609_12/Macosko/desc__seed42__20260611_230511/metrics.json,,,/data/luolie/biopipeline/dimension-reduction/plantnet/results/canonical/scmae_11datasets_20260609_12/Macosko/desc__seed42__20260611_230511/args.json,/data/luolie/biopipeline/dimension-reduction/plantnet/results/canonical/scmae_11datasets_20260609_12/Macosko/desc__seed42__20260611_230511/status.json,,,3,651.4,651.4,/data/luolie/conda/envs/scssl_bench_py310/bin/python /home/luolie/biopipeline/dimension-reduction/plantnet/methods/DeepLearning/desc/run.py --data_path /home/luolie/biopipeline/dimension-reduction/plantnet/data/processed_scmae/Macosko.h5ad --save_dir /home/luolie/biopipeline/dimension-reduction/plantnet/results/formal/scmae_11datasets/Macosko/desc__seed42__20260611_230511 --n_clusters 12 --seed 42 --epochs 200 --pretrain_epochs 200 --gpu 3,metrics.json:top_level,0.44208623460096413,0.5447746463849407,0.2806112924702606,0.43352062821791576,0.43352062821791576,0.5155266341359542,0.5447746463849408,0.7740398678131781,0.4202882052503037,,,,,,,,,,,,,,,,,"{""markers"": [""args.json"", ""command.txt"", ""metrics.json"", ""run.log"", ""status.json""]}"
PB000268,true,,run_artifact,run,canonical/scmae_11datasets_20260609_12,scmae_11datasets_20260609_12,,,Macosko,leiden,leiden,leiden,2024,success,0,,,,,,,/data/luolie/biopipeline/dimension-reduction/plantnet/results/canonical/scmae_11datasets_20260609_12/Macosko/leiden__seed2024__20260610_020253,/data/luolie/biopipeline/dimension-reduction/plantnet/results/canonical/scmae_11datasets_20260609_12/Macosko/leiden__seed2024__20260610_020253,/data/luolie/biopipeline/dimension-reduction/plantnet/results/canonical/scmae_11datasets_20260609_12/Macosko/leiden__seed2024__20260610_020253/metrics.json,,,/data/luolie/biopipeline/dimension-reduction/plantnet/results/canonical/scmae_11datasets_20260609_12/Macosko/leiden__seed2024__20260610_020253/args.json,/data/luolie/biopipeline/dimension-reduction/plantnet/results/canonical/scmae_11datasets_20260609_12/Macosko/leiden__seed2024__20260610_020253/status.json,cc4a3f022b1612f7b3af795f49894bec9489fe5c,refactor/minimal-method-isolation-and-neighbormix-ablations,3,132.3,132.3,/data/luolie/conda/base/bin/python /home/luolie/biopipeline/dimension-reduction/plantnet/methods/Traditional/Leiden/run.py --data_path /home/luolie/biopipeline/dimension-reduction/plantnet/data/processed_scmae/Macosko.h5ad --save_dir /home/luolie/biopipeline/dimension-reduction/plantnet/results/formal/scmae_11datasets/Macosko/leiden__seed2024__20260610_020253 --n_clusters 12 --seed 2024,metrics.json:top_level,0.6304454561685413,0.5022762875827868,0.40858287780543434,0.4264785517239043,0.4264785517239043,0.6348526974715516,0.5022762875827868,0.6019517848357288,0.43092125336271075,,,,,,,,,,,,,,,,,"{""markers"": [""args.json"", ""command.txt"", ""metrics.json"", ""run.log"", ""status.json""]}"
PB000269,true,,run_artifact,run,canonical/scmae_11datasets_20260609_12,scmae_11datasets_20260609_12,,,Macosko,leiden,leiden,leiden,3407,success,0,,,,,,,/data/luolie/biopipeline/dimension-reduction/plantnet/results/canonical/scmae_11datasets_20260609_12/Macosko/leiden__seed3407__20260610_020511,/data/luolie/biopipeline/dimension-reduction/plantnet/results/canonical/scmae_11datasets_20260609_12/Macosko/leiden__seed3407__20260610_020511,/data/luolie/biopipeline/dimension-reduction/plantnet/results/canonical/scmae_11datasets_20260609_12/Macosko/leiden__seed3407__20260610_020511/metrics.json,,,/data/luolie/biopipeline/dimension-reduction/plantnet/results/canonical/scmae_11datasets_20260609_12/Macosko/leiden__seed3407__20260610_020511/args.json,/data/luolie/biopipeline/dimension-reduction/plantnet/results/canonical/scmae_11datasets_20260609_12/Macosko/leiden__seed3407__20260610_020511/status.json,cc4a3f022b1612f7b3af795f49894bec9489fe5c,refactor/minimal-method-isolation-and-neighbormix-ablations,3,130.3,130.3,/data/luolie/conda/base/bin/python /home/luolie/biopipeline/dimension-reduction/plantnet/methods/Traditional/Leiden/run.py --data_path /home/luolie/biopipeline/dimension-reduction/plantnet/data/processed_scmae/Macosko.h5ad --save_dir /home/luolie/biopipeline/dimension-reduction/plantnet/results/formal/scmae_11datasets/Macosko/leiden__seed3407__20260610_020511 --n_clusters 12 --seed 3407,metrics.json:top_level,0.6303561863952866,0.5006993462510169,0.40237775323531977,0.4307882608617435,0.4307882608617435,0.6304581202162538,0.5006993462510169,0.6003137328022328,0.4294393741992251,,,,,,,,,,,,,,,,,"{""markers"": [""args.json"", ""command.txt"", ""metrics.json"", ""run.log"", ""status.json""]}"
PB000270,true,,run_artifact,run,canonical/scmae_11datasets_20260609_12,scmae_11datasets_20260609_12,,,Macosko,leiden,leiden,leiden,42,success,0,,,,,,,/data/luolie/biopipeline/dimension-reduction/plantnet/results/canonical/scmae_11datasets_20260609_12/Macosko/leiden__seed42__20260610_020032,/data/luolie/biopipeline/dimension-reduction/plantnet/results/canonical/scmae_11datasets_20260609_12/Macosko/leiden__seed42__20260610_020032,/data/luolie/biopipeline/dimension-reduction/plantnet/results/canonical/scmae_11datasets_20260609_12/Macosko/leiden__seed42__20260610_020032/metrics.json,,,/data/luolie/biopipeline/dimension-reduction/plantnet/results/canonical/scmae_11datasets_20260609_12/Macosko/leiden__seed42__20260610_020032/args.json,/data/luolie/biopipeline/dimension-reduction/plantnet/results/canonical/scmae_11datasets_20260609_12/Macosko/leiden__seed42__20260610_020032/status.json,cc4a3f022b1612f7b3af795f49894bec9489fe5c,refactor/minimal-method-isolation-and-neighbormix-ablations,3,135.7,135.7,/data/luolie/conda/base/bin/python /home/luolie/biopipeline/dimension-reduction/plantnet/methods/Traditional/Leiden/run.py --data_path /home/luolie/biopipeline/dimension-reduction/plantnet/data/processed_scmae/Macosko.h5ad --save_dir /home/luolie/biopipeline/dimension-reduction/plantnet/results/formal/scmae_11datasets/Macosko/leiden__seed42__20260610_020032 --n_clusters 12 --seed 42,metrics.json:top_level,0.627187109444742,0.5022438704785769,0.41019874414029245,0.4252583722929739,0.4252583722929739,0.6357231932982352,0.5022438704785769,0.6016685113348836,0.4310187896336903,,,,,,,,,,,,,,,,,"{""markers"": [""args.json"", ""command.txt"", ""metrics.json"", ""run.log"", ""status.json""]}"
PB000271,true,,run_artifact,run,canonical/scmae_11datasets_20260609_12,scmae_11datasets_20260609_12,,,Macosko,louvain,louvain,louvain,2024,success,0,,,,,,,/data/luolie/biopipeline/dimension-reduction/plantnet/results/canonical/scmae_11datasets_20260609_12/Macosko/louvain__seed2024__20260610_021104,/data/luolie/biopipeline/dimension-reduction/plantnet/results/canonical/scmae_11datasets_20260609_12/Macosko/louvain__seed2024__20260610_021104,/data/luolie/biopipeline/dimension-reduction/plantnet/results/canonical/scmae_11datasets_20260609_12/Macosko/louvain__seed2024__20260610_021104/metrics.json,,,/data/luolie/biopipeline/dimension-reduction/plantnet/results/canonical/scmae_11datasets_20260609_12/Macosko/louvain__seed2024__20260610_021104/args.json,/data/luolie/biopipeline/dimension-reduction/plantnet/results/canonical/scmae_11datasets_20260609_12/Macosko/louvain__seed2024__20260610_021104/status.json,cc4a3f022b1612f7b3af795f49894bec9489fe5c,refactor/minimal-method-isolation-and-neighbormix-ablations,3,216.6,216.6,/data/luolie/conda/base/bin/python /home/luolie/biopipeline/dimension-reduction/plantnet/methods/Traditional/Louvain/run.py --data_path /home/luolie/biopipeline/dimension-reduction/plantnet/data/processed_scmae/Macosko.h5ad --save_dir /home/luolie/biopipeline/dimension-reduction/plantnet/results/formal/scmae_11datasets/Macosko/louvain__seed2024__20260610_021104 --n_clusters 12 --seed 2024,metrics.json:top_level,0.14441617568291376,0.22634798967041475,0.23406697327541878,0.06939538593943954,0.06939538593943954,0.6853760441897824,0.22634798967041475,0.17508201984772265,0.3200672547053166,,,,,,,,,,,,,,,,,"{""markers"": [""args.json"", ""command.txt"", ""metrics.json"", ""run.log"", ""status.json""]}"
PB000272,true,,run_artifact,run,canonical/scmae_11datasets_20260609_12,scmae_11datasets_20260609_12,,,Macosko,louvain,louvain,louvain,3407,success,0,,,,,,,/data/luolie/biopipeline/dimension-reduction/plantnet/results/canonical/scmae_11datasets_20260609_12/Macosko/louvain__seed3407__20260610_021446,/data/luolie/biopipeline/dimension-reduction/plantnet/results/canonical/scmae_11datasets_20260609_12/Macosko/louvain__seed3407__20260610_021446,/data/luolie/biopipeline/dimension-reduction/plantnet/results/canonical/scmae_11datasets_20260609_12/Macosko/louvain__seed3407__20260610_021446/metrics.json,,,/data/luolie/biopipeline/dimension-reduction/plantnet/results/canonical/scmae_11datasets_20260609_12/Macosko/louvain__seed3407__20260610_021446/args.json,/data/luolie/biopipeline/dimension-reduction/plantnet/results/canonical/scmae_11datasets_20260609_12/Macosko/louvain__seed3407__20260610_021446/status.json,cc4a3f022b1612f7b3af795f49894bec9489fe5c,refactor/minimal-method-isolation-and-neighbormix-ablations,3,221.4,221.4,/data/luolie/conda/base/bin/python /home/luolie/biopipeline/dimension-reduction/plantnet/methods/Traditional/Louvain/run.py --data_path /home/luolie/biopipeline/dimension-reduction/plantnet/data/processed_scmae/Macosko.h5ad --save_dir /home/luolie/biopipeline/dimension-reduction/plantnet/results/formal/scmae_11datasets/Macosko/louvain__seed3407__20260610_021446 --n_clusters 12 --seed 3407,metrics.json:top_level,0.5839582217461168,0.372978431280305,0.3038924761758091,0.21778779169535292,0.21778779169535292,0.5859028063363529,0.37297843128030506,0.3953462906966199,0.3530060910712411,,,,,,,,,,,,,,,,,"{""markers"": [""args.json"", ""command.txt"", ""metrics.json"", ""run.log"", ""status.json""]}"
PB000273,true,,run_artifact,run,canonical/scmae_11datasets_20260609_12,scmae_11datasets_20260609_12,,,Macosko,louvain,louvain,louvain,42,success,0,,,,,,,/data/luolie/biopipeline/dimension-reduction/plantnet/results/canonical/scmae_11datasets_20260609_12/Macosko/louvain__seed42__20260610_020726,/data/luolie/biopipeline/dimension-reduction/plantnet/results/canonical/scmae_11datasets_20260609_12/Macosko/louvain__seed42__20260610_020726,/data/luolie/biopipeline/dimension-reduction/plantnet/results/canonical/scmae_11datasets_20260609_12/Macosko/louvain__seed42__20260610_020726/metrics.json,,,/data/luolie/biopipeline/dimension-reduction/plantnet/results/canonical/scmae_11datasets_20260609_12/Macosko/louvain__seed42__20260610_020726/args.json,/data/luolie/biopipeline/dimension-reduction/plantnet/results/canonical/scmae_11datasets_20260609_12/Macosko/louvain__seed42__20260610_020726/status.json,cc4a3f022b1612f7b3af795f49894bec9489fe5c,refactor/minimal-method-isolation-and-neighbormix-ablations,3,214.4,214.4,/data/luolie/conda/base/bin/python /home/luolie/biopipeline/dimension-reduction/plantnet/methods/Traditional/Louvain/run.py --data_path /home/luolie/biopipeline/dimension-reduction/plantnet/data/processed_scmae/Macosko.h5ad --save_dir /home/luolie/biopipeline/dimension-reduction/plantnet/results/formal/scmae_11datasets/Macosko/louvain__seed42__20260610_020726 --n_clusters 12 --seed 42,metrics.json:top_level,0.6264283163720764,0.4417390448311857,0.338240470209963,0.3075268251777947,0.3075268251777947,0.6047042982771158,0.44173904483118576,0.4723656142257029,0.41484210298724455,,,,,,,,,,,,,,,,,"{""markers"": [""args.json"", ""command.txt"", ""metrics.json"", ""run.log"", ""status.json""]}"
PB000274,true,,run_artifact,run,canonical/scmae_11datasets_20260609_12,scmae_11datasets_20260609_12,,,Macosko,neighbormix_scmae,neighbormix_scmae,neighbormix_scmae,2024,success,0,,,,,,,/data/luolie/biopipeline/dimension-reduction/plantnet/results/canonical/scmae_11datasets_20260609_12/Macosko/neighbormix_scmae__seed2024__20260609_154738,/data/luolie/biopipeline/dimension-reduction/plantnet/results/canonical/scmae_11datasets_20260609_12/Macosko/neighbormix_scmae__seed2024__20260609_154738,/data/luolie/biopipeline/dimension-reduction/plantnet/results/canonical/scmae_11datasets_20260609_12/Macosko/neighbormix_scmae__seed2024__20260609_154738/metrics.json,/data/luolie/biopipeline/dimension-reduction/plantnet/results/canonical/scmae_11datasets_20260609_12/Macosko/neighbormix_scmae__seed2024__20260609_154738/summary.json,/data/luolie/biopipeline/dimension-reduction/plantnet/results/canonical/scmae_11datasets_20260609_12/Macosko/neighbormix_scmae__seed2024__20260609_154738/eval_fixed.csv,/data/luolie/biopipeline/dimension-reduction/plantnet/results/canonical/scmae_11datasets_20260609_12/Macosko/neighbormix_scmae__seed2024__20260609_154738/args.json,/data/luolie/biopipeline/dimension-reduction/plantnet/results/canonical/scmae_11datasets_20260609_12/Macosko/neighbormix_scmae__seed2024__20260609_154738/status.json,79654c249dbc289e3ae47f265e59ea33b3377e52,refactor/minimal-method-isolation-and-neighbormix-ablations,1,595.2,595.2,/data/luolie/conda/base/bin/python /home/luolie/biopipeline/dimension-reduction/plantnet/methods/DeepLearning/NeighborMix_scMAE/run.py --data_path /home/luolie/biopipeline/dimension-reduction/plantnet/data/processed_scmae/Macosko.h5ad --save_dir results/formal/scmae_11datasets/Macosko/neighbormix_scmae__seed2024__20260609_154738 --n_clusters 12 --seed 2024 --epochs 200 --gpu 1,eval_fixed.csv,0.6442599535797179,0.6691165583212709,0.5230255586677349,0.6477009760825299,0.6477009760825299,0.710585784385875,0.6691165583212709,0.815825310793857,0.5671302917813299,,12,,,,,,,,,,,,,,,"{""markers"": [""args.json"", ""command.txt"", ""eval_fixed.csv"", ""metrics.json"", ""run.log"", ""status.json"", ""summary.json""]}"
PB000275,true,,run_artifact,run,canonical/scmae_11datasets_20260609_12,scmae_11datasets_20260609_12,,,Macosko,neighbormix_scmae,neighbormix_scmae,neighbormix_scmae,3407,success,0,,,,,,,/data/luolie/biopipeline/dimension-reduction/plantnet/results/canonical/scmae_11datasets_20260609_12/Macosko/neighbormix_scmae__seed3407__20260609_155733,/data/luolie/biopipeline/dimension-reduction/plantnet/results/canonical/scmae_11datasets_20260609_12/Macosko/neighbormix_scmae__seed3407__20260609_155733,/data/luolie/biopipeline/dimension-reduction/plantnet/results/canonical/scmae_11datasets_20260609_12/Macosko/neighbormix_scmae__seed3407__20260609_155733/metrics.json,/data/luolie/biopipeline/dimension-reduction/plantnet/results/canonical/scmae_11datasets_20260609_12/Macosko/neighbormix_scmae__seed3407__20260609_155733/summary.json,/data/luolie/biopipeline/dimension-reduction/plantnet/results/canonical/scmae_11datasets_20260609_12/Macosko/neighbormix_scmae__seed3407__20260609_155733/eval_fixed.csv,/data/luolie/biopipeline/dimension-reduction/plantnet/results/canonical/scmae_11datasets_20260609_12/Macosko/neighbormix_scmae__seed3407__20260609_155733/args.json,/data/luolie/biopipeline/dimension-reduction/plantnet/results/canonical/scmae_11datasets_20260609_12/Macosko/neighbormix_scmae__seed3407__20260609_155733/status.json,79654c249dbc289e3ae47f265e59ea33b3377e52,refactor/minimal-method-isolation-and-neighbormix-ablations,1,601.2,601.2,/data/luolie/conda/base/bin/python /home/luolie/biopipeline/dimension-reduction/plantnet/methods/DeepLearning/NeighborMix_scMAE/run.py --data_path /home/luolie/biopipeline/dimension-reduction/plantnet/data/processed_scmae/Macosko.h5ad --save_dir results/formal/scmae_11datasets/Macosko/neighbormix_scmae__seed3407__20260609_155733 --n_clusters 12 --seed 3407 --epochs 200 --gpu 1,eval_fixed.csv,0.5191706838064631,0.6151970632095248,0.373748946706733,0.5675367352368745,0.5675367352368745,0.5971525923629502,0.6151970632095247,0.8182379892917373,0.4928894550167301,,12,,,,,,,,,,,,,,,"{""markers"": [""args.json"", ""command.txt"", ""eval_fixed.csv"", ""metrics.json"", ""run.log"", ""status.json"", ""summary.json""]}"
PB000276,true,,run_artifact,run,canonical/scmae_11datasets_20260609_12,scmae_11datasets_20260609_12,,,Macosko,neighbormix_scmae,neighbormix_scmae,neighbormix_scmae,42,success,0,,,,,,,/data/luolie/biopipeline/dimension-reduction/plantnet/results/canonical/scmae_11datasets_20260609_12/Macosko/neighbormix_scmae__seed42__20260609_153734,/data/luolie/biopipeline/dimension-reduction/plantnet/results/canonical/scmae_11datasets_20260609_12/Macosko/neighbormix_scmae__seed42__20260609_153734,/data/luolie/biopipeline/dimension-reduction/plantnet/results/canonical/scmae_11datasets_20260609_12/Macosko/neighbormix_scmae__seed42__20260609_153734/metrics.json,/data/luolie/biopipeline/dimension-reduction/plantnet/results/canonical/scmae_11datasets_20260609_12/Macosko/neighbormix_scmae__seed42__20260609_153734/summary.json,/data/luolie/biopipeline/dimension-reduction/plantnet/results/canonical/scmae_11datasets_20260609_12/Macosko/neighbormix_scmae__seed42__20260609_153734/eval_fixed.csv,/data/luolie/biopipeline/dimension-reduction/plantnet/results/canonical/scmae_11datasets_20260609_12/Macosko/neighbormix_scmae__seed42__20260609_153734/args.json,/data/luolie/biopipeline/dimension-reduction/plantnet/results/canonical/scmae_11datasets_20260609_12/Macosko/neighbormix_scmae__seed42__20260609_153734/status.json,79654c249dbc289e3ae47f265e59ea33b3377e52,refactor/minimal-method-isolation-and-neighbormix-ablations,1,603.3,603.3,/data/luolie/conda/base/bin/python /home/luolie/biopipeline/dimension-reduction/plantnet/methods/DeepLearning/NeighborMix_scMAE/run.py --data_path /home/luolie/biopipeline/dimension-reduction/plantnet/data/processed_scmae/Macosko.h5ad --save_dir results/formal/scmae_11datasets/Macosko/neighbormix_scmae__seed42__20260609_153734 --n_clusters 12 --seed 42 --epochs 200 --gpu 1,eval_fixed.csv,0.5192376361364042,0.6118304787658506,0.3675041719921355,0.5745702715133333,0.5745702715133333,0.5919505170607053,0.6118304787658505,0.8169723254579323,0.4890339872422931,,12,,,,,,,,,,,,,,,"{""markers"": [""args.json"", ""command.txt"", ""eval_fixed.csv"", ""metrics.json"", ""run.log"", ""status.json"", ""summary.json""]}"
PB000277,true,,run_artifact,run,canonical/scmae_11datasets_20260609_12,scmae_11datasets_20260609_12,,,Macosko,nm_scmae_nomix,nm_scmae_nomix,nm_scmae_nomix,2024,success,0,,,,,,,/data/luolie/biopipeline/dimension-reduction/plantnet/results/canonical/scmae_11datasets_20260609_12/Macosko/nm_scmae_nomix__seed2024__20260609_161255,/data/luolie/biopipeline/dimension-reduction/plantnet/results/canonical/scmae_11datasets_20260609_12/Macosko/nm_scmae_nomix__seed2024__20260609_161255,/data/luolie/biopipeline/dimension-reduction/plantnet/results/canonical/scmae_11datasets_20260609_12/Macosko/nm_scmae_nomix__seed2024__20260609_161255/metrics.json,/data/luolie/biopipeline/dimension-reduction/plantnet/results/canonical/scmae_11datasets_20260609_12/Macosko/nm_scmae_nomix__seed2024__20260609_161255/summary.json,/data/luolie/biopipeline/dimension-reduction/plantnet/results/canonical/scmae_11datasets_20260609_12/Macosko/nm_scmae_nomix__seed2024__20260609_161255/eval_fixed.csv,/data/luolie/biopipeline/dimension-reduction/plantnet/results/canonical/scmae_11datasets_20260609_12/Macosko/nm_scmae_nomix__seed2024__20260609_161255/args.json,/data/luolie/biopipeline/dimension-reduction/plantnet/results/canonical/scmae_11datasets_20260609_12/Macosko/nm_scmae_nomix__seed2024__20260609_161255/status.json,79654c249dbc289e3ae47f265e59ea33b3377e52,refactor/minimal-method-isolation-and-neighbormix-ablations,1,336.7,336.7,/data/luolie/conda/base/bin/python /home/luolie/biopipeline/dimension-reduction/plantnet/methods/DeepLearning/NeighborMix_scMAE/run.py --data_path /home/luolie/biopipeline/dimension-reduction/plantnet/data/processed_scmae/Macosko.h5ad --save_dir results/formal/scmae_11datasets/Macosko/nm_scmae_nomix__seed2024__20260609_161255 --n_clusters 12 --seed 2024 --epochs 200 --gpu 1 --use_pseudo false --pseudo_weight 0 --neighbor_k 0 --mix_neighbors 0 --variant_name nm_scmae_nomix,eval_fixed.csv,0.6588555615068737,0.6725413156323196,0.5360011713500443,0.6480215792094092,0.6480215792094092,0.7196888004299473,0.6725413156323196,0.8171774054747863,0.5714055480181613,,12,,,,,,,,,,,,,,,"{""markers"": [""args.json"", ""command.txt"", ""eval_fixed.csv"", ""metrics.json"", ""run.log"", ""status.json"", ""summary.json""]}"
PB000278,true,,run_artifact,run,canonical/scmae_11datasets_20260609_12,scmae_11datasets_20260609_12,,,Macosko,nm_scmae_nomix,nm_scmae_nomix,nm_scmae_nomix,3407,success,0,,,,,,,/data/luolie/biopipeline/dimension-reduction/plantnet/results/canonical/scmae_11datasets_20260609_12/Macosko/nm_scmae_nomix__seed3407__20260609_161832,/data/luolie/biopipeline/dimension-reduction/plantnet/results/canonical/scmae_11datasets_20260609_12/Macosko/nm_scmae_nomix__seed3407__20260609_161832,/data/luolie/biopipeline/dimension-reduction/plantnet/results/canonical/scmae_11datasets_20260609_12/Macosko/nm_scmae_nomix__seed3407__20260609_161832/metrics.json,/data/luolie/biopipeline/dimension-reduction/plantnet/results/canonical/scmae_11datasets_20260609_12/Macosko/nm_scmae_nomix__seed3407__20260609_161832/summary.json,/data/luolie/biopipeline/dimension-reduction/plantnet/results/canonical/scmae_11datasets_20260609_12/Macosko/nm_scmae_nomix__seed3407__20260609_161832/eval_fixed.csv,/data/luolie/biopipeline/dimension-reduction/plantnet/results/canonical/scmae_11datasets_20260609_12/Macosko/nm_scmae_nomix__seed3407__20260609_161832/args.json,/data/luolie/biopipeline/dimension-reduction/plantnet/results/canonical/scmae_11datasets_20260609_12/Macosko/nm_scmae_nomix__seed3407__20260609_161832/status.json,79654c249dbc289e3ae47f265e59ea33b3377e52,refactor/minimal-method-isolation-and-neighbormix-ablations,1,325.8,325.8,/data/luolie/conda/base/bin/python /home/luolie/biopipeline/dimension-reduction/plantnet/methods/DeepLearning/NeighborMix_scMAE/run.py --data_path /home/luolie/biopipeline/dimension-reduction/plantnet/data/processed_scmae/Macosko.h5ad --save_dir results/formal/scmae_11datasets/Macosko/nm_scmae_nomix__seed3407__20260609_161832 --n_clusters 12 --seed 3407 --epochs 200 --gpu 1 --use_pseudo false --pseudo_weight 0 --neighbor_k 0 --mix_neighbors 0 --variant_name nm_scmae_nomix,eval_fixed.csv,0.529682199607213,0.6126732483306647,0.3939576001469913,0.572578726792391,0.572578726792391,0.6135791821853799,0.6126732483306647,0.8034199098169352,0.4951221456539474,,12,,,,,,,,,,,,,,,"{""markers"": [""args.json"", ""command.txt"", ""eval_fixed.csv"", ""metrics.json"", ""run.log"", ""status.json"", ""summary.json""]}"
PB000279,true,,run_artifact,run,canonical/scmae_11datasets_20260609_12,scmae_11datasets_20260609_12,,,Macosko,nm_scmae_nomix,nm_scmae_nomix,nm_scmae_nomix,42,success,0,,,,,,,/data/luolie/biopipeline/dimension-reduction/plantnet/results/canonical/scmae_11datasets_20260609_12/Macosko/nm_scmae_nomix__seed42__20260609_160734,/data/luolie/biopipeline/dimension-reduction/plantnet/results/canonical/scmae_11datasets_20260609_12/Macosko/nm_scmae_nomix__seed42__20260609_160734,/data/luolie/biopipeline/dimension-reduction/plantnet/results/canonical/scmae_11datasets_20260609_12/Macosko/nm_scmae_nomix__seed42__20260609_160734/metrics.json,/data/luolie/biopipeline/dimension-reduction/plantnet/results/canonical/scmae_11datasets_20260609_12/Macosko/nm_scmae_nomix__seed42__20260609_160734/summary.json,/data/luolie/biopipeline/dimension-reduction/plantnet/results/canonical/scmae_11datasets_20260609_12/Macosko/nm_scmae_nomix__seed42__20260609_160734/eval_fixed.csv,/data/luolie/biopipeline/dimension-reduction/plantnet/results/canonical/scmae_11datasets_20260609_12/Macosko/nm_scmae_nomix__seed42__20260609_160734/args.json,/data/luolie/biopipeline/dimension-reduction/plantnet/results/canonical/scmae_11datasets_20260609_12/Macosko/nm_scmae_nomix__seed42__20260609_160734/status.json,79654c249dbc289e3ae47f265e59ea33b3377e52,refactor/minimal-method-isolation-and-neighbormix-ablations,1,321.2,321.2,/data/luolie/conda/base/bin/python /home/luolie/biopipeline/dimension-reduction/plantnet/methods/DeepLearning/NeighborMix_scMAE/run.py --data_path /home/luolie/biopipeline/dimension-reduction/plantnet/data/processed_scmae/Macosko.h5ad --save_dir results/formal/scmae_11datasets/Macosko/nm_scmae_nomix__seed42__20260609_160734 --n_clusters 12 --seed 42 --epochs 200 --gpu 1 --use_pseudo false --pseudo_weight 0 --neighbor_k 0 --mix_neighbors 0 --variant_name nm_scmae_nomix,eval_fixed.csv,0.6871540796286377,0.6871812091315924,0.5528451418150978,0.6687410550815468,0.6687410550815468,0.7313435291622631,0.6871812091315925,0.8377839454336813,0.5824738386833709,,12,,,,,,,,,,,,,,,"{""markers"": [""args.json"", ""command.txt"", ""eval_fixed.csv"", ""metrics.json"", ""run.log"", ""status.json"", ""summary.json""]}"
PB000280,true,,run_artifact,run,canonical/scmae_11datasets_20260609_12,scmae_11datasets_20260609_12,,,Macosko,sc3,sc3,sc3,2024,success,0,,,,,,,/data/luolie/biopipeline/dimension-reduction/plantnet/results/canonical/scmae_11datasets_20260609_12/Macosko/sc3__seed2024__20260609_162644,/data/luolie/biopipeline/dimension-reduction/plantnet/results/canonical/scmae_11datasets_20260609_12/Macosko/sc3__seed2024__20260609_162644,/data/luolie/biopipeline/dimension-reduction/plantnet/results/canonical/scmae_11datasets_20260609_12/Macosko/sc3__seed2024__20260609_162644/metrics.json,,,/data/luolie/biopipeline/dimension-reduction/plantnet/results/canonical/scmae_11datasets_20260609_12/Macosko/sc3__seed2024__20260609_162644/args.json,/data/luolie/biopipeline/dimension-reduction/plantnet/results/canonical/scmae_11datasets_20260609_12/Macosko/sc3__seed2024__20260609_162644/status.json,79654c249dbc289e3ae47f265e59ea33b3377e52,refactor/minimal-method-isolation-and-neighbormix-ablations,1,157.3,157.3,/data/luolie/conda/base/bin/python /home/luolie/biopipeline/dimension-reduction/plantnet/methods/Traditional/sc3/run.py --data_path /home/luolie/biopipeline/dimension-reduction/plantnet/data/processed_scmae/Macosko.h5ad --save_dir results/formal/scmae_11datasets/Macosko/sc3__seed2024__20260609_162644 --n_clusters 12 --seed 2024,metrics.json:top_level,0.17595072308516335,0.5102644179930207,0.2141113253503416,0.1635264530818441,0.1635264530818441,0.4494447035762859,0.5102644179930207,0.7546781214737929,0.3854354352698295,,,,,,,,,,,,,,,,,"{""markers"": [""args.json"", ""command.txt"", ""metrics.json"", ""run.log"", ""status.json""]}"
PB000281,true,,run_artifact,run,canonical/scmae_11datasets_20260609_12,scmae_11datasets_20260609_12,,,Macosko,sc3,sc3,sc3,3407,success,0,,,,,,,/data/luolie/biopipeline/dimension-reduction/plantnet/results/canonical/scmae_11datasets_20260609_12/Macosko/sc3__seed3407__20260609_162921,/data/luolie/biopipeline/dimension-reduction/plantnet/results/canonical/scmae_11datasets_20260609_12/Macosko/sc3__seed3407__20260609_162921,/data/luolie/biopipeline/dimension-reduction/plantnet/results/canonical/scmae_11datasets_20260609_12/Macosko/sc3__seed3407__20260609_162921/metrics.json,,,/data/luolie/biopipeline/dimension-reduction/plantnet/results/canonical/scmae_11datasets_20260609_12/Macosko/sc3__seed3407__20260609_162921/args.json,/data/luolie/biopipeline/dimension-reduction/plantnet/results/canonical/scmae_11datasets_20260609_12/Macosko/sc3__seed3407__20260609_162921/status.json,79654c249dbc289e3ae47f265e59ea33b3377e52,refactor/minimal-method-isolation-and-neighbormix-ablations,1,164.7,164.7,/data/luolie/conda/base/bin/python /home/luolie/biopipeline/dimension-reduction/plantnet/methods/Traditional/sc3/run.py --data_path /home/luolie/biopipeline/dimension-reduction/plantnet/data/processed_scmae/Macosko.h5ad --save_dir results/formal/scmae_11datasets/Macosko/sc3__seed3407__20260609_162921 --n_clusters 12 --seed 3407,metrics.json:top_level,0.07503124442063917,0.5098019478425008,0.2131996096082982,0.05387327430031832,0.05387327430031832,0.448482949513605,0.5098019478425008,0.7542673147068287,0.38501488268768286,,,,,,,,,,,,,,,,,"{""markers"": [""args.json"", ""command.txt"", ""metrics.json"", ""run.log"", ""status.json""]}"
PB000282,true,,run_artifact,run,canonical/scmae_11datasets_20260609_12,scmae_11datasets_20260609_12,,,Macosko,sc3,sc3,sc3,42,success,0,,,,,,,/data/luolie/biopipeline/dimension-reduction/plantnet/results/canonical/scmae_11datasets_20260609_12/Macosko/sc3__seed42__20260609_162358,/data/luolie/biopipeline/dimension-reduction/plantnet/results/canonical/scmae_11datasets_20260609_12/Macosko/sc3__seed42__20260609_162358,/data/luolie/biopipeline/dimension-reduction/plantnet/results/canonical/scmae_11datasets_20260609_12/Macosko/sc3__seed42__20260609_162358/metrics.json,,,/data/luolie/biopipeline/dimension-reduction/plantnet/results/canonical/scmae_11datasets_20260609_12/Macosko/sc3__seed42__20260609_162358/args.json,/data/luolie/biopipeline/dimension-reduction/plantnet/results/canonical/scmae_11datasets_20260609_12/Macosko/sc3__seed42__20260609_162358/status.json,79654c249dbc289e3ae47f265e59ea33b3377e52,refactor/minimal-method-isolation-and-neighbormix-ablations,1,166.1,166.1,/data/luolie/conda/base/bin/python /home/luolie/biopipeline/dimension-reduction/plantnet/methods/Traditional/sc3/run.py --data_path /home/luolie/biopipeline/dimension-reduction/plantnet/data/processed_scmae/Macosko.h5ad --save_dir results/formal/scmae_11datasets/Macosko/sc3__seed42__20260609_162358 --n_clusters 12 --seed 42,metrics.json:top_level,0.17217907516514908,0.5103925879682838,0.21341575409649072,0.053897802336371835,0.053897802336371835,0.4487064677773479,0.5103925879682839,0.7551478909769871,0.38545920114347765,,,,,,,,,,,,,,,,,"{""markers"": [""args.json"", ""command.txt"", ""metrics.json"", ""run.log"", ""status.json""]}"
PB000283,true,,run_artifact,run,canonical/scmae_11datasets_20260609_12,scmae_11datasets_20260609_12,,,Macosko,scdcc,scdcc,scdcc,2024,success,0,,,,,,,/data/luolie/biopipeline/dimension-reduction/plantnet/results/canonical/scmae_11datasets_20260609_12/Macosko/scdcc__seed2024__20260609_165257,/data/luolie/biopipeline/dimension-reduction/plantnet/results/canonical/scmae_11datasets_20260609_12/Macosko/scdcc__seed2024__20260609_165257,/data/luolie/biopipeline/dimension-reduction/plantnet/results/canonical/scmae_11datasets_20260609_12/Macosko/scdcc__seed2024__20260609_165257/metrics.json,,,/data/luolie/biopipeline/dimension-reduction/plantnet/results/canonical/scmae_11datasets_20260609_12/Macosko/scdcc__seed2024__20260609_165257/args.json,/data/luolie/biopipeline/dimension-reduction/plantnet/results/canonical/scmae_11datasets_20260609_12/Macosko/scdcc__seed2024__20260609_165257/status.json,79654c249dbc289e3ae47f265e59ea33b3377e52,refactor/minimal-method-isolation-and-neighbormix-ablations,1,1226.3,1226.3,/data/luolie/conda/base/bin/python /home/luolie/biopipeline/dimension-reduction/plantnet/methods/DeepLearning/scDCC/run.py --data_path /home/luolie/biopipeline/dimension-reduction/plantnet/data/processed_scmae/Macosko.h5ad --save_dir results/formal/scmae_11datasets/Macosko/scdcc__seed2024__20260609_165257 --n_clusters 12 --seed 2024 --epochs 200 --pretrain_epochs 200 --gpu 1,metrics.json:top_level,0.5327396893411891,0.6412372370935228,0.4442189818666325,0.479911615164653,0.479911615164653,0.6527293439067468,0.6412372370935229,0.8345051122372136,0.5206555913432379,,,,,,,,,,,,,,,,,"{""markers"": [""args.json"", ""command.txt"", ""metrics.json"", ""run.log"", ""run_config.json"", ""status.json""]}"
PB000284,true,,run_artifact,run,canonical/scmae_11datasets_20260609_12,scmae_11datasets_20260609_12,,,Macosko,scdcc,scdcc,scdcc,3407,success,0,,,,,,,/data/luolie/biopipeline/dimension-reduction/plantnet/results/canonical/scmae_11datasets_20260609_12/Macosko/scdcc__seed3407__20260609_171323,/data/luolie/biopipeline/dimension-reduction/plantnet/results/canonical/scmae_11datasets_20260609_12/Macosko/scdcc__seed3407__20260609_171323,/data/luolie/biopipeline/dimension-reduction/plantnet/results/canonical/scmae_11datasets_20260609_12/Macosko/scdcc__seed3407__20260609_171323/metrics.json,,,/data/luolie/biopipeline/dimension-reduction/plantnet/results/canonical/scmae_11datasets_20260609_12/Macosko/scdcc__seed3407__20260609_171323/args.json,/data/luolie/biopipeline/dimension-reduction/plantnet/results/canonical/scmae_11datasets_20260609_12/Macosko/scdcc__seed3407__20260609_171323/status.json,79654c249dbc289e3ae47f265e59ea33b3377e52,refactor/minimal-method-isolation-and-neighbormix-ablations,1,1291.1,1291.1,/data/luolie/conda/base/bin/python /home/luolie/biopipeline/dimension-reduction/plantnet/methods/DeepLearning/scDCC/run.py --data_path /home/luolie/biopipeline/dimension-reduction/plantnet/data/processed_scmae/Macosko.h5ad --save_dir results/formal/scmae_11datasets/Macosko/scdcc__seed3407__20260609_171323 --n_clusters 12 --seed 3407 --epochs 200 --pretrain_epochs 200 --gpu 1,metrics.json:top_level,0.5187243349401892,0.6307160144844652,0.4323533978607753,0.46473796799276496,0.46473796799276496,0.6436832448385073,0.6307160144844652,0.8377822510707668,0.5057218234445161,,,,,,,,,,,,,,,,,"{""markers"": [""args.json"", ""command.txt"", ""metrics.json"", ""run.log"", ""run_config.json"", ""status.json""]}"
PB000285,true,,run_artifact,run,canonical/scmae_11datasets_20260609_12,scmae_11datasets_20260609_12,,,Macosko,scdcc,scdcc,scdcc,42,success,0,,,,,,,/data/luolie/biopipeline/dimension-reduction/plantnet/results/canonical/scmae_11datasets_20260609_12/Macosko/scdcc__seed42__20260609_163206,/data/luolie/biopipeline/dimension-reduction/plantnet/results/canonical/scmae_11datasets_20260609_12/Macosko/scdcc__seed42__20260609_163206,/data/luolie/biopipeline/dimension-reduction/plantnet/results/canonical/scmae_11datasets_20260609_12/Macosko/scdcc__seed42__20260609_163206/metrics.json,,,/data/luolie/biopipeline/dimension-reduction/plantnet/results/canonical/scmae_11datasets_20260609_12/Macosko/scdcc__seed42__20260609_163206/args.json,/data/luolie/biopipeline/dimension-reduction/plantnet/results/canonical/scmae_11datasets_20260609_12/Macosko/scdcc__seed42__20260609_163206/status.json,79654c249dbc289e3ae47f265e59ea33b3377e52,refactor/minimal-method-isolation-and-neighbormix-ablations,1,1250.5,1250.5,/data/luolie/conda/base/bin/python /home/luolie/biopipeline/dimension-reduction/plantnet/methods/DeepLearning/scDCC/run.py --data_path /home/luolie/biopipeline/dimension-reduction/plantnet/data/processed_scmae/Macosko.h5ad --save_dir results/formal/scmae_11datasets/Macosko/scdcc__seed42__20260609_163206 --n_clusters 12 --seed 42 --epochs 200 --pretrain_epochs 200 --gpu 1,metrics.json:top_level,0.5079226923763613,0.611324795785299,0.3322135559049719,0.49610928779255153,0.49610928779255153,0.5620755817554135,0.611324795785299,0.8506344030167741,0.47710148211534187,,,,,,,,,,,,,,,,,"{""markers"": [""args.json"", ""command.txt"", ""metrics.json"", ""run.log"", ""run_config.json"", ""status.json""]}"
PB000286,true,,run_artifact,run,canonical/scmae_11datasets_20260609_12,scmae_11datasets_20260609_12,,,Macosko,scmae,scmae,scmae,2024,success,0,,,,,,,/data/luolie/biopipeline/dimension-reduction/plantnet/results/canonical/scmae_11datasets_20260609_12/Macosko/scmae__seed2024__20260609_173910,/data/luolie/biopipeline/dimension-reduction/plantnet/results/canonical/scmae_11datasets_20260609_12/Macosko/scmae__seed2024__20260609_173910,/data/luolie/biopipeline/dimension-reduction/plantnet/results/canonical/scmae_11datasets_20260609_12/Macosko/scmae__seed2024__20260609_173910/metrics.json,/data/luolie/biopipeline/dimension-reduction/plantnet/results/canonical/scmae_11datasets_20260609_12/Macosko/scmae__seed2024__20260609_173910/summary.json,/data/luolie/biopipeline/dimension-reduction/plantnet/results/canonical/scmae_11datasets_20260609_12/Macosko/scmae__seed2024__20260609_173910/eval_fixed.csv,/data/luolie/biopipeline/dimension-reduction/plantnet/results/canonical/scmae_11datasets_20260609_12/Macosko/scmae__seed2024__20260609_173910/args.json,/data/luolie/biopipeline/dimension-reduction/plantnet/results/canonical/scmae_11datasets_20260609_12/Macosko/scmae__seed2024__20260609_173910/status.json,79654c249dbc289e3ae47f265e59ea33b3377e52,refactor/minimal-method-isolation-and-neighbormix-ablations,1,275.7,275.7,/data/luolie/conda/base/bin/python /home/luolie/biopipeline/dimension-reduction/plantnet/methods/DeepLearning/scMAE/run.py --data_path /home/luolie/biopipeline/dimension-reduction/plantnet/data/processed_scmae/Macosko.h5ad --save_dir results/formal/scmae_11datasets/Macosko/scmae__seed2024__20260609_173910 --n_clusters 12 --seed 2024 --epochs 200 --gpu 1,eval_fixed.csv,0.6588555615068737,0.6725413156323196,0.5360011713500443,0.6480215792094092,0.6480215792094092,0.7196888004299473,0.6725413156323196,0.8171774054747863,0.5714055480181613,,12,,,,,,,,,,,,,,,"{""markers"": [""args.json"", ""command.txt"", ""eval_fixed.csv"", ""metrics.json"", ""run.log"", ""status.json"", ""summary.json""]}"
PB000287,true,,run_artifact,run,canonical/scmae_11datasets_20260609_12,scmae_11datasets_20260609_12,,,Macosko,scmae,scmae,scmae,3407,success,0,,,,,,,/data/luolie/biopipeline/dimension-reduction/plantnet/results/canonical/scmae_11datasets_20260609_12/Macosko/scmae__seed3407__20260609_174346,/data/luolie/biopipeline/dimension-reduction/plantnet/results/canonical/scmae_11datasets_20260609_12/Macosko/scmae__seed3407__20260609_174346,/data/luolie/biopipeline/dimension-reduction/plantnet/results/canonical/scmae_11datasets_20260609_12/Macosko/scmae__seed3407__20260609_174346/metrics.json,/data/luolie/biopipeline/dimension-reduction/plantnet/results/canonical/scmae_11datasets_20260609_12/Macosko/scmae__seed3407__20260609_174346/summary.json,/data/luolie/biopipeline/dimension-reduction/plantnet/results/canonical/scmae_11datasets_20260609_12/Macosko/scmae__seed3407__20260609_174346/eval_fixed.csv,/data/luolie/biopipeline/dimension-reduction/plantnet/results/canonical/scmae_11datasets_20260609_12/Macosko/scmae__seed3407__20260609_174346/args.json,/data/luolie/biopipeline/dimension-reduction/plantnet/results/canonical/scmae_11datasets_20260609_12/Macosko/scmae__seed3407__20260609_174346/status.json,79654c249dbc289e3ae47f265e59ea33b3377e52,refactor/minimal-method-isolation-and-neighbormix-ablations,1,285.7,285.7,/data/luolie/conda/base/bin/python /home/luolie/biopipeline/dimension-reduction/plantnet/methods/DeepLearning/scMAE/run.py --data_path /home/luolie/biopipeline/dimension-reduction/plantnet/data/processed_scmae/Macosko.h5ad --save_dir results/formal/scmae_11datasets/Macosko/scmae__seed3407__20260609_174346 --n_clusters 12 --seed 3407 --epochs 200 --gpu 1,eval_fixed.csv,0.529682199607213,0.6126732483306647,0.3939576001469913,0.572578726792391,0.572578726792391,0.6135791821853799,0.6126732483306647,0.8034199098169352,0.4951221456539474,,12,,,,,,,,,,,,,,,"{""markers"": [""args.json"", ""command.txt"", ""eval_fixed.csv"", ""metrics.json"", ""run.log"", ""status.json"", ""summary.json""]}"
PB000288,true,,run_artifact,run,canonical/scmae_11datasets_20260609_12,scmae_11datasets_20260609_12,,,Macosko,scmae,scmae,scmae,42,success,0,,,,,,,/data/luolie/biopipeline/dimension-reduction/plantnet/results/canonical/scmae_11datasets_20260609_12/Macosko/scmae__seed42__20260609_173454,/data/luolie/biopipeline/dimension-reduction/plantnet/results/canonical/scmae_11datasets_20260609_12/Macosko/scmae__seed42__20260609_173454,/data/luolie/biopipeline/dimension-reduction/plantnet/results/canonical/scmae_11datasets_20260609_12/Macosko/scmae__seed42__20260609_173454/metrics.json,/data/luolie/biopipeline/dimension-reduction/plantnet/results/canonical/scmae_11datasets_20260609_12/Macosko/scmae__seed42__20260609_173454/summary.json,/data/luolie/biopipeline/dimension-reduction/plantnet/results/canonical/scmae_11datasets_20260609_12/Macosko/scmae__seed42__20260609_173454/eval_fixed.csv,/data/luolie/biopipeline/dimension-reduction/plantnet/results/canonical/scmae_11datasets_20260609_12/Macosko/scmae__seed42__20260609_173454/args.json,/data/luolie/biopipeline/dimension-reduction/plantnet/results/canonical/scmae_11datasets_20260609_12/Macosko/scmae__seed42__20260609_173454/status.json,79654c249dbc289e3ae47f265e59ea33b3377e52,refactor/minimal-method-isolation-and-neighbormix-ablations,1,256.5,256.5,/data/luolie/conda/base/bin/python /home/luolie/biopipeline/dimension-reduction/plantnet/methods/DeepLearning/scMAE/run.py --data_path /home/luolie/biopipeline/dimension-reduction/plantnet/data/processed_scmae/Macosko.h5ad --save_dir results/formal/scmae_11datasets/Macosko/scmae__seed42__20260609_173454 --n_clusters 12 --seed 42 --epochs 200 --gpu 1,eval_fixed.csv,0.6871540796286377,0.6871812091315924,0.5528451418150978,0.6687410550815468,0.6687410550815468,0.7313435291622631,0.6871812091315925,0.8377839454336813,0.5824738386833709,,12,,,,,,,,,,,,,,,"{""markers"": [""args.json"", ""command.txt"", ""eval_fixed.csv"", ""metrics.json"", ""run.log"", ""status.json"", ""summary.json""]}"
PB000289,true,,run_artifact,run,canonical/scmae_11datasets_20260609_12,scmae_11datasets_20260609_12,,,Macosko,scname,scname,scname,2024,success,0,,,,,,,/data/luolie/biopipeline/dimension-reduction/plantnet/results/canonical/scmae_11datasets_20260609_12/Macosko/scname__seed2024__20260610_195914,/data/luolie/biopipeline/dimension-reduction/plantnet/results/canonical/scmae_11datasets_20260609_12/Macosko/scname__seed2024__20260610_195914,/data/luolie/biopipeline/dimension-reduction/plantnet/results/canonical/scmae_11datasets_20260609_12/Macosko/scname__seed2024__20260610_195914/metrics.json,,,/data/luolie/biopipeline/dimension-reduction/plantnet/results/canonical/scmae_11datasets_20260609_12/Macosko/scname__seed2024__20260610_195914/args.json,/data/luolie/biopipeline/dimension-reduction/plantnet/results/canonical/scmae_11datasets_20260609_12/Macosko/scname__seed2024__20260610_195914/status.json,cc4a3f022b1612f7b3af795f49894bec9489fe5c,refactor/minimal-method-isolation-and-neighbormix-ablations,4,12360.6,12360.6,/data/luolie/conda/envs/scssl_bench_py310/bin/python /home/luolie/biopipeline/dimension-reduction/plantnet/methods/DeepLearning/scNAME/run.py --data_path /home/luolie/biopipeline/dimension-reduction/plantnet/data/processed_scmae/Macosko.h5ad --save_dir /home/luolie/biopipeline/dimension-reduction/plantnet/results/formal/scmae_11datasets/Macosko/scname__seed2024__20260610_195914 --n_clusters 12 --seed 2024 --epochs 200 --gpu 4,metrics.json:top_level,0.6561328334226031,0.0,0.0,0.06603061664510565,0.06603061664510565,0.6805487167810241,0.0,0.0,1.0,,,,,,,,,,,,,,,,,"{""markers"": [""args.json"", ""command.txt"", ""metrics.json"", ""run.log"", ""status.json""]}"
PB000290,true,,run_artifact,run,canonical/scmae_11datasets_20260609_12,scmae_11datasets_20260609_12,,,Macosko,sczidesk,sczidesk,sczidesk,2024,success,0,,,,,,,/data/luolie/biopipeline/dimension-reduction/plantnet/results/canonical/scmae_11datasets_20260609_12/Macosko/sczidesk__seed2024__20260610_164543,/data/luolie/biopipeline/dimension-reduction/plantnet/results/canonical/scmae_11datasets_20260609_12/Macosko/sczidesk__seed2024__20260610_164543,/data/luolie/biopipeline/dimension-reduction/plantnet/results/canonical/scmae_11datasets_20260609_12/Macosko/sczidesk__seed2024__20260610_164543/metrics.json,,,/data/luolie/biopipeline/dimension-reduction/plantnet/results/canonical/scmae_11datasets_20260609_12/Macosko/sczidesk__seed2024__20260610_164543/args.json,/data/luolie/biopipeline/dimension-reduction/plantnet/results/canonical/scmae_11datasets_20260609_12/Macosko/sczidesk__seed2024__20260610_164543/status.json,cc4a3f022b1612f7b3af795f49894bec9489fe5c,refactor/minimal-method-isolation-and-neighbormix-ablations,4,7117.5,7117.5,/data/luolie/conda/envs/scssl_bench_py310/bin/python /home/luolie/biopipeline/dimension-reduction/plantnet/methods/DeepLearning/scziDesk/run.py --data_path /home/luolie/biopipeline/dimension-reduction/plantnet/data/processed_scmae/Macosko.h5ad --save_dir /home/luolie/biopipeline/dimension-reduction/plantnet/results/formal/scmae_11datasets/Macosko/sczidesk__seed2024__20260610_164543 --n_clusters 12 --seed 2024 --epochs 200 --gpu 4,metrics.json:top_level,0.6561328334226031,0.0,0.0,0.06603061664510565,0.06603061664510565,0.6805487167810241,0.0,0.0,1.0,,,,,,,,,,,,,,,,,"{""markers"": [""args.json"", ""command.txt"", ""metrics.json"", ""run.log"", ""status.json""]}"
PB000291,true,,run_artifact,run,canonical/scmae_11datasets_20260609_12,scmae_11datasets_20260609_12,,,Macosko,sczidesk,sczidesk,sczidesk,3407,success,0,,,,,,,/data/luolie/biopipeline/dimension-reduction/plantnet/results/canonical/scmae_11datasets_20260609_12/Macosko/sczidesk__seed3407__20260610_184446,/data/luolie/biopipeline/dimension-reduction/plantnet/results/canonical/scmae_11datasets_20260609_12/Macosko/sczidesk__seed3407__20260610_184446,/data/luolie/biopipeline/dimension-reduction/plantnet/results/canonical/scmae_11datasets_20260609_12/Macosko/sczidesk__seed3407__20260610_184446/metrics.json,,,/data/luolie/biopipeline/dimension-reduction/plantnet/results/canonical/scmae_11datasets_20260609_12/Macosko/sczidesk__seed3407__20260610_184446/args.json,/data/luolie/biopipeline/dimension-reduction/plantnet/results/canonical/scmae_11datasets_20260609_12/Macosko/sczidesk__seed3407__20260610_184446/status.json,cc4a3f022b1612f7b3af795f49894bec9489fe5c,refactor/minimal-method-isolation-and-neighbormix-ablations,4,4448.3,4448.3,/data/luolie/conda/envs/scssl_bench_py310/bin/python /home/luolie/biopipeline/dimension-reduction/plantnet/methods/DeepLearning/scziDesk/run.py --data_path /home/luolie/biopipeline/dimension-reduction/plantnet/data/processed_scmae/Macosko.h5ad --save_dir /home/luolie/biopipeline/dimension-reduction/plantnet/results/formal/scmae_11datasets/Macosko/sczidesk__seed3407__20260610_184446 --n_clusters 12 --seed 3407 --epochs 200 --gpu 4,metrics.json:top_level,0.6561328334226031,0.0,0.0,0.06603061664510565,0.06603061664510565,0.6805487167810241,0.0,0.0,1.0,,,,,,,,,,,,,,,,,"{""markers"": [""args.json"", ""command.txt"", ""metrics.json"", ""run.log"", ""status.json""]}"
PB000292,true,,run_artifact,run,canonical/scmae_11datasets_20260609_12,scmae_11datasets_20260609_12,,,Macosko,sczidesk,sczidesk,sczidesk,42,success,0,,,,,,,/data/luolie/biopipeline/dimension-reduction/plantnet/results/canonical/scmae_11datasets_20260609_12/Macosko/sczidesk__seed42__20260610_172611,/data/luolie/biopipeline/dimension-reduction/plantnet/results/canonical/scmae_11datasets_20260609_12/Macosko/sczidesk__seed42__20260610_172611,/data/luolie/biopipeline/dimension-reduction/plantnet/results/canonical/scmae_11datasets_20260609_12/Macosko/sczidesk__seed42__20260610_172611/metrics.json,,,/data/luolie/biopipeline/dimension-reduction/plantnet/results/canonical/scmae_11datasets_20260609_12/Macosko/sczidesk__seed42__20260610_172611/args.json,/data/luolie/biopipeline/dimension-reduction/plantnet/results/canonical/scmae_11datasets_20260609_12/Macosko/sczidesk__seed42__20260610_172611/status.json,cc4a3f022b1612f7b3af795f49894bec9489fe5c,refactor/minimal-method-isolation-and-neighbormix-ablations,2,6287.8,6287.8,/data/luolie/conda/envs/scssl_bench_py310/bin/python /home/luolie/biopipeline/dimension-reduction/plantnet/methods/DeepLearning/scziDesk/run.py --data_path /home/luolie/biopipeline/dimension-reduction/plantnet/data/processed_scmae/Macosko.h5ad --save_dir /home/luolie/biopipeline/dimension-reduction/plantnet/results/formal/scmae_11datasets/Macosko/sczidesk__seed42__20260610_172611 --n_clusters 12 --seed 42 --epochs 200 --gpu 2,metrics.json:top_level,0.6561328334226031,0.0,0.0,0.06603061664510565,0.06603061664510565,0.6805487167810241,0.0,0.0,1.0,,,,,,,,,,,,,,,,,"{""markers"": [""args.json"", ""command.txt"", ""metrics.json"", ""run.log"", ""status.json""]}"
PB000293,true,,run_artifact,run,canonical/scmae_11datasets_20260609_12,scmae_11datasets_20260609_12,,,Melanoma_5K,attentionae_sc,attentionae_sc,attentionae_sc,2024,success,0,,,,,,,/data/luolie/biopipeline/dimension-reduction/plantnet/results/canonical/scmae_11datasets_20260609_12/Melanoma_5K/attentionae_sc__seed2024__20260610_190048,/data/luolie/biopipeline/dimension-reduction/plantnet/results/canonical/scmae_11datasets_20260609_12/Melanoma_5K/attentionae_sc__seed2024__20260610_190048,/data/luolie/biopipeline/dimension-reduction/plantnet/results/canonical/scmae_11datasets_20260609_12/Melanoma_5K/attentionae_sc__seed2024__20260610_190048/metrics.json,,,/data/luolie/biopipeline/dimension-reduction/plantnet/results/canonical/scmae_11datasets_20260609_12/Melanoma_5K/attentionae_sc__seed2024__20260610_190048/args.json,/data/luolie/biopipeline/dimension-reduction/plantnet/results/canonical/scmae_11datasets_20260609_12/Melanoma_5K/attentionae_sc__seed2024__20260610_190048/status.json,cc4a3f022b1612f7b3af795f49894bec9489fe5c,refactor/minimal-method-isolation-and-neighbormix-ablations,6,190.2,190.2,/data/luolie/conda/envs/scclubench-main/bin/python /home/luolie/biopipeline/dimension-reduction/plantnet/methods/GNN/AttentionAE_sc/run.py --data_path /home/luolie/biopipeline/dimension-reduction/plantnet/data/processed_scmae/Melanoma_5K.h5ad --save_dir /home/luolie/biopipeline/dimension-reduction/plantnet/results/formal/scmae_11datasets/Melanoma_5K/attentionae_sc__seed2024__20260610_190048 --n_clusters 9 --seed 2024 --epochs 200 --gpu 6,metrics.json:top_level,0.4710835364502548,0.5125312196498272,0.3743606480441009,0.20216850344294943,0.20216850344294943,0.5547436370682458,0.5125312196498273,0.43748701037892607,0.6186514129263608,,,,,,,,,,,,,,,,,"{""markers"": [""args.json"", ""command.txt"", ""metrics.json"", ""run.log"", ""status.json""]}"
PB000294,true,,run_artifact,run,canonical/scmae_11datasets_20260609_12,scmae_11datasets_20260609_12,,,Melanoma_5K,attentionae_sc,attentionae_sc,attentionae_sc,3407,success,0,,,,,,,/data/luolie/biopipeline/dimension-reduction/plantnet/results/canonical/scmae_11datasets_20260609_12/Melanoma_5K/attentionae_sc__seed3407__20260610_030420,/data/luolie/biopipeline/dimension-reduction/plantnet/results/canonical/scmae_11datasets_20260609_12/Melanoma_5K/attentionae_sc__seed3407__20260610_030420,/data/luolie/biopipeline/dimension-reduction/plantnet/results/canonical/scmae_11datasets_20260609_12/Melanoma_5K/attentionae_sc__seed3407__20260610_030420/metrics.json,,,/data/luolie/biopipeline/dimension-reduction/plantnet/results/canonical/scmae_11datasets_20260609_12/Melanoma_5K/attentionae_sc__seed3407__20260610_030420/args.json,/data/luolie/biopipeline/dimension-reduction/plantnet/results/canonical/scmae_11datasets_20260609_12/Melanoma_5K/attentionae_sc__seed3407__20260610_030420/status.json,cc4a3f022b1612f7b3af795f49894bec9489fe5c,refactor/minimal-method-isolation-and-neighbormix-ablations,2,288.0,288.0,/data/luolie/conda/envs/scclubench-main/bin/python /home/luolie/biopipeline/dimension-reduction/plantnet/methods/GNN/AttentionAE_sc/run.py --data_path /home/luolie/biopipeline/dimension-reduction/plantnet/data/processed_scmae/Melanoma_5K.h5ad --save_dir /home/luolie/biopipeline/dimension-reduction/plantnet/results/formal/scmae_11datasets/Melanoma_5K/attentionae_sc__seed3407__20260610_030420 --n_clusters 9 --seed 3407 --epochs 200 --gpu 2,metrics.json:top_level,0.4717482827387547,0.504965359018323,0.360315559806214,0.19902747576217597,0.19902747576217597,0.5479324509540686,0.504965359018323,0.4232053551255058,0.6258806667535872,,,,,,,,,,,,,,,,,"{""markers"": [""args.json"", ""command.txt"", ""metrics.json"", ""run.log"", ""status.json""]}"
PB000295,true,,run_artifact,run,canonical/scmae_11datasets_20260609_12,scmae_11datasets_20260609_12,,,Melanoma_5K,attentionae_sc,attentionae_sc,attentionae_sc,42,success,0,,,,,,,/data/luolie/biopipeline/dimension-reduction/plantnet/results/canonical/scmae_11datasets_20260609_12/Melanoma_5K/attentionae_sc__seed42__20260610_185624,/data/luolie/biopipeline/dimension-reduction/plantnet/results/canonical/scmae_11datasets_20260609_12/Melanoma_5K/attentionae_sc__seed42__20260610_185624,/data/luolie/biopipeline/dimension-reduction/plantnet/results/canonical/scmae_11datasets_20260609_12/Melanoma_5K/attentionae_sc__seed42__20260610_185624/metrics.json,,,/data/luolie/biopipeline/dimension-reduction/plantnet/results/canonical/scmae_11datasets_20260609_12/Melanoma_5K/attentionae_sc__seed42__20260610_185624/args.json,/data/luolie/biopipeline/dimension-reduction/plantnet/results/canonical/scmae_11datasets_20260609_12/Melanoma_5K/attentionae_sc__seed42__20260610_185624/status.json,cc4a3f022b1612f7b3af795f49894bec9489fe5c,refactor/minimal-method-isolation-and-neighbormix-ablations,6,248.9,248.9,/data/luolie/conda/envs/scclubench-main/bin/python /home/luolie/biopipeline/dimension-reduction/plantnet/methods/GNN/AttentionAE_sc/run.py --data_path /home/luolie/biopipeline/dimension-reduction/plantnet/data/processed_scmae/Melanoma_5K.h5ad --save_dir /home/luolie/biopipeline/dimension-reduction/plantnet/results/formal/scmae_11datasets/Melanoma_5K/attentionae_sc__seed42__20260610_185624 --n_clusters 9 --seed 42 --epochs 200 --gpu 6,metrics.json:top_level,0.5956126744959007,0.5125507246621762,0.4114650040625793,0.31139383047466224,0.31139383047466224,0.5375384864796747,0.5125507246621763,0.4990430026902481,0.5268100235436174,,,,,,,,,,,,,,,,,"{""markers"": [""args.json"", ""command.txt"", ""metrics.json"", ""run.log"", ""status.json""]}"
PB000296,true,,run_artifact,run,canonical/scmae_11datasets_20260609_12,scmae_11datasets_20260609_12,,,Melanoma_5K,dec,dec,dec,2024,success,0,,,,,,,/data/luolie/biopipeline/dimension-reduction/plantnet/results/canonical/scmae_11datasets_20260609_12/Melanoma_5K/dec__seed2024__20260609_174910,/data/luolie/biopipeline/dimension-reduction/plantnet/results/canonical/scmae_11datasets_20260609_12/Melanoma_5K/dec__seed2024__20260609_174910,/data/luolie/biopipeline/dimension-reduction/plantnet/results/canonical/scmae_11datasets_20260609_12/Melanoma_5K/dec__seed2024__20260609_174910/metrics.json,,,/data/luolie/biopipeline/dimension-reduction/plantnet/results/canonical/scmae_11datasets_20260609_12/Melanoma_5K/dec__seed2024__20260609_174910/args.json,/data/luolie/biopipeline/dimension-reduction/plantnet/results/canonical/scmae_11datasets_20260609_12/Melanoma_5K/dec__seed2024__20260609_174910/status.json,ff0a792e8d0ebca0570bb079c2fd28f2a0bce029,refactor/minimal-method-isolation-and-neighbormix-ablations,1,37.1,37.1,/data/luolie/conda/base/bin/python /home/luolie/biopipeline/dimension-reduction/plantnet/methods/DeepLearning/dec/run.py --data_path /home/luolie/biopipeline/dimension-reduction/plantnet/data/processed_scmae/Melanoma_5K.h5ad --save_dir results/formal/scmae_11datasets/Melanoma_5K/dec__seed2024__20260609_174910 --n_clusters 9 --seed 2024 --epochs 200 --pretrain_epochs 200 --gpu 1,metrics.json:top_level,0.5348991801462442,0.3741436504516108,0.2654296841630432,0.4038388307821941,0.4038388307821941,0.5044925738722167,0.3741436504516108,0.31092177812559557,0.4696384873353197,,,,,,,,,,,,,,,,,"{""markers"": [""args.json"", ""command.txt"", ""metrics.json"", ""run.log"", ""run_config.json"", ""status.json""]}"
PB000297,true,,run_artifact,run,canonical/scmae_11datasets_20260609_12,scmae_11datasets_20260609_12,,,Melanoma_5K,dec,dec,dec,3407,success,0,,,,,,,/data/luolie/biopipeline/dimension-reduction/plantnet/results/canonical/scmae_11datasets_20260609_12/Melanoma_5K/dec__seed3407__20260609_174948,/data/luolie/biopipeline/dimension-reduction/plantnet/results/canonical/scmae_11datasets_20260609_12/Melanoma_5K/dec__seed3407__20260609_174948,/data/luolie/biopipeline/dimension-reduction/plantnet/results/canonical/scmae_11datasets_20260609_12/Melanoma_5K/dec__seed3407__20260609_174948/metrics.json,,,/data/luolie/biopipeline/dimension-reduction/plantnet/results/canonical/scmae_11datasets_20260609_12/Melanoma_5K/dec__seed3407__20260609_174948/args.json,/data/luolie/biopipeline/dimension-reduction/plantnet/results/canonical/scmae_11datasets_20260609_12/Melanoma_5K/dec__seed3407__20260609_174948/status.json,ff0a792e8d0ebca0570bb079c2fd28f2a0bce029,refactor/minimal-method-isolation-and-neighbormix-ablations,1,40.7,40.7,/data/luolie/conda/base/bin/python /home/luolie/biopipeline/dimension-reduction/plantnet/methods/DeepLearning/dec/run.py --data_path /home/luolie/biopipeline/dimension-reduction/plantnet/data/processed_scmae/Melanoma_5K.h5ad --save_dir results/formal/scmae_11datasets/Melanoma_5K/dec__seed3407__20260609_174948 --n_clusters 9 --seed 3407 --epochs 200 --pretrain_epochs 200 --gpu 1,metrics.json:top_level,0.41901174385109685,0.3518527882162169,0.2227894550588792,0.3468767407104156,0.3468767407104156,0.4995807331838094,0.35185278821621696,0.2842340090553697,0.46168742909121807,,,,,,,,,,,,,,,,,"{""markers"": [""args.json"", ""command.txt"", ""metrics.json"", ""run.log"", ""run_config.json"", ""status.json""]}"
PB000298,true,,run_artifact,run,canonical/scmae_11datasets_20260609_12,scmae_11datasets_20260609_12,,,Melanoma_5K,dec,dec,dec,42,success,0,,,,,,,/data/luolie/biopipeline/dimension-reduction/plantnet/results/canonical/scmae_11datasets_20260609_12/Melanoma_5K/dec__seed42__20260609_174832,/data/luolie/biopipeline/dimension-reduction/plantnet/results/canonical/scmae_11datasets_20260609_12/Melanoma_5K/dec__seed42__20260609_174832,/data/luolie/biopipeline/dimension-reduction/plantnet/results/canonical/scmae_11datasets_20260609_12/Melanoma_5K/dec__seed42__20260609_174832/metrics.json,,,/data/luolie/biopipeline/dimension-reduction/plantnet/results/canonical/scmae_11datasets_20260609_12/Melanoma_5K/dec__seed42__20260609_174832/args.json,/data/luolie/biopipeline/dimension-reduction/plantnet/results/canonical/scmae_11datasets_20260609_12/Melanoma_5K/dec__seed42__20260609_174832/status.json,ff0a792e8d0ebca0570bb079c2fd28f2a0bce029,refactor/minimal-method-isolation-and-neighbormix-ablations,1,38.5,38.5,/data/luolie/conda/base/bin/python /home/luolie/biopipeline/dimension-reduction/plantnet/methods/DeepLearning/dec/run.py --data_path /home/luolie/biopipeline/dimension-reduction/plantnet/data/processed_scmae/Melanoma_5K.h5ad --save_dir results/formal/scmae_11datasets/Melanoma_5K/dec__seed42__20260609_174832 --n_clusters 9 --seed 42 --epochs 200 --pretrain_epochs 200 --gpu 1,metrics.json:top_level,0.515843119875914,0.33493466732540106,0.26591244696384553,0.3985700564686953,0.3985700564686953,0.48675623046848426,0.33493466732540106,0.2864867782209834,0.40310368659796153,,,,,,,,,,,,,,,,,"{""markers"": [""args.json"", ""command.txt"", ""metrics.json"", ""run.log"", ""run_config.json"", ""status.json""]}"
PB000299,true,,run_artifact,run,canonical/scmae_11datasets_20260609_12,scmae_11datasets_20260609_12,,,Melanoma_5K,desc,desc,desc,2024,success,0,,,,,,,/data/luolie/biopipeline/dimension-reduction/plantnet/results/canonical/scmae_11datasets_20260609_12/Melanoma_5K/desc__seed2024__20260611_235453,/data/luolie/biopipeline/dimension-reduction/plantnet/results/canonical/scmae_11datasets_20260609_12/Melanoma_5K/desc__seed2024__20260611_235453,/data/luolie/biopipeline/dimension-reduction/plantnet/results/canonical/scmae_11datasets_20260609_12/Melanoma_5K/desc__seed2024__20260611_235453/metrics.json,,,/data/luolie/biopipeline/dimension-reduction/plantnet/results/canonical/scmae_11datasets_20260609_12/Melanoma_5K/desc__seed2024__20260611_235453/args.json,/data/luolie/biopipeline/dimension-reduction/plantnet/results/canonical/scmae_11datasets_20260609_12/Melanoma_5K/desc__seed2024__20260611_235453/status.json,,,3,93.3,93.3,/data/luolie/conda/envs/scssl_bench_py310/bin/python /home/luolie/biopipeline/dimension-reduction/plantnet/methods/DeepLearning/desc/run.py --data_path /home/luolie/biopipeline/dimension-reduction/plantnet/data/processed_scmae/Melanoma_5K.h5ad --save_dir /home/luolie/biopipeline/dimension-reduction/plantnet/results/formal/scmae_11datasets/Melanoma_5K/desc__seed2024__20260611_235453 --n_clusters 9 --seed 2024 --epochs 200 --pretrain_epochs 200 --gpu 3,metrics.json:top_level,0.6279636605362287,0.552342837802508,0.4066767117171451,0.4056411036265193,0.4056411036265193,0.529187367081486,0.5523428378025079,0.561860045537424,0.5431426788914673,,,,,,,,,,,,,,,,,"{""markers"": [""args.json"", ""command.txt"", ""metrics.json"", ""run.log"", ""status.json""]}"
PB000300,true,,run_artifact,run,canonical/scmae_11datasets_20260609_12,scmae_11datasets_20260609_12,,,Melanoma_5K,desc,desc,desc,3407,success,0,,,,,,,/data/luolie/biopipeline/dimension-reduction/plantnet/results/canonical/scmae_11datasets_20260609_12/Melanoma_5K/desc__seed3407__20260611_235626,/data/luolie/biopipeline/dimension-reduction/plantnet/results/canonical/scmae_11datasets_20260609_12/Melanoma_5K/desc__seed3407__20260611_235626,/data/luolie/biopipeline/dimension-reduction/plantnet/results/canonical/scmae_11datasets_20260609_12/Melanoma_5K/desc__seed3407__20260611_235626/metrics.json,,,/data/luolie/biopipeline/dimension-reduction/plantnet/results/canonical/scmae_11datasets_20260609_12/Melanoma_5K/desc__seed3407__20260611_235626/args.json,/data/luolie/biopipeline/dimension-reduction/plantnet/results/canonical/scmae_11datasets_20260609_12/Melanoma_5K/desc__seed3407__20260611_235626/status.json,,,3,77.2,77.2,/data/luolie/conda/envs/scssl_bench_py310/bin/python /home/luolie/biopipeline/dimension-reduction/plantnet/methods/DeepLearning/desc/run.py --data_path /home/luolie/biopipeline/dimension-reduction/plantnet/data/processed_scmae/Melanoma_5K.h5ad --save_dir /home/luolie/biopipeline/dimension-reduction/plantnet/results/formal/scmae_11datasets/Melanoma_5K/desc__seed3407__20260611_235626 --n_clusters 9 --seed 3407 --epochs 200 --pretrain_epochs 200 --gpu 3,metrics.json:top_level,0.6328384666518946,0.5551626275223192,0.41338877628616433,0.45577716455125217,0.45577716455125217,0.5337880207659279,0.5551626275223193,0.5669126817165783,0.5438897555103575,,,,,,,,,,,,,,,,,"{""markers"": [""args.json"", ""command.txt"", ""metrics.json"", ""run.log"", ""status.json""]}"
PB000301,true,,run_artifact,run,canonical/scmae_11datasets_20260609_12,scmae_11datasets_20260609_12,,,Melanoma_5K,desc,desc,desc,42,success,0,,,,,,,/data/luolie/biopipeline/dimension-reduction/plantnet/results/canonical/scmae_11datasets_20260609_12/Melanoma_5K/desc__seed42__20260611_235325,/data/luolie/biopipeline/dimension-reduction/plantnet/results/canonical/scmae_11datasets_20260609_12/Melanoma_5K/desc__seed42__20260611_235325,/data/luolie/biopipeline/dimension-reduction/plantnet/results/canonical/scmae_11datasets_20260609_12/Melanoma_5K/desc__seed42__20260611_235325/metrics.json,,,/data/luolie/biopipeline/dimension-reduction/plantnet/results/canonical/scmae_11datasets_20260609_12/Melanoma_5K/desc__seed42__20260611_235325/args.json,/data/luolie/biopipeline/dimension-reduction/plantnet/results/canonical/scmae_11datasets_20260609_12/Melanoma_5K/desc__seed42__20260611_235325/status.json,,,3,88.4,88.4,/data/luolie/conda/envs/scssl_bench_py310/bin/python /home/luolie/biopipeline/dimension-reduction/plantnet/methods/DeepLearning/desc/run.py --data_path /home/luolie/biopipeline/dimension-reduction/plantnet/data/processed_scmae/Melanoma_5K.h5ad --save_dir /home/luolie/biopipeline/dimension-reduction/plantnet/results/formal/scmae_11datasets/Melanoma_5K/desc__seed42__20260611_235325 --n_clusters 9 --seed 42 --epochs 200 --pretrain_epochs 200 --gpu 3,metrics.json:top_level,0.6463549745180589,0.5851566978313837,0.4528378733710397,0.4131188337760833,0.4131188337760833,0.5650833857355656,0.5851566978313837,0.5961676676442303,0.5745450881038232,,,,,,,,,,,,,,,,,"{""markers"": [""args.json"", ""command.txt"", ""metrics.json"", ""run.log"", ""status.json""]}"
PB000302,true,,run_artifact,run,canonical/scmae_11datasets_20260609_12,scmae_11datasets_20260609_12,,,Melanoma_5K,leiden,leiden,leiden,2024,success,0,,,,,,,/data/luolie/biopipeline/dimension-reduction/plantnet/results/canonical/scmae_11datasets_20260609_12/Melanoma_5K/leiden__seed2024__20260609_175052,/data/luolie/biopipeline/dimension-reduction/plantnet/results/canonical/scmae_11datasets_20260609_12/Melanoma_5K/leiden__seed2024__20260609_175052,/data/luolie/biopipeline/dimension-reduction/plantnet/results/canonical/scmae_11datasets_20260609_12/Melanoma_5K/leiden__seed2024__20260609_175052/metrics.json,,,/data/luolie/biopipeline/dimension-reduction/plantnet/results/canonical/scmae_11datasets_20260609_12/Melanoma_5K/leiden__seed2024__20260609_175052/args.json,/data/luolie/biopipeline/dimension-reduction/plantnet/results/canonical/scmae_11datasets_20260609_12/Melanoma_5K/leiden__seed2024__20260609_175052/status.json,ff0a792e8d0ebca0570bb079c2fd28f2a0bce029,refactor/minimal-method-isolation-and-neighbormix-ablations,1,23.6,23.6,/data/luolie/conda/base/bin/python /home/luolie/biopipeline/dimension-reduction/plantnet/methods/Traditional/Leiden/run.py --data_path /home/luolie/biopipeline/dimension-reduction/plantnet/data/processed_scmae/Melanoma_5K.h5ad --save_dir results/formal/scmae_11datasets/Melanoma_5K/leiden__seed2024__20260609_175052 --n_clusters 9 --seed 2024,metrics.json:top_level,0.5131841347219145,0.556989834418955,0.3953354823215327,0.4683468852230594,0.4683468852230594,0.5618084669216542,0.5569898344189551,0.5198920640916362,0.5997887680824352,,,,,,,,,,,,,,,,,"{""markers"": [""args.json"", ""command.txt"", ""metrics.json"", ""run.log"", ""status.json""]}"
PB000303,true,,run_artifact,run,canonical/scmae_11datasets_20260609_12,scmae_11datasets_20260609_12,,,Melanoma_5K,leiden,leiden,leiden,3407,success,0,,,,,,,/data/luolie/biopipeline/dimension-reduction/plantnet/results/canonical/scmae_11datasets_20260609_12/Melanoma_5K/leiden__seed3407__20260609_175116,/data/luolie/biopipeline/dimension-reduction/plantnet/results/canonical/scmae_11datasets_20260609_12/Melanoma_5K/leiden__seed3407__20260609_175116,/data/luolie/biopipeline/dimension-reduction/plantnet/results/canonical/scmae_11datasets_20260609_12/Melanoma_5K/leiden__seed3407__20260609_175116/metrics.json,,,/data/luolie/biopipeline/dimension-reduction/plantnet/results/canonical/scmae_11datasets_20260609_12/Melanoma_5K/leiden__seed3407__20260609_175116/args.json,/data/luolie/biopipeline/dimension-reduction/plantnet/results/canonical/scmae_11datasets_20260609_12/Melanoma_5K/leiden__seed3407__20260609_175116/status.json,ff0a792e8d0ebca0570bb079c2fd28f2a0bce029,refactor/minimal-method-isolation-and-neighbormix-ablations,1,23.4,23.4,/data/luolie/conda/base/bin/python /home/luolie/biopipeline/dimension-reduction/plantnet/methods/Traditional/Leiden/run.py --data_path /home/luolie/biopipeline/dimension-reduction/plantnet/data/processed_scmae/Melanoma_5K.h5ad --save_dir results/formal/scmae_11datasets/Melanoma_5K/leiden__seed3407__20260609_175116 --n_clusters 9 --seed 3407,metrics.json:top_level,0.5145136272989143,0.5586098826259447,0.3962539160535561,0.46867203840233046,0.46867203840233046,0.5625745995041216,0.5586098826259447,0.521412322401164,0.601522503996144,,,,,,,,,,,,,,,,,"{""markers"": [""args.json"", ""command.txt"", ""metrics.json"", ""run.log"", ""status.json""]}"
PB000304,true,,run_artifact,run,canonical/scmae_11datasets_20260609_12,scmae_11datasets_20260609_12,,,Melanoma_5K,leiden,leiden,leiden,42,success,0,,,,,,,/data/luolie/biopipeline/dimension-reduction/plantnet/results/canonical/scmae_11datasets_20260609_12/Melanoma_5K/leiden__seed42__20260609_175028,/data/luolie/biopipeline/dimension-reduction/plantnet/results/canonical/scmae_11datasets_20260609_12/Melanoma_5K/leiden__seed42__20260609_175028,/data/luolie/biopipeline/dimension-reduction/plantnet/results/canonical/scmae_11datasets_20260609_12/Melanoma_5K/leiden__seed42__20260609_175028/metrics.json,,,/data/luolie/biopipeline/dimension-reduction/plantnet/results/canonical/scmae_11datasets_20260609_12/Melanoma_5K/leiden__seed42__20260609_175028/args.json,/data/luolie/biopipeline/dimension-reduction/plantnet/results/canonical/scmae_11datasets_20260609_12/Melanoma_5K/leiden__seed42__20260609_175028/status.json,ff0a792e8d0ebca0570bb079c2fd28f2a0bce029,refactor/minimal-method-isolation-and-neighbormix-ablations,1,23.9,23.9,/data/luolie/conda/base/bin/python /home/luolie/biopipeline/dimension-reduction/plantnet/methods/Traditional/Leiden/run.py --data_path /home/luolie/biopipeline/dimension-reduction/plantnet/data/processed_scmae/Melanoma_5K.h5ad --save_dir results/formal/scmae_11datasets/Melanoma_5K/leiden__seed42__20260609_175028 --n_clusters 9 --seed 42,metrics.json:top_level,0.514070463106581,0.5556090021872684,0.3946536098412802,0.4678812914263168,0.4678812914263168,0.5613383222474384,0.5556090021872684,0.5186275360709306,0.5982694467960198,,,,,,,,,,,,,,,,,"{""markers"": [""args.json"", ""command.txt"", ""metrics.json"", ""run.log"", ""status.json""]}"
PB000305,true,,run_artifact,run,canonical/scmae_11datasets_20260609_12,scmae_11datasets_20260609_12,,,Melanoma_5K,louvain,louvain,louvain,2024,success,0,,,,,,,/data/luolie/biopipeline/dimension-reduction/plantnet/results/canonical/scmae_11datasets_20260609_12/Melanoma_5K/louvain__seed2024__20260609_175207,/data/luolie/biopipeline/dimension-reduction/plantnet/results/canonical/scmae_11datasets_20260609_12/Melanoma_5K/louvain__seed2024__20260609_175207,/data/luolie/biopipeline/dimension-reduction/plantnet/results/canonical/scmae_11datasets_20260609_12/Melanoma_5K/louvain__seed2024__20260609_175207/metrics.json,,,/data/luolie/biopipeline/dimension-reduction/plantnet/results/canonical/scmae_11datasets_20260609_12/Melanoma_5K/louvain__seed2024__20260609_175207/args.json,/data/luolie/biopipeline/dimension-reduction/plantnet/results/canonical/scmae_11datasets_20260609_12/Melanoma_5K/louvain__seed2024__20260609_175207/status.json,ff0a792e8d0ebca0570bb079c2fd28f2a0bce029,refactor/minimal-method-isolation-and-neighbormix-ablations,1,24.8,24.8,/data/luolie/conda/base/bin/python /home/luolie/biopipeline/dimension-reduction/plantnet/methods/Traditional/Louvain/run.py --data_path /home/luolie/biopipeline/dimension-reduction/plantnet/data/processed_scmae/Melanoma_5K.h5ad --save_dir results/formal/scmae_11datasets/Melanoma_5K/louvain__seed2024__20260609_175207 --n_clusters 9 --seed 2024,metrics.json:top_level,0.5111898958564148,0.537239334003852,0.383264782231993,0.46019809429286707,0.46019809429286707,0.5557448457717435,0.537239334003852,0.49348803416023374,0.5895030638623983,,,,,,,,,,,,,,,,,"{""markers"": [""args.json"", ""command.txt"", ""metrics.json"", ""run.log"", ""status.json""]}"
PB000306,true,,run_artifact,run,canonical/scmae_11datasets_20260609_12,scmae_11datasets_20260609_12,,,Melanoma_5K,louvain,louvain,louvain,3407,success,0,,,,,,,/data/luolie/biopipeline/dimension-reduction/plantnet/results/canonical/scmae_11datasets_20260609_12/Melanoma_5K/louvain__seed3407__20260609_175232,/data/luolie/biopipeline/dimension-reduction/plantnet/results/canonical/scmae_11datasets_20260609_12/Melanoma_5K/louvain__seed3407__20260609_175232,/data/luolie/biopipeline/dimension-reduction/plantnet/results/canonical/scmae_11datasets_20260609_12/Melanoma_5K/louvain__seed3407__20260609_175232/metrics.json,,,/data/luolie/biopipeline/dimension-reduction/plantnet/results/canonical/scmae_11datasets_20260609_12/Melanoma_5K/louvain__seed3407__20260609_175232/args.json,/data/luolie/biopipeline/dimension-reduction/plantnet/results/canonical/scmae_11datasets_20260609_12/Melanoma_5K/louvain__seed3407__20260609_175232/status.json,ff0a792e8d0ebca0570bb079c2fd28f2a0bce029,refactor/minimal-method-isolation-and-neighbormix-ablations,1,26.0,26.0,/data/luolie/conda/base/bin/python /home/luolie/biopipeline/dimension-reduction/plantnet/methods/Traditional/Louvain/run.py --data_path /home/luolie/biopipeline/dimension-reduction/plantnet/data/processed_scmae/Melanoma_5K.h5ad --save_dir results/formal/scmae_11datasets/Melanoma_5K/louvain__seed3407__20260609_175232 --n_clusters 9 --seed 3407,metrics.json:top_level,0.48903168623975185,0.49671194727886275,0.345682776412892,0.4329274799379742,0.4329274799379742,0.536769633221117,0.4967119472788628,0.4410091701048238,0.5685203455473227,,,,,,,,,,,,,,,,,"{""markers"": [""args.json"", ""command.txt"", ""metrics.json"", ""run.log"", ""status.json""]}"
PB000307,true,,run_artifact,run,canonical/scmae_11datasets_20260609_12,scmae_11datasets_20260609_12,,,Melanoma_5K,louvain,louvain,louvain,42,success,0,,,,,,,/data/luolie/biopipeline/dimension-reduction/plantnet/results/canonical/scmae_11datasets_20260609_12/Melanoma_5K/louvain__seed42__20260609_175139,/data/luolie/biopipeline/dimension-reduction/plantnet/results/canonical/scmae_11datasets_20260609_12/Melanoma_5K/louvain__seed42__20260609_175139,/data/luolie/biopipeline/dimension-reduction/plantnet/results/canonical/scmae_11datasets_20260609_12/Melanoma_5K/louvain__seed42__20260609_175139/metrics.json,,,/data/luolie/biopipeline/dimension-reduction/plantnet/results/canonical/scmae_11datasets_20260609_12/Melanoma_5K/louvain__seed42__20260609_175139/args.json,/data/luolie/biopipeline/dimension-reduction/plantnet/results/canonical/scmae_11datasets_20260609_12/Melanoma_5K/louvain__seed42__20260609_175139/status.json,ff0a792e8d0ebca0570bb079c2fd28f2a0bce029,refactor/minimal-method-isolation-and-neighbormix-ablations,1,28.1,28.1,/data/luolie/conda/base/bin/python /home/luolie/biopipeline/dimension-reduction/plantnet/methods/Traditional/Louvain/run.py --data_path /home/luolie/biopipeline/dimension-reduction/plantnet/data/processed_scmae/Melanoma_5K.h5ad --save_dir results/formal/scmae_11datasets/Melanoma_5K/louvain__seed42__20260609_175139 --n_clusters 9 --seed 42,metrics.json:top_level,0.4888101041435852,0.4911638141019045,0.3430696749087241,0.42799054064430836,0.42799054064430836,0.5353509295064542,0.4911638141019045,0.43474738340795693,0.5644057972885184,,,,,,,,,,,,,,,,,"{""markers"": [""args.json"", ""command.txt"", ""metrics.json"", ""run.log"", ""status.json""]}"
PB000308,true,,run_artifact,run,canonical/scmae_11datasets_20260609_12,scmae_11datasets_20260609_12,,,Melanoma_5K,neighbormix_scmae,neighbormix_scmae,neighbormix_scmae,2024,success,0,,,,,,,/data/luolie/biopipeline/dimension-reduction/plantnet/results/canonical/scmae_11datasets_20260609_12/Melanoma_5K/neighbormix_scmae__seed2024__20260609_175401,/data/luolie/biopipeline/dimension-reduction/plantnet/results/canonical/scmae_11datasets_20260609_12/Melanoma_5K/neighbormix_scmae__seed2024__20260609_175401,/data/luolie/biopipeline/dimension-reduction/plantnet/results/canonical/scmae_11datasets_20260609_12/Melanoma_5K/neighbormix_scmae__seed2024__20260609_175401/metrics.json,/data/luolie/biopipeline/dimension-reduction/plantnet/results/canonical/scmae_11datasets_20260609_12/Melanoma_5K/neighbormix_scmae__seed2024__20260609_175401/summary.json,/data/luolie/biopipeline/dimension-reduction/plantnet/results/canonical/scmae_11datasets_20260609_12/Melanoma_5K/neighbormix_scmae__seed2024__20260609_175401/eval_fixed.csv,/data/luolie/biopipeline/dimension-reduction/plantnet/results/canonical/scmae_11datasets_20260609_12/Melanoma_5K/neighbormix_scmae__seed2024__20260609_175401/args.json,/data/luolie/biopipeline/dimension-reduction/plantnet/results/canonical/scmae_11datasets_20260609_12/Melanoma_5K/neighbormix_scmae__seed2024__20260609_175401/status.json,ff0a792e8d0ebca0570bb079c2fd28f2a0bce029,refactor/minimal-method-isolation-and-neighbormix-ablations,1,63.8,63.8,/data/luolie/conda/base/bin/python /home/luolie/biopipeline/dimension-reduction/plantnet/methods/DeepLearning/NeighborMix_scMAE/run.py --data_path /home/luolie/biopipeline/dimension-reduction/plantnet/data/processed_scmae/Melanoma_5K.h5ad --save_dir results/formal/scmae_11datasets/Melanoma_5K/neighbormix_scmae__seed2024__20260609_175401 --n_clusters 9 --seed 2024 --epochs 200 --gpu 1,eval_fixed.csv,0.7134943496565478,0.7118714292252087,0.6400456020640019,0.5727097330375646,0.5727097330375646,0.7111815898156637,0.7118714292252087,0.7429300578741324,0.6833054427307463,,9,,,,,,,,,,,,,,,"{""markers"": [""args.json"", ""command.txt"", ""eval_fixed.csv"", ""metrics.json"", ""run.log"", ""status.json"", ""summary.json""]}"
PB000309,true,,run_artifact,run,canonical/scmae_11datasets_20260609_12,scmae_11datasets_20260609_12,,,Melanoma_5K,neighbormix_scmae,neighbormix_scmae,neighbormix_scmae,3407,success,0,,,,,,,/data/luolie/biopipeline/dimension-reduction/plantnet/results/canonical/scmae_11datasets_20260609_12/Melanoma_5K/neighbormix_scmae__seed3407__20260609_175505,/data/luolie/biopipeline/dimension-reduction/plantnet/results/canonical/scmae_11datasets_20260609_12/Melanoma_5K/neighbormix_scmae__seed3407__20260609_175505,/data/luolie/biopipeline/dimension-reduction/plantnet/results/canonical/scmae_11datasets_20260609_12/Melanoma_5K/neighbormix_scmae__seed3407__20260609_175505/metrics.json,/data/luolie/biopipeline/dimension-reduction/plantnet/results/canonical/scmae_11datasets_20260609_12/Melanoma_5K/neighbormix_scmae__seed3407__20260609_175505/summary.json,/data/luolie/biopipeline/dimension-reduction/plantnet/results/canonical/scmae_11datasets_20260609_12/Melanoma_5K/neighbormix_scmae__seed3407__20260609_175505/eval_fixed.csv,/data/luolie/biopipeline/dimension-reduction/plantnet/results/canonical/scmae_11datasets_20260609_12/Melanoma_5K/neighbormix_scmae__seed3407__20260609_175505/args.json,/data/luolie/biopipeline/dimension-reduction/plantnet/results/canonical/scmae_11datasets_20260609_12/Melanoma_5K/neighbormix_scmae__seed3407__20260609_175505/status.json,ff0a792e8d0ebca0570bb079c2fd28f2a0bce029,refactor/minimal-method-isolation-and-neighbormix-ablations,1,63.0,63.0,/data/luolie/conda/base/bin/python /home/luolie/biopipeline/dimension-reduction/plantnet/methods/DeepLearning/NeighborMix_scMAE/run.py --data_path /home/luolie/biopipeline/dimension-reduction/plantnet/data/processed_scmae/Melanoma_5K.h5ad --save_dir results/formal/scmae_11datasets/Melanoma_5K/neighbormix_scmae__seed3407__20260609_175505 --n_clusters 9 --seed 3407 --epochs 200 --gpu 1,eval_fixed.csv,0.8154221138931974,0.7532466738475779,0.7274436750224944,0.6772219898059464,0.6772219898059464,0.7828715066184128,0.7532466738475777,0.765814649314603,0.7410845502130857,,9,,,,,,,,,,,,,,,"{""markers"": [""args.json"", ""command.txt"", ""eval_fixed.csv"", ""metrics.json"", ""run.log"", ""status.json"", ""summary.json""]}"
PB000310,true,,run_artifact,run,canonical/scmae_11datasets_20260609_12,scmae_11datasets_20260609_12,,,Melanoma_5K,neighbormix_scmae,neighbormix_scmae,neighbormix_scmae,42,success,0,,,,,,,/data/luolie/biopipeline/dimension-reduction/plantnet/results/canonical/scmae_11datasets_20260609_12/Melanoma_5K/neighbormix_scmae__seed42__20260609_175258,/data/luolie/biopipeline/dimension-reduction/plantnet/results/canonical/scmae_11datasets_20260609_12/Melanoma_5K/neighbormix_scmae__seed42__20260609_175258,/data/luolie/biopipeline/dimension-reduction/plantnet/results/canonical/scmae_11datasets_20260609_12/Melanoma_5K/neighbormix_scmae__seed42__20260609_175258/metrics.json,/data/luolie/biopipeline/dimension-reduction/plantnet/results/canonical/scmae_11datasets_20260609_12/Melanoma_5K/neighbormix_scmae__seed42__20260609_175258/summary.json,/data/luolie/biopipeline/dimension-reduction/plantnet/results/canonical/scmae_11datasets_20260609_12/Melanoma_5K/neighbormix_scmae__seed42__20260609_175258/eval_fixed.csv,/data/luolie/biopipeline/dimension-reduction/plantnet/results/canonical/scmae_11datasets_20260609_12/Melanoma_5K/neighbormix_scmae__seed42__20260609_175258/args.json,/data/luolie/biopipeline/dimension-reduction/plantnet/results/canonical/scmae_11datasets_20260609_12/Melanoma_5K/neighbormix_scmae__seed42__20260609_175258/status.json,ff0a792e8d0ebca0570bb079c2fd28f2a0bce029,refactor/minimal-method-isolation-and-neighbormix-ablations,1,62.8,62.8,/data/luolie/conda/base/bin/python /home/luolie/biopipeline/dimension-reduction/plantnet/methods/DeepLearning/NeighborMix_scMAE/run.py --data_path /home/luolie/biopipeline/dimension-reduction/plantnet/data/processed_scmae/Melanoma_5K.h5ad --save_dir results/formal/scmae_11datasets/Melanoma_5K/neighbormix_scmae__seed42__20260609_175258 --n_clusters 9 --seed 42 --epochs 200 --gpu 1,eval_fixed.csv,0.8415688012408598,0.7657510192420395,0.7627128248099153,0.6863092485021345,0.6863092485021345,0.812129041527338,0.7657510192420394,0.7634349153812728,0.7680812190284687,,9,,,,,,,,,,,,,,,"{""markers"": [""args.json"", ""command.txt"", ""eval_fixed.csv"", ""metrics.json"", ""run.log"", ""status.json"", ""summary.json""]}"
PB000311,true,,run_artifact,run,canonical/scmae_11datasets_20260609_12,scmae_11datasets_20260609_12,,,Melanoma_5K,nm_scmae_nomix,nm_scmae_nomix,nm_scmae_nomix,2024,success,0,,,,,,,/data/luolie/biopipeline/dimension-reduction/plantnet/results/canonical/scmae_11datasets_20260609_12/Melanoma_5K/nm_scmae_nomix__seed2024__20260609_175645,/data/luolie/biopipeline/dimension-reduction/plantnet/results/canonical/scmae_11datasets_20260609_12/Melanoma_5K/nm_scmae_nomix__seed2024__20260609_175645,/data/luolie/biopipeline/dimension-reduction/plantnet/results/canonical/scmae_11datasets_20260609_12/Melanoma_5K/nm_scmae_nomix__seed2024__20260609_175645/metrics.json,/data/luolie/biopipeline/dimension-reduction/plantnet/results/canonical/scmae_11datasets_20260609_12/Melanoma_5K/nm_scmae_nomix__seed2024__20260609_175645/summary.json,/data/luolie/biopipeline/dimension-reduction/plantnet/results/canonical/scmae_11datasets_20260609_12/Melanoma_5K/nm_scmae_nomix__seed2024__20260609_175645/eval_fixed.csv,/data/luolie/biopipeline/dimension-reduction/plantnet/results/canonical/scmae_11datasets_20260609_12/Melanoma_5K/nm_scmae_nomix__seed2024__20260609_175645/args.json,/data/luolie/biopipeline/dimension-reduction/plantnet/results/canonical/scmae_11datasets_20260609_12/Melanoma_5K/nm_scmae_nomix__seed2024__20260609_175645/status.json,ff0a792e8d0ebca0570bb079c2fd28f2a0bce029,refactor/minimal-method-isolation-and-neighbormix-ablations,1,36.0,36.0,/data/luolie/conda/base/bin/python /home/luolie/biopipeline/dimension-reduction/plantnet/methods/DeepLearning/NeighborMix_scMAE/run.py --data_path /home/luolie/biopipeline/dimension-reduction/plantnet/data/processed_scmae/Melanoma_5K.h5ad --save_dir results/formal/scmae_11datasets/Melanoma_5K/nm_scmae_nomix__seed2024__20260609_175645 --n_clusters 9 --seed 2024 --epochs 200 --gpu 1 --use_pseudo false --pseudo_weight 0 --neighbor_k 0 --mix_neighbors 0 --variant_name nm_scmae_nomix,eval_fixed.csv,0.7374252160425437,0.7345540594688281,0.6667527801390472,0.6562793051583954,0.6562793051583954,0.732959701772587,0.7345540594688282,0.7619715208473457,0.7090411526391286,,9,,,,,,,,,,,,,,,"{""markers"": [""args.json"", ""command.txt"", ""eval_fixed.csv"", ""metrics.json"", ""run.log"", ""status.json"", ""summary.json""]}"
PB000312,true,,run_artifact,run,canonical/scmae_11datasets_20260609_12,scmae_11datasets_20260609_12,,,Melanoma_5K,nm_scmae_nomix,nm_scmae_nomix,nm_scmae_nomix,3407,success,0,,,,,,,/data/luolie/biopipeline/dimension-reduction/plantnet/results/canonical/scmae_11datasets_20260609_12/Melanoma_5K/nm_scmae_nomix__seed3407__20260609_175721,/data/luolie/biopipeline/dimension-reduction/plantnet/results/canonical/scmae_11datasets_20260609_12/Melanoma_5K/nm_scmae_nomix__seed3407__20260609_175721,/data/luolie/biopipeline/dimension-reduction/plantnet/results/canonical/scmae_11datasets_20260609_12/Melanoma_5K/nm_scmae_nomix__seed3407__20260609_175721/metrics.json,/data/luolie/biopipeline/dimension-reduction/plantnet/results/canonical/scmae_11datasets_20260609_12/Melanoma_5K/nm_scmae_nomix__seed3407__20260609_175721/summary.json,/data/luolie/biopipeline/dimension-reduction/plantnet/results/canonical/scmae_11datasets_20260609_12/Melanoma_5K/nm_scmae_nomix__seed3407__20260609_175721/eval_fixed.csv,/data/luolie/biopipeline/dimension-reduction/plantnet/results/canonical/scmae_11datasets_20260609_12/Melanoma_5K/nm_scmae_nomix__seed3407__20260609_175721/args.json,/data/luolie/biopipeline/dimension-reduction/plantnet/results/canonical/scmae_11datasets_20260609_12/Melanoma_5K/nm_scmae_nomix__seed3407__20260609_175721/status.json,ff0a792e8d0ebca0570bb079c2fd28f2a0bce029,refactor/minimal-method-isolation-and-neighbormix-ablations,1,34.3,34.3,/data/luolie/conda/base/bin/python /home/luolie/biopipeline/dimension-reduction/plantnet/methods/DeepLearning/NeighborMix_scMAE/run.py --data_path /home/luolie/biopipeline/dimension-reduction/plantnet/data/processed_scmae/Melanoma_5K.h5ad --save_dir results/formal/scmae_11datasets/Melanoma_5K/nm_scmae_nomix__seed3407__20260609_175721 --n_clusters 9 --seed 3407 --epochs 200 --gpu 1 --use_pseudo false --pseudo_weight 0 --neighbor_k 0 --mix_neighbors 0 --variant_name nm_scmae_nomix,eval_fixed.csv,0.7385331265233769,0.7381156500051202,0.6699725520842812,0.6567875141636343,0.6567875141636343,0.7355555309868657,0.7381156500051202,0.7657766657419884,0.7123832842667477,,9,,,,,,,,,,,,,,,"{""markers"": [""args.json"", ""command.txt"", ""eval_fixed.csv"", ""metrics.json"", ""run.log"", ""status.json"", ""summary.json""]}"
PB000313,true,,run_artifact,run,canonical/scmae_11datasets_20260609_12,scmae_11datasets_20260609_12,,,Melanoma_5K,nm_scmae_nomix,nm_scmae_nomix,nm_scmae_nomix,42,success,0,,,,,,,/data/luolie/biopipeline/dimension-reduction/plantnet/results/canonical/scmae_11datasets_20260609_12/Melanoma_5K/nm_scmae_nomix__seed42__20260609_175608,/data/luolie/biopipeline/dimension-reduction/plantnet/results/canonical/scmae_11datasets_20260609_12/Melanoma_5K/nm_scmae_nomix__seed42__20260609_175608,/data/luolie/biopipeline/dimension-reduction/plantnet/results/canonical/scmae_11datasets_20260609_12/Melanoma_5K/nm_scmae_nomix__seed42__20260609_175608/metrics.json,/data/luolie/biopipeline/dimension-reduction/plantnet/results/canonical/scmae_11datasets_20260609_12/Melanoma_5K/nm_scmae_nomix__seed42__20260609_175608/summary.json,/data/luolie/biopipeline/dimension-reduction/plantnet/results/canonical/scmae_11datasets_20260609_12/Melanoma_5K/nm_scmae_nomix__seed42__20260609_175608/eval_fixed.csv,/data/luolie/biopipeline/dimension-reduction/plantnet/results/canonical/scmae_11datasets_20260609_12/Melanoma_5K/nm_scmae_nomix__seed42__20260609_175608/args.json,/data/luolie/biopipeline/dimension-reduction/plantnet/results/canonical/scmae_11datasets_20260609_12/Melanoma_5K/nm_scmae_nomix__seed42__20260609_175608/status.json,ff0a792e8d0ebca0570bb079c2fd28f2a0bce029,refactor/minimal-method-isolation-and-neighbormix-ablations,1,37.8,37.8,/data/luolie/conda/base/bin/python /home/luolie/biopipeline/dimension-reduction/plantnet/methods/DeepLearning/NeighborMix_scMAE/run.py --data_path /home/luolie/biopipeline/dimension-reduction/plantnet/data/processed_scmae/Melanoma_5K.h5ad --save_dir results/formal/scmae_11datasets/Melanoma_5K/nm_scmae_nomix__seed42__20260609_175608 --n_clusters 9 --seed 42 --epochs 200 --gpu 1 --use_pseudo false --pseudo_weight 0 --neighbor_k 0 --mix_neighbors 0 --variant_name nm_scmae_nomix,eval_fixed.csv,0.7416352758697097,0.733573052341879,0.6673618449306992,0.6564702325769184,0.6564702325769184,0.7334288476142291,0.7335730523418789,0.7613596652652954,0.7077432270992658,,9,,,,,,,,,,,,,,,"{""markers"": [""args.json"", ""command.txt"", ""eval_fixed.csv"", ""metrics.json"", ""run.log"", ""status.json"", ""summary.json""]}"
PB000314,true,,run_artifact,run,canonical/scmae_11datasets_20260609_12,scmae_11datasets_20260609_12,,,Melanoma_5K,sc3,sc3,sc3,2024,success,0,,,,,,,/data/luolie/biopipeline/dimension-reduction/plantnet/results/canonical/scmae_11datasets_20260609_12/Melanoma_5K/sc3__seed2024__20260609_175807,/data/luolie/biopipeline/dimension-reduction/plantnet/results/canonical/scmae_11datasets_20260609_12/Melanoma_5K/sc3__seed2024__20260609_175807,/data/luolie/biopipeline/dimension-reduction/plantnet/results/canonical/scmae_11datasets_20260609_12/Melanoma_5K/sc3__seed2024__20260609_175807/metrics.json,,,/data/luolie/biopipeline/dimension-reduction/plantnet/results/canonical/scmae_11datasets_20260609_12/Melanoma_5K/sc3__seed2024__20260609_175807/args.json,/data/luolie/biopipeline/dimension-reduction/plantnet/results/canonical/scmae_11datasets_20260609_12/Melanoma_5K/sc3__seed2024__20260609_175807/status.json,ff0a792e8d0ebca0570bb079c2fd28f2a0bce029,refactor/minimal-method-isolation-and-neighbormix-ablations,1,11.5,11.5,/data/luolie/conda/base/bin/python /home/luolie/biopipeline/dimension-reduction/plantnet/methods/Traditional/sc3/run.py --data_path /home/luolie/biopipeline/dimension-reduction/plantnet/data/processed_scmae/Melanoma_5K.h5ad --save_dir results/formal/scmae_11datasets/Melanoma_5K/sc3__seed2024__20260609_175807 --n_clusters 9 --seed 2024,metrics.json:top_level,0.3846665189452692,0.721711269542474,0.6347829010410545,0.1802394056282578,0.1802394056282578,0.7070832380214755,0.7217112695424741,0.7494864735887307,0.6959211420335261,,,,,,,,,,,,,,,,,"{""markers"": [""args.json"", ""command.txt"", ""metrics.json"", ""run.log"", ""status.json""]}"
PB000315,true,,run_artifact,run,canonical/scmae_11datasets_20260609_12,scmae_11datasets_20260609_12,,,Melanoma_5K,sc3,sc3,sc3,3407,success,0,,,,,,,/data/luolie/biopipeline/dimension-reduction/plantnet/results/canonical/scmae_11datasets_20260609_12/Melanoma_5K/sc3__seed3407__20260609_175819,/data/luolie/biopipeline/dimension-reduction/plantnet/results/canonical/scmae_11datasets_20260609_12/Melanoma_5K/sc3__seed3407__20260609_175819,/data/luolie/biopipeline/dimension-reduction/plantnet/results/canonical/scmae_11datasets_20260609_12/Melanoma_5K/sc3__seed3407__20260609_175819/metrics.json,,,/data/luolie/biopipeline/dimension-reduction/plantnet/results/canonical/scmae_11datasets_20260609_12/Melanoma_5K/sc3__seed3407__20260609_175819/args.json,/data/luolie/biopipeline/dimension-reduction/plantnet/results/canonical/scmae_11datasets_20260609_12/Melanoma_5K/sc3__seed3407__20260609_175819/status.json,ff0a792e8d0ebca0570bb079c2fd28f2a0bce029,refactor/minimal-method-isolation-and-neighbormix-ablations,1,11.6,11.6,/data/luolie/conda/base/bin/python /home/luolie/biopipeline/dimension-reduction/plantnet/methods/Traditional/sc3/run.py --data_path /home/luolie/biopipeline/dimension-reduction/plantnet/data/processed_scmae/Melanoma_5K.h5ad --save_dir results/formal/scmae_11datasets/Melanoma_5K/sc3__seed3407__20260609_175819 --n_clusters 9 --seed 3407,metrics.json:top_level,0.3846665189452692,0.721711269542474,0.6347829010410545,0.1802394056282578,0.1802394056282578,0.7070832380214755,0.7217112695424741,0.7494864735887307,0.6959211420335261,,,,,,,,,,,,,,,,,"{""markers"": [""args.json"", ""command.txt"", ""metrics.json"", ""run.log"", ""status.json""]}"
PB000316,true,,run_artifact,run,canonical/scmae_11datasets_20260609_12,scmae_11datasets_20260609_12,,,Melanoma_5K,sc3,sc3,sc3,42,success,0,,,,,,,/data/luolie/biopipeline/dimension-reduction/plantnet/results/canonical/scmae_11datasets_20260609_12/Melanoma_5K/sc3__seed42__20260609_175756,/data/luolie/biopipeline/dimension-reduction/plantnet/results/canonical/scmae_11datasets_20260609_12/Melanoma_5K/sc3__seed42__20260609_175756,/data/luolie/biopipeline/dimension-reduction/plantnet/results/canonical/scmae_11datasets_20260609_12/Melanoma_5K/sc3__seed42__20260609_175756/metrics.json,,,/data/luolie/biopipeline/dimension-reduction/plantnet/results/canonical/scmae_11datasets_20260609_12/Melanoma_5K/sc3__seed42__20260609_175756/args.json,/data/luolie/biopipeline/dimension-reduction/plantnet/results/canonical/scmae_11datasets_20260609_12/Melanoma_5K/sc3__seed42__20260609_175756/status.json,ff0a792e8d0ebca0570bb079c2fd28f2a0bce029,refactor/minimal-method-isolation-and-neighbormix-ablations,1,11.7,11.7,/data/luolie/conda/base/bin/python /home/luolie/biopipeline/dimension-reduction/plantnet/methods/Traditional/sc3/run.py --data_path /home/luolie/biopipeline/dimension-reduction/plantnet/data/processed_scmae/Melanoma_5K.h5ad --save_dir results/formal/scmae_11datasets/Melanoma_5K/sc3__seed42__20260609_175756 --n_clusters 9 --seed 42,metrics.json:top_level,0.43053401285176157,0.7214857345250133,0.6342511378167105,0.0827143411656793,0.0827143411656793,0.7066536372772019,0.7214857345250132,0.7492496425784165,0.6957059220894304,,,,,,,,,,,,,,,,,"{""markers"": [""args.json"", ""command.txt"", ""metrics.json"", ""run.log"", ""status.json""]}"
PB000317,true,,run_artifact,run,canonical/scmae_11datasets_20260609_12,scmae_11datasets_20260609_12,,,Melanoma_5K,scdcc,scdcc,scdcc,2024,success,0,,,,,,,/data/luolie/biopipeline/dimension-reduction/plantnet/results/canonical/scmae_11datasets_20260609_12/Melanoma_5K/scdcc__seed2024__20260609_180043,/data/luolie/biopipeline/dimension-reduction/plantnet/results/canonical/scmae_11datasets_20260609_12/Melanoma_5K/scdcc__seed2024__20260609_180043,/data/luolie/biopipeline/dimension-reduction/plantnet/results/canonical/scmae_11datasets_20260609_12/Melanoma_5K/scdcc__seed2024__20260609_180043/metrics.json,,,/data/luolie/biopipeline/dimension-reduction/plantnet/results/canonical/scmae_11datasets_20260609_12/Melanoma_5K/scdcc__seed2024__20260609_180043/args.json,/data/luolie/biopipeline/dimension-reduction/plantnet/results/canonical/scmae_11datasets_20260609_12/Melanoma_5K/scdcc__seed2024__20260609_180043/status.json,ff0a792e8d0ebca0570bb079c2fd28f2a0bce029,refactor/minimal-method-isolation-and-neighbormix-ablations,1,135.4,135.4,/data/luolie/conda/base/bin/python /home/luolie/biopipeline/dimension-reduction/plantnet/methods/DeepLearning/scDCC/run.py --data_path /home/luolie/biopipeline/dimension-reduction/plantnet/data/processed_scmae/Melanoma_5K.h5ad --save_dir results/formal/scmae_11datasets/Melanoma_5K/scdcc__seed2024__20260609_180043 --n_clusters 9 --seed 2024 --epochs 200 --pretrain_epochs 200 --gpu 1,metrics.json:top_level,0.6208730334588966,0.6508795153347284,0.4884684585249346,0.5396875348137159,0.5396875348137159,0.5896975117414478,0.6508795153347284,0.6822559923428305,0.622262114886961,,,,,,,,,,,,,,,,,"{""markers"": [""args.json"", ""command.txt"", ""metrics.json"", ""run.log"", ""run_config.json"", ""status.json""]}"
PB000318,true,,run_artifact,run,canonical/scmae_11datasets_20260609_12,scmae_11datasets_20260609_12,,,Melanoma_5K,scdcc,scdcc,scdcc,3407,success,0,,,,,,,/data/luolie/biopipeline/dimension-reduction/plantnet/results/canonical/scmae_11datasets_20260609_12/Melanoma_5K/scdcc__seed3407__20260609_180259,/data/luolie/biopipeline/dimension-reduction/plantnet/results/canonical/scmae_11datasets_20260609_12/Melanoma_5K/scdcc__seed3407__20260609_180259,/data/luolie/biopipeline/dimension-reduction/plantnet/results/canonical/scmae_11datasets_20260609_12/Melanoma_5K/scdcc__seed3407__20260609_180259/metrics.json,,,/data/luolie/biopipeline/dimension-reduction/plantnet/results/canonical/scmae_11datasets_20260609_12/Melanoma_5K/scdcc__seed3407__20260609_180259/args.json,/data/luolie/biopipeline/dimension-reduction/plantnet/results/canonical/scmae_11datasets_20260609_12/Melanoma_5K/scdcc__seed3407__20260609_180259/status.json,ff0a792e8d0ebca0570bb079c2fd28f2a0bce029,refactor/minimal-method-isolation-and-neighbormix-ablations,1,139.2,139.2,/data/luolie/conda/base/bin/python /home/luolie/biopipeline/dimension-reduction/plantnet/methods/DeepLearning/scDCC/run.py --data_path /home/luolie/biopipeline/dimension-reduction/plantnet/data/processed_scmae/Melanoma_5K.h5ad --save_dir results/formal/scmae_11datasets/Melanoma_5K/scdcc__seed3407__20260609_180259 --n_clusters 9 --seed 3407 --epochs 200 --pretrain_epochs 200 --gpu 1,metrics.json:top_level,0.6202082871703967,0.6550352802622809,0.5030511623499796,0.4593189290523782,0.4593189290523782,0.5999648092851542,0.6550352802622809,0.6925118319509199,0.6214067128921559,,,,,,,,,,,,,,,,,"{""markers"": [""args.json"", ""command.txt"", ""metrics.json"", ""run.log"", ""run_config.json"", ""status.json""]}"
PB000319,true,,run_artifact,run,canonical/scmae_11datasets_20260609_12,scmae_11datasets_20260609_12,,,Melanoma_5K,scdcc,scdcc,scdcc,42,success,0,,,,,,,/data/luolie/biopipeline/dimension-reduction/plantnet/results/canonical/scmae_11datasets_20260609_12/Melanoma_5K/scdcc__seed42__20260609_175830,/data/luolie/biopipeline/dimension-reduction/plantnet/results/canonical/scmae_11datasets_20260609_12/Melanoma_5K/scdcc__seed42__20260609_175830,/data/luolie/biopipeline/dimension-reduction/plantnet/results/canonical/scmae_11datasets_20260609_12/Melanoma_5K/scdcc__seed42__20260609_175830/metrics.json,,,/data/luolie/biopipeline/dimension-reduction/plantnet/results/canonical/scmae_11datasets_20260609_12/Melanoma_5K/scdcc__seed42__20260609_175830/args.json,/data/luolie/biopipeline/dimension-reduction/plantnet/results/canonical/scmae_11datasets_20260609_12/Melanoma_5K/scdcc__seed42__20260609_175830/status.json,ff0a792e8d0ebca0570bb079c2fd28f2a0bce029,refactor/minimal-method-isolation-and-neighbormix-ablations,1,132.9,132.9,/data/luolie/conda/base/bin/python /home/luolie/biopipeline/dimension-reduction/plantnet/methods/DeepLearning/scDCC/run.py --data_path /home/luolie/biopipeline/dimension-reduction/plantnet/data/processed_scmae/Melanoma_5K.h5ad --save_dir results/formal/scmae_11datasets/Melanoma_5K/scdcc__seed42__20260609_175830 --n_clusters 9 --seed 42 --epochs 200 --pretrain_epochs 200 --gpu 1,metrics.json:top_level,0.6807001994238866,0.6682180436100637,0.5324922916890399,0.483440763882595,0.483440763882595,0.6262743869050119,0.6682180436100637,0.693543086523178,0.644677355218422,,,,,,,,,,,,,,,,,"{""markers"": [""args.json"", ""command.txt"", ""metrics.json"", ""run.log"", ""run_config.json"", ""status.json""]}"
PB000320,true,,run_artifact,run,canonical/scmae_11datasets_20260609_12,scmae_11datasets_20260609_12,,,Melanoma_5K,scmae,scmae,scmae,2024,success,0,,,,,,,/data/luolie/biopipeline/dimension-reduction/plantnet/results/canonical/scmae_11datasets_20260609_12/Melanoma_5K/scmae__seed2024__20260609_180547,/data/luolie/biopipeline/dimension-reduction/plantnet/results/canonical/scmae_11datasets_20260609_12/Melanoma_5K/scmae__seed2024__20260609_180547,/data/luolie/biopipeline/dimension-reduction/plantnet/results/canonical/scmae_11datasets_20260609_12/Melanoma_5K/scmae__seed2024__20260609_180547/metrics.json,/data/luolie/biopipeline/dimension-reduction/plantnet/results/canonical/scmae_11datasets_20260609_12/Melanoma_5K/scmae__seed2024__20260609_180547/summary.json,/data/luolie/biopipeline/dimension-reduction/plantnet/results/canonical/scmae_11datasets_20260609_12/Melanoma_5K/scmae__seed2024__20260609_180547/eval_fixed.csv,/data/luolie/biopipeline/dimension-reduction/plantnet/results/canonical/scmae_11datasets_20260609_12/Melanoma_5K/scmae__seed2024__20260609_180547/args.json,/data/luolie/biopipeline/dimension-reduction/plantnet/results/canonical/scmae_11datasets_20260609_12/Melanoma_5K/scmae__seed2024__20260609_180547/status.json,ff0a792e8d0ebca0570bb079c2fd28f2a0bce029,refactor/minimal-method-isolation-and-neighbormix-ablations,1,28.7,28.7,/data/luolie/conda/base/bin/python /home/luolie/biopipeline/dimension-reduction/plantnet/methods/DeepLearning/scMAE/run.py --data_path /home/luolie/biopipeline/dimension-reduction/plantnet/data/processed_scmae/Melanoma_5K.h5ad --save_dir results/formal/scmae_11datasets/Melanoma_5K/scmae__seed2024__20260609_180547 --n_clusters 9 --seed 2024 --epochs 200 --gpu 1,eval_fixed.csv,0.7374252160425437,0.7345540594688281,0.6667527801390472,0.6562793051583954,0.6562793051583954,0.732959701772587,0.7345540594688282,0.7619715208473457,0.7090411526391286,,9,,,,,,,,,,,,,,,"{""markers"": [""args.json"", ""command.txt"", ""eval_fixed.csv"", ""metrics.json"", ""run.log"", ""status.json"", ""summary.json""]}"
PB000321,true,,run_artifact,run,canonical/scmae_11datasets_20260609_12,scmae_11datasets_20260609_12,,,Melanoma_5K,scmae,scmae,scmae,3407,success,0,,,,,,,/data/luolie/biopipeline/dimension-reduction/plantnet/results/canonical/scmae_11datasets_20260609_12/Melanoma_5K/scmae__seed3407__20260609_180616,/data/luolie/biopipeline/dimension-reduction/plantnet/results/canonical/scmae_11datasets_20260609_12/Melanoma_5K/scmae__seed3407__20260609_180616,/data/luolie/biopipeline/dimension-reduction/plantnet/results/canonical/scmae_11datasets_20260609_12/Melanoma_5K/scmae__seed3407__20260609_180616/metrics.json,/data/luolie/biopipeline/dimension-reduction/plantnet/results/canonical/scmae_11datasets_20260609_12/Melanoma_5K/scmae__seed3407__20260609_180616/summary.json,/data/luolie/biopipeline/dimension-reduction/plantnet/results/canonical/scmae_11datasets_20260609_12/Melanoma_5K/scmae__seed3407__20260609_180616/eval_fixed.csv,/data/luolie/biopipeline/dimension-reduction/plantnet/results/canonical/scmae_11datasets_20260609_12/Melanoma_5K/scmae__seed3407__20260609_180616/args.json,/data/luolie/biopipeline/dimension-reduction/plantnet/results/canonical/scmae_11datasets_20260609_12/Melanoma_5K/scmae__seed3407__20260609_180616/status.json,ff0a792e8d0ebca0570bb079c2fd28f2a0bce029,refactor/minimal-method-isolation-and-neighbormix-ablations,1,30.1,30.1,/data/luolie/conda/base/bin/python /home/luolie/biopipeline/dimension-reduction/plantnet/methods/DeepLearning/scMAE/run.py --data_path /home/luolie/biopipeline/dimension-reduction/plantnet/data/processed_scmae/Melanoma_5K.h5ad --save_dir results/formal/scmae_11datasets/Melanoma_5K/scmae__seed3407__20260609_180616 --n_clusters 9 --seed 3407 --epochs 200 --gpu 1,eval_fixed.csv,0.7385331265233769,0.7381156500051202,0.6699725520842812,0.6567875141636343,0.6567875141636343,0.7355555309868657,0.7381156500051202,0.7657766657419884,0.7123832842667477,,9,,,,,,,,,,,,,,,"{""markers"": [""args.json"", ""command.txt"", ""eval_fixed.csv"", ""metrics.json"", ""run.log"", ""status.json"", ""summary.json""]}"
PB000322,true,,run_artifact,run,canonical/scmae_11datasets_20260609_12,scmae_11datasets_20260609_12,,,Melanoma_5K,scmae,scmae,scmae,42,success,0,,,,,,,/data/luolie/biopipeline/dimension-reduction/plantnet/results/canonical/scmae_11datasets_20260609_12/Melanoma_5K/scmae__seed42__20260609_180518,/data/luolie/biopipeline/dimension-reduction/plantnet/results/canonical/scmae_11datasets_20260609_12/Melanoma_5K/scmae__seed42__20260609_180518,/data/luolie/biopipeline/dimension-reduction/plantnet/results/canonical/scmae_11datasets_20260609_12/Melanoma_5K/scmae__seed42__20260609_180518/metrics.json,/data/luolie/biopipeline/dimension-reduction/plantnet/results/canonical/scmae_11datasets_20260609_12/Melanoma_5K/scmae__seed42__20260609_180518/summary.json,/data/luolie/biopipeline/dimension-reduction/plantnet/results/canonical/scmae_11datasets_20260609_12/Melanoma_5K/scmae__seed42__20260609_180518/eval_fixed.csv,/data/luolie/biopipeline/dimension-reduction/plantnet/results/canonical/scmae_11datasets_20260609_12/Melanoma_5K/scmae__seed42__20260609_180518/args.json,/data/luolie/biopipeline/dimension-reduction/plantnet/results/canonical/scmae_11datasets_20260609_12/Melanoma_5K/scmae__seed42__20260609_180518/status.json,ff0a792e8d0ebca0570bb079c2fd28f2a0bce029,refactor/minimal-method-isolation-and-neighbormix-ablations,1,29.4,29.4,/data/luolie/conda/base/bin/python /home/luolie/biopipeline/dimension-reduction/plantnet/methods/DeepLearning/scMAE/run.py --data_path /home/luolie/biopipeline/dimension-reduction/plantnet/data/processed_scmae/Melanoma_5K.h5ad --save_dir results/formal/scmae_11datasets/Melanoma_5K/scmae__seed42__20260609_180518 --n_clusters 9 --seed 42 --epochs 200 --gpu 1,eval_fixed.csv,0.7416352758697097,0.733573052341879,0.6673618449306992,0.6564702325769184,0.6564702325769184,0.7334288476142291,0.7335730523418789,0.7613596652652954,0.7077432270992658,,9,,,,,,,,,,,,,,,"{""markers"": [""args.json"", ""command.txt"", ""eval_fixed.csv"", ""metrics.json"", ""run.log"", ""status.json"", ""summary.json""]}"
PB000323,true,,run_artifact,run,canonical/scmae_11datasets_20260609_12,scmae_11datasets_20260609_12,,,Melanoma_5K,scname,scname,scname,2024,success,0,,,,,,,/data/luolie/biopipeline/dimension-reduction/plantnet/results/canonical/scmae_11datasets_20260609_12/Melanoma_5K/scname__seed2024__20260610_030410,/data/luolie/biopipeline/dimension-reduction/plantnet/results/canonical/scmae_11datasets_20260609_12/Melanoma_5K/scname__seed2024__20260610_030410,/data/luolie/biopipeline/dimension-reduction/plantnet/results/canonical/scmae_11datasets_20260609_12/Melanoma_5K/scname__seed2024__20260610_030410/metrics.json,,,/data/luolie/biopipeline/dimension-reduction/plantnet/results/canonical/scmae_11datasets_20260609_12/Melanoma_5K/scname__seed2024__20260610_030410/args.json,/data/luolie/biopipeline/dimension-reduction/plantnet/results/canonical/scmae_11datasets_20260609_12/Melanoma_5K/scname__seed2024__20260610_030410/status.json,cc4a3f022b1612f7b3af795f49894bec9489fe5c,refactor/minimal-method-isolation-and-neighbormix-ablations,5,1501.3,1501.3,/data/luolie/conda/envs/scssl_bench_py310/bin/python /home/luolie/biopipeline/dimension-reduction/plantnet/methods/DeepLearning/scNAME/run.py --data_path /home/luolie/biopipeline/dimension-reduction/plantnet/data/processed_scmae/Melanoma_5K.h5ad --save_dir /home/luolie/biopipeline/dimension-reduction/plantnet/results/formal/scmae_11datasets/Melanoma_5K/scname__seed2024__20260610_030410 --n_clusters 9 --seed 2024 --epochs 200 --gpu 5,metrics.json:top_level,0.637934854863727,0.6636694374603722,0.5590954252147785,0.559841057421735,0.559841057421735,0.644241451192352,0.6636694374603722,0.7145589785373168,0.6195465053052845,,,,,,,,,,,,,,,,,"{""markers"": [""args.json"", ""command.txt"", ""metrics.json"", ""run.log"", ""status.json""]}"
PB000324,true,,run_artifact,run,canonical/scmae_11datasets_20260609_12,scmae_11datasets_20260609_12,,,Melanoma_5K,scname,scname,scname,3407,success,0,,,,,,,/data/luolie/biopipeline/dimension-reduction/plantnet/results/canonical/scmae_11datasets_20260609_12/Melanoma_5K/scname__seed3407__20260610_032922,/data/luolie/biopipeline/dimension-reduction/plantnet/results/canonical/scmae_11datasets_20260609_12/Melanoma_5K/scname__seed3407__20260610_032922,/data/luolie/biopipeline/dimension-reduction/plantnet/results/canonical/scmae_11datasets_20260609_12/Melanoma_5K/scname__seed3407__20260610_032922/metrics.json,,,/data/luolie/biopipeline/dimension-reduction/plantnet/results/canonical/scmae_11datasets_20260609_12/Melanoma_5K/scname__seed3407__20260610_032922/args.json,/data/luolie/biopipeline/dimension-reduction/plantnet/results/canonical/scmae_11datasets_20260609_12/Melanoma_5K/scname__seed3407__20260610_032922/status.json,cc4a3f022b1612f7b3af795f49894bec9489fe5c,refactor/minimal-method-isolation-and-neighbormix-ablations,5,1389.8,1389.8,/data/luolie/conda/envs/scssl_bench_py310/bin/python /home/luolie/biopipeline/dimension-reduction/plantnet/methods/DeepLearning/scNAME/run.py --data_path /home/luolie/biopipeline/dimension-reduction/plantnet/data/processed_scmae/Melanoma_5K.h5ad --save_dir /home/luolie/biopipeline/dimension-reduction/plantnet/results/formal/scmae_11datasets/Melanoma_5K/scname__seed3407__20260610_032922 --n_clusters 9 --seed 3407 --epochs 200 --gpu 5,metrics.json:top_level,0.6467981387103922,0.6726751332524741,0.5810841653707411,0.5059632096848148,0.5059632096848148,0.6631430371110122,0.6726751332524741,0.7336945139423106,0.6210260802866663,,,,,,,,,,,,,,,,,"{""markers"": [""args.json"", ""command.txt"", ""metrics.json"", ""run.log"", ""status.json""]}"
PB000325,true,,run_artifact,run,canonical/scmae_11datasets_20260609_12,scmae_11datasets_20260609_12,,,Melanoma_5K,sczidesk,sczidesk,sczidesk,2024,success,0,,,,,,,/data/luolie/biopipeline/dimension-reduction/plantnet/results/canonical/scmae_11datasets_20260609_12/Melanoma_5K/sczidesk__seed2024__20260610_030410,/data/luolie/biopipeline/dimension-reduction/plantnet/results/canonical/scmae_11datasets_20260609_12/Melanoma_5K/sczidesk__seed2024__20260610_030410,/data/luolie/biopipeline/dimension-reduction/plantnet/results/canonical/scmae_11datasets_20260609_12/Melanoma_5K/sczidesk__seed2024__20260610_030410/metrics.json,,,/data/luolie/biopipeline/dimension-reduction/plantnet/results/canonical/scmae_11datasets_20260609_12/Melanoma_5K/sczidesk__seed2024__20260610_030410/args.json,/data/luolie/biopipeline/dimension-reduction/plantnet/results/canonical/scmae_11datasets_20260609_12/Melanoma_5K/sczidesk__seed2024__20260610_030410/status.json,cc4a3f022b1612f7b3af795f49894bec9489fe5c,refactor/minimal-method-isolation-and-neighbormix-ablations,6,597.9,597.9,/data/luolie/conda/envs/scssl_bench_py310/bin/python /home/luolie/biopipeline/dimension-reduction/plantnet/methods/DeepLearning/scziDesk/run.py --data_path /home/luolie/biopipeline/dimension-reduction/plantnet/data/processed_scmae/Melanoma_5K.h5ad --save_dir /home/luolie/biopipeline/dimension-reduction/plantnet/results/formal/scmae_11datasets/Melanoma_5K/sczidesk__seed2024__20260610_030410 --n_clusters 9 --seed 2024 --epochs 200 --gpu 6,metrics.json:top_level,0.6146687347662309,0.6537082178616663,0.547080956523736,0.4848832607733305,0.4848832607733305,0.6349640520165472,0.6537082178616664,0.7181351225305219,0.599889612345952,,,,,,,,,,,,,,,,,"{""markers"": [""args.json"", ""command.txt"", ""metrics.json"", ""run.log"", ""status.json""]}"
PB000326,true,,run_artifact,run,canonical/scmae_11datasets_20260609_12,scmae_11datasets_20260609_12,,,Melanoma_5K,sczidesk,sczidesk,sczidesk,3407,success,0,,,,,,,/data/luolie/biopipeline/dimension-reduction/plantnet/results/canonical/scmae_11datasets_20260609_12/Melanoma_5K/sczidesk__seed3407__20260610_031419,/data/luolie/biopipeline/dimension-reduction/plantnet/results/canonical/scmae_11datasets_20260609_12/Melanoma_5K/sczidesk__seed3407__20260610_031419,/data/luolie/biopipeline/dimension-reduction/plantnet/results/canonical/scmae_11datasets_20260609_12/Melanoma_5K/sczidesk__seed3407__20260610_031419/metrics.json,,,/data/luolie/biopipeline/dimension-reduction/plantnet/results/canonical/scmae_11datasets_20260609_12/Melanoma_5K/sczidesk__seed3407__20260610_031419/args.json,/data/luolie/biopipeline/dimension-reduction/plantnet/results/canonical/scmae_11datasets_20260609_12/Melanoma_5K/sczidesk__seed3407__20260610_031419/status.json,cc4a3f022b1612f7b3af795f49894bec9489fe5c,refactor/minimal-method-isolation-and-neighbormix-ablations,6,641.6,641.6,/data/luolie/conda/envs/scssl_bench_py310/bin/python /home/luolie/biopipeline/dimension-reduction/plantnet/methods/DeepLearning/scziDesk/run.py --data_path /home/luolie/biopipeline/dimension-reduction/plantnet/data/processed_scmae/Melanoma_5K.h5ad --save_dir /home/luolie/biopipeline/dimension-reduction/plantnet/results/formal/scmae_11datasets/Melanoma_5K/sczidesk__seed3407__20260610_031419 --n_clusters 9 --seed 3407 --epochs 200 --gpu 6,metrics.json:top_level,0.6811433636162199,0.6884515141362332,0.6000852035278258,0.5031577879233166,0.5031577879233166,0.6784653368611582,0.6884515141362331,0.7289526659746272,0.65221401857522,,,,,,,,,,,,,,,,,"{""markers"": [""args.json"", ""command.txt"", ""metrics.json"", ""run.log"", ""status.json""]}"
PB000327,true,,run_artifact,run,canonical/scmae_11datasets_20260609_12,scmae_11datasets_20260609_12,,,Melanoma_5K,sczidesk,sczidesk,sczidesk,42,success,0,,,,,,,/data/luolie/biopipeline/dimension-reduction/plantnet/results/canonical/scmae_11datasets_20260609_12/Melanoma_5K/sczidesk__seed42__20260610_171115,/data/luolie/biopipeline/dimension-reduction/plantnet/results/canonical/scmae_11datasets_20260609_12/Melanoma_5K/sczidesk__seed42__20260610_171115,/data/luolie/biopipeline/dimension-reduction/plantnet/results/canonical/scmae_11datasets_20260609_12/Melanoma_5K/sczidesk__seed42__20260610_171115/metrics.json,,,/data/luolie/biopipeline/dimension-reduction/plantnet/results/canonical/scmae_11datasets_20260609_12/Melanoma_5K/sczidesk__seed42__20260610_171115/args.json,/data/luolie/biopipeline/dimension-reduction/plantnet/results/canonical/scmae_11datasets_20260609_12/Melanoma_5K/sczidesk__seed42__20260610_171115/status.json,cc4a3f022b1612f7b3af795f49894bec9489fe5c,refactor/minimal-method-isolation-and-neighbormix-ablations,2,870.8,870.8,/data/luolie/conda/envs/scssl_bench_py310/bin/python /home/luolie/biopipeline/dimension-reduction/plantnet/methods/DeepLearning/scziDesk/run.py --data_path /home/luolie/biopipeline/dimension-reduction/plantnet/data/processed_scmae/Melanoma_5K.h5ad --save_dir /home/luolie/biopipeline/dimension-reduction/plantnet/results/formal/scmae_11datasets/Melanoma_5K/sczidesk__seed42__20260610_171115 --n_clusters 9 --seed 42 --epochs 200 --gpu 2,metrics.json:top_level,0.6077996897850654,0.6516034052309223,0.504380900750027,0.49208640731368025,0.49208640731368025,0.598685865883261,0.6516034052309223,0.7046164363302772,0.6060092552262424,,,,,,,,,,,,,,,,,"{""markers"": [""args.json"", ""command.txt"", ""metrics.json"", ""run.log"", ""status.json""]}"
PB000328,true,,run_artifact,run,canonical/scmae_11datasets_20260609_12,scmae_11datasets_20260609_12,,,Quake_10x_Spleen,attentionae_sc,attentionae_sc,attentionae_sc,2024,success,0,,,,,,,/data/luolie/biopipeline/dimension-reduction/plantnet/results/canonical/scmae_11datasets_20260609_12/Quake_10x_Spleen/attentionae_sc__seed2024__20260610_122539,/data/luolie/biopipeline/dimension-reduction/plantnet/results/canonical/scmae_11datasets_20260609_12/Quake_10x_Spleen/attentionae_sc__seed2024__20260610_122539,/data/luolie/biopipeline/dimension-reduction/plantnet/results/canonical/scmae_11datasets_20260609_12/Quake_10x_Spleen/attentionae_sc__seed2024__20260610_122539/metrics.json,,,/data/luolie/biopipeline/dimension-reduction/plantnet/results/canonical/scmae_11datasets_20260609_12/Quake_10x_Spleen/attentionae_sc__seed2024__20260610_122539/args.json,/data/luolie/biopipeline/dimension-reduction/plantnet/results/canonical/scmae_11datasets_20260609_12/Quake_10x_Spleen/attentionae_sc__seed2024__20260610_122539/status.json,cc4a3f022b1612f7b3af795f49894bec9489fe5c,refactor/minimal-method-isolation-and-neighbormix-ablations,4,579.6,579.6,/data/luolie/conda/envs/scclubench-main/bin/python /home/luolie/biopipeline/dimension-reduction/plantnet/methods/GNN/AttentionAE_sc/run.py --data_path /home/luolie/biopipeline/dimension-reduction/plantnet/data/processed_scmae/Quake_10x_Spleen.h5ad --save_dir /home/luolie/biopipeline/dimension-reduction/plantnet/results/formal/scmae_11datasets/Quake_10x_Spleen/attentionae_sc__seed2024__20260610_122539 --n_clusters 5 --seed 2024 --epochs 200 --gpu 4,metrics.json:top_level,0.7208961474036851,0.0,0.0,0.16756296386421704,0.16756296386421704,0.7506192768635539,0.0,0.0,1.0,,,,,,,,,,,,,,,,,"{""markers"": [""args.json"", ""command.txt"", ""metrics.json"", ""run.log"", ""status.json""]}"
PB000329,true,,run_artifact,run,canonical/scmae_11datasets_20260609_12,scmae_11datasets_20260609_12,,,Quake_10x_Spleen,attentionae_sc,attentionae_sc,attentionae_sc,3407,success,0,,,,,,,/data/luolie/biopipeline/dimension-reduction/plantnet/results/canonical/scmae_11datasets_20260609_12/Quake_10x_Spleen/attentionae_sc__seed3407__20260610_123529,/data/luolie/biopipeline/dimension-reduction/plantnet/results/canonical/scmae_11datasets_20260609_12/Quake_10x_Spleen/attentionae_sc__seed3407__20260610_123529,/data/luolie/biopipeline/dimension-reduction/plantnet/results/canonical/scmae_11datasets_20260609_12/Quake_10x_Spleen/attentionae_sc__seed3407__20260610_123529/metrics.json,,,/data/luolie/biopipeline/dimension-reduction/plantnet/results/canonical/scmae_11datasets_20260609_12/Quake_10x_Spleen/attentionae_sc__seed3407__20260610_123529/args.json,/data/luolie/biopipeline/dimension-reduction/plantnet/results/canonical/scmae_11datasets_20260609_12/Quake_10x_Spleen/attentionae_sc__seed3407__20260610_123529/status.json,cc4a3f022b1612f7b3af795f49894bec9489fe5c,refactor/minimal-method-isolation-and-neighbormix-ablations,4,768.0,768.0,/data/luolie/conda/envs/scclubench-main/bin/python /home/luolie/biopipeline/dimension-reduction/plantnet/methods/GNN/AttentionAE_sc/run.py --data_path /home/luolie/biopipeline/dimension-reduction/plantnet/data/processed_scmae/Quake_10x_Spleen.h5ad --save_dir /home/luolie/biopipeline/dimension-reduction/plantnet/results/formal/scmae_11datasets/Quake_10x_Spleen/attentionae_sc__seed3407__20260610_123529 --n_clusters 5 --seed 3407 --epochs 200 --gpu 4,metrics.json:top_level,0.6296063651591289,0.05021746357025248,-0.0875857460157414,0.16023878924774348,0.16023878924774348,0.6533071119611726,0.050217463570252474,0.03476024870832902,0.09042990532436293,,,,,,,,,,,,,,,,,"{""markers"": [""args.json"", ""command.txt"", ""metrics.json"", ""run.log"", ""status.json""]}"
PB000330,true,,run_artifact,run,canonical/scmae_11datasets_20260609_12,scmae_11datasets_20260609_12,,,Quake_10x_Spleen,attentionae_sc,attentionae_sc,attentionae_sc,42,success,0,,,,,,,/data/luolie/biopipeline/dimension-reduction/plantnet/results/canonical/scmae_11datasets_20260609_12/Quake_10x_Spleen/attentionae_sc__seed42__20260610_121812,/data/luolie/biopipeline/dimension-reduction/plantnet/results/canonical/scmae_11datasets_20260609_12/Quake_10x_Spleen/attentionae_sc__seed42__20260610_121812,/data/luolie/biopipeline/dimension-reduction/plantnet/results/canonical/scmae_11datasets_20260609_12/Quake_10x_Spleen/attentionae_sc__seed42__20260610_121812/metrics.json,,,/data/luolie/biopipeline/dimension-reduction/plantnet/results/canonical/scmae_11datasets_20260609_12/Quake_10x_Spleen/attentionae_sc__seed42__20260610_121812/args.json,/data/luolie/biopipeline/dimension-reduction/plantnet/results/canonical/scmae_11datasets_20260609_12/Quake_10x_Spleen/attentionae_sc__seed42__20260610_121812/status.json,cc4a3f022b1612f7b3af795f49894bec9489fe5c,refactor/minimal-method-isolation-and-neighbormix-ablations,4,438.7,438.7,/data/luolie/conda/envs/scclubench-main/bin/python /home/luolie/biopipeline/dimension-reduction/plantnet/methods/GNN/AttentionAE_sc/run.py --data_path /home/luolie/biopipeline/dimension-reduction/plantnet/data/processed_scmae/Quake_10x_Spleen.h5ad --save_dir /home/luolie/biopipeline/dimension-reduction/plantnet/results/formal/scmae_11datasets/Quake_10x_Spleen/attentionae_sc__seed42__20260610_121812 --n_clusters 5 --seed 42 --epochs 200 --gpu 4,metrics.json:top_level,0.7208961474036851,0.0,0.0,0.16756296386421704,0.16756296386421704,0.7506192768635539,0.0,0.0,1.0,,,,,,,,,,,,,,,,,"{""markers"": [""args.json"", ""command.txt"", ""metrics.json"", ""run.log"", ""status.json""]}"
PB000331,true,,run_artifact,run,canonical/scmae_11datasets_20260609_12,scmae_11datasets_20260609_12,,,Quake_10x_Spleen,dec,dec,dec,2024,success,0,,,,,,,/data/luolie/biopipeline/dimension-reduction/plantnet/results/canonical/scmae_11datasets_20260609_12/Quake_10x_Spleen/dec__seed2024__20260610_014949,/data/luolie/biopipeline/dimension-reduction/plantnet/results/canonical/scmae_11datasets_20260609_12/Quake_10x_Spleen/dec__seed2024__20260610_014949,/data/luolie/biopipeline/dimension-reduction/plantnet/results/canonical/scmae_11datasets_20260609_12/Quake_10x_Spleen/dec__seed2024__20260610_014949/metrics.json,,,/data/luolie/biopipeline/dimension-reduction/plantnet/results/canonical/scmae_11datasets_20260609_12/Quake_10x_Spleen/dec__seed2024__20260610_014949/args.json,/data/luolie/biopipeline/dimension-reduction/plantnet/results/canonical/scmae_11datasets_20260609_12/Quake_10x_Spleen/dec__seed2024__20260610_014949/status.json,cc4a3f022b1612f7b3af795f49894bec9489fe5c,refactor/minimal-method-isolation-and-neighbormix-ablations,4,67.5,67.5,/data/luolie/conda/base/bin/python /home/luolie/biopipeline/dimension-reduction/plantnet/methods/DeepLearning/dec/run.py --data_path /home/luolie/biopipeline/dimension-reduction/plantnet/data/processed_scmae/Quake_10x_Spleen.h5ad --save_dir /home/luolie/biopipeline/dimension-reduction/plantnet/results/formal/scmae_11datasets/Quake_10x_Spleen/dec__seed2024__20260610_014949 --n_clusters 5 --seed 2024 --epochs 200 --pretrain_epochs 200 --gpu 4,metrics.json:top_level,0.707286432160804,0.027538607313348826,0.03153638211576849,0.2209655994442154,0.2209655994442154,0.733427781965051,0.027538607313348822,0.01658639235859048,0.08107060058096136,,,,,,,,,,,,,,,,,"{""markers"": [""args.json"", ""command.txt"", ""metrics.json"", ""run.log"", ""run_config.json"", ""status.json""]}"
PB000332,true,,run_artifact,run,canonical/scmae_11datasets_20260609_12,scmae_11datasets_20260609_12,,,Quake_10x_Spleen,dec,dec,dec,3407,success,0,,,,,,,/data/luolie/biopipeline/dimension-reduction/plantnet/results/canonical/scmae_11datasets_20260609_12/Quake_10x_Spleen/dec__seed3407__20260610_015103,/data/luolie/biopipeline/dimension-reduction/plantnet/results/canonical/scmae_11datasets_20260609_12/Quake_10x_Spleen/dec__seed3407__20260610_015103,/data/luolie/biopipeline/dimension-reduction/plantnet/results/canonical/scmae_11datasets_20260609_12/Quake_10x_Spleen/dec__seed3407__20260610_015103/metrics.json,,,/data/luolie/biopipeline/dimension-reduction/plantnet/results/canonical/scmae_11datasets_20260609_12/Quake_10x_Spleen/dec__seed3407__20260610_015103/args.json,/data/luolie/biopipeline/dimension-reduction/plantnet/results/canonical/scmae_11datasets_20260609_12/Quake_10x_Spleen/dec__seed3407__20260610_015103/status.json,cc4a3f022b1612f7b3af795f49894bec9489fe5c,refactor/minimal-method-isolation-and-neighbormix-ablations,4,60.7,60.7,/data/luolie/conda/base/bin/python /home/luolie/biopipeline/dimension-reduction/plantnet/methods/DeepLearning/dec/run.py --data_path /home/luolie/biopipeline/dimension-reduction/plantnet/data/processed_scmae/Quake_10x_Spleen.h5ad --save_dir /home/luolie/biopipeline/dimension-reduction/plantnet/results/formal/scmae_11datasets/Quake_10x_Spleen/dec__seed3407__20260610_015103 --n_clusters 5 --seed 3407 --epochs 200 --pretrain_epochs 200 --gpu 4,metrics.json:top_level,0.7224664991624791,0.11352276732282417,0.08700999425952648,0.25142588911618635,0.25142588911618635,0.7477641948300131,0.11352276732282418,0.06953324292074452,0.30902337698112414,,,,,,,,,,,,,,,,,"{""markers"": [""args.json"", ""command.txt"", ""metrics.json"", ""run.log"", ""run_config.json"", ""status.json""]}"
PB000333,true,,run_artifact,run,canonical/scmae_11datasets_20260609_12,scmae_11datasets_20260609_12,,,Quake_10x_Spleen,dec,dec,dec,42,success,0,,,,,,,/data/luolie/biopipeline/dimension-reduction/plantnet/results/canonical/scmae_11datasets_20260609_12/Quake_10x_Spleen/dec__seed42__20260610_014838,/data/luolie/biopipeline/dimension-reduction/plantnet/results/canonical/scmae_11datasets_20260609_12/Quake_10x_Spleen/dec__seed42__20260610_014838,/data/luolie/biopipeline/dimension-reduction/plantnet/results/canonical/scmae_11datasets_20260609_12/Quake_10x_Spleen/dec__seed42__20260610_014838/metrics.json,,,/data/luolie/biopipeline/dimension-reduction/plantnet/results/canonical/scmae_11datasets_20260609_12/Quake_10x_Spleen/dec__seed42__20260610_014838/args.json,/data/luolie/biopipeline/dimension-reduction/plantnet/results/canonical/scmae_11datasets_20260609_12/Quake_10x_Spleen/dec__seed42__20260610_014838/status.json,cc4a3f022b1612f7b3af795f49894bec9489fe5c,refactor/minimal-method-isolation-and-neighbormix-ablations,4,65.2,65.2,/data/luolie/conda/base/bin/python /home/luolie/biopipeline/dimension-reduction/plantnet/methods/DeepLearning/dec/run.py --data_path /home/luolie/biopipeline/dimension-reduction/plantnet/data/processed_scmae/Quake_10x_Spleen.h5ad --save_dir /home/luolie/biopipeline/dimension-reduction/plantnet/results/formal/scmae_11datasets/Quake_10x_Spleen/dec__seed42__20260610_014838 --n_clusters 5 --seed 42 --epochs 200 --pretrain_epochs 200 --gpu 4,metrics.json:top_level,0.7196398659966499,0.19527763474219828,0.16524626430307812,0.25930960016839266,0.25930960016839266,0.7547904988333289,0.19527763474219828,0.1341263341427625,0.35891553612633514,,,,,,,,,,,,,,,,,"{""markers"": [""args.json"", ""command.txt"", ""metrics.json"", ""run.log"", ""run_config.json"", ""status.json""]}"
PB000334,true,,run_artifact,run,canonical/scmae_11datasets_20260609_12,scmae_11datasets_20260609_12,,,Quake_10x_Spleen,desc,desc,desc,2024,failed,1,Exit code 1,,,,,,/data/luolie/biopipeline/dimension-reduction/plantnet/results/canonical/scmae_11datasets_20260609_12/Quake_10x_Spleen/desc__seed2024__20260612_000251,/data/luolie/biopipeline/dimension-reduction/plantnet/results/canonical/scmae_11datasets_20260609_12/Quake_10x_Spleen/desc__seed2024__20260612_000251,,,,,/data/luolie/biopipeline/dimension-reduction/plantnet/results/canonical/scmae_11datasets_20260609_12/Quake_10x_Spleen/desc__seed2024__20260612_000251/status.json,,,3,331.8,331.8,/data/luolie/conda/envs/scssl_bench_py310/bin/python /home/luolie/biopipeline/dimension-reduction/plantnet/methods/DeepLearning/desc/run.py --data_path /home/luolie/biopipeline/dimension-reduction/plantnet/data/processed_scmae/Quake_10x_Spleen.h5ad --save_dir /home/luolie/biopipeline/dimension-reduction/plantnet/results/formal/scmae_11datasets/Quake_10x_Spleen/desc__seed2024__20260612_000251 --n_clusters 5 --seed 2024 --epochs 200 --pretrain_epochs 200 --gpu 3,,,,,,,,,,,,,,,,,,,,,,,,,,,"{""markers"": [""command.txt"", ""run.log"", ""status.json""]}"
PB000335,true,,run_artifact,run,canonical/scmae_11datasets_20260609_12,scmae_11datasets_20260609_12,,,Quake_10x_Spleen,desc,desc,desc,3407,failed,1,Exit code 1,,,,,,/data/luolie/biopipeline/dimension-reduction/plantnet/results/canonical/scmae_11datasets_20260609_12/Quake_10x_Spleen/desc__seed3407__20260612_000823,/data/luolie/biopipeline/dimension-reduction/plantnet/results/canonical/scmae_11datasets_20260609_12/Quake_10x_Spleen/desc__seed3407__20260612_000823,,,,,/data/luolie/biopipeline/dimension-reduction/plantnet/results/canonical/scmae_11datasets_20260609_12/Quake_10x_Spleen/desc__seed3407__20260612_000823/status.json,,,3,231.3,231.3,/data/luolie/conda/envs/scssl_bench_py310/bin/python /home/luolie/biopipeline/dimension-reduction/plantnet/methods/DeepLearning/desc/run.py --data_path /home/luolie/biopipeline/dimension-reduction/plantnet/data/processed_scmae/Quake_10x_Spleen.h5ad --save_dir /home/luolie/biopipeline/dimension-reduction/plantnet/results/formal/scmae_11datasets/Quake_10x_Spleen/desc__seed3407__20260612_000823 --n_clusters 5 --seed 3407 --epochs 200 --pretrain_epochs 200 --gpu 3,,,,,,,,,,,,,,,,,,,,,,,,,,,"{""markers"": [""command.txt"", ""run.log"", ""status.json""]}"
PB000336,true,,run_artifact,run,canonical/scmae_11datasets_20260609_12,scmae_11datasets_20260609_12,,,Quake_10x_Spleen,desc,desc,desc,42,failed,1,Exit code 1,,,,,,/data/luolie/biopipeline/dimension-reduction/plantnet/results/canonical/scmae_11datasets_20260609_12/Quake_10x_Spleen/desc__seed42__20260611_235743,/data/luolie/biopipeline/dimension-reduction/plantnet/results/canonical/scmae_11datasets_20260609_12/Quake_10x_Spleen/desc__seed42__20260611_235743,,,,,/data/luolie/biopipeline/dimension-reduction/plantnet/results/canonical/scmae_11datasets_20260609_12/Quake_10x_Spleen/desc__seed42__20260611_235743/status.json,,,3,308.0,308.0,/data/luolie/conda/envs/scssl_bench_py310/bin/python /home/luolie/biopipeline/dimension-reduction/plantnet/methods/DeepLearning/desc/run.py --data_path /home/luolie/biopipeline/dimension-reduction/plantnet/data/processed_scmae/Quake_10x_Spleen.h5ad --save_dir /home/luolie/biopipeline/dimension-reduction/plantnet/results/formal/scmae_11datasets/Quake_10x_Spleen/desc__seed42__20260611_235743 --n_clusters 5 --seed 42 --epochs 200 --pretrain_epochs 200 --gpu 3,,,,,,,,,,,,,,,,,,,,,,,,,,,"{""markers"": [""command.txt"", ""run.log"", ""status.json""]}"
PB000337,true,,run_artifact,run,canonical/scmae_11datasets_20260609_12,scmae_11datasets_20260609_12,,,Quake_10x_Spleen,leiden,leiden,leiden,2024,success,0,,,,,,,/data/luolie/biopipeline/dimension-reduction/plantnet/results/canonical/scmae_11datasets_20260609_12/Quake_10x_Spleen/leiden__seed2024__20260610_015313,/data/luolie/biopipeline/dimension-reduction/plantnet/results/canonical/scmae_11datasets_20260609_12/Quake_10x_Spleen/leiden__seed2024__20260610_015313,/data/luolie/biopipeline/dimension-reduction/plantnet/results/canonical/scmae_11datasets_20260609_12/Quake_10x_Spleen/leiden__seed2024__20260610_015313/metrics.json,,,/data/luolie/biopipeline/dimension-reduction/plantnet/results/canonical/scmae_11datasets_20260609_12/Quake_10x_Spleen/leiden__seed2024__20260610_015313/args.json,/data/luolie/biopipeline/dimension-reduction/plantnet/results/canonical/scmae_11datasets_20260609_12/Quake_10x_Spleen/leiden__seed2024__20260610_015313/status.json,cc4a3f022b1612f7b3af795f49894bec9489fe5c,refactor/minimal-method-isolation-and-neighbormix-ablations,4,59.2,59.2,/data/luolie/conda/base/bin/python /home/luolie/biopipeline/dimension-reduction/plantnet/methods/Traditional/Leiden/run.py --data_path /home/luolie/biopipeline/dimension-reduction/plantnet/data/processed_scmae/Quake_10x_Spleen.h5ad --save_dir /home/luolie/biopipeline/dimension-reduction/plantnet/results/formal/scmae_11datasets/Quake_10x_Spleen/leiden__seed2024__20260610_015313 --n_clusters 5 --seed 2024,metrics.json:top_level,0.7207914572864321,0.5130162000880258,0.4240185906900624,0.4964890099414182,0.4964890099414182,0.701136037110813,0.513016200088026,0.6243693489272083,0.4353701182314227,,,,,,,,,,,,,,,,,"{""markers"": [""args.json"", ""command.txt"", ""metrics.json"", ""run.log"", ""status.json""]}"
PB000338,true,,run_artifact,run,canonical/scmae_11datasets_20260609_12,scmae_11datasets_20260609_12,,,Quake_10x_Spleen,leiden,leiden,leiden,3407,success,0,,,,,,,/data/luolie/biopipeline/dimension-reduction/plantnet/results/canonical/scmae_11datasets_20260609_12/Quake_10x_Spleen/leiden__seed3407__20260610_015417,/data/luolie/biopipeline/dimension-reduction/plantnet/results/canonical/scmae_11datasets_20260609_12/Quake_10x_Spleen/leiden__seed3407__20260610_015417,/data/luolie/biopipeline/dimension-reduction/plantnet/results/canonical/scmae_11datasets_20260609_12/Quake_10x_Spleen/leiden__seed3407__20260610_015417/metrics.json,,,/data/luolie/biopipeline/dimension-reduction/plantnet/results/canonical/scmae_11datasets_20260609_12/Quake_10x_Spleen/leiden__seed3407__20260610_015417/args.json,/data/luolie/biopipeline/dimension-reduction/plantnet/results/canonical/scmae_11datasets_20260609_12/Quake_10x_Spleen/leiden__seed3407__20260610_015417/status.json,cc4a3f022b1612f7b3af795f49894bec9489fe5c,refactor/minimal-method-isolation-and-neighbormix-ablations,4,62.3,62.3,/data/luolie/conda/base/bin/python /home/luolie/biopipeline/dimension-reduction/plantnet/methods/Traditional/Leiden/run.py --data_path /home/luolie/biopipeline/dimension-reduction/plantnet/data/processed_scmae/Quake_10x_Spleen.h5ad --save_dir /home/luolie/biopipeline/dimension-reduction/plantnet/results/formal/scmae_11datasets/Quake_10x_Spleen/leiden__seed3407__20260610_015417 --n_clusters 5 --seed 3407,metrics.json:top_level,0.710322445561139,0.507694132847259,0.41035226042102335,0.495172571274834,0.495172571274834,0.6905983711411213,0.5076941328472591,0.6268347312558543,0.4266097049973953,,,,,,,,,,,,,,,,,"{""markers"": [""args.json"", ""command.txt"", ""metrics.json"", ""run.log"", ""status.json""]}"
PB000339,true,,run_artifact,run,canonical/scmae_11datasets_20260609_12,scmae_11datasets_20260609_12,,,Quake_10x_Spleen,leiden,leiden,leiden,42,success,0,,,,,,,/data/luolie/biopipeline/dimension-reduction/plantnet/results/canonical/scmae_11datasets_20260609_12/Quake_10x_Spleen/leiden__seed42__20260610_015209,/data/luolie/biopipeline/dimension-reduction/plantnet/results/canonical/scmae_11datasets_20260609_12/Quake_10x_Spleen/leiden__seed42__20260610_015209,/data/luolie/biopipeline/dimension-reduction/plantnet/results/canonical/scmae_11datasets_20260609_12/Quake_10x_Spleen/leiden__seed42__20260610_015209/metrics.json,,,/data/luolie/biopipeline/dimension-reduction/plantnet/results/canonical/scmae_11datasets_20260609_12/Quake_10x_Spleen/leiden__seed42__20260610_015209/args.json,/data/luolie/biopipeline/dimension-reduction/plantnet/results/canonical/scmae_11datasets_20260609_12/Quake_10x_Spleen/leiden__seed42__20260610_015209/status.json,cc4a3f022b1612f7b3af795f49894bec9489fe5c,refactor/minimal-method-isolation-and-neighbormix-ablations,4,59.1,59.1,/data/luolie/conda/base/bin/python /home/luolie/biopipeline/dimension-reduction/plantnet/methods/Traditional/Leiden/run.py --data_path /home/luolie/biopipeline/dimension-reduction/plantnet/data/processed_scmae/Quake_10x_Spleen.h5ad --save_dir /home/luolie/biopipeline/dimension-reduction/plantnet/results/formal/scmae_11datasets/Quake_10x_Spleen/leiden__seed42__20260610_015209 --n_clusters 5 --seed 42,metrics.json:top_level,0.7128350083752094,0.5065016500174697,0.413372369441991,0.49628194447480867,0.49628194447480867,0.6927097672250545,0.5065016500174698,0.6240416618520184,0.42622160528374,,,,,,,,,,,,,,,,,"{""markers"": [""args.json"", ""command.txt"", ""metrics.json"", ""run.log"", ""status.json""]}"
PB000340,true,,run_artifact,run,canonical/scmae_11datasets_20260609_12,scmae_11datasets_20260609_12,,,Quake_10x_Spleen,louvain,louvain,louvain,2024,success,0,,,,,,,/data/luolie/biopipeline/dimension-reduction/plantnet/results/canonical/scmae_11datasets_20260609_12/Quake_10x_Spleen/louvain__seed2024__20260610_015645,/data/luolie/biopipeline/dimension-reduction/plantnet/results/canonical/scmae_11datasets_20260609_12/Quake_10x_Spleen/louvain__seed2024__20260610_015645,/data/luolie/biopipeline/dimension-reduction/plantnet/results/canonical/scmae_11datasets_20260609_12/Quake_10x_Spleen/louvain__seed2024__20260610_015645/metrics.json,,,/data/luolie/biopipeline/dimension-reduction/plantnet/results/canonical/scmae_11datasets_20260609_12/Quake_10x_Spleen/louvain__seed2024__20260610_015645/args.json,/data/luolie/biopipeline/dimension-reduction/plantnet/results/canonical/scmae_11datasets_20260609_12/Quake_10x_Spleen/louvain__seed2024__20260610_015645/status.json,cc4a3f022b1612f7b3af795f49894bec9489fe5c,refactor/minimal-method-isolation-and-neighbormix-ablations,4,72.1,72.1,/data/luolie/conda/base/bin/python /home/luolie/biopipeline/dimension-reduction/plantnet/methods/Traditional/Louvain/run.py --data_path /home/luolie/biopipeline/dimension-reduction/plantnet/data/processed_scmae/Quake_10x_Spleen.h5ad --save_dir /home/luolie/biopipeline/dimension-reduction/plantnet/results/formal/scmae_11datasets/Quake_10x_Spleen/louvain__seed2024__20260610_015645 --n_clusters 5 --seed 2024,metrics.json:top_level,0.9270309882747069,0.7117350388353944,0.8267723044363303,0.7084634515300428,0.7084634515300428,0.9237550715723711,0.7117350388353944,0.6943787344944087,0.7299812436788158,,,,,,,,,,,,,,,,,"{""markers"": [""args.json"", ""command.txt"", ""metrics.json"", ""run.log"", ""status.json""]}"
PB000341,true,,run_artifact,run,canonical/scmae_11datasets_20260609_12,scmae_11datasets_20260609_12,,,Quake_10x_Spleen,louvain,louvain,louvain,3407,success,0,,,,,,,/data/luolie/biopipeline/dimension-reduction/plantnet/results/canonical/scmae_11datasets_20260609_12/Quake_10x_Spleen/louvain__seed3407__20260610_015803,/data/luolie/biopipeline/dimension-reduction/plantnet/results/canonical/scmae_11datasets_20260609_12/Quake_10x_Spleen/louvain__seed3407__20260610_015803,/data/luolie/biopipeline/dimension-reduction/plantnet/results/canonical/scmae_11datasets_20260609_12/Quake_10x_Spleen/louvain__seed3407__20260610_015803/metrics.json,,,/data/luolie/biopipeline/dimension-reduction/plantnet/results/canonical/scmae_11datasets_20260609_12/Quake_10x_Spleen/louvain__seed3407__20260610_015803/args.json,/data/luolie/biopipeline/dimension-reduction/plantnet/results/canonical/scmae_11datasets_20260609_12/Quake_10x_Spleen/louvain__seed3407__20260610_015803/status.json,cc4a3f022b1612f7b3af795f49894bec9489fe5c,refactor/minimal-method-isolation-and-neighbormix-ablations,4,76.7,76.7,/data/luolie/conda/base/bin/python /home/luolie/biopipeline/dimension-reduction/plantnet/methods/Traditional/Louvain/run.py --data_path /home/luolie/biopipeline/dimension-reduction/plantnet/data/processed_scmae/Quake_10x_Spleen.h5ad --save_dir /home/luolie/biopipeline/dimension-reduction/plantnet/results/formal/scmae_11datasets/Quake_10x_Spleen/louvain__seed3407__20260610_015803 --n_clusters 5 --seed 3407,metrics.json:top_level,0.9035804020100503,0.6630546670774703,0.7548901546801603,0.3732418817450373,0.3732418817450373,0.9029267767286486,0.6630546670774704,0.5680877569526002,0.7961459341362426,,,,,,,,,,,,,,,,,"{""markers"": [""args.json"", ""command.txt"", ""metrics.json"", ""run.log"", ""status.json""]}"
PB000342,true,,run_artifact,run,canonical/scmae_11datasets_20260609_12,scmae_11datasets_20260609_12,,,Quake_10x_Spleen,louvain,louvain,louvain,42,success,0,,,,,,,/data/luolie/biopipeline/dimension-reduction/plantnet/results/canonical/scmae_11datasets_20260609_12/Quake_10x_Spleen/louvain__seed42__20260610_015525,/data/luolie/biopipeline/dimension-reduction/plantnet/results/canonical/scmae_11datasets_20260609_12/Quake_10x_Spleen/louvain__seed42__20260610_015525,/data/luolie/biopipeline/dimension-reduction/plantnet/results/canonical/scmae_11datasets_20260609_12/Quake_10x_Spleen/louvain__seed42__20260610_015525/metrics.json,,,/data/luolie/biopipeline/dimension-reduction/plantnet/results/canonical/scmae_11datasets_20260609_12/Quake_10x_Spleen/louvain__seed42__20260610_015525/args.json,/data/luolie/biopipeline/dimension-reduction/plantnet/results/canonical/scmae_11datasets_20260609_12/Quake_10x_Spleen/louvain__seed42__20260610_015525/status.json,cc4a3f022b1612f7b3af795f49894bec9489fe5c,refactor/minimal-method-isolation-and-neighbormix-ablations,4,74.7,74.7,/data/luolie/conda/base/bin/python /home/luolie/biopipeline/dimension-reduction/plantnet/methods/Traditional/Louvain/run.py --data_path /home/luolie/biopipeline/dimension-reduction/plantnet/data/processed_scmae/Quake_10x_Spleen.h5ad --save_dir /home/luolie/biopipeline/dimension-reduction/plantnet/results/formal/scmae_11datasets/Quake_10x_Spleen/louvain__seed42__20260610_015525 --n_clusters 5 --seed 42,metrics.json:top_level,0.905464824120603,0.6660752369809946,0.7592518301731784,0.37414878133579427,0.37414878133579427,0.9052323672290447,0.6660752369809946,0.5653127391069535,0.8105491790720056,,,,,,,,,,,,,,,,,"{""markers"": [""args.json"", ""command.txt"", ""metrics.json"", ""run.log"", ""status.json""]}"
PB000343,true,,run_artifact,run,canonical/scmae_11datasets_20260609_12,scmae_11datasets_20260609_12,,,Quake_10x_Spleen,neighbormix_scmae,neighbormix_scmae,neighbormix_scmae,2024,success,0,,,,,,,/data/luolie/biopipeline/dimension-reduction/plantnet/results/canonical/scmae_11datasets_20260609_12/Quake_10x_Spleen/neighbormix_scmae__seed2024__20260610_020135,/data/luolie/biopipeline/dimension-reduction/plantnet/results/canonical/scmae_11datasets_20260609_12/Quake_10x_Spleen/neighbormix_scmae__seed2024__20260610_020135,/data/luolie/biopipeline/dimension-reduction/plantnet/results/canonical/scmae_11datasets_20260609_12/Quake_10x_Spleen/neighbormix_scmae__seed2024__20260610_020135/metrics.json,/data/luolie/biopipeline/dimension-reduction/plantnet/results/canonical/scmae_11datasets_20260609_12/Quake_10x_Spleen/neighbormix_scmae__seed2024__20260610_020135/summary.json,/data/luolie/biopipeline/dimension-reduction/plantnet/results/canonical/scmae_11datasets_20260609_12/Quake_10x_Spleen/neighbormix_scmae__seed2024__20260610_020135/eval_fixed.csv,/data/luolie/biopipeline/dimension-reduction/plantnet/results/canonical/scmae_11datasets_20260609_12/Quake_10x_Spleen/neighbormix_scmae__seed2024__20260610_020135/args.json,/data/luolie/biopipeline/dimension-reduction/plantnet/results/canonical/scmae_11datasets_20260609_12/Quake_10x_Spleen/neighbormix_scmae__seed2024__20260610_020135/status.json,cc4a3f022b1612f7b3af795f49894bec9489fe5c,refactor/minimal-method-isolation-and-neighbormix-ablations,4,122.3,122.3,/data/luolie/conda/base/bin/python /home/luolie/biopipeline/dimension-reduction/plantnet/methods/DeepLearning/NeighborMix_scMAE/run.py --data_path /home/luolie/biopipeline/dimension-reduction/plantnet/data/processed_scmae/Quake_10x_Spleen.h5ad --save_dir /home/luolie/biopipeline/dimension-reduction/plantnet/results/formal/scmae_11datasets/Quake_10x_Spleen/neighbormix_scmae__seed2024__20260610_020135 --n_clusters 5 --seed 2024 --epochs 200 --gpu 4,eval_fixed.csv,0.96178810720268,0.8658522798037518,0.9332668189938252,0.7332550584732537,0.7332550584732537,0.9704844381850471,0.8658522798037519,0.8820337758899425,0.8502538083526496,,5,,,,,,,,,,,,,,,"{""markers"": [""args.json"", ""command.txt"", ""eval_fixed.csv"", ""metrics.json"", ""run.log"", ""status.json"", ""summary.json""]}"
PB000344,true,,run_artifact,run,canonical/scmae_11datasets_20260609_12,scmae_11datasets_20260609_12,,,Quake_10x_Spleen,neighbormix_scmae,neighbormix_scmae,neighbormix_scmae,3407,success,0,,,,,,,/data/luolie/biopipeline/dimension-reduction/plantnet/results/canonical/scmae_11datasets_20260609_12/Quake_10x_Spleen/neighbormix_scmae__seed3407__20260610_020343,/data/luolie/biopipeline/dimension-reduction/plantnet/results/canonical/scmae_11datasets_20260609_12/Quake_10x_Spleen/neighbormix_scmae__seed3407__20260610_020343,/data/luolie/biopipeline/dimension-reduction/plantnet/results/canonical/scmae_11datasets_20260609_12/Quake_10x_Spleen/neighbormix_scmae__seed3407__20260610_020343/metrics.json,/data/luolie/biopipeline/dimension-reduction/plantnet/results/canonical/scmae_11datasets_20260609_12/Quake_10x_Spleen/neighbormix_scmae__seed3407__20260610_020343/summary.json,/data/luolie/biopipeline/dimension-reduction/plantnet/results/canonical/scmae_11datasets_20260609_12/Quake_10x_Spleen/neighbormix_scmae__seed3407__20260610_020343/eval_fixed.csv,/data/luolie/biopipeline/dimension-reduction/plantnet/results/canonical/scmae_11datasets_20260609_12/Quake_10x_Spleen/neighbormix_scmae__seed3407__20260610_020343/args.json,/data/luolie/biopipeline/dimension-reduction/plantnet/results/canonical/scmae_11datasets_20260609_12/Quake_10x_Spleen/neighbormix_scmae__seed3407__20260610_020343/status.json,cc4a3f022b1612f7b3af795f49894bec9489fe5c,refactor/minimal-method-isolation-and-neighbormix-ablations,4,123.0,123.0,/data/luolie/conda/base/bin/python /home/luolie/biopipeline/dimension-reduction/plantnet/methods/DeepLearning/NeighborMix_scMAE/run.py --data_path /home/luolie/biopipeline/dimension-reduction/plantnet/data/processed_scmae/Quake_10x_Spleen.h5ad --save_dir /home/luolie/biopipeline/dimension-reduction/plantnet/results/formal/scmae_11datasets/Quake_10x_Spleen/neighbormix_scmae__seed3407__20260610_020343 --n_clusters 5 --seed 3407 --epochs 200 --gpu 4,eval_fixed.csv,0.9743509212730318,0.8674308674091857,0.9158400223711765,0.7790597962543464,0.7790597962543464,0.9628571509032852,0.8674308674091857,0.869658396712213,0.8652147200694356,,5,,,,,,,,,,,,,,,"{""markers"": [""args.json"", ""command.txt"", ""eval_fixed.csv"", ""metrics.json"", ""run.log"", ""status.json"", ""summary.json""]}"
PB000345,true,,run_artifact,run,canonical/scmae_11datasets_20260609_12,scmae_11datasets_20260609_12,,,Quake_10x_Spleen,neighbormix_scmae,neighbormix_scmae,neighbormix_scmae,42,success,0,,,,,,,/data/luolie/biopipeline/dimension-reduction/plantnet/results/canonical/scmae_11datasets_20260609_12/Quake_10x_Spleen/neighbormix_scmae__seed42__20260610_015925,/data/luolie/biopipeline/dimension-reduction/plantnet/results/canonical/scmae_11datasets_20260609_12/Quake_10x_Spleen/neighbormix_scmae__seed42__20260610_015925,/data/luolie/biopipeline/dimension-reduction/plantnet/results/canonical/scmae_11datasets_20260609_12/Quake_10x_Spleen/neighbormix_scmae__seed42__20260610_015925/metrics.json,/data/luolie/biopipeline/dimension-reduction/plantnet/results/canonical/scmae_11datasets_20260609_12/Quake_10x_Spleen/neighbormix_scmae__seed42__20260610_015925/summary.json,/data/luolie/biopipeline/dimension-reduction/plantnet/results/canonical/scmae_11datasets_20260609_12/Quake_10x_Spleen/neighbormix_scmae__seed42__20260610_015925/eval_fixed.csv,/data/luolie/biopipeline/dimension-reduction/plantnet/results/canonical/scmae_11datasets_20260609_12/Quake_10x_Spleen/neighbormix_scmae__seed42__20260610_015925/args.json,/data/luolie/biopipeline/dimension-reduction/plantnet/results/canonical/scmae_11datasets_20260609_12/Quake_10x_Spleen/neighbormix_scmae__seed42__20260610_015925/status.json,cc4a3f022b1612f7b3af795f49894bec9489fe5c,refactor/minimal-method-isolation-and-neighbormix-ablations,4,123.8,123.8,/data/luolie/conda/base/bin/python /home/luolie/biopipeline/dimension-reduction/plantnet/methods/DeepLearning/NeighborMix_scMAE/run.py --data_path /home/luolie/biopipeline/dimension-reduction/plantnet/data/processed_scmae/Quake_10x_Spleen.h5ad --save_dir /home/luolie/biopipeline/dimension-reduction/plantnet/results/formal/scmae_11datasets/Quake_10x_Spleen/neighbormix_scmae__seed42__20260610_015925 --n_clusters 5 --seed 42 --epochs 200 --gpu 4,eval_fixed.csv,0.9597989949748744,0.8637695577000843,0.9270237774656064,0.7326002808681762,0.7326002808681762,0.9676477688565472,0.8637695577000843,0.8820042399116081,0.8462735763538178,,5,,,,,,,,,,,,,,,"{""markers"": [""args.json"", ""command.txt"", ""eval_fixed.csv"", ""metrics.json"", ""run.log"", ""status.json"", ""summary.json""]}"
PB000346,true,,run_artifact,run,canonical/scmae_11datasets_20260609_12,scmae_11datasets_20260609_12,,,Quake_10x_Spleen,nm_scmae_nomix,nm_scmae_nomix,nm_scmae_nomix,2024,success,0,,,,,,,/data/luolie/biopipeline/dimension-reduction/plantnet/results/canonical/scmae_11datasets_20260609_12/Quake_10x_Spleen/nm_scmae_nomix__seed2024__20260609_182306,/data/luolie/biopipeline/dimension-reduction/plantnet/results/canonical/scmae_11datasets_20260609_12/Quake_10x_Spleen/nm_scmae_nomix__seed2024__20260609_182306,/data/luolie/biopipeline/dimension-reduction/plantnet/results/canonical/scmae_11datasets_20260609_12/Quake_10x_Spleen/nm_scmae_nomix__seed2024__20260609_182306/metrics.json,/data/luolie/biopipeline/dimension-reduction/plantnet/results/canonical/scmae_11datasets_20260609_12/Quake_10x_Spleen/nm_scmae_nomix__seed2024__20260609_182306/summary.json,/data/luolie/biopipeline/dimension-reduction/plantnet/results/canonical/scmae_11datasets_20260609_12/Quake_10x_Spleen/nm_scmae_nomix__seed2024__20260609_182306/eval_fixed.csv,/data/luolie/biopipeline/dimension-reduction/plantnet/results/canonical/scmae_11datasets_20260609_12/Quake_10x_Spleen/nm_scmae_nomix__seed2024__20260609_182306/args.json,/data/luolie/biopipeline/dimension-reduction/plantnet/results/canonical/scmae_11datasets_20260609_12/Quake_10x_Spleen/nm_scmae_nomix__seed2024__20260609_182306/status.json,7b93376950bb079d0917ef0e4d3a1514dfb85c4a,refactor/minimal-method-isolation-and-neighbormix-ablations,1,69.5,69.5,/data/luolie/conda/base/bin/python /home/luolie/biopipeline/dimension-reduction/plantnet/methods/DeepLearning/NeighborMix_scMAE/run.py --data_path /home/luolie/biopipeline/dimension-reduction/plantnet/data/processed_scmae/Quake_10x_Spleen.h5ad --save_dir results/formal/scmae_11datasets/Quake_10x_Spleen/nm_scmae_nomix__seed2024__20260609_182306 --n_clusters 5 --seed 2024 --epochs 200 --gpu 1 --use_pseudo false --pseudo_weight 0 --neighbor_k 0 --mix_neighbors 0 --variant_name nm_scmae_nomix,eval_fixed.csv,0.9520519262981576,0.8304622651850962,0.9119236997588194,0.714761208652317,0.714761208652317,0.9606886999305696,0.8304622651850961,0.8597944020772806,0.8030654529445841,,5,,,,,,,,,,,,,,,"{""markers"": [""args.json"", ""command.txt"", ""eval_fixed.csv"", ""metrics.json"", ""run.log"", ""status.json"", ""summary.json""]}"
PB000347,true,,run_artifact,run,canonical/scmae_11datasets_20260609_12,scmae_11datasets_20260609_12,,,Quake_10x_Spleen,nm_scmae_nomix,nm_scmae_nomix,nm_scmae_nomix,3407,success,0,,,,,,,/data/luolie/biopipeline/dimension-reduction/plantnet/results/canonical/scmae_11datasets_20260609_12/Quake_10x_Spleen/nm_scmae_nomix__seed3407__20260609_182416,/data/luolie/biopipeline/dimension-reduction/plantnet/results/canonical/scmae_11datasets_20260609_12/Quake_10x_Spleen/nm_scmae_nomix__seed3407__20260609_182416,/data/luolie/biopipeline/dimension-reduction/plantnet/results/canonical/scmae_11datasets_20260609_12/Quake_10x_Spleen/nm_scmae_nomix__seed3407__20260609_182416/metrics.json,/data/luolie/biopipeline/dimension-reduction/plantnet/results/canonical/scmae_11datasets_20260609_12/Quake_10x_Spleen/nm_scmae_nomix__seed3407__20260609_182416/summary.json,/data/luolie/biopipeline/dimension-reduction/plantnet/results/canonical/scmae_11datasets_20260609_12/Quake_10x_Spleen/nm_scmae_nomix__seed3407__20260609_182416/eval_fixed.csv,/data/luolie/biopipeline/dimension-reduction/plantnet/results/canonical/scmae_11datasets_20260609_12/Quake_10x_Spleen/nm_scmae_nomix__seed3407__20260609_182416/args.json,/data/luolie/biopipeline/dimension-reduction/plantnet/results/canonical/scmae_11datasets_20260609_12/Quake_10x_Spleen/nm_scmae_nomix__seed3407__20260609_182416/status.json,7b93376950bb079d0917ef0e4d3a1514dfb85c4a,refactor/minimal-method-isolation-and-neighbormix-ablations,1,55.0,55.0,/data/luolie/conda/base/bin/python /home/luolie/biopipeline/dimension-reduction/plantnet/methods/DeepLearning/NeighborMix_scMAE/run.py --data_path /home/luolie/biopipeline/dimension-reduction/plantnet/data/processed_scmae/Quake_10x_Spleen.h5ad --save_dir results/formal/scmae_11datasets/Quake_10x_Spleen/nm_scmae_nomix__seed3407__20260609_182416 --n_clusters 5 --seed 3407 --epochs 200 --gpu 1 --use_pseudo false --pseudo_weight 0 --neighbor_k 0 --mix_neighbors 0 --variant_name nm_scmae_nomix,eval_fixed.csv,0.9621021775544388,0.868038928109835,0.9321823921793438,0.7351094854516965,0.7351094854516965,0.9699960019292948,0.868038928109835,0.884132303479022,0.8525209567462411,,5,,,,,,,,,,,,,,,"{""markers"": [""args.json"", ""command.txt"", ""eval_fixed.csv"", ""metrics.json"", ""run.log"", ""status.json"", ""summary.json""]}"
PB000348,true,,run_artifact,run,canonical/scmae_11datasets_20260609_12,scmae_11datasets_20260609_12,,,Quake_10x_Spleen,nm_scmae_nomix,nm_scmae_nomix,nm_scmae_nomix,42,success,0,,,,,,,/data/luolie/biopipeline/dimension-reduction/plantnet/results/canonical/scmae_11datasets_20260609_12/Quake_10x_Spleen/nm_scmae_nomix__seed42__20260609_182157,/data/luolie/biopipeline/dimension-reduction/plantnet/results/canonical/scmae_11datasets_20260609_12/Quake_10x_Spleen/nm_scmae_nomix__seed42__20260609_182157,/data/luolie/biopipeline/dimension-reduction/plantnet/results/canonical/scmae_11datasets_20260609_12/Quake_10x_Spleen/nm_scmae_nomix__seed42__20260609_182157/metrics.json,/data/luolie/biopipeline/dimension-reduction/plantnet/results/canonical/scmae_11datasets_20260609_12/Quake_10x_Spleen/nm_scmae_nomix__seed42__20260609_182157/summary.json,/data/luolie/biopipeline/dimension-reduction/plantnet/results/canonical/scmae_11datasets_20260609_12/Quake_10x_Spleen/nm_scmae_nomix__seed42__20260609_182157/eval_fixed.csv,/data/luolie/biopipeline/dimension-reduction/plantnet/results/canonical/scmae_11datasets_20260609_12/Quake_10x_Spleen/nm_scmae_nomix__seed42__20260609_182157/args.json,/data/luolie/biopipeline/dimension-reduction/plantnet/results/canonical/scmae_11datasets_20260609_12/Quake_10x_Spleen/nm_scmae_nomix__seed42__20260609_182157/status.json,7b93376950bb079d0917ef0e4d3a1514dfb85c4a,refactor/minimal-method-isolation-and-neighbormix-ablations,1,69.1,69.1,/data/luolie/conda/base/bin/python /home/luolie/biopipeline/dimension-reduction/plantnet/methods/DeepLearning/NeighborMix_scMAE/run.py --data_path /home/luolie/biopipeline/dimension-reduction/plantnet/data/processed_scmae/Quake_10x_Spleen.h5ad --save_dir results/formal/scmae_11datasets/Quake_10x_Spleen/nm_scmae_nomix__seed42__20260609_182157 --n_clusters 5 --seed 42 --epochs 200 --gpu 1 --use_pseudo false --pseudo_weight 0 --neighbor_k 0 --mix_neighbors 0 --variant_name nm_scmae_nomix,eval_fixed.csv,0.9569723618090452,0.8566887871388007,0.922720163059198,0.7256678998640427,0.7256678998640427,0.9657460515894646,0.8566887871388006,0.873986112287976,0.8400628476448478,,5,,,,,,,,,,,,,,,"{""markers"": [""args.json"", ""command.txt"", ""eval_fixed.csv"", ""metrics.json"", ""run.log"", ""status.json"", ""summary.json""]}"
PB000349,true,,run_artifact,run,canonical/scmae_11datasets_20260609_12,scmae_11datasets_20260609_12,,,Quake_10x_Spleen,sc3,sc3,sc3,2024,success,0,,,,,,,/data/luolie/biopipeline/dimension-reduction/plantnet/results/canonical/scmae_11datasets_20260609_12/Quake_10x_Spleen/sc3__seed2024__20260610_020616,/data/luolie/biopipeline/dimension-reduction/plantnet/results/canonical/scmae_11datasets_20260609_12/Quake_10x_Spleen/sc3__seed2024__20260610_020616,/data/luolie/biopipeline/dimension-reduction/plantnet/results/canonical/scmae_11datasets_20260609_12/Quake_10x_Spleen/sc3__seed2024__20260610_020616/metrics.json,,,/data/luolie/biopipeline/dimension-reduction/plantnet/results/canonical/scmae_11datasets_20260609_12/Quake_10x_Spleen/sc3__seed2024__20260610_020616/args.json,/data/luolie/biopipeline/dimension-reduction/plantnet/results/canonical/scmae_11datasets_20260609_12/Quake_10x_Spleen/sc3__seed2024__20260610_020616/status.json,cc4a3f022b1612f7b3af795f49894bec9489fe5c,refactor/minimal-method-isolation-and-neighbormix-ablations,4,19.2,19.2,/data/luolie/conda/base/bin/python /home/luolie/biopipeline/dimension-reduction/plantnet/methods/Traditional/sc3/run.py --data_path /home/luolie/biopipeline/dimension-reduction/plantnet/data/processed_scmae/Quake_10x_Spleen.h5ad --save_dir /home/luolie/biopipeline/dimension-reduction/plantnet/results/formal/scmae_11datasets/Quake_10x_Spleen/sc3__seed2024__20260610_020616 --n_clusters 5 --seed 2024,metrics.json:top_level,0.016959798994974875,0.6856213851148023,0.5300790964846278,0.09690056138456069,0.09690056138456069,0.7522282899536805,0.6856213851148024,0.8707704183939724,0.5654018584753538,,,,,,,,,,,,,,,,,"{""markers"": [""args.json"", ""command.txt"", ""metrics.json"", ""run.log"", ""status.json""]}"
PB000350,true,,run_artifact,run,canonical/scmae_11datasets_20260609_12,scmae_11datasets_20260609_12,,,Quake_10x_Spleen,sc3,sc3,sc3,3407,success,0,,,,,,,/data/luolie/biopipeline/dimension-reduction/plantnet/results/canonical/scmae_11datasets_20260609_12/Quake_10x_Spleen/sc3__seed3407__20260610_020641,/data/luolie/biopipeline/dimension-reduction/plantnet/results/canonical/scmae_11datasets_20260609_12/Quake_10x_Spleen/sc3__seed3407__20260610_020641,/data/luolie/biopipeline/dimension-reduction/plantnet/results/canonical/scmae_11datasets_20260609_12/Quake_10x_Spleen/sc3__seed3407__20260610_020641/metrics.json,,,/data/luolie/biopipeline/dimension-reduction/plantnet/results/canonical/scmae_11datasets_20260609_12/Quake_10x_Spleen/sc3__seed3407__20260610_020641/args.json,/data/luolie/biopipeline/dimension-reduction/plantnet/results/canonical/scmae_11datasets_20260609_12/Quake_10x_Spleen/sc3__seed3407__20260610_020641/status.json,cc4a3f022b1612f7b3af795f49894bec9489fe5c,refactor/minimal-method-isolation-and-neighbormix-ablations,4,19.5,19.5,/data/luolie/conda/base/bin/python /home/luolie/biopipeline/dimension-reduction/plantnet/methods/Traditional/sc3/run.py --data_path /home/luolie/biopipeline/dimension-reduction/plantnet/data/processed_scmae/Quake_10x_Spleen.h5ad --save_dir /home/luolie/biopipeline/dimension-reduction/plantnet/results/formal/scmae_11datasets/Quake_10x_Spleen/sc3__seed3407__20260610_020641 --n_clusters 5 --seed 3407,metrics.json:top_level,0.24382328308207704,0.6855952242982689,0.5299830661213669,0.4734171123450556,0.4734171123450556,0.7521655536045653,0.6855952242982689,0.8707697385869434,0.5653665642034437,,,,,,,,,,,,,,,,,"{""markers"": [""args.json"", ""command.txt"", ""metrics.json"", ""run.log"", ""status.json""]}"
PB000351,true,,run_artifact,run,canonical/scmae_11datasets_20260609_12,scmae_11datasets_20260609_12,,,Quake_10x_Spleen,sc3,sc3,sc3,42,success,0,,,,,,,/data/luolie/biopipeline/dimension-reduction/plantnet/results/canonical/scmae_11datasets_20260609_12/Quake_10x_Spleen/sc3__seed42__20260610_020551,/data/luolie/biopipeline/dimension-reduction/plantnet/results/canonical/scmae_11datasets_20260609_12/Quake_10x_Spleen/sc3__seed42__20260610_020551,/data/luolie/biopipeline/dimension-reduction/plantnet/results/canonical/scmae_11datasets_20260609_12/Quake_10x_Spleen/sc3__seed42__20260610_020551/metrics.json,,,/data/luolie/biopipeline/dimension-reduction/plantnet/results/canonical/scmae_11datasets_20260609_12/Quake_10x_Spleen/sc3__seed42__20260610_020551/args.json,/data/luolie/biopipeline/dimension-reduction/plantnet/results/canonical/scmae_11datasets_20260609_12/Quake_10x_Spleen/sc3__seed42__20260610_020551/status.json,cc4a3f022b1612f7b3af795f49894bec9489fe5c,refactor/minimal-method-isolation-and-neighbormix-ablations,4,20.0,20.0,/data/luolie/conda/base/bin/python /home/luolie/biopipeline/dimension-reduction/plantnet/methods/Traditional/sc3/run.py --data_path /home/luolie/biopipeline/dimension-reduction/plantnet/data/processed_scmae/Quake_10x_Spleen.h5ad --save_dir /home/luolie/biopipeline/dimension-reduction/plantnet/results/formal/scmae_11datasets/Quake_10x_Spleen/sc3__seed42__20260610_020551 --n_clusters 5 --seed 42,metrics.json:top_level,0.7489530988274706,0.6854648047692826,0.5295041386693754,0.005898427450758948,0.005898427450758948,0.7518525693043163,0.6854648047692827,0.8707663514358475,0.565190636093695,,,,,,,,,,,,,,,,,"{""markers"": [""args.json"", ""command.txt"", ""metrics.json"", ""run.log"", ""status.json""]}"
PB000352,true,,run_artifact,run,canonical/scmae_11datasets_20260609_12,scmae_11datasets_20260609_12,,,Quake_10x_Spleen,scdcc,scdcc,scdcc,2024,success,0,,,,,,,/data/luolie/biopipeline/dimension-reduction/plantnet/results/canonical/scmae_11datasets_20260609_12/Quake_10x_Spleen/scdcc__seed2024__20260610_021125,/data/luolie/biopipeline/dimension-reduction/plantnet/results/canonical/scmae_11datasets_20260609_12/Quake_10x_Spleen/scdcc__seed2024__20260610_021125,/data/luolie/biopipeline/dimension-reduction/plantnet/results/canonical/scmae_11datasets_20260609_12/Quake_10x_Spleen/scdcc__seed2024__20260610_021125/metrics.json,,,/data/luolie/biopipeline/dimension-reduction/plantnet/results/canonical/scmae_11datasets_20260609_12/Quake_10x_Spleen/scdcc__seed2024__20260610_021125/args.json,/data/luolie/biopipeline/dimension-reduction/plantnet/results/canonical/scmae_11datasets_20260609_12/Quake_10x_Spleen/scdcc__seed2024__20260610_021125/status.json,cc4a3f022b1612f7b3af795f49894bec9489fe5c,refactor/minimal-method-isolation-and-neighbormix-ablations,4,257.6,257.6,/data/luolie/conda/base/bin/python /home/luolie/biopipeline/dimension-reduction/plantnet/methods/DeepLearning/scDCC/run.py --data_path /home/luolie/biopipeline/dimension-reduction/plantnet/data/processed_scmae/Quake_10x_Spleen.h5ad --save_dir /home/luolie/biopipeline/dimension-reduction/plantnet/results/formal/scmae_11datasets/Quake_10x_Spleen/scdcc__seed2024__20260610_021125 --n_clusters 5 --seed 2024 --epochs 200 --pretrain_epochs 200 --gpu 4,metrics.json:top_level,0.8434882747068677,0.6344417471012223,0.6840846715796908,0.5577167997315338,0.5577167997315338,0.8458802672450799,0.6344417471012223,0.7480037353895332,0.5508167092499429,,,,,,,,,,,,,,,,,"{""markers"": [""args.json"", ""command.txt"", ""metrics.json"", ""run.log"", ""run_config.json"", ""status.json""]}"
PB000353,true,,run_artifact,run,canonical/scmae_11datasets_20260609_12,scmae_11datasets_20260609_12,,,Quake_10x_Spleen,scdcc,scdcc,scdcc,3407,success,0,,,,,,,/data/luolie/biopipeline/dimension-reduction/plantnet/results/canonical/scmae_11datasets_20260609_12/Quake_10x_Spleen/scdcc__seed3407__20260610_021548,/data/luolie/biopipeline/dimension-reduction/plantnet/results/canonical/scmae_11datasets_20260609_12/Quake_10x_Spleen/scdcc__seed3407__20260610_021548,/data/luolie/biopipeline/dimension-reduction/plantnet/results/canonical/scmae_11datasets_20260609_12/Quake_10x_Spleen/scdcc__seed3407__20260610_021548/metrics.json,,,/data/luolie/biopipeline/dimension-reduction/plantnet/results/canonical/scmae_11datasets_20260609_12/Quake_10x_Spleen/scdcc__seed3407__20260610_021548/args.json,/data/luolie/biopipeline/dimension-reduction/plantnet/results/canonical/scmae_11datasets_20260609_12/Quake_10x_Spleen/scdcc__seed3407__20260610_021548/status.json,cc4a3f022b1612f7b3af795f49894bec9489fe5c,refactor/minimal-method-isolation-and-neighbormix-ablations,4,259.8,259.8,/data/luolie/conda/base/bin/python /home/luolie/biopipeline/dimension-reduction/plantnet/methods/DeepLearning/scDCC/run.py --data_path /home/luolie/biopipeline/dimension-reduction/plantnet/data/processed_scmae/Quake_10x_Spleen.h5ad --save_dir /home/luolie/biopipeline/dimension-reduction/plantnet/results/formal/scmae_11datasets/Quake_10x_Spleen/scdcc__seed3407__20260610_021548 --n_clusters 5 --seed 3407 --epochs 200 --pretrain_epochs 200 --gpu 4,metrics.json:top_level,0.6025963149078727,0.5751019391632476,0.4159233483502718,0.539153081348571,0.539153081348571,0.6727497709670504,0.5751019391632475,0.7876570253693731,0.4528870201061241,,,,,,,,,,,,,,,,,"{""markers"": [""args.json"", ""command.txt"", ""metrics.json"", ""run.log"", ""run_config.json"", ""status.json""]}"
PB000354,true,,run_artifact,run,canonical/scmae_11datasets_20260609_12,scmae_11datasets_20260609_12,,,Quake_10x_Spleen,scdcc,scdcc,scdcc,42,success,0,,,,,,,/data/luolie/biopipeline/dimension-reduction/plantnet/results/canonical/scmae_11datasets_20260609_12/Quake_10x_Spleen/scdcc__seed42__20260610_020705,/data/luolie/biopipeline/dimension-reduction/plantnet/results/canonical/scmae_11datasets_20260609_12/Quake_10x_Spleen/scdcc__seed42__20260610_020705,/data/luolie/biopipeline/dimension-reduction/plantnet/results/canonical/scmae_11datasets_20260609_12/Quake_10x_Spleen/scdcc__seed42__20260610_020705/metrics.json,,,/data/luolie/biopipeline/dimension-reduction/plantnet/results/canonical/scmae_11datasets_20260609_12/Quake_10x_Spleen/scdcc__seed42__20260610_020705/args.json,/data/luolie/biopipeline/dimension-reduction/plantnet/results/canonical/scmae_11datasets_20260609_12/Quake_10x_Spleen/scdcc__seed42__20260610_020705/status.json,cc4a3f022b1612f7b3af795f49894bec9489fe5c,refactor/minimal-method-isolation-and-neighbormix-ablations,4,254.4,254.4,/data/luolie/conda/base/bin/python /home/luolie/biopipeline/dimension-reduction/plantnet/methods/DeepLearning/scDCC/run.py --data_path /home/luolie/biopipeline/dimension-reduction/plantnet/data/processed_scmae/Quake_10x_Spleen.h5ad --save_dir /home/luolie/biopipeline/dimension-reduction/plantnet/results/formal/scmae_11datasets/Quake_10x_Spleen/scdcc__seed42__20260610_020705 --n_clusters 5 --seed 42 --epochs 200 --pretrain_epochs 200 --gpu 4,metrics.json:top_level,0.7889447236180904,0.6062793994225775,0.6241890309782265,0.5683192840558604,0.5683192840558604,0.8114835833250413,0.6062793994225774,0.747453516292239,0.5099612616608663,,,,,,,,,,,,,,,,,"{""markers"": [""args.json"", ""command.txt"", ""metrics.json"", ""run.log"", ""run_config.json"", ""status.json""]}"
PB000355,true,,run_artifact,run,canonical/scmae_11datasets_20260609_12,scmae_11datasets_20260609_12,,,Quake_10x_Spleen,scmae,scmae,scmae,2024,success,0,,,,,,,/data/luolie/biopipeline/dimension-reduction/plantnet/results/canonical/scmae_11datasets_20260609_12/Quake_10x_Spleen/scmae__seed2024__20260610_022114,/data/luolie/biopipeline/dimension-reduction/plantnet/results/canonical/scmae_11datasets_20260609_12/Quake_10x_Spleen/scmae__seed2024__20260610_022114,/data/luolie/biopipeline/dimension-reduction/plantnet/results/canonical/scmae_11datasets_20260609_12/Quake_10x_Spleen/scmae__seed2024__20260610_022114/metrics.json,/data/luolie/biopipeline/dimension-reduction/plantnet/results/canonical/scmae_11datasets_20260609_12/Quake_10x_Spleen/scmae__seed2024__20260610_022114/summary.json,/data/luolie/biopipeline/dimension-reduction/plantnet/results/canonical/scmae_11datasets_20260609_12/Quake_10x_Spleen/scmae__seed2024__20260610_022114/eval_fixed.csv,/data/luolie/biopipeline/dimension-reduction/plantnet/results/canonical/scmae_11datasets_20260609_12/Quake_10x_Spleen/scmae__seed2024__20260610_022114/args.json,/data/luolie/biopipeline/dimension-reduction/plantnet/results/canonical/scmae_11datasets_20260609_12/Quake_10x_Spleen/scmae__seed2024__20260610_022114/status.json,cc4a3f022b1612f7b3af795f49894bec9489fe5c,refactor/minimal-method-isolation-and-neighbormix-ablations,4,53.5,53.5,/data/luolie/conda/base/bin/python /home/luolie/biopipeline/dimension-reduction/plantnet/methods/DeepLearning/scMAE/run.py --data_path /home/luolie/biopipeline/dimension-reduction/plantnet/data/processed_scmae/Quake_10x_Spleen.h5ad --save_dir /home/luolie/biopipeline/dimension-reduction/plantnet/results/formal/scmae_11datasets/Quake_10x_Spleen/scmae__seed2024__20260610_022114 --n_clusters 5 --seed 2024 --epochs 200 --gpu 4,eval_fixed.csv,0.9520519262981576,0.8304622651850962,0.9119236997588194,0.714761208652317,0.714761208652317,0.9606886999305696,0.8304622651850961,0.8597944020772806,0.8030654529445841,,5,,,,,,,,,,,,,,,"{""markers"": [""args.json"", ""command.txt"", ""eval_fixed.csv"", ""metrics.json"", ""run.log"", ""status.json"", ""summary.json""]}"
PB000356,true,,run_artifact,run,canonical/scmae_11datasets_20260609_12,scmae_11datasets_20260609_12,,,Quake_10x_Spleen,scmae,scmae,scmae,3407,success,0,,,,,,,/data/luolie/biopipeline/dimension-reduction/plantnet/results/canonical/scmae_11datasets_20260609_12/Quake_10x_Spleen/scmae__seed3407__20260610_022213,/data/luolie/biopipeline/dimension-reduction/plantnet/results/canonical/scmae_11datasets_20260609_12/Quake_10x_Spleen/scmae__seed3407__20260610_022213,/data/luolie/biopipeline/dimension-reduction/plantnet/results/canonical/scmae_11datasets_20260609_12/Quake_10x_Spleen/scmae__seed3407__20260610_022213/metrics.json,/data/luolie/biopipeline/dimension-reduction/plantnet/results/canonical/scmae_11datasets_20260609_12/Quake_10x_Spleen/scmae__seed3407__20260610_022213/summary.json,/data/luolie/biopipeline/dimension-reduction/plantnet/results/canonical/scmae_11datasets_20260609_12/Quake_10x_Spleen/scmae__seed3407__20260610_022213/eval_fixed.csv,/data/luolie/biopipeline/dimension-reduction/plantnet/results/canonical/scmae_11datasets_20260609_12/Quake_10x_Spleen/scmae__seed3407__20260610_022213/args.json,/data/luolie/biopipeline/dimension-reduction/plantnet/results/canonical/scmae_11datasets_20260609_12/Quake_10x_Spleen/scmae__seed3407__20260610_022213/status.json,cc4a3f022b1612f7b3af795f49894bec9489fe5c,refactor/minimal-method-isolation-and-neighbormix-ablations,4,53.7,53.7,/data/luolie/conda/base/bin/python /home/luolie/biopipeline/dimension-reduction/plantnet/methods/DeepLearning/scMAE/run.py --data_path /home/luolie/biopipeline/dimension-reduction/plantnet/data/processed_scmae/Quake_10x_Spleen.h5ad --save_dir /home/luolie/biopipeline/dimension-reduction/plantnet/results/formal/scmae_11datasets/Quake_10x_Spleen/scmae__seed3407__20260610_022213 --n_clusters 5 --seed 3407 --epochs 200 --gpu 4,eval_fixed.csv,0.9621021775544388,0.868038928109835,0.9321823921793438,0.7351094854516965,0.7351094854516965,0.9699960019292948,0.868038928109835,0.884132303479022,0.8525209567462411,,5,,,,,,,,,,,,,,,"{""markers"": [""args.json"", ""command.txt"", ""eval_fixed.csv"", ""metrics.json"", ""run.log"", ""status.json"", ""summary.json""]}"
PB000357,true,,run_artifact,run,canonical/scmae_11datasets_20260609_12,scmae_11datasets_20260609_12,,,Quake_10x_Spleen,scmae,scmae,scmae,42,success,0,,,,,,,/data/luolie/biopipeline/dimension-reduction/plantnet/results/canonical/scmae_11datasets_20260609_12/Quake_10x_Spleen/scmae__seed42__20260610_022013,/data/luolie/biopipeline/dimension-reduction/plantnet/results/canonical/scmae_11datasets_20260609_12/Quake_10x_Spleen/scmae__seed42__20260610_022013,/data/luolie/biopipeline/dimension-reduction/plantnet/results/canonical/scmae_11datasets_20260609_12/Quake_10x_Spleen/scmae__seed42__20260610_022013/metrics.json,/data/luolie/biopipeline/dimension-reduction/plantnet/results/canonical/scmae_11datasets_20260609_12/Quake_10x_Spleen/scmae__seed42__20260610_022013/summary.json,/data/luolie/biopipeline/dimension-reduction/plantnet/results/canonical/scmae_11datasets_20260609_12/Quake_10x_Spleen/scmae__seed42__20260610_022013/eval_fixed.csv,/data/luolie/biopipeline/dimension-reduction/plantnet/results/canonical/scmae_11datasets_20260609_12/Quake_10x_Spleen/scmae__seed42__20260610_022013/args.json,/data/luolie/biopipeline/dimension-reduction/plantnet/results/canonical/scmae_11datasets_20260609_12/Quake_10x_Spleen/scmae__seed42__20260610_022013/status.json,cc4a3f022b1612f7b3af795f49894bec9489fe5c,refactor/minimal-method-isolation-and-neighbormix-ablations,4,55.1,55.1,/data/luolie/conda/base/bin/python /home/luolie/biopipeline/dimension-reduction/plantnet/methods/DeepLearning/scMAE/run.py --data_path /home/luolie/biopipeline/dimension-reduction/plantnet/data/processed_scmae/Quake_10x_Spleen.h5ad --save_dir /home/luolie/biopipeline/dimension-reduction/plantnet/results/formal/scmae_11datasets/Quake_10x_Spleen/scmae__seed42__20260610_022013 --n_clusters 5 --seed 42 --epochs 200 --gpu 4,eval_fixed.csv,0.9569723618090452,0.8566887871388007,0.922720163059198,0.7256678998640427,0.7256678998640427,0.9657460515894646,0.8566887871388006,0.873986112287976,0.8400628476448478,,5,,,,,,,,,,,,,,,"{""markers"": [""args.json"", ""command.txt"", ""eval_fixed.csv"", ""metrics.json"", ""run.log"", ""status.json"", ""summary.json""]}"
PB000358,true,,run_artifact,run,canonical/scmae_11datasets_20260609_12,scmae_11datasets_20260609_12,,,Quake_10x_Spleen,scname,scname,scname,2024,success,0,,,,,,,/data/luolie/biopipeline/dimension-reduction/plantnet/results/canonical/scmae_11datasets_20260609_12/Quake_10x_Spleen/scname__seed2024__20260610_134139,/data/luolie/biopipeline/dimension-reduction/plantnet/results/canonical/scmae_11datasets_20260609_12/Quake_10x_Spleen/scname__seed2024__20260610_134139,/data/luolie/biopipeline/dimension-reduction/plantnet/results/canonical/scmae_11datasets_20260609_12/Quake_10x_Spleen/scname__seed2024__20260610_134139/metrics.json,,,/data/luolie/biopipeline/dimension-reduction/plantnet/results/canonical/scmae_11datasets_20260609_12/Quake_10x_Spleen/scname__seed2024__20260610_134139/args.json,/data/luolie/biopipeline/dimension-reduction/plantnet/results/canonical/scmae_11datasets_20260609_12/Quake_10x_Spleen/scname__seed2024__20260610_134139/status.json,cc4a3f022b1612f7b3af795f49894bec9489fe5c,refactor/minimal-method-isolation-and-neighbormix-ablations,4,3124.1,3124.1,/data/luolie/conda/envs/scssl_bench_py310/bin/python /home/luolie/biopipeline/dimension-reduction/plantnet/methods/DeepLearning/scNAME/run.py --data_path /home/luolie/biopipeline/dimension-reduction/plantnet/data/processed_scmae/Quake_10x_Spleen.h5ad --save_dir /home/luolie/biopipeline/dimension-reduction/plantnet/results/formal/scmae_11datasets/Quake_10x_Spleen/scname__seed2024__20260610_134139 --n_clusters 5 --seed 2024 --epochs 200 --gpu 4,metrics.json:top_level,0.8137562814070352,0.6694535728143126,0.6068327120368692,0.658084947706802,0.658084947706802,0.80210242892721,0.6694535728143126,0.7978351834100564,0.5766615521414092,,,,,,,,,,,,,,,,,"{""markers"": [""args.json"", ""command.txt"", ""metrics.json"", ""run.log"", ""status.json""]}"
PB000359,true,,run_artifact,run,canonical/scmae_11datasets_20260609_12,scmae_11datasets_20260609_12,,,Quake_10x_Spleen,scname,scname,scname,3407,success,0,,,,,,,/data/luolie/biopipeline/dimension-reduction/plantnet/results/canonical/scmae_11datasets_20260609_12/Quake_10x_Spleen/scname__seed3407__20260610_143404,/data/luolie/biopipeline/dimension-reduction/plantnet/results/canonical/scmae_11datasets_20260609_12/Quake_10x_Spleen/scname__seed3407__20260610_143404,/data/luolie/biopipeline/dimension-reduction/plantnet/results/canonical/scmae_11datasets_20260609_12/Quake_10x_Spleen/scname__seed3407__20260610_143404/metrics.json,,,/data/luolie/biopipeline/dimension-reduction/plantnet/results/canonical/scmae_11datasets_20260609_12/Quake_10x_Spleen/scname__seed3407__20260610_143404/args.json,/data/luolie/biopipeline/dimension-reduction/plantnet/results/canonical/scmae_11datasets_20260609_12/Quake_10x_Spleen/scname__seed3407__20260610_143404/status.json,cc4a3f022b1612f7b3af795f49894bec9489fe5c,refactor/minimal-method-isolation-and-neighbormix-ablations,4,3020.3,3020.3,/data/luolie/conda/envs/scssl_bench_py310/bin/python /home/luolie/biopipeline/dimension-reduction/plantnet/methods/DeepLearning/scNAME/run.py --data_path /home/luolie/biopipeline/dimension-reduction/plantnet/data/processed_scmae/Quake_10x_Spleen.h5ad --save_dir /home/luolie/biopipeline/dimension-reduction/plantnet/results/formal/scmae_11datasets/Quake_10x_Spleen/scname__seed3407__20260610_143404 --n_clusters 5 --seed 3407 --epochs 200 --gpu 4,metrics.json:top_level,0.8226549413735343,0.7054399327598837,0.6048522797327122,0.7522859711763609,0.7522859711763609,0.7994043429940381,0.7054399327598839,0.863768381428703,0.5961633878240662,,,,,,,,,,,,,,,,,"{""markers"": [""args.json"", ""command.txt"", ""metrics.json"", ""run.log"", ""status.json""]}"
PB000360,true,,run_artifact,run,canonical/scmae_11datasets_20260609_12,scmae_11datasets_20260609_12,,,Quake_10x_Spleen,scname,scname,scname,42,success,0,,,,,,,/data/luolie/biopipeline/dimension-reduction/plantnet/results/canonical/scmae_11datasets_20260609_12/Quake_10x_Spleen/scname__seed42__20260610_124832,/data/luolie/biopipeline/dimension-reduction/plantnet/results/canonical/scmae_11datasets_20260609_12/Quake_10x_Spleen/scname__seed42__20260610_124832,/data/luolie/biopipeline/dimension-reduction/plantnet/results/canonical/scmae_11datasets_20260609_12/Quake_10x_Spleen/scname__seed42__20260610_124832/metrics.json,,,/data/luolie/biopipeline/dimension-reduction/plantnet/results/canonical/scmae_11datasets_20260609_12/Quake_10x_Spleen/scname__seed42__20260610_124832/args.json,/data/luolie/biopipeline/dimension-reduction/plantnet/results/canonical/scmae_11datasets_20260609_12/Quake_10x_Spleen/scname__seed42__20260610_124832/status.json,cc4a3f022b1612f7b3af795f49894bec9489fe5c,refactor/minimal-method-isolation-and-neighbormix-ablations,4,3163.4,3163.4,/data/luolie/conda/envs/scssl_bench_py310/bin/python /home/luolie/biopipeline/dimension-reduction/plantnet/methods/DeepLearning/scNAME/run.py --data_path /home/luolie/biopipeline/dimension-reduction/plantnet/data/processed_scmae/Quake_10x_Spleen.h5ad --save_dir /home/luolie/biopipeline/dimension-reduction/plantnet/results/formal/scmae_11datasets/Quake_10x_Spleen/scname__seed42__20260610_124832 --n_clusters 5 --seed 42 --epochs 200 --gpu 4,metrics.json:top_level,0.8251675041876047,0.7093424755567568,0.6180089411949452,0.7370065819805761,0.7370065819805761,0.8069945726456695,0.7093424755567568,0.868281150461888,0.5995880195632362,,,,,,,,,,,,,,,,,"{""markers"": [""args.json"", ""command.txt"", ""metrics.json"", ""run.log"", ""status.json""]}"
PB000361,true,,run_artifact,run,canonical/scmae_11datasets_20260609_12,scmae_11datasets_20260609_12,,,Quake_10x_Spleen,sczidesk,sczidesk,sczidesk,2024,success,0,,,,,,,/data/luolie/biopipeline/dimension-reduction/plantnet/results/canonical/scmae_11datasets_20260609_12/Quake_10x_Spleen/sczidesk__seed2024__20260610_154529,/data/luolie/biopipeline/dimension-reduction/plantnet/results/canonical/scmae_11datasets_20260609_12/Quake_10x_Spleen/sczidesk__seed2024__20260610_154529,/data/luolie/biopipeline/dimension-reduction/plantnet/results/canonical/scmae_11datasets_20260609_12/Quake_10x_Spleen/sczidesk__seed2024__20260610_154529/metrics.json,,,/data/luolie/biopipeline/dimension-reduction/plantnet/results/canonical/scmae_11datasets_20260609_12/Quake_10x_Spleen/sczidesk__seed2024__20260610_154529/args.json,/data/luolie/biopipeline/dimension-reduction/plantnet/results/canonical/scmae_11datasets_20260609_12/Quake_10x_Spleen/sczidesk__seed2024__20260610_154529/status.json,cc4a3f022b1612f7b3af795f49894bec9489fe5c,refactor/minimal-method-isolation-and-neighbormix-ablations,4,1264.9,1264.9,/data/luolie/conda/envs/scssl_bench_py310/bin/python /home/luolie/biopipeline/dimension-reduction/plantnet/methods/DeepLearning/scziDesk/run.py --data_path /home/luolie/biopipeline/dimension-reduction/plantnet/data/processed_scmae/Quake_10x_Spleen.h5ad --save_dir /home/luolie/biopipeline/dimension-reduction/plantnet/results/formal/scmae_11datasets/Quake_10x_Spleen/sczidesk__seed2024__20260610_154529 --n_clusters 5 --seed 2024 --epochs 200 --gpu 4,metrics.json:top_level,0.9294388609715243,0.7931290280439718,0.8868899041572118,0.595367012443002,0.595367012443002,0.9496929307460898,0.7931290280439718,0.8011620535708696,0.7852554931041589,,,,,,,,,,,,,,,,,"{""markers"": [""args.json"", ""command.txt"", ""metrics.json"", ""run.log"", ""status.json""]}"
PB000362,true,,run_artifact,run,canonical/scmae_11datasets_20260609_12,scmae_11datasets_20260609_12,,,Quake_10x_Spleen,sczidesk,sczidesk,sczidesk,3407,success,0,,,,,,,/data/luolie/biopipeline/dimension-reduction/plantnet/results/canonical/scmae_11datasets_20260609_12/Quake_10x_Spleen/sczidesk__seed3407__20260610_160653,/data/luolie/biopipeline/dimension-reduction/plantnet/results/canonical/scmae_11datasets_20260609_12/Quake_10x_Spleen/sczidesk__seed3407__20260610_160653,/data/luolie/biopipeline/dimension-reduction/plantnet/results/canonical/scmae_11datasets_20260609_12/Quake_10x_Spleen/sczidesk__seed3407__20260610_160653/metrics.json,,,/data/luolie/biopipeline/dimension-reduction/plantnet/results/canonical/scmae_11datasets_20260609_12/Quake_10x_Spleen/sczidesk__seed3407__20260610_160653/args.json,/data/luolie/biopipeline/dimension-reduction/plantnet/results/canonical/scmae_11datasets_20260609_12/Quake_10x_Spleen/sczidesk__seed3407__20260610_160653/status.json,cc4a3f022b1612f7b3af795f49894bec9489fe5c,refactor/minimal-method-isolation-and-neighbormix-ablations,4,1266.8,1266.8,/data/luolie/conda/envs/scssl_bench_py310/bin/python /home/luolie/biopipeline/dimension-reduction/plantnet/methods/DeepLearning/scziDesk/run.py --data_path /home/luolie/biopipeline/dimension-reduction/plantnet/data/processed_scmae/Quake_10x_Spleen.h5ad --save_dir /home/luolie/biopipeline/dimension-reduction/plantnet/results/formal/scmae_11datasets/Quake_10x_Spleen/sczidesk__seed3407__20260610_160653 --n_clusters 5 --seed 3407 --epochs 200 --gpu 4,metrics.json:top_level,0.9377093802345059,0.7940040045875439,0.8851054737605163,0.5591342644676087,0.5591342644676087,0.948746407857848,0.7940040045875438,0.7974306209395391,0.7906067110638308,,,,,,,,,,,,,,,,,"{""markers"": [""args.json"", ""command.txt"", ""metrics.json"", ""run.log"", ""status.json""]}"
PB000363,true,,run_artifact,run,canonical/scmae_11datasets_20260609_12,scmae_11datasets_20260609_12,,,Quake_10x_Spleen,sczidesk,sczidesk,sczidesk,42,success,0,,,,,,,/data/luolie/biopipeline/dimension-reduction/plantnet/results/canonical/scmae_11datasets_20260609_12/Quake_10x_Spleen/sczidesk__seed42__20260610_152446,/data/luolie/biopipeline/dimension-reduction/plantnet/results/canonical/scmae_11datasets_20260609_12/Quake_10x_Spleen/sczidesk__seed42__20260610_152446,/data/luolie/biopipeline/dimension-reduction/plantnet/results/canonical/scmae_11datasets_20260609_12/Quake_10x_Spleen/sczidesk__seed42__20260610_152446/metrics.json,,,/data/luolie/biopipeline/dimension-reduction/plantnet/results/canonical/scmae_11datasets_20260609_12/Quake_10x_Spleen/sczidesk__seed42__20260610_152446/args.json,/data/luolie/biopipeline/dimension-reduction/plantnet/results/canonical/scmae_11datasets_20260609_12/Quake_10x_Spleen/sczidesk__seed42__20260610_152446/status.json,cc4a3f022b1612f7b3af795f49894bec9489fe5c,refactor/minimal-method-isolation-and-neighbormix-ablations,4,1220.6,1220.6,/data/luolie/conda/envs/scssl_bench_py310/bin/python /home/luolie/biopipeline/dimension-reduction/plantnet/methods/DeepLearning/scziDesk/run.py --data_path /home/luolie/biopipeline/dimension-reduction/plantnet/data/processed_scmae/Quake_10x_Spleen.h5ad --save_dir /home/luolie/biopipeline/dimension-reduction/plantnet/results/formal/scmae_11datasets/Quake_10x_Spleen/sczidesk__seed42__20260610_152446 --n_clusters 5 --seed 42 --epochs 200 --gpu 4,metrics.json:top_level,0.9214824120603015,0.7496751402725214,0.8236689195064179,0.6439309894342978,0.6439309894342978,0.9194296112129303,0.7496751402725214,0.7900208092013884,0.7132500848177988,,,,,,,,,,,,,,,,,"{""markers"": [""args.json"", ""command.txt"", ""metrics.json"", ""run.log"", ""status.json""]}"
PB000364,true,,run_artifact,run,canonical/scmae_11datasets_20260609_12,scmae_11datasets_20260609_12,,,Shekhar,dec,dec,dec,2024,success,0,,,,,,,/data/luolie/biopipeline/dimension-reduction/plantnet/results/canonical/scmae_11datasets_20260609_12/Shekhar/dec__seed2024__20260609_184520,/data/luolie/biopipeline/dimension-reduction/plantnet/results/canonical/scmae_11datasets_20260609_12/Shekhar/dec__seed2024__20260609_184520,/data/luolie/biopipeline/dimension-reduction/plantnet/results/canonical/scmae_11datasets_20260609_12/Shekhar/dec__seed2024__20260609_184520/metrics.json,,,/data/luolie/biopipeline/dimension-reduction/plantnet/results/canonical/scmae_11datasets_20260609_12/Shekhar/dec__seed2024__20260609_184520/args.json,/data/luolie/biopipeline/dimension-reduction/plantnet/results/canonical/scmae_11datasets_20260609_12/Shekhar/dec__seed2024__20260609_184520/status.json,7b93376950bb079d0917ef0e4d3a1514dfb85c4a,refactor/minimal-method-isolation-and-neighbormix-ablations,1,172.9,172.9,/data/luolie/conda/base/bin/python /home/luolie/biopipeline/dimension-reduction/plantnet/methods/DeepLearning/dec/run.py --data_path /home/luolie/biopipeline/dimension-reduction/plantnet/data/processed_scmae/Shekhar.h5ad --save_dir results/formal/scmae_11datasets/Shekhar/dec__seed2024__20260609_184520 --n_clusters 18 --seed 2024 --epochs 200 --pretrain_epochs 200 --gpu 1,metrics.json:top_level,0.5968319045844204,0.7424791334617749,0.5115032322735993,0.5071789357972056,0.5071789357972056,0.6049169013698411,0.7424791334617747,0.7677010872114524,0.7188617413608035,,,,,,,,,,,,,,,,,"{""markers"": [""args.json"", ""command.txt"", ""metrics.json"", ""run.log"", ""run_config.json"", ""status.json""]}"
PB000365,true,,run_artifact,run,canonical/scmae_11datasets_20260609_12,scmae_11datasets_20260609_12,,,Shekhar,dec,dec,dec,3407,success,0,,,,,,,/data/luolie/biopipeline/dimension-reduction/plantnet/results/canonical/scmae_11datasets_20260609_12/Shekhar/dec__seed3407__20260609_184819,/data/luolie/biopipeline/dimension-reduction/plantnet/results/canonical/scmae_11datasets_20260609_12/Shekhar/dec__seed3407__20260609_184819,/data/luolie/biopipeline/dimension-reduction/plantnet/results/canonical/scmae_11datasets_20260609_12/Shekhar/dec__seed3407__20260609_184819/metrics.json,,,/data/luolie/biopipeline/dimension-reduction/plantnet/results/canonical/scmae_11datasets_20260609_12/Shekhar/dec__seed3407__20260609_184819/args.json,/data/luolie/biopipeline/dimension-reduction/plantnet/results/canonical/scmae_11datasets_20260609_12/Shekhar/dec__seed3407__20260609_184819/status.json,7b93376950bb079d0917ef0e4d3a1514dfb85c4a,refactor/minimal-method-isolation-and-neighbormix-ablations,1,175.2,175.2,/data/luolie/conda/base/bin/python /home/luolie/biopipeline/dimension-reduction/plantnet/methods/DeepLearning/dec/run.py --data_path /home/luolie/biopipeline/dimension-reduction/plantnet/data/processed_scmae/Shekhar.h5ad --save_dir results/formal/scmae_11datasets/Shekhar/dec__seed3407__20260609_184819 --n_clusters 18 --seed 3407 --epochs 200 --pretrain_epochs 200 --gpu 1,metrics.json:top_level,0.675624301155423,0.7995784770549641,0.6342639160430411,0.5592772547018154,0.5592772547018154,0.7126685304852602,0.7995784770549642,0.8389535016453659,0.7637337774288198,,,,,,,,,,,,,,,,,"{""markers"": [""args.json"", ""command.txt"", ""metrics.json"", ""run.log"", ""run_config.json"", ""status.json""]}"
PB000366,true,,run_artifact,run,canonical/scmae_11datasets_20260609_12,scmae_11datasets_20260609_12,,,Shekhar,dec,dec,dec,42,success,0,,,,,,,/data/luolie/biopipeline/dimension-reduction/plantnet/results/canonical/scmae_11datasets_20260609_12/Shekhar/dec__seed42__20260609_184218,/data/luolie/biopipeline/dimension-reduction/plantnet/results/canonical/scmae_11datasets_20260609_12/Shekhar/dec__seed42__20260609_184218,/data/luolie/biopipeline/dimension-reduction/plantnet/results/canonical/scmae_11datasets_20260609_12/Shekhar/dec__seed42__20260609_184218/metrics.json,,,/data/luolie/biopipeline/dimension-reduction/plantnet/results/canonical/scmae_11datasets_20260609_12/Shekhar/dec__seed42__20260609_184218/args.json,/data/luolie/biopipeline/dimension-reduction/plantnet/results/canonical/scmae_11datasets_20260609_12/Shekhar/dec__seed42__20260609_184218/status.json,7b93376950bb079d0917ef0e4d3a1514dfb85c4a,refactor/minimal-method-isolation-and-neighbormix-ablations,1,176.7,176.7,/data/luolie/conda/base/bin/python /home/luolie/biopipeline/dimension-reduction/plantnet/methods/DeepLearning/dec/run.py --data_path /home/luolie/biopipeline/dimension-reduction/plantnet/data/processed_scmae/Shekhar.h5ad --save_dir results/formal/scmae_11datasets/Shekhar/dec__seed42__20260609_184218 --n_clusters 18 --seed 42 --epochs 200 --pretrain_epochs 200 --gpu 1,metrics.json:top_level,0.5950428624673872,0.7203319562828763,0.4966012852892037,0.44089551278184885,0.44089551278184885,0.5979676829684809,0.7203319562828763,0.7677756532084961,0.678410464828949,,,,,,,,,,,,,,,,,"{""markers"": [""args.json"", ""command.txt"", ""metrics.json"", ""run.log"", ""run_config.json"", ""status.json""]}"
PB000367,true,,run_artifact,run,canonical/scmae_11datasets_20260609_12,scmae_11datasets_20260609_12,,,Shekhar,desc,desc,desc,2024,success,0,,,,,,,/data/luolie/biopipeline/dimension-reduction/plantnet/results/canonical/scmae_11datasets_20260609_12/Shekhar/desc__seed2024__20260612_002640,/data/luolie/biopipeline/dimension-reduction/plantnet/results/canonical/scmae_11datasets_20260609_12/Shekhar/desc__seed2024__20260612_002640,/data/luolie/biopipeline/dimension-reduction/plantnet/results/canonical/scmae_11datasets_20260609_12/Shekhar/desc__seed2024__20260612_002640/metrics.json,,,/data/luolie/biopipeline/dimension-reduction/plantnet/results/canonical/scmae_11datasets_20260609_12/Shekhar/desc__seed2024__20260612_002640/args.json,/data/luolie/biopipeline/dimension-reduction/plantnet/results/canonical/scmae_11datasets_20260609_12/Shekhar/desc__seed2024__20260612_002640/status.json,,,3,805.2,805.2,/data/luolie/conda/envs/scssl_bench_py310/bin/python /home/luolie/biopipeline/dimension-reduction/plantnet/methods/DeepLearning/desc/run.py --data_path /home/luolie/biopipeline/dimension-reduction/plantnet/data/processed_scmae/Shekhar.h5ad --save_dir /home/luolie/biopipeline/dimension-reduction/plantnet/results/formal/scmae_11datasets/Shekhar/desc__seed2024__20260612_002640 --n_clusters 18 --seed 2024 --epochs 200 --pretrain_epochs 200 --gpu 3,metrics.json:top_level,0.9681699590011181,0.9485498762344426,0.9739782214524972,0.8456063266787027,0.8456063266787027,0.9791796205253034,0.9485498762344428,0.9464047983793963,0.9507047000500638,,,,,,,,,,,,,,,,,"{""markers"": [""args.json"", ""command.txt"", ""metrics.json"", ""run.log"", ""status.json""]}"
PB000368,true,,run_artifact,run,canonical/scmae_11datasets_20260609_12,scmae_11datasets_20260609_12,,,Shekhar,desc,desc,desc,3407,success,0,,,,,,,/data/luolie/biopipeline/dimension-reduction/plantnet/results/canonical/scmae_11datasets_20260609_12/Shekhar/desc__seed3407__20260612_004005,/data/luolie/biopipeline/dimension-reduction/plantnet/results/canonical/scmae_11datasets_20260609_12/Shekhar/desc__seed3407__20260612_004005,/data/luolie/biopipeline/dimension-reduction/plantnet/results/canonical/scmae_11datasets_20260609_12/Shekhar/desc__seed3407__20260612_004005/metrics.json,,,/data/luolie/biopipeline/dimension-reduction/plantnet/results/canonical/scmae_11datasets_20260609_12/Shekhar/desc__seed3407__20260612_004005/args.json,/data/luolie/biopipeline/dimension-reduction/plantnet/results/canonical/scmae_11datasets_20260609_12/Shekhar/desc__seed3407__20260612_004005/status.json,,,3,755.4,755.4,/data/luolie/conda/envs/scssl_bench_py310/bin/python /home/luolie/biopipeline/dimension-reduction/plantnet/methods/DeepLearning/desc/run.py --data_path /home/luolie/biopipeline/dimension-reduction/plantnet/data/processed_scmae/Shekhar.h5ad --save_dir /home/luolie/biopipeline/dimension-reduction/plantnet/results/formal/scmae_11datasets/Shekhar/desc__seed3407__20260612_004005 --n_clusters 18 --seed 3407 --epochs 200 --pretrain_epochs 200 --gpu 3,metrics.json:top_level,0.9677599701826314,0.9478512872787747,0.9735674623774428,0.8443017863641602,0.8443017863641602,0.9788516140360238,0.9478512872787747,0.9460827320371802,0.9496264669843862,,,,,,,,,,,,,,,,,"{""markers"": [""args.json"", ""command.txt"", ""metrics.json"", ""run.log"", ""status.json""]}"
PB000369,true,,run_artifact,run,canonical/scmae_11datasets_20260609_12,scmae_11datasets_20260609_12,,,Shekhar,desc,desc,desc,42,success,0,,,,,,,/data/luolie/biopipeline/dimension-reduction/plantnet/results/canonical/scmae_11datasets_20260609_12/Shekhar/desc__seed42__20260612_001215,/data/luolie/biopipeline/dimension-reduction/plantnet/results/canonical/scmae_11datasets_20260609_12/Shekhar/desc__seed42__20260612_001215,/data/luolie/biopipeline/dimension-reduction/plantnet/results/canonical/scmae_11datasets_20260609_12/Shekhar/desc__seed42__20260612_001215/metrics.json,,,/data/luolie/biopipeline/dimension-reduction/plantnet/results/canonical/scmae_11datasets_20260609_12/Shekhar/desc__seed42__20260612_001215/args.json,/data/luolie/biopipeline/dimension-reduction/plantnet/results/canonical/scmae_11datasets_20260609_12/Shekhar/desc__seed42__20260612_001215/status.json,,,3,865.6,865.6,/data/luolie/conda/envs/scssl_bench_py310/bin/python /home/luolie/biopipeline/dimension-reduction/plantnet/methods/DeepLearning/desc/run.py --data_path /home/luolie/biopipeline/dimension-reduction/plantnet/data/processed_scmae/Shekhar.h5ad --save_dir /home/luolie/biopipeline/dimension-reduction/plantnet/results/formal/scmae_11datasets/Shekhar/desc__seed42__20260612_001215 --n_clusters 18 --seed 42 --epochs 200 --pretrain_epochs 200 --gpu 3,metrics.json:top_level,0.9692135669027209,0.9499948795019858,0.9775587144125704,0.8447960675119649,0.8447960675119649,0.9820410791893001,0.9499948795019858,0.9459456229348822,0.9540789519561268,,,,,,,,,,,,,,,,,"{""markers"": [""args.json"", ""command.txt"", ""metrics.json"", ""run.log"", ""status.json""]}"
PB000370,true,,run_artifact,run,canonical/scmae_11datasets_20260609_12,scmae_11datasets_20260609_12,,,Shekhar,leiden,leiden,leiden,2024,success,0,,,,,,,/data/luolie/biopipeline/dimension-reduction/plantnet/results/canonical/scmae_11datasets_20260609_12/Shekhar/leiden__seed2024__20260609_185242,/data/luolie/biopipeline/dimension-reduction/plantnet/results/canonical/scmae_11datasets_20260609_12/Shekhar/leiden__seed2024__20260609_185242,/data/luolie/biopipeline/dimension-reduction/plantnet/results/canonical/scmae_11datasets_20260609_12/Shekhar/leiden__seed2024__20260609_185242/metrics.json,,,/data/luolie/biopipeline/dimension-reduction/plantnet/results/canonical/scmae_11datasets_20260609_12/Shekhar/leiden__seed2024__20260609_185242/args.json,/data/luolie/biopipeline/dimension-reduction/plantnet/results/canonical/scmae_11datasets_20260609_12/Shekhar/leiden__seed2024__20260609_185242/status.json,7b93376950bb079d0917ef0e4d3a1514dfb85c4a,refactor/minimal-method-isolation-and-neighbormix-ablations,1,75.4,75.4,/data/luolie/conda/base/bin/python /home/luolie/biopipeline/dimension-reduction/plantnet/methods/Traditional/Leiden/run.py --data_path /home/luolie/biopipeline/dimension-reduction/plantnet/data/processed_scmae/Shekhar.h5ad --save_dir results/formal/scmae_11datasets/Shekhar/leiden__seed2024__20260609_185242 --n_clusters 18 --seed 2024,metrics.json:top_level,0.5058143868803578,0.32309625890945803,0.2764089790832797,0.2762436520231897,0.2762436520231897,0.43989516865862255,0.323096258909458,0.30259687185344175,0.34657493427762726,,,,,,,,,,,,,,,,,"{""markers"": [""args.json"", ""command.txt"", ""metrics.json"", ""run.log"", ""status.json""]}"
PB000371,true,,run_artifact,run,canonical/scmae_11datasets_20260609_12,scmae_11datasets_20260609_12,,,Shekhar,leiden,leiden,leiden,3407,success,0,,,,,,,/data/luolie/biopipeline/dimension-reduction/plantnet/results/canonical/scmae_11datasets_20260609_12/Shekhar/leiden__seed3407__20260609_185402,/data/luolie/biopipeline/dimension-reduction/plantnet/results/canonical/scmae_11datasets_20260609_12/Shekhar/leiden__seed3407__20260609_185402,/data/luolie/biopipeline/dimension-reduction/plantnet/results/canonical/scmae_11datasets_20260609_12/Shekhar/leiden__seed3407__20260609_185402/metrics.json,,,/data/luolie/biopipeline/dimension-reduction/plantnet/results/canonical/scmae_11datasets_20260609_12/Shekhar/leiden__seed3407__20260609_185402/args.json,/data/luolie/biopipeline/dimension-reduction/plantnet/results/canonical/scmae_11datasets_20260609_12/Shekhar/leiden__seed3407__20260609_185402/status.json,7b93376950bb079d0917ef0e4d3a1514dfb85c4a,refactor/minimal-method-isolation-and-neighbormix-ablations,1,78.5,78.5,/data/luolie/conda/base/bin/python /home/luolie/biopipeline/dimension-reduction/plantnet/methods/Traditional/Leiden/run.py --data_path /home/luolie/biopipeline/dimension-reduction/plantnet/data/processed_scmae/Shekhar.h5ad --save_dir results/formal/scmae_11datasets/Shekhar/leiden__seed3407__20260609_185402 --n_clusters 18 --seed 3407,metrics.json:top_level,0.501490868430861,0.3149071549287037,0.2757081911972076,0.2375845581093753,0.2375845581093753,0.4385518202409902,0.31490715492870375,0.29564191152456526,0.33685822276183464,,,,,,,,,,,,,,,,,"{""markers"": [""args.json"", ""command.txt"", ""metrics.json"", ""run.log"", ""status.json""]}"
PB000372,true,,run_artifact,run,canonical/scmae_11datasets_20260609_12,scmae_11datasets_20260609_12,,,Shekhar,leiden,leiden,leiden,42,success,0,,,,,,,/data/luolie/biopipeline/dimension-reduction/plantnet/results/canonical/scmae_11datasets_20260609_12/Shekhar/leiden__seed42__20260609_185119,/data/luolie/biopipeline/dimension-reduction/plantnet/results/canonical/scmae_11datasets_20260609_12/Shekhar/leiden__seed42__20260609_185119,/data/luolie/biopipeline/dimension-reduction/plantnet/results/canonical/scmae_11datasets_20260609_12/Shekhar/leiden__seed42__20260609_185119/metrics.json,,,/data/luolie/biopipeline/dimension-reduction/plantnet/results/canonical/scmae_11datasets_20260609_12/Shekhar/leiden__seed42__20260609_185119/args.json,/data/luolie/biopipeline/dimension-reduction/plantnet/results/canonical/scmae_11datasets_20260609_12/Shekhar/leiden__seed42__20260609_185119/status.json,7b93376950bb079d0917ef0e4d3a1514dfb85c4a,refactor/minimal-method-isolation-and-neighbormix-ablations,1,76.9,76.9,/data/luolie/conda/base/bin/python /home/luolie/biopipeline/dimension-reduction/plantnet/methods/Traditional/Leiden/run.py --data_path /home/luolie/biopipeline/dimension-reduction/plantnet/data/processed_scmae/Shekhar.h5ad --save_dir results/formal/scmae_11datasets/Shekhar/leiden__seed42__20260609_185119 --n_clusters 18 --seed 42,metrics.json:top_level,0.5019008572493477,0.3145156848494948,0.27291573280346293,0.23628013054033353,0.23628013054033353,0.4361567640804947,0.3145156848494948,0.29542065592918937,0.3362497750354105,,,,,,,,,,,,,,,,,"{""markers"": [""args.json"", ""command.txt"", ""metrics.json"", ""run.log"", ""status.json""]}"
PB000373,true,,run_artifact,run,canonical/scmae_11datasets_20260609_12,scmae_11datasets_20260609_12,,,Shekhar,louvain,louvain,louvain,2024,success,0,,,,,,,/data/luolie/biopipeline/dimension-reduction/plantnet/results/canonical/scmae_11datasets_20260609_12/Shekhar/louvain__seed2024__20260609_185738,/data/luolie/biopipeline/dimension-reduction/plantnet/results/canonical/scmae_11datasets_20260609_12/Shekhar/louvain__seed2024__20260609_185738,/data/luolie/biopipeline/dimension-reduction/plantnet/results/canonical/scmae_11datasets_20260609_12/Shekhar/louvain__seed2024__20260609_185738/metrics.json,,,/data/luolie/biopipeline/dimension-reduction/plantnet/results/canonical/scmae_11datasets_20260609_12/Shekhar/louvain__seed2024__20260609_185738/args.json,/data/luolie/biopipeline/dimension-reduction/plantnet/results/canonical/scmae_11datasets_20260609_12/Shekhar/louvain__seed2024__20260609_185738/status.json,7b93376950bb079d0917ef0e4d3a1514dfb85c4a,refactor/minimal-method-isolation-and-neighbormix-ablations,1,115.5,115.5,/data/luolie/conda/base/bin/python /home/luolie/biopipeline/dimension-reduction/plantnet/methods/Traditional/Louvain/run.py --data_path /home/luolie/biopipeline/dimension-reduction/plantnet/data/processed_scmae/Shekhar.h5ad --save_dir results/formal/scmae_11datasets/Shekhar/louvain__seed2024__20260609_185738 --n_clusters 18 --seed 2024,metrics.json:top_level,0.4598956392098397,0.2761694187991635,0.25407737486455784,0.17887368972918705,0.17887368972918705,0.4400242122361119,0.2761694187991635,0.23974300820932132,0.32564821570665514,,,,,,,,,,,,,,,,,"{""markers"": [""args.json"", ""command.txt"", ""metrics.json"", ""run.log"", ""status.json""]}"
PB000374,true,,run_artifact,run,canonical/scmae_11datasets_20260609_12,scmae_11datasets_20260609_12,,,Shekhar,louvain,louvain,louvain,3407,success,0,,,,,,,/data/luolie/biopipeline/dimension-reduction/plantnet/results/canonical/scmae_11datasets_20260609_12/Shekhar/louvain__seed3407__20260609_185939,/data/luolie/biopipeline/dimension-reduction/plantnet/results/canonical/scmae_11datasets_20260609_12/Shekhar/louvain__seed3407__20260609_185939,/data/luolie/biopipeline/dimension-reduction/plantnet/results/canonical/scmae_11datasets_20260609_12/Shekhar/louvain__seed3407__20260609_185939/metrics.json,,,/data/luolie/biopipeline/dimension-reduction/plantnet/results/canonical/scmae_11datasets_20260609_12/Shekhar/louvain__seed3407__20260609_185939/args.json,/data/luolie/biopipeline/dimension-reduction/plantnet/results/canonical/scmae_11datasets_20260609_12/Shekhar/louvain__seed3407__20260609_185939/status.json,7b93376950bb079d0917ef0e4d3a1514dfb85c4a,refactor/minimal-method-isolation-and-neighbormix-ablations,1,122.4,122.4,/data/luolie/conda/base/bin/python /home/luolie/biopipeline/dimension-reduction/plantnet/methods/Traditional/Louvain/run.py --data_path /home/luolie/biopipeline/dimension-reduction/plantnet/data/processed_scmae/Shekhar.h5ad --save_dir results/formal/scmae_11datasets/Shekhar/louvain__seed3407__20260609_185939 --n_clusters 18 --seed 3407,metrics.json:top_level,0.5001863585538576,0.307187940844063,0.2645232147819966,0.22140245956745963,0.22140245956745963,0.441113499669859,0.307187940844063,0.2771269135018151,0.34456414535559227,,,,,,,,,,,,,,,,,"{""markers"": [""args.json"", ""command.txt"", ""metrics.json"", ""run.log"", ""status.json""]}"
PB000375,true,,run_artifact,run,canonical/scmae_11datasets_20260609_12,scmae_11datasets_20260609_12,,,Shekhar,louvain,louvain,louvain,42,success,0,,,,,,,/data/luolie/biopipeline/dimension-reduction/plantnet/results/canonical/scmae_11datasets_20260609_12/Shekhar/louvain__seed42__20260609_185525,/data/luolie/biopipeline/dimension-reduction/plantnet/results/canonical/scmae_11datasets_20260609_12/Shekhar/louvain__seed42__20260609_185525,/data/luolie/biopipeline/dimension-reduction/plantnet/results/canonical/scmae_11datasets_20260609_12/Shekhar/louvain__seed42__20260609_185525/metrics.json,,,/data/luolie/biopipeline/dimension-reduction/plantnet/results/canonical/scmae_11datasets_20260609_12/Shekhar/louvain__seed42__20260609_185525/args.json,/data/luolie/biopipeline/dimension-reduction/plantnet/results/canonical/scmae_11datasets_20260609_12/Shekhar/louvain__seed42__20260609_185525/status.json,7b93376950bb079d0917ef0e4d3a1514dfb85c4a,refactor/minimal-method-isolation-and-neighbormix-ablations,1,127.4,127.4,/data/luolie/conda/base/bin/python /home/luolie/biopipeline/dimension-reduction/plantnet/methods/Traditional/Louvain/run.py --data_path /home/luolie/biopipeline/dimension-reduction/plantnet/data/processed_scmae/Shekhar.h5ad --save_dir results/formal/scmae_11datasets/Shekhar/louvain__seed42__20260609_185525 --n_clusters 18 --seed 42,metrics.json:top_level,0.2016772269847186,0.3013966697730368,0.2769198746940705,0.16461145257022775,0.16461145257022775,0.4956848017467317,0.30139666977303686,0.24736118296884488,0.3856385274021316,,,,,,,,,,,,,,,,,"{""markers"": [""args.json"", ""command.txt"", ""metrics.json"", ""run.log"", ""status.json""]}"
PB000376,true,,run_artifact,run,canonical/scmae_11datasets_20260609_12,scmae_11datasets_20260609_12,,,Shekhar,neighbormix_scmae,neighbormix_scmae,neighbormix_scmae,2024,success,0,,,,,,,/data/luolie/biopipeline/dimension-reduction/plantnet/results/canonical/scmae_11datasets_20260609_12/Shekhar/neighbormix_scmae__seed2024__20260609_190738,/data/luolie/biopipeline/dimension-reduction/plantnet/results/canonical/scmae_11datasets_20260609_12/Shekhar/neighbormix_scmae__seed2024__20260609_190738,/data/luolie/biopipeline/dimension-reduction/plantnet/results/canonical/scmae_11datasets_20260609_12/Shekhar/neighbormix_scmae__seed2024__20260609_190738/metrics.json,/data/luolie/biopipeline/dimension-reduction/plantnet/results/canonical/scmae_11datasets_20260609_12/Shekhar/neighbormix_scmae__seed2024__20260609_190738/summary.json,/data/luolie/biopipeline/dimension-reduction/plantnet/results/canonical/scmae_11datasets_20260609_12/Shekhar/neighbormix_scmae__seed2024__20260609_190738/eval_fixed.csv,/data/luolie/biopipeline/dimension-reduction/plantnet/results/canonical/scmae_11datasets_20260609_12/Shekhar/neighbormix_scmae__seed2024__20260609_190738/args.json,/data/luolie/biopipeline/dimension-reduction/plantnet/results/canonical/scmae_11datasets_20260609_12/Shekhar/neighbormix_scmae__seed2024__20260609_190738/status.json,7b93376950bb079d0917ef0e4d3a1514dfb85c4a,refactor/minimal-method-isolation-and-neighbormix-ablations,1,343.3,343.3,/data/luolie/conda/base/bin/python /home/luolie/biopipeline/dimension-reduction/plantnet/methods/DeepLearning/NeighborMix_scMAE/run.py --data_path /home/luolie/biopipeline/dimension-reduction/plantnet/data/processed_scmae/Shekhar.h5ad --save_dir results/formal/scmae_11datasets/Shekhar/neighbormix_scmae__seed2024__20260609_190738 --n_clusters 18 --seed 2024 --epochs 200 --gpu 1,eval_fixed.csv,0.7813641446142378,0.8803783667581399,0.6776371657764072,0.8097125038760917,0.8097125038760917,0.7491773593446863,0.8803783667581397,0.9284616590066986,0.8370301417289413,,18,,,,,,,,,,,,,,,"{""markers"": [""args.json"", ""command.txt"", ""eval_fixed.csv"", ""metrics.json"", ""run.log"", ""status.json"", ""summary.json""]}"
PB000377,true,,run_artifact,run,canonical/scmae_11datasets_20260609_12,scmae_11datasets_20260609_12,,,Shekhar,neighbormix_scmae,neighbormix_scmae,neighbormix_scmae,3407,success,0,,,,,,,/data/luolie/biopipeline/dimension-reduction/plantnet/results/canonical/scmae_11datasets_20260609_12/Shekhar/neighbormix_scmae__seed3407__20260609_191326,/data/luolie/biopipeline/dimension-reduction/plantnet/results/canonical/scmae_11datasets_20260609_12/Shekhar/neighbormix_scmae__seed3407__20260609_191326,/data/luolie/biopipeline/dimension-reduction/plantnet/results/canonical/scmae_11datasets_20260609_12/Shekhar/neighbormix_scmae__seed3407__20260609_191326/metrics.json,/data/luolie/biopipeline/dimension-reduction/plantnet/results/canonical/scmae_11datasets_20260609_12/Shekhar/neighbormix_scmae__seed3407__20260609_191326/summary.json,/data/luolie/biopipeline/dimension-reduction/plantnet/results/canonical/scmae_11datasets_20260609_12/Shekhar/neighbormix_scmae__seed3407__20260609_191326/eval_fixed.csv,/data/luolie/biopipeline/dimension-reduction/plantnet/results/canonical/scmae_11datasets_20260609_12/Shekhar/neighbormix_scmae__seed3407__20260609_191326/args.json,/data/luolie/biopipeline/dimension-reduction/plantnet/results/canonical/scmae_11datasets_20260609_12/Shekhar/neighbormix_scmae__seed3407__20260609_191326/status.json,7b93376950bb079d0917ef0e4d3a1514dfb85c4a,refactor/minimal-method-isolation-and-neighbormix-ablations,1,355.7,355.7,/data/luolie/conda/base/bin/python /home/luolie/biopipeline/dimension-reduction/plantnet/methods/DeepLearning/NeighborMix_scMAE/run.py --data_path /home/luolie/biopipeline/dimension-reduction/plantnet/data/processed_scmae/Shekhar.h5ad --save_dir results/formal/scmae_11datasets/Shekhar/neighbormix_scmae__seed3407__20260609_191326 --n_clusters 18 --seed 3407 --epochs 200 --gpu 1,eval_fixed.csv,0.749608647036899,0.8693540869438142,0.6676298729157598,0.8179182042925016,0.8179182042925016,0.7409186016763635,0.8693540869438142,0.919207591189521,0.8246300258204948,,18,,,,,,,,,,,,,,,"{""markers"": [""args.json"", ""command.txt"", ""eval_fixed.csv"", ""metrics.json"", ""run.log"", ""status.json"", ""summary.json""]}"
PB000378,true,,run_artifact,run,canonical/scmae_11datasets_20260609_12,scmae_11datasets_20260609_12,,,Shekhar,neighbormix_scmae,neighbormix_scmae,neighbormix_scmae,42,success,0,,,,,,,/data/luolie/biopipeline/dimension-reduction/plantnet/results/canonical/scmae_11datasets_20260609_12/Shekhar/neighbormix_scmae__seed42__20260609_190147,/data/luolie/biopipeline/dimension-reduction/plantnet/results/canonical/scmae_11datasets_20260609_12/Shekhar/neighbormix_scmae__seed42__20260609_190147,/data/luolie/biopipeline/dimension-reduction/plantnet/results/canonical/scmae_11datasets_20260609_12/Shekhar/neighbormix_scmae__seed42__20260609_190147/metrics.json,/data/luolie/biopipeline/dimension-reduction/plantnet/results/canonical/scmae_11datasets_20260609_12/Shekhar/neighbormix_scmae__seed42__20260609_190147/summary.json,/data/luolie/biopipeline/dimension-reduction/plantnet/results/canonical/scmae_11datasets_20260609_12/Shekhar/neighbormix_scmae__seed42__20260609_190147/eval_fixed.csv,/data/luolie/biopipeline/dimension-reduction/plantnet/results/canonical/scmae_11datasets_20260609_12/Shekhar/neighbormix_scmae__seed42__20260609_190147/args.json,/data/luolie/biopipeline/dimension-reduction/plantnet/results/canonical/scmae_11datasets_20260609_12/Shekhar/neighbormix_scmae__seed42__20260609_190147/status.json,7b93376950bb079d0917ef0e4d3a1514dfb85c4a,refactor/minimal-method-isolation-and-neighbormix-ablations,1,346.4,346.4,/data/luolie/conda/base/bin/python /home/luolie/biopipeline/dimension-reduction/plantnet/methods/DeepLearning/NeighborMix_scMAE/run.py --data_path /home/luolie/biopipeline/dimension-reduction/plantnet/data/processed_scmae/Shekhar.h5ad --save_dir results/formal/scmae_11datasets/Shekhar/neighbormix_scmae__seed42__20260609_190147 --n_clusters 18 --seed 42 --epochs 200 --gpu 1,eval_fixed.csv,0.7058516585911293,0.8529477122917348,0.6441470209151916,0.6788098468742907,0.6788098468742907,0.721808707318596,0.8529477122917347,0.9044551761469491,0.8069907139500894,,18,,,,,,,,,,,,,,,"{""markers"": [""args.json"", ""command.txt"", ""eval_fixed.csv"", ""metrics.json"", ""run.log"", ""status.json"", ""summary.json""]}"
PB000379,true,,run_artifact,run,canonical/scmae_11datasets_20260609_12,scmae_11datasets_20260609_12,,,Shekhar,nm_scmae_nomix,nm_scmae_nomix,nm_scmae_nomix,2024,success,0,,,,,,,/data/luolie/biopipeline/dimension-reduction/plantnet/results/canonical/scmae_11datasets_20260609_12/Shekhar/nm_scmae_nomix__seed2024__20260609_192150,/data/luolie/biopipeline/dimension-reduction/plantnet/results/canonical/scmae_11datasets_20260609_12/Shekhar/nm_scmae_nomix__seed2024__20260609_192150,/data/luolie/biopipeline/dimension-reduction/plantnet/results/canonical/scmae_11datasets_20260609_12/Shekhar/nm_scmae_nomix__seed2024__20260609_192150/metrics.json,/data/luolie/biopipeline/dimension-reduction/plantnet/results/canonical/scmae_11datasets_20260609_12/Shekhar/nm_scmae_nomix__seed2024__20260609_192150/summary.json,/data/luolie/biopipeline/dimension-reduction/plantnet/results/canonical/scmae_11datasets_20260609_12/Shekhar/nm_scmae_nomix__seed2024__20260609_192150/eval_fixed.csv,/data/luolie/biopipeline/dimension-reduction/plantnet/results/canonical/scmae_11datasets_20260609_12/Shekhar/nm_scmae_nomix__seed2024__20260609_192150/args.json,/data/luolie/biopipeline/dimension-reduction/plantnet/results/canonical/scmae_11datasets_20260609_12/Shekhar/nm_scmae_nomix__seed2024__20260609_192150/status.json,7b93376950bb079d0917ef0e4d3a1514dfb85c4a,refactor/minimal-method-isolation-and-neighbormix-ablations,1,155.3,155.3,/data/luolie/conda/base/bin/python /home/luolie/biopipeline/dimension-reduction/plantnet/methods/DeepLearning/NeighborMix_scMAE/run.py --data_path /home/luolie/biopipeline/dimension-reduction/plantnet/data/processed_scmae/Shekhar.h5ad --save_dir results/formal/scmae_11datasets/Shekhar/nm_scmae_nomix__seed2024__20260609_192150 --n_clusters 18 --seed 2024 --epochs 200 --gpu 1 --use_pseudo false --pseudo_weight 0 --neighbor_k 0 --mix_neighbors 0 --variant_name nm_scmae_nomix,eval_fixed.csv,0.6932538203503541,0.8469594127537479,0.5457841505027401,0.8227414204674763,0.8227414204674763,0.6475703564591617,0.8469594127537478,0.9195768896385432,0.7849715022664949,,18,,,,,,,,,,,,,,,"{""markers"": [""args.json"", ""command.txt"", ""eval_fixed.csv"", ""metrics.json"", ""run.log"", ""status.json"", ""summary.json""]}"
PB000380,true,,run_artifact,run,canonical/scmae_11datasets_20260609_12,scmae_11datasets_20260609_12,,,Shekhar,nm_scmae_nomix,nm_scmae_nomix,nm_scmae_nomix,3407,success,0,,,,,,,/data/luolie/biopipeline/dimension-reduction/plantnet/results/canonical/scmae_11datasets_20260609_12/Shekhar/nm_scmae_nomix__seed3407__20260609_192431,/data/luolie/biopipeline/dimension-reduction/plantnet/results/canonical/scmae_11datasets_20260609_12/Shekhar/nm_scmae_nomix__seed3407__20260609_192431,/data/luolie/biopipeline/dimension-reduction/plantnet/results/canonical/scmae_11datasets_20260609_12/Shekhar/nm_scmae_nomix__seed3407__20260609_192431/metrics.json,/data/luolie/biopipeline/dimension-reduction/plantnet/results/canonical/scmae_11datasets_20260609_12/Shekhar/nm_scmae_nomix__seed3407__20260609_192431/summary.json,/data/luolie/biopipeline/dimension-reduction/plantnet/results/canonical/scmae_11datasets_20260609_12/Shekhar/nm_scmae_nomix__seed3407__20260609_192431/eval_fixed.csv,/data/luolie/biopipeline/dimension-reduction/plantnet/results/canonical/scmae_11datasets_20260609_12/Shekhar/nm_scmae_nomix__seed3407__20260609_192431/args.json,/data/luolie/biopipeline/dimension-reduction/plantnet/results/canonical/scmae_11datasets_20260609_12/Shekhar/nm_scmae_nomix__seed3407__20260609_192431/status.json,7b93376950bb079d0917ef0e4d3a1514dfb85c4a,refactor/minimal-method-isolation-and-neighbormix-ablations,1,176.3,176.3,/data/luolie/conda/base/bin/python /home/luolie/biopipeline/dimension-reduction/plantnet/methods/DeepLearning/NeighborMix_scMAE/run.py --data_path /home/luolie/biopipeline/dimension-reduction/plantnet/data/processed_scmae/Shekhar.h5ad --save_dir results/formal/scmae_11datasets/Shekhar/nm_scmae_nomix__seed3407__20260609_192431 --n_clusters 18 --seed 3407 --epochs 200 --gpu 1 --use_pseudo false --pseudo_weight 0 --neighbor_k 0 --mix_neighbors 0 --variant_name nm_scmae_nomix,eval_fixed.csv,0.7600447260529258,0.871977364814263,0.6712571553816711,0.807630893969089,0.807630893969089,0.7450339205052972,0.8719773648142632,0.933571800660052,0.8180075335581191,,18,,,,,,,,,,,,,,,"{""markers"": [""args.json"", ""command.txt"", ""eval_fixed.csv"", ""metrics.json"", ""run.log"", ""status.json"", ""summary.json""]}"
PB000381,true,,run_artifact,run,canonical/scmae_11datasets_20260609_12,scmae_11datasets_20260609_12,,,Shekhar,nm_scmae_nomix,nm_scmae_nomix,nm_scmae_nomix,42,success,0,,,,,,,/data/luolie/biopipeline/dimension-reduction/plantnet/results/canonical/scmae_11datasets_20260609_12/Shekhar/nm_scmae_nomix__seed42__20260609_191927,/data/luolie/biopipeline/dimension-reduction/plantnet/results/canonical/scmae_11datasets_20260609_12/Shekhar/nm_scmae_nomix__seed42__20260609_191927,/data/luolie/biopipeline/dimension-reduction/plantnet/results/canonical/scmae_11datasets_20260609_12/Shekhar/nm_scmae_nomix__seed42__20260609_191927/metrics.json,/data/luolie/biopipeline/dimension-reduction/plantnet/results/canonical/scmae_11datasets_20260609_12/Shekhar/nm_scmae_nomix__seed42__20260609_191927/summary.json,/data/luolie/biopipeline/dimension-reduction/plantnet/results/canonical/scmae_11datasets_20260609_12/Shekhar/nm_scmae_nomix__seed42__20260609_191927/eval_fixed.csv,/data/luolie/biopipeline/dimension-reduction/plantnet/results/canonical/scmae_11datasets_20260609_12/Shekhar/nm_scmae_nomix__seed42__20260609_191927/args.json,/data/luolie/biopipeline/dimension-reduction/plantnet/results/canonical/scmae_11datasets_20260609_12/Shekhar/nm_scmae_nomix__seed42__20260609_191927/status.json,7b93376950bb079d0917ef0e4d3a1514dfb85c4a,refactor/minimal-method-isolation-and-neighbormix-ablations,1,137.5,137.5,/data/luolie/conda/base/bin/python /home/luolie/biopipeline/dimension-reduction/plantnet/methods/DeepLearning/NeighborMix_scMAE/run.py --data_path /home/luolie/biopipeline/dimension-reduction/plantnet/data/processed_scmae/Shekhar.h5ad --save_dir results/formal/scmae_11datasets/Shekhar/nm_scmae_nomix__seed42__20260609_191927 --n_clusters 18 --seed 42 --epochs 200 --gpu 1 --use_pseudo false --pseudo_weight 0 --neighbor_k 0 --mix_neighbors 0 --variant_name nm_scmae_nomix,eval_fixed.csv,0.7920983973164368,0.8770121885757312,0.6898955933749097,0.7512316940354303,0.7512316940354303,0.7576586385859723,0.8770121885757312,0.9176710575902703,0.8398033707046395,,18,,,,,,,,,,,,,,,"{""markers"": [""args.json"", ""command.txt"", ""eval_fixed.csv"", ""metrics.json"", ""run.log"", ""status.json"", ""summary.json""]}"
PB000382,true,,run_artifact,run,canonical/scmae_11datasets_20260609_12,scmae_11datasets_20260609_12,,,Shekhar,sc3,sc3,sc3,2024,success,0,,,,,,,/data/luolie/biopipeline/dimension-reduction/plantnet/results/canonical/scmae_11datasets_20260609_12/Shekhar/sc3__seed2024__20260609_192837,/data/luolie/biopipeline/dimension-reduction/plantnet/results/canonical/scmae_11datasets_20260609_12/Shekhar/sc3__seed2024__20260609_192837,/data/luolie/biopipeline/dimension-reduction/plantnet/results/canonical/scmae_11datasets_20260609_12/Shekhar/sc3__seed2024__20260609_192837/metrics.json,,,/data/luolie/biopipeline/dimension-reduction/plantnet/results/canonical/scmae_11datasets_20260609_12/Shekhar/sc3__seed2024__20260609_192837/args.json,/data/luolie/biopipeline/dimension-reduction/plantnet/results/canonical/scmae_11datasets_20260609_12/Shekhar/sc3__seed2024__20260609_192837/status.json,7b93376950bb079d0917ef0e4d3a1514dfb85c4a,refactor/minimal-method-isolation-and-neighbormix-ablations,1,61.8,61.8,/data/luolie/conda/base/bin/python /home/luolie/biopipeline/dimension-reduction/plantnet/methods/Traditional/sc3/run.py --data_path /home/luolie/biopipeline/dimension-reduction/plantnet/data/processed_scmae/Shekhar.h5ad --save_dir results/formal/scmae_11datasets/Shekhar/sc3__seed2024__20260609_192837 --n_clusters 18 --seed 2024,metrics.json:top_level,0.03369362653745807,0.7704265593031804,0.45254395516011187,0.1490249248907063,0.1490249248907063,0.569806457574158,0.7704265593031805,0.8572860254236169,0.6995488818420086,,,,,,,,,,,,,,,,,"{""markers"": [""args.json"", ""command.txt"", ""metrics.json"", ""run.log"", ""status.json""]}"
PB000383,true,,run_artifact,run,canonical/scmae_11datasets_20260609_12,scmae_11datasets_20260609_12,,,Shekhar,sc3,sc3,sc3,3407,success,0,,,,,,,/data/luolie/biopipeline/dimension-reduction/plantnet/results/canonical/scmae_11datasets_20260609_12/Shekhar/sc3__seed3407__20260609_192944,/data/luolie/biopipeline/dimension-reduction/plantnet/results/canonical/scmae_11datasets_20260609_12/Shekhar/sc3__seed3407__20260609_192944,/data/luolie/biopipeline/dimension-reduction/plantnet/results/canonical/scmae_11datasets_20260609_12/Shekhar/sc3__seed3407__20260609_192944/metrics.json,,,/data/luolie/biopipeline/dimension-reduction/plantnet/results/canonical/scmae_11datasets_20260609_12/Shekhar/sc3__seed3407__20260609_192944/args.json,/data/luolie/biopipeline/dimension-reduction/plantnet/results/canonical/scmae_11datasets_20260609_12/Shekhar/sc3__seed3407__20260609_192944/status.json,7b93376950bb079d0917ef0e4d3a1514dfb85c4a,refactor/minimal-method-isolation-and-neighbormix-ablations,1,59.4,59.4,/data/luolie/conda/base/bin/python /home/luolie/biopipeline/dimension-reduction/plantnet/methods/Traditional/sc3/run.py --data_path /home/luolie/biopipeline/dimension-reduction/plantnet/data/processed_scmae/Shekhar.h5ad --save_dir results/formal/scmae_11datasets/Shekhar/sc3__seed3407__20260609_192944 --n_clusters 18 --seed 3407,metrics.json:top_level,0.04424152068579948,0.7867541777513166,0.5024764271147014,0.009776411981117483,0.009776411981117483,0.6095710050201971,0.7867541777513164,0.8599128777480265,0.7250676852740875,,,,,,,,,,,,,,,,,"{""markers"": [""args.json"", ""command.txt"", ""metrics.json"", ""run.log"", ""status.json""]}"
PB000384,true,,run_artifact,run,canonical/scmae_11datasets_20260609_12,scmae_11datasets_20260609_12,,,Shekhar,sc3,sc3,sc3,42,success,0,,,,,,,/data/luolie/biopipeline/dimension-reduction/plantnet/results/canonical/scmae_11datasets_20260609_12/Shekhar/sc3__seed42__20260609_192732,/data/luolie/biopipeline/dimension-reduction/plantnet/results/canonical/scmae_11datasets_20260609_12/Shekhar/sc3__seed42__20260609_192732,/data/luolie/biopipeline/dimension-reduction/plantnet/results/canonical/scmae_11datasets_20260609_12/Shekhar/sc3__seed42__20260609_192732/metrics.json,,,/data/luolie/biopipeline/dimension-reduction/plantnet/results/canonical/scmae_11datasets_20260609_12/Shekhar/sc3__seed42__20260609_192732/args.json,/data/luolie/biopipeline/dimension-reduction/plantnet/results/canonical/scmae_11datasets_20260609_12/Shekhar/sc3__seed42__20260609_192732/status.json,7b93376950bb079d0917ef0e4d3a1514dfb85c4a,refactor/minimal-method-isolation-and-neighbormix-ablations,1,59.3,59.3,/data/luolie/conda/base/bin/python /home/luolie/biopipeline/dimension-reduction/plantnet/methods/Traditional/sc3/run.py --data_path /home/luolie/biopipeline/dimension-reduction/plantnet/data/processed_scmae/Shekhar.h5ad --save_dir results/formal/scmae_11datasets/Shekhar/sc3__seed42__20260609_192732 --n_clusters 18 --seed 42,metrics.json:top_level,0.00044726052925829295,0.7812651907999851,0.4621588267864476,0.06562294596869628,0.06562294596869628,0.580299816336085,0.781265190799985,0.8761319686603724,0.7049354204771656,,,,,,,,,,,,,,,,,"{""markers"": [""args.json"", ""command.txt"", ""metrics.json"", ""run.log"", ""status.json""]}"
PB000385,true,,run_artifact,run,canonical/scmae_11datasets_20260609_12,scmae_11datasets_20260609_12,,,Shekhar,scdcc,scdcc,scdcc,2024,success,0,,,,,,,/data/luolie/biopipeline/dimension-reduction/plantnet/results/canonical/scmae_11datasets_20260609_12/Shekhar/scdcc__seed2024__20260609_194308,/data/luolie/biopipeline/dimension-reduction/plantnet/results/canonical/scmae_11datasets_20260609_12/Shekhar/scdcc__seed2024__20260609_194308,/data/luolie/biopipeline/dimension-reduction/plantnet/results/canonical/scmae_11datasets_20260609_12/Shekhar/scdcc__seed2024__20260609_194308/metrics.json,,,/data/luolie/biopipeline/dimension-reduction/plantnet/results/canonical/scmae_11datasets_20260609_12/Shekhar/scdcc__seed2024__20260609_194308/args.json,/data/luolie/biopipeline/dimension-reduction/plantnet/results/canonical/scmae_11datasets_20260609_12/Shekhar/scdcc__seed2024__20260609_194308/status.json,7b93376950bb079d0917ef0e4d3a1514dfb85c4a,refactor/minimal-method-isolation-and-neighbormix-ablations,1,709.5,709.5,/data/luolie/conda/base/bin/python /home/luolie/biopipeline/dimension-reduction/plantnet/methods/DeepLearning/scDCC/run.py --data_path /home/luolie/biopipeline/dimension-reduction/plantnet/data/processed_scmae/Shekhar.h5ad --save_dir results/formal/scmae_11datasets/Shekhar/scdcc__seed2024__20260609_194308 --n_clusters 18 --seed 2024 --epochs 200 --pretrain_epochs 200 --gpu 1,metrics.json:top_level,0.8135296310100634,0.8873804504805979,0.7137274671493625,0.8254194943845763,0.8254194943845763,0.7779742808572166,0.887380450480598,0.9469346687290738,0.8348739104669762,,,,,,,,,,,,,,,,,"{""markers"": [""args.json"", ""command.txt"", ""metrics.json"", ""run.log"", ""run_config.json"", ""status.json""]}"
PB000386,true,,run_artifact,run,canonical/scmae_11datasets_20260609_12,scmae_11datasets_20260609_12,,,Shekhar,scdcc,scdcc,scdcc,3407,success,0,,,,,,,/data/luolie/biopipeline/dimension-reduction/plantnet/results/canonical/scmae_11datasets_20260609_12/Shekhar/scdcc__seed3407__20260609_195503,/data/luolie/biopipeline/dimension-reduction/plantnet/results/canonical/scmae_11datasets_20260609_12/Shekhar/scdcc__seed3407__20260609_195503,/data/luolie/biopipeline/dimension-reduction/plantnet/results/canonical/scmae_11datasets_20260609_12/Shekhar/scdcc__seed3407__20260609_195503/metrics.json,,,/data/luolie/biopipeline/dimension-reduction/plantnet/results/canonical/scmae_11datasets_20260609_12/Shekhar/scdcc__seed3407__20260609_195503/args.json,/data/luolie/biopipeline/dimension-reduction/plantnet/results/canonical/scmae_11datasets_20260609_12/Shekhar/scdcc__seed3407__20260609_195503/status.json,7b93376950bb079d0917ef0e4d3a1514dfb85c4a,refactor/minimal-method-isolation-and-neighbormix-ablations,1,718.0,718.0,/data/luolie/conda/base/bin/python /home/luolie/biopipeline/dimension-reduction/plantnet/methods/DeepLearning/scDCC/run.py --data_path /home/luolie/biopipeline/dimension-reduction/plantnet/data/processed_scmae/Shekhar.h5ad --save_dir results/formal/scmae_11datasets/Shekhar/scdcc__seed3407__20260609_195503 --n_clusters 18 --seed 3407 --epochs 200 --pretrain_epochs 200 --gpu 1,metrics.json:top_level,0.8408125232948193,0.8838430396324145,0.7152806210539363,0.8159695605234133,0.8159695605234133,0.779786916900966,0.8838430396324145,0.9423812621036342,0.8321519682915289,,,,,,,,,,,,,,,,,"{""markers"": [""args.json"", ""command.txt"", ""metrics.json"", ""run.log"", ""run_config.json"", ""status.json""]}"
PB000387,true,,run_artifact,run,canonical/scmae_11datasets_20260609_12,scmae_11datasets_20260609_12,,,Shekhar,scdcc,scdcc,scdcc,42,success,0,,,,,,,/data/luolie/biopipeline/dimension-reduction/plantnet/results/canonical/scmae_11datasets_20260609_12/Shekhar/scdcc__seed42__20260609_193049,/data/luolie/biopipeline/dimension-reduction/plantnet/results/canonical/scmae_11datasets_20260609_12/Shekhar/scdcc__seed42__20260609_193049,/data/luolie/biopipeline/dimension-reduction/plantnet/results/canonical/scmae_11datasets_20260609_12/Shekhar/scdcc__seed42__20260609_193049/metrics.json,,,/data/luolie/biopipeline/dimension-reduction/plantnet/results/canonical/scmae_11datasets_20260609_12/Shekhar/scdcc__seed42__20260609_193049/args.json,/data/luolie/biopipeline/dimension-reduction/plantnet/results/canonical/scmae_11datasets_20260609_12/Shekhar/scdcc__seed42__20260609_193049/status.json,7b93376950bb079d0917ef0e4d3a1514dfb85c4a,refactor/minimal-method-isolation-and-neighbormix-ablations,1,733.8,733.8,/data/luolie/conda/base/bin/python /home/luolie/biopipeline/dimension-reduction/plantnet/methods/DeepLearning/scDCC/run.py --data_path /home/luolie/biopipeline/dimension-reduction/plantnet/data/processed_scmae/Shekhar.h5ad --save_dir results/formal/scmae_11datasets/Shekhar/scdcc__seed42__20260609_193049 --n_clusters 18 --seed 42 --epochs 200 --pretrain_epochs 200 --gpu 1,metrics.json:top_level,0.7796869176295192,0.8780786964656505,0.6902717452359541,0.8083767860437938,0.8083767860437938,0.7609724751869831,0.8780786964656506,0.943496556269344,0.8211442051481616,,,,,,,,,,,,,,,,,"{""markers"": [""args.json"", ""command.txt"", ""metrics.json"", ""run.log"", ""run_config.json"", ""status.json""]}"
PB000388,true,,run_artifact,run,canonical/scmae_11datasets_20260609_12,scmae_11datasets_20260609_12,,,Shekhar,scmae,scmae,scmae,2024,success,0,,,,,,,/data/luolie/biopipeline/dimension-reduction/plantnet/results/canonical/scmae_11datasets_20260609_12/Shekhar/scmae__seed2024__20260609_200944,/data/luolie/biopipeline/dimension-reduction/plantnet/results/canonical/scmae_11datasets_20260609_12/Shekhar/scmae__seed2024__20260609_200944,/data/luolie/biopipeline/dimension-reduction/plantnet/results/canonical/scmae_11datasets_20260609_12/Shekhar/scmae__seed2024__20260609_200944/metrics.json,/data/luolie/biopipeline/dimension-reduction/plantnet/results/canonical/scmae_11datasets_20260609_12/Shekhar/scmae__seed2024__20260609_200944/summary.json,/data/luolie/biopipeline/dimension-reduction/plantnet/results/canonical/scmae_11datasets_20260609_12/Shekhar/scmae__seed2024__20260609_200944/eval_fixed.csv,/data/luolie/biopipeline/dimension-reduction/plantnet/results/canonical/scmae_11datasets_20260609_12/Shekhar/scmae__seed2024__20260609_200944/args.json,/data/luolie/biopipeline/dimension-reduction/plantnet/results/canonical/scmae_11datasets_20260609_12/Shekhar/scmae__seed2024__20260609_200944/status.json,7b93376950bb079d0917ef0e4d3a1514dfb85c4a,refactor/minimal-method-isolation-and-neighbormix-ablations,1,160.7,160.7,/data/luolie/conda/base/bin/python /home/luolie/biopipeline/dimension-reduction/plantnet/methods/DeepLearning/scMAE/run.py --data_path /home/luolie/biopipeline/dimension-reduction/plantnet/data/processed_scmae/Shekhar.h5ad --save_dir results/formal/scmae_11datasets/Shekhar/scmae__seed2024__20260609_200944 --n_clusters 18 --seed 2024 --epochs 200 --gpu 1,eval_fixed.csv,0.6932538203503541,0.8469594127537479,0.5457841505027401,0.8227414204674763,0.8227414204674763,0.6475703564591617,0.8469594127537478,0.9195768896385432,0.7849715022664949,,18,,,,,,,,,,,,,,,"{""markers"": [""args.json"", ""command.txt"", ""eval_fixed.csv"", ""metrics.json"", ""run.log"", ""status.json"", ""summary.json""]}"
PB000389,true,,run_artifact,run,canonical/scmae_11datasets_20260609_12,scmae_11datasets_20260609_12,,,Shekhar,scmae,scmae,scmae,3407,success,0,,,,,,,/data/luolie/biopipeline/dimension-reduction/plantnet/results/canonical/scmae_11datasets_20260609_12/Shekhar/scmae__seed3407__20260609_201230,/data/luolie/biopipeline/dimension-reduction/plantnet/results/canonical/scmae_11datasets_20260609_12/Shekhar/scmae__seed3407__20260609_201230,/data/luolie/biopipeline/dimension-reduction/plantnet/results/canonical/scmae_11datasets_20260609_12/Shekhar/scmae__seed3407__20260609_201230/metrics.json,/data/luolie/biopipeline/dimension-reduction/plantnet/results/canonical/scmae_11datasets_20260609_12/Shekhar/scmae__seed3407__20260609_201230/summary.json,/data/luolie/biopipeline/dimension-reduction/plantnet/results/canonical/scmae_11datasets_20260609_12/Shekhar/scmae__seed3407__20260609_201230/eval_fixed.csv,/data/luolie/biopipeline/dimension-reduction/plantnet/results/canonical/scmae_11datasets_20260609_12/Shekhar/scmae__seed3407__20260609_201230/args.json,/data/luolie/biopipeline/dimension-reduction/plantnet/results/canonical/scmae_11datasets_20260609_12/Shekhar/scmae__seed3407__20260609_201230/status.json,7b93376950bb079d0917ef0e4d3a1514dfb85c4a,refactor/minimal-method-isolation-and-neighbormix-ablations,1,155.5,155.5,/data/luolie/conda/base/bin/python /home/luolie/biopipeline/dimension-reduction/plantnet/methods/DeepLearning/scMAE/run.py --data_path /home/luolie/biopipeline/dimension-reduction/plantnet/data/processed_scmae/Shekhar.h5ad --save_dir results/formal/scmae_11datasets/Shekhar/scmae__seed3407__20260609_201230 --n_clusters 18 --seed 3407 --epochs 200 --gpu 1,eval_fixed.csv,0.7600447260529258,0.871977364814263,0.6712571553816711,0.807630893969089,0.807630893969089,0.7450339205052972,0.8719773648142632,0.933571800660052,0.8180075335581191,,18,,,,,,,,,,,,,,,"{""markers"": [""args.json"", ""command.txt"", ""eval_fixed.csv"", ""metrics.json"", ""run.log"", ""status.json"", ""summary.json""]}"
PB000390,true,,run_artifact,run,canonical/scmae_11datasets_20260609_12,scmae_11datasets_20260609_12,,,Shekhar,scmae,scmae,scmae,42,success,0,,,,,,,/data/luolie/biopipeline/dimension-reduction/plantnet/results/canonical/scmae_11datasets_20260609_12/Shekhar/scmae__seed42__20260609_200707,/data/luolie/biopipeline/dimension-reduction/plantnet/results/canonical/scmae_11datasets_20260609_12/Shekhar/scmae__seed42__20260609_200707,/data/luolie/biopipeline/dimension-reduction/plantnet/results/canonical/scmae_11datasets_20260609_12/Shekhar/scmae__seed42__20260609_200707/metrics.json,/data/luolie/biopipeline/dimension-reduction/plantnet/results/canonical/scmae_11datasets_20260609_12/Shekhar/scmae__seed42__20260609_200707/summary.json,/data/luolie/biopipeline/dimension-reduction/plantnet/results/canonical/scmae_11datasets_20260609_12/Shekhar/scmae__seed42__20260609_200707/eval_fixed.csv,/data/luolie/biopipeline/dimension-reduction/plantnet/results/canonical/scmae_11datasets_20260609_12/Shekhar/scmae__seed42__20260609_200707/args.json,/data/luolie/biopipeline/dimension-reduction/plantnet/results/canonical/scmae_11datasets_20260609_12/Shekhar/scmae__seed42__20260609_200707/status.json,7b93376950bb079d0917ef0e4d3a1514dfb85c4a,refactor/minimal-method-isolation-and-neighbormix-ablations,1,151.4,151.4,/data/luolie/conda/base/bin/python /home/luolie/biopipeline/dimension-reduction/plantnet/methods/DeepLearning/scMAE/run.py --data_path /home/luolie/biopipeline/dimension-reduction/plantnet/data/processed_scmae/Shekhar.h5ad --save_dir results/formal/scmae_11datasets/Shekhar/scmae__seed42__20260609_200707 --n_clusters 18 --seed 42 --epochs 200 --gpu 1,eval_fixed.csv,0.7920983973164368,0.8770121885757312,0.6898955933749097,0.7512316940354303,0.7512316940354303,0.7576586385859723,0.8770121885757312,0.9176710575902703,0.8398033707046395,,18,,,,,,,,,,,,,,,"{""markers"": [""args.json"", ""command.txt"", ""eval_fixed.csv"", ""metrics.json"", ""run.log"", ""status.json"", ""summary.json""]}"
PB000391,true,,run_artifact,run,canonical/scmae_11datasets_20260609_12,scmae_11datasets_20260609_12,,,Shekhar,scname,scname,scname,2024,success,0,,,,,,,/data/luolie/biopipeline/dimension-reduction/plantnet/results/canonical/scmae_11datasets_20260609_12/Shekhar/scname__seed2024__20260610_092012,/data/luolie/biopipeline/dimension-reduction/plantnet/results/canonical/scmae_11datasets_20260609_12/Shekhar/scname__seed2024__20260610_092012,/data/luolie/biopipeline/dimension-reduction/plantnet/results/canonical/scmae_11datasets_20260609_12/Shekhar/scname__seed2024__20260610_092012/metrics.json,,,/data/luolie/biopipeline/dimension-reduction/plantnet/results/canonical/scmae_11datasets_20260609_12/Shekhar/scname__seed2024__20260610_092012/args.json,/data/luolie/biopipeline/dimension-reduction/plantnet/results/canonical/scmae_11datasets_20260609_12/Shekhar/scname__seed2024__20260610_092012/status.json,cc4a3f022b1612f7b3af795f49894bec9489fe5c,refactor/minimal-method-isolation-and-neighbormix-ablations,5,9024.6,9024.6,/data/luolie/conda/envs/scssl_bench_py310/bin/python /home/luolie/biopipeline/dimension-reduction/plantnet/methods/DeepLearning/scNAME/run.py --data_path /home/luolie/biopipeline/dimension-reduction/plantnet/data/processed_scmae/Shekhar.h5ad --save_dir /home/luolie/biopipeline/dimension-reduction/plantnet/results/formal/scmae_11datasets/Shekhar/scname__seed2024__20260610_092012 --n_clusters 18 --seed 2024 --epochs 200 --gpu 5,metrics.json:top_level,0.8604919865821842,0.8723968307501878,0.9266247720969875,0.4887718093057323,0.4887718093057323,0.9417619052736829,0.8723968307501878,0.8314548979276931,0.9175796601480315,,,,,,,,,,,,,,,,,"{""markers"": [""args.json"", ""command.txt"", ""metrics.json"", ""run.log"", ""status.json""]}"
PB000392,true,,run_artifact,run,canonical/scmae_11datasets_20260609_12,scmae_11datasets_20260609_12,,,Shekhar,scname,scname,scname,3407,success,0,,,,,,,/data/luolie/biopipeline/dimension-reduction/plantnet/results/canonical/scmae_11datasets_20260609_12/Shekhar/scname__seed3407__20260610_164543,/data/luolie/biopipeline/dimension-reduction/plantnet/results/canonical/scmae_11datasets_20260609_12/Shekhar/scname__seed3407__20260610_164543,/data/luolie/biopipeline/dimension-reduction/plantnet/results/canonical/scmae_11datasets_20260609_12/Shekhar/scname__seed3407__20260610_164543/metrics.json,,,/data/luolie/biopipeline/dimension-reduction/plantnet/results/canonical/scmae_11datasets_20260609_12/Shekhar/scname__seed3407__20260610_164543/args.json,/data/luolie/biopipeline/dimension-reduction/plantnet/results/canonical/scmae_11datasets_20260609_12/Shekhar/scname__seed3407__20260610_164543/status.json,cc4a3f022b1612f7b3af795f49894bec9489fe5c,refactor/minimal-method-isolation-and-neighbormix-ablations,6,7815.4,7815.4,/data/luolie/conda/envs/scssl_bench_py310/bin/python /home/luolie/biopipeline/dimension-reduction/plantnet/methods/DeepLearning/scNAME/run.py --data_path /home/luolie/biopipeline/dimension-reduction/plantnet/data/processed_scmae/Shekhar.h5ad --save_dir /home/luolie/biopipeline/dimension-reduction/plantnet/results/formal/scmae_11datasets/Shekhar/scname__seed3407__20260610_164543 --n_clusters 18 --seed 3407 --epochs 200 --gpu 6,metrics.json:top_level,0.8383525903838986,0.8415817287485577,0.8756676299770314,0.4888402434025872,0.4888402434025872,0.9002489739587066,0.8415817287485579,0.8169903334397023,0.8676994681604556,,,,,,,,,,,,,,,,,"{""markers"": [""args.json"", ""command.txt"", ""metrics.json"", ""run.log"", ""status.json""]}"
PB000393,true,,run_artifact,run,canonical/scmae_11datasets_20260609_12,scmae_11datasets_20260609_12,,,Shekhar,scname,scname,scname,42,success,0,,,,,,,/data/luolie/biopipeline/dimension-reduction/plantnet/results/canonical/scmae_11datasets_20260609_12/Shekhar/scname__seed42__20260610_064025,/data/luolie/biopipeline/dimension-reduction/plantnet/results/canonical/scmae_11datasets_20260609_12/Shekhar/scname__seed42__20260610_064025,/data/luolie/biopipeline/dimension-reduction/plantnet/results/canonical/scmae_11datasets_20260609_12/Shekhar/scname__seed42__20260610_064025/metrics.json,,,/data/luolie/biopipeline/dimension-reduction/plantnet/results/canonical/scmae_11datasets_20260609_12/Shekhar/scname__seed42__20260610_064025/args.json,/data/luolie/biopipeline/dimension-reduction/plantnet/results/canonical/scmae_11datasets_20260609_12/Shekhar/scname__seed42__20260610_064025/status.json,cc4a3f022b1612f7b3af795f49894bec9489fe5c,refactor/minimal-method-isolation-and-neighbormix-ablations,5,9565.1,9565.1,/data/luolie/conda/envs/scssl_bench_py310/bin/python /home/luolie/biopipeline/dimension-reduction/plantnet/methods/DeepLearning/scNAME/run.py --data_path /home/luolie/biopipeline/dimension-reduction/plantnet/data/processed_scmae/Shekhar.h5ad --save_dir /home/luolie/biopipeline/dimension-reduction/plantnet/results/formal/scmae_11datasets/Shekhar/scname__seed42__20260610_064025 --n_clusters 18 --seed 42 --epochs 200 --gpu 5,metrics.json:top_level,0.8849795005590757,0.8765722584496807,0.9385691586440708,0.5998446744818076,0.5998446744818076,0.9511025615285423,0.8765722584496807,0.8506200249818084,0.9041579215940883,,,,,,,,,,,,,,,,,"{""markers"": [""args.json"", ""command.txt"", ""metrics.json"", ""run.log"", ""status.json""]}"
PB000394,true,,run_artifact,run,canonical/scmae_11datasets_20260609_12,scmae_11datasets_20260609_12,,,Shekhar,sczidesk,sczidesk,sczidesk,2024,success,0,,,,,,,/data/luolie/biopipeline/dimension-reduction/plantnet/results/canonical/scmae_11datasets_20260609_12/Shekhar/sczidesk__seed2024__20260610_054112,/data/luolie/biopipeline/dimension-reduction/plantnet/results/canonical/scmae_11datasets_20260609_12/Shekhar/sczidesk__seed2024__20260610_054112,/data/luolie/biopipeline/dimension-reduction/plantnet/results/canonical/scmae_11datasets_20260609_12/Shekhar/sczidesk__seed2024__20260610_054112/metrics.json,,,/data/luolie/biopipeline/dimension-reduction/plantnet/results/canonical/scmae_11datasets_20260609_12/Shekhar/sczidesk__seed2024__20260610_054112/args.json,/data/luolie/biopipeline/dimension-reduction/plantnet/results/canonical/scmae_11datasets_20260609_12/Shekhar/sczidesk__seed2024__20260610_054112/status.json,cc4a3f022b1612f7b3af795f49894bec9489fe5c,refactor/minimal-method-isolation-and-neighbormix-ablations,6,4305.2,4305.2,/data/luolie/conda/envs/scssl_bench_py310/bin/python /home/luolie/biopipeline/dimension-reduction/plantnet/methods/DeepLearning/scziDesk/run.py --data_path /home/luolie/biopipeline/dimension-reduction/plantnet/data/processed_scmae/Shekhar.h5ad --save_dir /home/luolie/biopipeline/dimension-reduction/plantnet/results/formal/scmae_11datasets/Shekhar/sczidesk__seed2024__20260610_054112 --n_clusters 18 --seed 2024 --epochs 200 --gpu 6,metrics.json:top_level,0.7613119642191577,0.8223712550566595,0.7425120233431823,0.5260818959720125,0.5260818959720125,0.7945849868689083,0.8223712550566596,0.831599146598041,0.813345911669505,,,,,,,,,,,,,,,,,"{""markers"": [""args.json"", ""command.txt"", ""metrics.json"", ""run.log"", ""status.json""]}"
PB000395,true,,run_artifact,run,canonical/scmae_11datasets_20260609_12,scmae_11datasets_20260609_12,,,Shekhar,sczidesk,sczidesk,sczidesk,3407,success,0,,,,,,,/data/luolie/biopipeline/dimension-reduction/plantnet/results/canonical/scmae_11datasets_20260609_12/Shekhar/sczidesk__seed3407__20260610_065314,/data/luolie/biopipeline/dimension-reduction/plantnet/results/canonical/scmae_11datasets_20260609_12/Shekhar/sczidesk__seed3407__20260610_065314,/data/luolie/biopipeline/dimension-reduction/plantnet/results/canonical/scmae_11datasets_20260609_12/Shekhar/sczidesk__seed3407__20260610_065314/metrics.json,,,/data/luolie/biopipeline/dimension-reduction/plantnet/results/canonical/scmae_11datasets_20260609_12/Shekhar/sczidesk__seed3407__20260610_065314/args.json,/data/luolie/biopipeline/dimension-reduction/plantnet/results/canonical/scmae_11datasets_20260609_12/Shekhar/sczidesk__seed3407__20260610_065314/status.json,cc4a3f022b1612f7b3af795f49894bec9489fe5c,refactor/minimal-method-isolation-and-neighbormix-ablations,6,4712.8,4712.8,/data/luolie/conda/envs/scssl_bench_py310/bin/python /home/luolie/biopipeline/dimension-reduction/plantnet/methods/DeepLearning/scziDesk/run.py --data_path /home/luolie/biopipeline/dimension-reduction/plantnet/data/processed_scmae/Shekhar.h5ad --save_dir /home/luolie/biopipeline/dimension-reduction/plantnet/results/formal/scmae_11datasets/Shekhar/sczidesk__seed3407__20260610_065314 --n_clusters 18 --seed 3407 --epochs 200 --gpu 6,metrics.json:top_level,0.6294446515095042,0.773824639200334,0.6097946842919488,0.48408090885922156,0.48408090885922156,0.692466934835101,0.7738246392003341,0.8190963523118846,0.733295183675661,,,,,,,,,,,,,,,,,"{""markers"": [""args.json"", ""command.txt"", ""metrics.json"", ""run.log"", ""status.json""]}"
PB000396,true,,run_artifact,run,canonical/scmae_11datasets_20260609_12,scmae_11datasets_20260609_12,,,Shekhar,sczidesk,sczidesk,sczidesk,42,success,0,,,,,,,/data/luolie/biopipeline/dimension-reduction/plantnet/results/canonical/scmae_11datasets_20260609_12/Shekhar/sczidesk__seed42__20260610_043551,/data/luolie/biopipeline/dimension-reduction/plantnet/results/canonical/scmae_11datasets_20260609_12/Shekhar/sczidesk__seed42__20260610_043551,/data/luolie/biopipeline/dimension-reduction/plantnet/results/canonical/scmae_11datasets_20260609_12/Shekhar/sczidesk__seed42__20260610_043551/metrics.json,,,/data/luolie/biopipeline/dimension-reduction/plantnet/results/canonical/scmae_11datasets_20260609_12/Shekhar/sczidesk__seed42__20260610_043551/args.json,/data/luolie/biopipeline/dimension-reduction/plantnet/results/canonical/scmae_11datasets_20260609_12/Shekhar/sczidesk__seed42__20260610_043551/status.json,cc4a3f022b1612f7b3af795f49894bec9489fe5c,refactor/minimal-method-isolation-and-neighbormix-ablations,6,3904.5,3904.5,/data/luolie/conda/envs/scssl_bench_py310/bin/python /home/luolie/biopipeline/dimension-reduction/plantnet/methods/DeepLearning/scziDesk/run.py --data_path /home/luolie/biopipeline/dimension-reduction/plantnet/data/processed_scmae/Shekhar.h5ad --save_dir /home/luolie/biopipeline/dimension-reduction/plantnet/results/formal/scmae_11datasets/Shekhar/sczidesk__seed42__20260610_043551 --n_clusters 18 --seed 42 --epochs 200 --gpu 6,metrics.json:top_level,0.7464778233320909,0.7827775147982307,0.846313805876486,0.4909796671312577,0.4909796671312577,0.876670582667348,0.7827775147982307,0.7970281564493731,0.7690275167925152,,,,,,,,,,,,,,,,,"{""markers"": [""args.json"", ""command.txt"", ""metrics.json"", ""run.log"", ""status.json""]}"
PB000397,true,,run_artifact,run,canonical/scmae_11datasets_20260609_12,scmae_11datasets_20260609_12,,,Tosches,attentionae_sc,attentionae_sc,attentionae_sc,2024,success,0,,,,,,,/data/luolie/biopipeline/dimension-reduction/plantnet/results/canonical/scmae_11datasets_20260609_12/Tosches/attentionae_sc__seed2024__20260610_122905,/data/luolie/biopipeline/dimension-reduction/plantnet/results/canonical/scmae_11datasets_20260609_12/Tosches/attentionae_sc__seed2024__20260610_122905,/data/luolie/biopipeline/dimension-reduction/plantnet/results/canonical/scmae_11datasets_20260609_12/Tosches/attentionae_sc__seed2024__20260610_122905/metrics.json,,,/data/luolie/biopipeline/dimension-reduction/plantnet/results/canonical/scmae_11datasets_20260609_12/Tosches/attentionae_sc__seed2024__20260610_122905/args.json,/data/luolie/biopipeline/dimension-reduction/plantnet/results/canonical/scmae_11datasets_20260609_12/Tosches/attentionae_sc__seed2024__20260610_122905/status.json,cc4a3f022b1612f7b3af795f49894bec9489fe5c,refactor/minimal-method-isolation-and-neighbormix-ablations,5,956.8,956.8,/data/luolie/conda/envs/scclubench-main/bin/python /home/luolie/biopipeline/dimension-reduction/plantnet/methods/GNN/AttentionAE_sc/run.py --data_path /home/luolie/biopipeline/dimension-reduction/plantnet/data/processed_scmae/Tosches.h5ad --save_dir /home/luolie/biopipeline/dimension-reduction/plantnet/results/formal/scmae_11datasets/Tosches/attentionae_sc__seed2024__20260610_122905 --n_clusters 15 --seed 2024 --epochs 200 --gpu 5,metrics.json:top_level,0.37408915559365624,0.22947635149752887,0.024029214914619318,0.07431716388493233,0.07431716388493233,0.35666092389481674,0.2294763514975289,0.14436280079259037,0.5591268880000966,,,,,,,,,,,,,,,,,"{""markers"": [""args.json"", ""command.txt"", ""metrics.json"", ""run.log"", ""status.json""]}"
PB000398,true,,run_artifact,run,canonical/scmae_11datasets_20260609_12,scmae_11datasets_20260609_12,,,Tosches,attentionae_sc,attentionae_sc,attentionae_sc,3407,success,0,,,,,,,/data/luolie/biopipeline/dimension-reduction/plantnet/results/canonical/scmae_11datasets_20260609_12/Tosches/attentionae_sc__seed3407__20260610_124513,/data/luolie/biopipeline/dimension-reduction/plantnet/results/canonical/scmae_11datasets_20260609_12/Tosches/attentionae_sc__seed3407__20260610_124513,/data/luolie/biopipeline/dimension-reduction/plantnet/results/canonical/scmae_11datasets_20260609_12/Tosches/attentionae_sc__seed3407__20260610_124513/metrics.json,,,/data/luolie/biopipeline/dimension-reduction/plantnet/results/canonical/scmae_11datasets_20260609_12/Tosches/attentionae_sc__seed3407__20260610_124513/args.json,/data/luolie/biopipeline/dimension-reduction/plantnet/results/canonical/scmae_11datasets_20260609_12/Tosches/attentionae_sc__seed3407__20260610_124513/status.json,cc4a3f022b1612f7b3af795f49894bec9489fe5c,refactor/minimal-method-isolation-and-neighbormix-ablations,5,922.0,922.0,/data/luolie/conda/envs/scclubench-main/bin/python /home/luolie/biopipeline/dimension-reduction/plantnet/methods/GNN/AttentionAE_sc/run.py --data_path /home/luolie/biopipeline/dimension-reduction/plantnet/data/processed_scmae/Tosches.h5ad --save_dir /home/luolie/biopipeline/dimension-reduction/plantnet/results/formal/scmae_11datasets/Tosches/attentionae_sc__seed3407__20260610_124513 --n_clusters 15 --seed 3407 --epochs 200 --gpu 5,metrics.json:top_level,0.3490141448778397,0.0,0.0,0.034495723780019596,0.034495723780019596,0.4181979864066099,0.0,0.0,1.0,,,,,,,,,,,,,,,,,"{""markers"": [""args.json"", ""command.txt"", ""metrics.json"", ""run.log"", ""status.json""]}"
PB000399,true,,run_artifact,run,canonical/scmae_11datasets_20260609_12,scmae_11datasets_20260609_12,,,Tosches,attentionae_sc,attentionae_sc,attentionae_sc,42,success,0,,,,,,,/data/luolie/biopipeline/dimension-reduction/plantnet/results/canonical/scmae_11datasets_20260609_12/Tosches/attentionae_sc__seed42__20260610_121812,/data/luolie/biopipeline/dimension-reduction/plantnet/results/canonical/scmae_11datasets_20260609_12/Tosches/attentionae_sc__seed42__20260610_121812,/data/luolie/biopipeline/dimension-reduction/plantnet/results/canonical/scmae_11datasets_20260609_12/Tosches/attentionae_sc__seed42__20260610_121812/metrics.json,,,/data/luolie/biopipeline/dimension-reduction/plantnet/results/canonical/scmae_11datasets_20260609_12/Tosches/attentionae_sc__seed42__20260610_121812/args.json,/data/luolie/biopipeline/dimension-reduction/plantnet/results/canonical/scmae_11datasets_20260609_12/Tosches/attentionae_sc__seed42__20260610_121812/status.json,cc4a3f022b1612f7b3af795f49894bec9489fe5c,refactor/minimal-method-isolation-and-neighbormix-ablations,5,645.0,645.0,/data/luolie/conda/envs/scclubench-main/bin/python /home/luolie/biopipeline/dimension-reduction/plantnet/methods/GNN/AttentionAE_sc/run.py --data_path /home/luolie/biopipeline/dimension-reduction/plantnet/data/processed_scmae/Tosches.h5ad --save_dir /home/luolie/biopipeline/dimension-reduction/plantnet/results/formal/scmae_11datasets/Tosches/attentionae_sc__seed42__20260610_121812 --n_clusters 15 --seed 42 --epochs 200 --gpu 5,metrics.json:top_level,0.3490141448778397,0.0,0.0,0.034495723780019596,0.034495723780019596,0.4181979864066099,0.0,0.0,1.0,,,,,,,,,,,,,,,,,"{""markers"": [""args.json"", ""command.txt"", ""metrics.json"", ""run.log"", ""status.json""]}"
PB000400,true,,run_artifact,run,canonical/scmae_11datasets_20260609_12,scmae_11datasets_20260609_12,,,Tosches,dec,dec,dec,2024,success,0,,,,,,,/data/luolie/biopipeline/dimension-reduction/plantnet/results/canonical/scmae_11datasets_20260609_12/Tosches/dec__seed2024__20260610_015047,/data/luolie/biopipeline/dimension-reduction/plantnet/results/canonical/scmae_11datasets_20260609_12/Tosches/dec__seed2024__20260610_015047,/data/luolie/biopipeline/dimension-reduction/plantnet/results/canonical/scmae_11datasets_20260609_12/Tosches/dec__seed2024__20260610_015047/metrics.json,,,/data/luolie/biopipeline/dimension-reduction/plantnet/results/canonical/scmae_11datasets_20260609_12/Tosches/dec__seed2024__20260610_015047/args.json,/data/luolie/biopipeline/dimension-reduction/plantnet/results/canonical/scmae_11datasets_20260609_12/Tosches/dec__seed2024__20260610_015047/status.json,cc4a3f022b1612f7b3af795f49894bec9489fe5c,refactor/minimal-method-isolation-and-neighbormix-ablations,5,107.1,107.1,/data/luolie/conda/base/bin/python /home/luolie/biopipeline/dimension-reduction/plantnet/methods/DeepLearning/dec/run.py --data_path /home/luolie/biopipeline/dimension-reduction/plantnet/data/processed_scmae/Tosches.h5ad --save_dir /home/luolie/biopipeline/dimension-reduction/plantnet/results/formal/scmae_11datasets/Tosches/dec__seed2024__20260610_015047 --n_clusters 15 --seed 2024 --epochs 200 --pretrain_epochs 200 --gpu 5,metrics.json:top_level,0.4547792541791685,0.5902576267020124,0.3120047046500181,0.33749701113243835,0.33749701113243835,0.44747478866197987,0.5902576267020125,0.559330254262593,0.6248053517129634,,,,,,,,,,,,,,,,,"{""markers"": [""args.json"", ""command.txt"", ""metrics.json"", ""run.log"", ""run_config.json"", ""status.json""]}"
PB000401,true,,run_artifact,run,canonical/scmae_11datasets_20260609_12,scmae_11datasets_20260609_12,,,Tosches,dec,dec,dec,3407,success,0,,,,,,,/data/luolie/biopipeline/dimension-reduction/plantnet/results/canonical/scmae_11datasets_20260609_12/Tosches/dec__seed3407__20260610_015240,/data/luolie/biopipeline/dimension-reduction/plantnet/results/canonical/scmae_11datasets_20260609_12/Tosches/dec__seed3407__20260610_015240,/data/luolie/biopipeline/dimension-reduction/plantnet/results/canonical/scmae_11datasets_20260609_12/Tosches/dec__seed3407__20260610_015240/metrics.json,,,/data/luolie/biopipeline/dimension-reduction/plantnet/results/canonical/scmae_11datasets_20260609_12/Tosches/dec__seed3407__20260610_015240/args.json,/data/luolie/biopipeline/dimension-reduction/plantnet/results/canonical/scmae_11datasets_20260609_12/Tosches/dec__seed3407__20260610_015240/status.json,cc4a3f022b1612f7b3af795f49894bec9489fe5c,refactor/minimal-method-isolation-and-neighbormix-ablations,5,100.3,100.3,/data/luolie/conda/base/bin/python /home/luolie/biopipeline/dimension-reduction/plantnet/methods/DeepLearning/dec/run.py --data_path /home/luolie/biopipeline/dimension-reduction/plantnet/data/processed_scmae/Tosches.h5ad --save_dir /home/luolie/biopipeline/dimension-reduction/plantnet/results/formal/scmae_11datasets/Tosches/dec__seed3407__20260610_015240 --n_clusters 15 --seed 3407 --epochs 200 --pretrain_epochs 200 --gpu 5,metrics.json:top_level,0.6034076296613802,0.6625308883560772,0.49805524303563997,0.4109703549789085,0.4109703549789085,0.6198795516193182,0.6625308883560771,0.5875103497430362,0.7595151073840763,,,,,,,,,,,,,,,,,"{""markers"": [""args.json"", ""command.txt"", ""metrics.json"", ""run.log"", ""run_config.json"", ""status.json""]}"
PB000402,true,,run_artifact,run,canonical/scmae_11datasets_20260609_12,scmae_11datasets_20260609_12,,,Tosches,dec,dec,dec,42,success,0,,,,,,,/data/luolie/biopipeline/dimension-reduction/plantnet/results/canonical/scmae_11datasets_20260609_12/Tosches/dec__seed42__20260610_014838,/data/luolie/biopipeline/dimension-reduction/plantnet/results/canonical/scmae_11datasets_20260609_12/Tosches/dec__seed42__20260610_014838,/data/luolie/biopipeline/dimension-reduction/plantnet/results/canonical/scmae_11datasets_20260609_12/Tosches/dec__seed42__20260610_014838/metrics.json,,,/data/luolie/biopipeline/dimension-reduction/plantnet/results/canonical/scmae_11datasets_20260609_12/Tosches/dec__seed42__20260610_014838/args.json,/data/luolie/biopipeline/dimension-reduction/plantnet/results/canonical/scmae_11datasets_20260609_12/Tosches/dec__seed42__20260610_014838/status.json,cc4a3f022b1612f7b3af795f49894bec9489fe5c,refactor/minimal-method-isolation-and-neighbormix-ablations,5,123.1,123.1,/data/luolie/conda/base/bin/python /home/luolie/biopipeline/dimension-reduction/plantnet/methods/DeepLearning/dec/run.py --data_path /home/luolie/biopipeline/dimension-reduction/plantnet/data/processed_scmae/Tosches.h5ad --save_dir /home/luolie/biopipeline/dimension-reduction/plantnet/results/formal/scmae_11datasets/Tosches/dec__seed42__20260610_014838 --n_clusters 15 --seed 42 --epochs 200 --pretrain_epochs 200 --gpu 5,metrics.json:top_level,0.5952100300042863,0.6535863238087937,0.49167541273798043,0.41827044570768485,0.41827044570768485,0.6104604986926859,0.6535863238087937,0.5833450341289858,0.7430589632078644,,,,,,,,,,,,,,,,,"{""markers"": [""args.json"", ""command.txt"", ""metrics.json"", ""run.log"", ""run_config.json"", ""status.json""]}"
PB000403,true,,run_artifact,run,canonical/scmae_11datasets_20260609_12,scmae_11datasets_20260609_12,,,Tosches,desc,desc,desc,2024,success,0,,,,,,,/data/luolie/biopipeline/dimension-reduction/plantnet/results/canonical/scmae_11datasets_20260609_12/Tosches/desc__seed2024__20260612_005944,/data/luolie/biopipeline/dimension-reduction/plantnet/results/canonical/scmae_11datasets_20260609_12/Tosches/desc__seed2024__20260612_005944,/data/luolie/biopipeline/dimension-reduction/plantnet/results/canonical/scmae_11datasets_20260609_12/Tosches/desc__seed2024__20260612_005944/metrics.json,,,/data/luolie/biopipeline/dimension-reduction/plantnet/results/canonical/scmae_11datasets_20260609_12/Tosches/desc__seed2024__20260612_005944/args.json,/data/luolie/biopipeline/dimension-reduction/plantnet/results/canonical/scmae_11datasets_20260609_12/Tosches/desc__seed2024__20260612_005944/status.json,,,3,504.5,504.5,/data/luolie/conda/envs/scssl_bench_py310/bin/python /home/luolie/biopipeline/dimension-reduction/plantnet/methods/DeepLearning/desc/run.py --data_path /home/luolie/biopipeline/dimension-reduction/plantnet/data/processed_scmae/Tosches.h5ad --save_dir /home/luolie/biopipeline/dimension-reduction/plantnet/results/formal/scmae_11datasets/Tosches/desc__seed2024__20260612_005944 --n_clusters 15 --seed 2024 --epochs 200 --pretrain_epochs 200 --gpu 3,metrics.json:top_level,0.7441063009001286,0.7386561944006863,0.6409058544932429,0.6017356760785375,0.6017356760785375,0.7029175587249186,0.7386561944006863,0.7555848229953013,0.7224695036079429,,,,,,,,,,,,,,,,,"{""markers"": [""args.json"", ""command.txt"", ""metrics.json"", ""run.log"", ""status.json""]}"
PB000404,true,,run_artifact,run,canonical/scmae_11datasets_20260609_12,scmae_11datasets_20260609_12,,,Tosches,desc,desc,desc,3407,success,0,,,,,,,/data/luolie/biopipeline/dimension-reduction/plantnet/results/canonical/scmae_11datasets_20260609_12/Tosches/desc__seed3407__20260612_010808,/data/luolie/biopipeline/dimension-reduction/plantnet/results/canonical/scmae_11datasets_20260609_12/Tosches/desc__seed3407__20260612_010808,/data/luolie/biopipeline/dimension-reduction/plantnet/results/canonical/scmae_11datasets_20260609_12/Tosches/desc__seed3407__20260612_010808/metrics.json,,,/data/luolie/biopipeline/dimension-reduction/plantnet/results/canonical/scmae_11datasets_20260609_12/Tosches/desc__seed3407__20260612_010808/args.json,/data/luolie/biopipeline/dimension-reduction/plantnet/results/canonical/scmae_11datasets_20260609_12/Tosches/desc__seed3407__20260612_010808/status.json,,,3,433.4,433.4,/data/luolie/conda/envs/scssl_bench_py310/bin/python /home/luolie/biopipeline/dimension-reduction/plantnet/methods/DeepLearning/desc/run.py --data_path /home/luolie/biopipeline/dimension-reduction/plantnet/data/processed_scmae/Tosches.h5ad --save_dir /home/luolie/biopipeline/dimension-reduction/plantnet/results/formal/scmae_11datasets/Tosches/desc__seed3407__20260612_010808 --n_clusters 15 --seed 3407 --epochs 200 --pretrain_epochs 200 --gpu 3,metrics.json:top_level,0.662719674239177,0.7355109492146279,0.5556279146673306,0.5774569093306606,0.5774569093306606,0.6286790596478417,0.7355109492146278,0.7707685167013196,0.7033378875261098,,,,,,,,,,,,,,,,,"{""markers"": [""args.json"", ""command.txt"", ""metrics.json"", ""run.log"", ""status.json""]}"
PB000405,true,,run_artifact,run,canonical/scmae_11datasets_20260609_12,scmae_11datasets_20260609_12,,,Tosches,desc,desc,desc,42,success,0,,,,,,,/data/luolie/biopipeline/dimension-reduction/plantnet/results/canonical/scmae_11datasets_20260609_12/Tosches/desc__seed42__20260612_005241,/data/luolie/biopipeline/dimension-reduction/plantnet/results/canonical/scmae_11datasets_20260609_12/Tosches/desc__seed42__20260612_005241,/data/luolie/biopipeline/dimension-reduction/plantnet/results/canonical/scmae_11datasets_20260609_12/Tosches/desc__seed42__20260612_005241/metrics.json,,,/data/luolie/biopipeline/dimension-reduction/plantnet/results/canonical/scmae_11datasets_20260609_12/Tosches/desc__seed42__20260612_005241/args.json,/data/luolie/biopipeline/dimension-reduction/plantnet/results/canonical/scmae_11datasets_20260609_12/Tosches/desc__seed42__20260612_005241/status.json,,,3,422.7,422.7,/data/luolie/conda/envs/scssl_bench_py310/bin/python /home/luolie/biopipeline/dimension-reduction/plantnet/methods/DeepLearning/desc/run.py --data_path /home/luolie/biopipeline/dimension-reduction/plantnet/data/processed_scmae/Tosches.h5ad --save_dir /home/luolie/biopipeline/dimension-reduction/plantnet/results/formal/scmae_11datasets/Tosches/desc__seed42__20260612_005241 --n_clusters 15 --seed 42 --epochs 200 --pretrain_epochs 200 --gpu 3,metrics.json:top_level,0.7744856408058294,0.8050789474116118,0.6837696781131545,0.7011709039246762,0.7011709039246762,0.7411393787518897,0.8050789474116118,0.8556989786136898,0.7601134098947545,,,,,,,,,,,,,,,,,"{""markers"": [""args.json"", ""command.txt"", ""metrics.json"", ""run.log"", ""status.json""]}"
PB000406,true,,run_artifact,run,canonical/scmae_11datasets_20260609_12,scmae_11datasets_20260609_12,,,Tosches,leiden,leiden,leiden,2024,success,0,,,,,,,/data/luolie/biopipeline/dimension-reduction/plantnet/results/canonical/scmae_11datasets_20260609_12/Tosches/leiden__seed2024__20260610_015543,/data/luolie/biopipeline/dimension-reduction/plantnet/results/canonical/scmae_11datasets_20260609_12/Tosches/leiden__seed2024__20260610_015543,/data/luolie/biopipeline/dimension-reduction/plantnet/results/canonical/scmae_11datasets_20260609_12/Tosches/leiden__seed2024__20260610_015543/metrics.json,,,/data/luolie/biopipeline/dimension-reduction/plantnet/results/canonical/scmae_11datasets_20260609_12/Tosches/leiden__seed2024__20260610_015543/args.json,/data/luolie/biopipeline/dimension-reduction/plantnet/results/canonical/scmae_11datasets_20260609_12/Tosches/leiden__seed2024__20260610_015543/status.json,cc4a3f022b1612f7b3af795f49894bec9489fe5c,refactor/minimal-method-isolation-and-neighbormix-ablations,5,74.8,74.8,/data/luolie/conda/base/bin/python /home/luolie/biopipeline/dimension-reduction/plantnet/methods/Traditional/Leiden/run.py --data_path /home/luolie/biopipeline/dimension-reduction/plantnet/data/processed_scmae/Tosches.h5ad --save_dir /home/luolie/biopipeline/dimension-reduction/plantnet/results/formal/scmae_11datasets/Tosches/leiden__seed2024__20260610_015543 --n_clusters 15 --seed 2024,metrics.json:top_level,0.5416845263609087,0.4645069980360077,0.26227855682852175,0.4888726135199627,0.4888726135199627,0.42521964267346285,0.46450699803600765,0.4242085955776988,0.5132655105398283,,,,,,,,,,,,,,,,,"{""markers"": [""args.json"", ""command.txt"", ""metrics.json"", ""run.log"", ""status.json""]}"
PB000407,true,,run_artifact,run,canonical/scmae_11datasets_20260609_12,scmae_11datasets_20260609_12,,,Tosches,leiden,leiden,leiden,3407,success,0,,,,,,,/data/luolie/biopipeline/dimension-reduction/plantnet/results/canonical/scmae_11datasets_20260609_12/Tosches/leiden__seed3407__20260610_015704,/data/luolie/biopipeline/dimension-reduction/plantnet/results/canonical/scmae_11datasets_20260609_12/Tosches/leiden__seed3407__20260610_015704,/data/luolie/biopipeline/dimension-reduction/plantnet/results/canonical/scmae_11datasets_20260609_12/Tosches/leiden__seed3407__20260610_015704/metrics.json,,,/data/luolie/biopipeline/dimension-reduction/plantnet/results/canonical/scmae_11datasets_20260609_12/Tosches/leiden__seed3407__20260610_015704/args.json,/data/luolie/biopipeline/dimension-reduction/plantnet/results/canonical/scmae_11datasets_20260609_12/Tosches/leiden__seed3407__20260610_015704/status.json,cc4a3f022b1612f7b3af795f49894bec9489fe5c,refactor/minimal-method-isolation-and-neighbormix-ablations,5,77.3,77.3,/data/luolie/conda/base/bin/python /home/luolie/biopipeline/dimension-reduction/plantnet/methods/Traditional/Leiden/run.py --data_path /home/luolie/biopipeline/dimension-reduction/plantnet/data/processed_scmae/Tosches.h5ad --save_dir /home/luolie/biopipeline/dimension-reduction/plantnet/results/formal/scmae_11datasets/Tosches/leiden__seed3407__20260610_015704 --n_clusters 15 --seed 3407,metrics.json:top_level,0.611605229318474,0.4855937805108624,0.3995641750821533,0.5327665364328608,0.5327665364328608,0.5000411057360722,0.48559378051086244,0.485940043644741,0.48524801049454114,,,,,,,,,,,,,,,,,"{""markers"": [""args.json"", ""command.txt"", ""metrics.json"", ""run.log"", ""status.json""]}"
PB000408,true,,run_artifact,run,canonical/scmae_11datasets_20260609_12,scmae_11datasets_20260609_12,,,Tosches,leiden,leiden,leiden,42,success,0,,,,,,,/data/luolie/biopipeline/dimension-reduction/plantnet/results/canonical/scmae_11datasets_20260609_12/Tosches/leiden__seed42__20260610_015426,/data/luolie/biopipeline/dimension-reduction/plantnet/results/canonical/scmae_11datasets_20260609_12/Tosches/leiden__seed42__20260610_015426,/data/luolie/biopipeline/dimension-reduction/plantnet/results/canonical/scmae_11datasets_20260609_12/Tosches/leiden__seed42__20260610_015426/metrics.json,,,/data/luolie/biopipeline/dimension-reduction/plantnet/results/canonical/scmae_11datasets_20260609_12/Tosches/leiden__seed42__20260610_015426/args.json,/data/luolie/biopipeline/dimension-reduction/plantnet/results/canonical/scmae_11datasets_20260609_12/Tosches/leiden__seed42__20260610_015426/status.json,cc4a3f022b1612f7b3af795f49894bec9489fe5c,refactor/minimal-method-isolation-and-neighbormix-ablations,5,71.3,71.3,/data/luolie/conda/base/bin/python /home/luolie/biopipeline/dimension-reduction/plantnet/methods/Traditional/Leiden/run.py --data_path /home/luolie/biopipeline/dimension-reduction/plantnet/data/processed_scmae/Tosches.h5ad --save_dir /home/luolie/biopipeline/dimension-reduction/plantnet/results/formal/scmae_11datasets/Tosches/leiden__seed42__20260610_015426 --n_clusters 15 --seed 42,metrics.json:top_level,0.578011144449207,0.46722503308184266,0.3486696674471641,0.5312110532785982,0.5312110532785982,0.462900934404308,0.46722503308184266,0.4628616243193479,0.47167149270640235,,,,,,,,,,,,,,,,,"{""markers"": [""args.json"", ""command.txt"", ""metrics.json"", ""run.log"", ""status.json""]}"
PB000409,true,,run_artifact,run,canonical/scmae_11datasets_20260609_12,scmae_11datasets_20260609_12,,,Tosches,louvain,louvain,louvain,2024,success,0,,,,,,,/data/luolie/biopipeline/dimension-reduction/plantnet/results/canonical/scmae_11datasets_20260609_12/Tosches/louvain__seed2024__20260610_020025,/data/luolie/biopipeline/dimension-reduction/plantnet/results/canonical/scmae_11datasets_20260609_12/Tosches/louvain__seed2024__20260610_020025,/data/luolie/biopipeline/dimension-reduction/plantnet/results/canonical/scmae_11datasets_20260609_12/Tosches/louvain__seed2024__20260610_020025/metrics.json,,,/data/luolie/biopipeline/dimension-reduction/plantnet/results/canonical/scmae_11datasets_20260609_12/Tosches/louvain__seed2024__20260610_020025/args.json,/data/luolie/biopipeline/dimension-reduction/plantnet/results/canonical/scmae_11datasets_20260609_12/Tosches/louvain__seed2024__20260610_020025/status.json,cc4a3f022b1612f7b3af795f49894bec9489fe5c,refactor/minimal-method-isolation-and-neighbormix-ablations,5,109.1,109.1,/data/luolie/conda/base/bin/python /home/luolie/biopipeline/dimension-reduction/plantnet/methods/Traditional/Louvain/run.py --data_path /home/luolie/biopipeline/dimension-reduction/plantnet/data/processed_scmae/Tosches.h5ad --save_dir /home/luolie/biopipeline/dimension-reduction/plantnet/results/formal/scmae_11datasets/Tosches/louvain__seed2024__20260610_020025 --n_clusters 15 --seed 2024,metrics.json:top_level,0.5524539219888556,0.3583251286315952,0.2564984750261115,0.34887680856787917,0.34887680856787917,0.4603062145749662,0.3583251286315952,0.3087548282734887,0.42685655060723227,,,,,,,,,,,,,,,,,"{""markers"": [""args.json"", ""command.txt"", ""metrics.json"", ""run.log"", ""status.json""]}"
PB000410,true,,run_artifact,run,canonical/scmae_11datasets_20260609_12,scmae_11datasets_20260609_12,,,Tosches,louvain,louvain,louvain,3407,success,0,,,,,,,/data/luolie/biopipeline/dimension-reduction/plantnet/results/canonical/scmae_11datasets_20260609_12/Tosches/louvain__seed3407__20260610_020220,/data/luolie/biopipeline/dimension-reduction/plantnet/results/canonical/scmae_11datasets_20260609_12/Tosches/louvain__seed3407__20260610_020220,/data/luolie/biopipeline/dimension-reduction/plantnet/results/canonical/scmae_11datasets_20260609_12/Tosches/louvain__seed3407__20260610_020220/metrics.json,,,/data/luolie/biopipeline/dimension-reduction/plantnet/results/canonical/scmae_11datasets_20260609_12/Tosches/louvain__seed3407__20260610_020220/args.json,/data/luolie/biopipeline/dimension-reduction/plantnet/results/canonical/scmae_11datasets_20260609_12/Tosches/louvain__seed3407__20260610_020220/status.json,cc4a3f022b1612f7b3af795f49894bec9489fe5c,refactor/minimal-method-isolation-and-neighbormix-ablations,5,103.2,103.2,/data/luolie/conda/base/bin/python /home/luolie/biopipeline/dimension-reduction/plantnet/methods/Traditional/Louvain/run.py --data_path /home/luolie/biopipeline/dimension-reduction/plantnet/data/processed_scmae/Tosches.h5ad --save_dir /home/luolie/biopipeline/dimension-reduction/plantnet/results/formal/scmae_11datasets/Tosches/louvain__seed3407__20260610_020220 --n_clusters 15 --seed 3407,metrics.json:top_level,0.5507393913416202,0.3974072066440815,0.30651474303436416,0.4578942395705026,0.4578942395705026,0.4327143346627997,0.3974072066440816,0.38422969672835133,0.4115206860743473,,,,,,,,,,,,,,,,,"{""markers"": [""args.json"", ""command.txt"", ""metrics.json"", ""run.log"", ""status.json""]}"
PB000411,true,,run_artifact,run,canonical/scmae_11datasets_20260609_12,scmae_11datasets_20260609_12,,,Tosches,louvain,louvain,louvain,42,success,0,,,,,,,/data/luolie/biopipeline/dimension-reduction/plantnet/results/canonical/scmae_11datasets_20260609_12/Tosches/louvain__seed42__20260610_015827,/data/luolie/biopipeline/dimension-reduction/plantnet/results/canonical/scmae_11datasets_20260609_12/Tosches/louvain__seed42__20260610_015827,/data/luolie/biopipeline/dimension-reduction/plantnet/results/canonical/scmae_11datasets_20260609_12/Tosches/louvain__seed42__20260610_015827/metrics.json,,,/data/luolie/biopipeline/dimension-reduction/plantnet/results/canonical/scmae_11datasets_20260609_12/Tosches/louvain__seed42__20260610_015827/args.json,/data/luolie/biopipeline/dimension-reduction/plantnet/results/canonical/scmae_11datasets_20260609_12/Tosches/louvain__seed42__20260610_015827/status.json,cc4a3f022b1612f7b3af795f49894bec9489fe5c,refactor/minimal-method-isolation-and-neighbormix-ablations,5,113.6,113.6,/data/luolie/conda/base/bin/python /home/luolie/biopipeline/dimension-reduction/plantnet/methods/Traditional/Louvain/run.py --data_path /home/luolie/biopipeline/dimension-reduction/plantnet/data/processed_scmae/Tosches.h5ad --save_dir /home/luolie/biopipeline/dimension-reduction/plantnet/results/formal/scmae_11datasets/Tosches/louvain__seed42__20260610_015827 --n_clusters 15 --seed 42,metrics.json:top_level,0.534558508358337,0.38548985765156785,0.2855685513847447,0.4161267965864838,0.4161267965864838,0.42262738760090746,0.38548985765156785,0.36179314680995694,0.4125083077661919,,,,,,,,,,,,,,,,,"{""markers"": [""args.json"", ""command.txt"", ""metrics.json"", ""run.log"", ""status.json""]}"
PB000412,true,,run_artifact,run,canonical/scmae_11datasets_20260609_12,scmae_11datasets_20260609_12,,,Tosches,neighbormix_scmae,neighbormix_scmae,neighbormix_scmae,2024,success,0,,,,,,,/data/luolie/biopipeline/dimension-reduction/plantnet/results/canonical/scmae_11datasets_20260609_12/Tosches/neighbormix_scmae__seed2024__20260610_020812,/data/luolie/biopipeline/dimension-reduction/plantnet/results/canonical/scmae_11datasets_20260609_12/Tosches/neighbormix_scmae__seed2024__20260610_020812,/data/luolie/biopipeline/dimension-reduction/plantnet/results/canonical/scmae_11datasets_20260609_12/Tosches/neighbormix_scmae__seed2024__20260610_020812/metrics.json,/data/luolie/biopipeline/dimension-reduction/plantnet/results/canonical/scmae_11datasets_20260609_12/Tosches/neighbormix_scmae__seed2024__20260610_020812/summary.json,/data/luolie/biopipeline/dimension-reduction/plantnet/results/canonical/scmae_11datasets_20260609_12/Tosches/neighbormix_scmae__seed2024__20260610_020812/eval_fixed.csv,/data/luolie/biopipeline/dimension-reduction/plantnet/results/canonical/scmae_11datasets_20260609_12/Tosches/neighbormix_scmae__seed2024__20260610_020812/args.json,/data/luolie/biopipeline/dimension-reduction/plantnet/results/canonical/scmae_11datasets_20260609_12/Tosches/neighbormix_scmae__seed2024__20260610_020812/status.json,cc4a3f022b1612f7b3af795f49894bec9489fe5c,refactor/minimal-method-isolation-and-neighbormix-ablations,5,246.0,246.0,/data/luolie/conda/base/bin/python /home/luolie/biopipeline/dimension-reduction/plantnet/methods/DeepLearning/NeighborMix_scMAE/run.py --data_path /home/luolie/biopipeline/dimension-reduction/plantnet/data/processed_scmae/Tosches.h5ad --save_dir /home/luolie/biopipeline/dimension-reduction/plantnet/results/formal/scmae_11datasets/Tosches/neighbormix_scmae__seed2024__20260610_020812 --n_clusters 15 --seed 2024 --epochs 200 --gpu 5,eval_fixed.csv,0.6572546078011144,0.7665559018267081,0.5437607961547544,0.6518453545653694,0.6518453545653694,0.6186311725435322,0.766555901826708,0.7829240848675779,0.7508581053936318,,15,,,,,,,,,,,,,,,"{""markers"": [""args.json"", ""command.txt"", ""eval_fixed.csv"", ""metrics.json"", ""run.log"", ""status.json"", ""summary.json""]}"
PB000413,true,,run_artifact,run,canonical/scmae_11datasets_20260609_12,scmae_11datasets_20260609_12,,,Tosches,neighbormix_scmae,neighbormix_scmae,neighbormix_scmae,3407,success,0,,,,,,,/data/luolie/biopipeline/dimension-reduction/plantnet/results/canonical/scmae_11datasets_20260609_12/Tosches/neighbormix_scmae__seed3407__20260610_021223,/data/luolie/biopipeline/dimension-reduction/plantnet/results/canonical/scmae_11datasets_20260609_12/Tosches/neighbormix_scmae__seed3407__20260610_021223,/data/luolie/biopipeline/dimension-reduction/plantnet/results/canonical/scmae_11datasets_20260609_12/Tosches/neighbormix_scmae__seed3407__20260610_021223/metrics.json,/data/luolie/biopipeline/dimension-reduction/plantnet/results/canonical/scmae_11datasets_20260609_12/Tosches/neighbormix_scmae__seed3407__20260610_021223/summary.json,/data/luolie/biopipeline/dimension-reduction/plantnet/results/canonical/scmae_11datasets_20260609_12/Tosches/neighbormix_scmae__seed3407__20260610_021223/eval_fixed.csv,/data/luolie/biopipeline/dimension-reduction/plantnet/results/canonical/scmae_11datasets_20260609_12/Tosches/neighbormix_scmae__seed3407__20260610_021223/args.json,/data/luolie/biopipeline/dimension-reduction/plantnet/results/canonical/scmae_11datasets_20260609_12/Tosches/neighbormix_scmae__seed3407__20260610_021223/status.json,cc4a3f022b1612f7b3af795f49894bec9489fe5c,refactor/minimal-method-isolation-and-neighbormix-ablations,5,236.7,236.7,/data/luolie/conda/base/bin/python /home/luolie/biopipeline/dimension-reduction/plantnet/methods/DeepLearning/NeighborMix_scMAE/run.py --data_path /home/luolie/biopipeline/dimension-reduction/plantnet/data/processed_scmae/Tosches.h5ad --save_dir /home/luolie/biopipeline/dimension-reduction/plantnet/results/formal/scmae_11datasets/Tosches/neighbormix_scmae__seed3407__20260610_021223 --n_clusters 15 --seed 3407 --epochs 200 --gpu 5,eval_fixed.csv,0.6236069438491213,0.7354690850416491,0.5227472871413511,0.6624932638348386,0.6624932638348386,0.6023428535369916,0.735469085041649,0.7755183716681417,0.6993531210352436,,15,,,,,,,,,,,,,,,"{""markers"": [""args.json"", ""command.txt"", ""eval_fixed.csv"", ""metrics.json"", ""run.log"", ""status.json"", ""summary.json""]}"
PB000414,true,,run_artifact,run,canonical/scmae_11datasets_20260609_12,scmae_11datasets_20260609_12,,,Tosches,neighbormix_scmae,neighbormix_scmae,neighbormix_scmae,42,success,0,,,,,,,/data/luolie/biopipeline/dimension-reduction/plantnet/results/canonical/scmae_11datasets_20260609_12/Tosches/neighbormix_scmae__seed42__20260610_020409,/data/luolie/biopipeline/dimension-reduction/plantnet/results/canonical/scmae_11datasets_20260609_12/Tosches/neighbormix_scmae__seed42__20260610_020409,/data/luolie/biopipeline/dimension-reduction/plantnet/results/canonical/scmae_11datasets_20260609_12/Tosches/neighbormix_scmae__seed42__20260610_020409/metrics.json,/data/luolie/biopipeline/dimension-reduction/plantnet/results/canonical/scmae_11datasets_20260609_12/Tosches/neighbormix_scmae__seed42__20260610_020409/summary.json,/data/luolie/biopipeline/dimension-reduction/plantnet/results/canonical/scmae_11datasets_20260609_12/Tosches/neighbormix_scmae__seed42__20260610_020409/eval_fixed.csv,/data/luolie/biopipeline/dimension-reduction/plantnet/results/canonical/scmae_11datasets_20260609_12/Tosches/neighbormix_scmae__seed42__20260610_020409/args.json,/data/luolie/biopipeline/dimension-reduction/plantnet/results/canonical/scmae_11datasets_20260609_12/Tosches/neighbormix_scmae__seed42__20260610_020409/status.json,cc4a3f022b1612f7b3af795f49894bec9489fe5c,refactor/minimal-method-isolation-and-neighbormix-ablations,5,238.1,238.1,/data/luolie/conda/base/bin/python /home/luolie/biopipeline/dimension-reduction/plantnet/methods/DeepLearning/NeighborMix_scMAE/run.py --data_path /home/luolie/biopipeline/dimension-reduction/plantnet/data/processed_scmae/Tosches.h5ad --save_dir /home/luolie/biopipeline/dimension-reduction/plantnet/results/formal/scmae_11datasets/Tosches/neighbormix_scmae__seed42__20260610_020409 --n_clusters 15 --seed 42 --epochs 200 --gpu 5,eval_fixed.csv,0.62912558936991,0.7320616821342274,0.5288695495453959,0.6855417035037976,0.6855417035037976,0.6104065728656312,0.7320616821342275,0.7870051712946073,0.6842891456528042,,15,,,,,,,,,,,,,,,"{""markers"": [""args.json"", ""command.txt"", ""eval_fixed.csv"", ""metrics.json"", ""run.log"", ""status.json"", ""summary.json""]}"
PB000415,true,,run_artifact,run,canonical/scmae_11datasets_20260609_12,scmae_11datasets_20260609_12,,,Tosches,nm_scmae_nomix,nm_scmae_nomix,nm_scmae_nomix,2024,success,0,,,,,,,/data/luolie/biopipeline/dimension-reduction/plantnet/results/canonical/scmae_11datasets_20260609_12/Tosches/nm_scmae_nomix__seed2024__20260609_204502,/data/luolie/biopipeline/dimension-reduction/plantnet/results/canonical/scmae_11datasets_20260609_12/Tosches/nm_scmae_nomix__seed2024__20260609_204502,/data/luolie/biopipeline/dimension-reduction/plantnet/results/canonical/scmae_11datasets_20260609_12/Tosches/nm_scmae_nomix__seed2024__20260609_204502/metrics.json,/data/luolie/biopipeline/dimension-reduction/plantnet/results/canonical/scmae_11datasets_20260609_12/Tosches/nm_scmae_nomix__seed2024__20260609_204502/summary.json,/data/luolie/biopipeline/dimension-reduction/plantnet/results/canonical/scmae_11datasets_20260609_12/Tosches/nm_scmae_nomix__seed2024__20260609_204502/eval_fixed.csv,/data/luolie/biopipeline/dimension-reduction/plantnet/results/canonical/scmae_11datasets_20260609_12/Tosches/nm_scmae_nomix__seed2024__20260609_204502/args.json,/data/luolie/biopipeline/dimension-reduction/plantnet/results/canonical/scmae_11datasets_20260609_12/Tosches/nm_scmae_nomix__seed2024__20260609_204502/status.json,a2853144ac27014d58c0852c5242fc9fa77e95a5,refactor/minimal-method-isolation-and-neighbormix-ablations,1,120.8,120.8,/data/luolie/conda/base/bin/python /home/luolie/biopipeline/dimension-reduction/plantnet/methods/DeepLearning/NeighborMix_scMAE/run.py --data_path /home/luolie/biopipeline/dimension-reduction/plantnet/data/processed_scmae/Tosches.h5ad --save_dir results/formal/scmae_11datasets/Tosches/nm_scmae_nomix__seed2024__20260609_204502 --n_clusters 15 --seed 2024 --epochs 200 --gpu 1 --use_pseudo false --pseudo_weight 0 --neighbor_k 0 --mix_neighbors 0 --variant_name nm_scmae_nomix,eval_fixed.csv,0.6454136305186455,0.7368185509416818,0.5313986348550814,0.6669426084890727,0.6669426084890727,0.608576107428722,0.7368185509416818,0.76566780632387,0.7100643532397393,,15,,,,,,,,,,,,,,,"{""markers"": [""args.json"", ""command.txt"", ""eval_fixed.csv"", ""metrics.json"", ""run.log"", ""status.json"", ""summary.json""]}"
PB000416,true,,run_artifact,run,canonical/scmae_11datasets_20260609_12,scmae_11datasets_20260609_12,,,Tosches,nm_scmae_nomix,nm_scmae_nomix,nm_scmae_nomix,3407,success,0,,,,,,,/data/luolie/biopipeline/dimension-reduction/plantnet/results/canonical/scmae_11datasets_20260609_12/Tosches/nm_scmae_nomix__seed3407__20260609_204708,/data/luolie/biopipeline/dimension-reduction/plantnet/results/canonical/scmae_11datasets_20260609_12/Tosches/nm_scmae_nomix__seed3407__20260609_204708,/data/luolie/biopipeline/dimension-reduction/plantnet/results/canonical/scmae_11datasets_20260609_12/Tosches/nm_scmae_nomix__seed3407__20260609_204708/metrics.json,/data/luolie/biopipeline/dimension-reduction/plantnet/results/canonical/scmae_11datasets_20260609_12/Tosches/nm_scmae_nomix__seed3407__20260609_204708/summary.json,/data/luolie/biopipeline/dimension-reduction/plantnet/results/canonical/scmae_11datasets_20260609_12/Tosches/nm_scmae_nomix__seed3407__20260609_204708/eval_fixed.csv,/data/luolie/biopipeline/dimension-reduction/plantnet/results/canonical/scmae_11datasets_20260609_12/Tosches/nm_scmae_nomix__seed3407__20260609_204708/args.json,/data/luolie/biopipeline/dimension-reduction/plantnet/results/canonical/scmae_11datasets_20260609_12/Tosches/nm_scmae_nomix__seed3407__20260609_204708/status.json,a2853144ac27014d58c0852c5242fc9fa77e95a5,refactor/minimal-method-isolation-and-neighbormix-ablations,1,97.4,97.4,/data/luolie/conda/base/bin/python /home/luolie/biopipeline/dimension-reduction/plantnet/methods/DeepLearning/NeighborMix_scMAE/run.py --data_path /home/luolie/biopipeline/dimension-reduction/plantnet/data/processed_scmae/Tosches.h5ad --save_dir results/formal/scmae_11datasets/Tosches/nm_scmae_nomix__seed3407__20260609_204708 --n_clusters 15 --seed 3407 --epochs 200 --gpu 1 --use_pseudo false --pseudo_weight 0 --neighbor_k 0 --mix_neighbors 0 --variant_name nm_scmae_nomix,eval_fixed.csv,0.629661380197171,0.7438080269027455,0.5275274606723767,0.6747203933139618,0.6747203933139618,0.606281705824831,0.7438080269027454,0.7841323109861997,0.7074282752460244,,15,,,,,,,,,,,,,,,"{""markers"": [""args.json"", ""command.txt"", ""eval_fixed.csv"", ""metrics.json"", ""run.log"", ""status.json"", ""summary.json""]}"
PB000417,true,,run_artifact,run,canonical/scmae_11datasets_20260609_12,scmae_11datasets_20260609_12,,,Tosches,nm_scmae_nomix,nm_scmae_nomix,nm_scmae_nomix,42,success,0,,,,,,,/data/luolie/biopipeline/dimension-reduction/plantnet/results/canonical/scmae_11datasets_20260609_12/Tosches/nm_scmae_nomix__seed42__20260609_204259,/data/luolie/biopipeline/dimension-reduction/plantnet/results/canonical/scmae_11datasets_20260609_12/Tosches/nm_scmae_nomix__seed42__20260609_204259,/data/luolie/biopipeline/dimension-reduction/plantnet/results/canonical/scmae_11datasets_20260609_12/Tosches/nm_scmae_nomix__seed42__20260609_204259/metrics.json,/data/luolie/biopipeline/dimension-reduction/plantnet/results/canonical/scmae_11datasets_20260609_12/Tosches/nm_scmae_nomix__seed42__20260609_204259/summary.json,/data/luolie/biopipeline/dimension-reduction/plantnet/results/canonical/scmae_11datasets_20260609_12/Tosches/nm_scmae_nomix__seed42__20260609_204259/eval_fixed.csv,/data/luolie/biopipeline/dimension-reduction/plantnet/results/canonical/scmae_11datasets_20260609_12/Tosches/nm_scmae_nomix__seed42__20260609_204259/args.json,/data/luolie/biopipeline/dimension-reduction/plantnet/results/canonical/scmae_11datasets_20260609_12/Tosches/nm_scmae_nomix__seed42__20260609_204259/status.json,a2853144ac27014d58c0852c5242fc9fa77e95a5,refactor/minimal-method-isolation-and-neighbormix-ablations,1,117.2,117.2,/data/luolie/conda/base/bin/python /home/luolie/biopipeline/dimension-reduction/plantnet/methods/DeepLearning/NeighborMix_scMAE/run.py --data_path /home/luolie/biopipeline/dimension-reduction/plantnet/data/processed_scmae/Tosches.h5ad --save_dir results/formal/scmae_11datasets/Tosches/nm_scmae_nomix__seed42__20260609_204259 --n_clusters 15 --seed 42 --epochs 200 --gpu 1 --use_pseudo false --pseudo_weight 0 --neighbor_k 0 --mix_neighbors 0 --variant_name nm_scmae_nomix,eval_fixed.csv,0.7737891127303901,0.7743481227902873,0.7588060054720188,0.7610984769037229,0.7610984769037229,0.7999952631920837,0.7743481227902875,0.7947343916697607,0.7549815801401706,,15,,,,,,,,,,,,,,,"{""markers"": [""args.json"", ""command.txt"", ""eval_fixed.csv"", ""metrics.json"", ""run.log"", ""status.json"", ""summary.json""]}"
PB000418,true,,run_artifact,run,canonical/scmae_11datasets_20260609_12,scmae_11datasets_20260609_12,,,Tosches,sc3,sc3,sc3,2024,success,0,,,,,,,/data/luolie/biopipeline/dimension-reduction/plantnet/results/canonical/scmae_11datasets_20260609_12/Tosches/sc3__seed2024__20260610_021710,/data/luolie/biopipeline/dimension-reduction/plantnet/results/canonical/scmae_11datasets_20260609_12/Tosches/sc3__seed2024__20260610_021710,/data/luolie/biopipeline/dimension-reduction/plantnet/results/canonical/scmae_11datasets_20260609_12/Tosches/sc3__seed2024__20260610_021710/metrics.json,,,/data/luolie/biopipeline/dimension-reduction/plantnet/results/canonical/scmae_11datasets_20260609_12/Tosches/sc3__seed2024__20260610_021710/args.json,/data/luolie/biopipeline/dimension-reduction/plantnet/results/canonical/scmae_11datasets_20260609_12/Tosches/sc3__seed2024__20260610_021710/status.json,cc4a3f022b1612f7b3af795f49894bec9489fe5c,refactor/minimal-method-isolation-and-neighbormix-ablations,5,38.9,38.9,/data/luolie/conda/base/bin/python /home/luolie/biopipeline/dimension-reduction/plantnet/methods/Traditional/sc3/run.py --data_path /home/luolie/biopipeline/dimension-reduction/plantnet/data/processed_scmae/Tosches.h5ad --save_dir /home/luolie/biopipeline/dimension-reduction/plantnet/results/formal/scmae_11datasets/Tosches/sc3__seed2024__20260610_021710 --n_clusters 15 --seed 2024,metrics.json:top_level,0.1150342906129447,0.6935350235035553,0.42895006878641867,0.11648418805463871,0.11648418805463871,0.524123669526831,0.6935350235035553,0.7574143977003042,0.6395925916955032,,,,,,,,,,,,,,,,,"{""markers"": [""args.json"", ""command.txt"", ""metrics.json"", ""run.log"", ""status.json""]}"
PB000419,true,,run_artifact,run,canonical/scmae_11datasets_20260609_12,scmae_11datasets_20260609_12,,,Tosches,sc3,sc3,sc3,3407,success,0,,,,,,,/data/luolie/biopipeline/dimension-reduction/plantnet/results/canonical/scmae_11datasets_20260609_12/Tosches/sc3__seed3407__20260610_021754,/data/luolie/biopipeline/dimension-reduction/plantnet/results/canonical/scmae_11datasets_20260609_12/Tosches/sc3__seed3407__20260610_021754,/data/luolie/biopipeline/dimension-reduction/plantnet/results/canonical/scmae_11datasets_20260609_12/Tosches/sc3__seed3407__20260610_021754/metrics.json,,,/data/luolie/biopipeline/dimension-reduction/plantnet/results/canonical/scmae_11datasets_20260609_12/Tosches/sc3__seed3407__20260610_021754/args.json,/data/luolie/biopipeline/dimension-reduction/plantnet/results/canonical/scmae_11datasets_20260609_12/Tosches/sc3__seed3407__20260610_021754/status.json,cc4a3f022b1612f7b3af795f49894bec9489fe5c,refactor/minimal-method-isolation-and-neighbormix-ablations,5,38.7,38.7,/data/luolie/conda/base/bin/python /home/luolie/biopipeline/dimension-reduction/plantnet/methods/Traditional/sc3/run.py --data_path /home/luolie/biopipeline/dimension-reduction/plantnet/data/processed_scmae/Tosches.h5ad --save_dir /home/luolie/biopipeline/dimension-reduction/plantnet/results/formal/scmae_11datasets/Tosches/sc3__seed3407__20260610_021754 --n_clusters 15 --seed 3407,metrics.json:top_level,0.11621303043291899,0.6939680384043256,0.42967727888325874,0.09321403343776292,0.09321403343776292,0.5248370592856437,0.6939680384043256,0.7580365916024887,0.6398855059356671,,,,,,,,,,,,,,,,,"{""markers"": [""args.json"", ""command.txt"", ""metrics.json"", ""run.log"", ""status.json""]}"
PB000420,true,,run_artifact,run,canonical/scmae_11datasets_20260609_12,scmae_11datasets_20260609_12,,,Tosches,sc3,sc3,sc3,42,success,0,,,,,,,/data/luolie/biopipeline/dimension-reduction/plantnet/results/canonical/scmae_11datasets_20260609_12/Tosches/sc3__seed42__20260610_021625,/data/luolie/biopipeline/dimension-reduction/plantnet/results/canonical/scmae_11datasets_20260609_12/Tosches/sc3__seed42__20260610_021625,/data/luolie/biopipeline/dimension-reduction/plantnet/results/canonical/scmae_11datasets_20260609_12/Tosches/sc3__seed42__20260610_021625/metrics.json,,,/data/luolie/biopipeline/dimension-reduction/plantnet/results/canonical/scmae_11datasets_20260609_12/Tosches/sc3__seed42__20260610_021625/args.json,/data/luolie/biopipeline/dimension-reduction/plantnet/results/canonical/scmae_11datasets_20260609_12/Tosches/sc3__seed42__20260610_021625/status.json,cc4a3f022b1612f7b3af795f49894bec9489fe5c,refactor/minimal-method-isolation-and-neighbormix-ablations,5,39.7,39.7,/data/luolie/conda/base/bin/python /home/luolie/biopipeline/dimension-reduction/plantnet/methods/Traditional/sc3/run.py --data_path /home/luolie/biopipeline/dimension-reduction/plantnet/data/processed_scmae/Tosches.h5ad --save_dir /home/luolie/biopipeline/dimension-reduction/plantnet/results/formal/scmae_11datasets/Tosches/sc3__seed42__20260610_021625 --n_clusters 15 --seed 42,metrics.json:top_level,0.10892627518216888,0.693499527026356,0.4288940930907024,0.010180770564846908,0.010180770564846908,0.5241005921539429,0.6934995270263561,0.7574825086778978,0.6394836638702723,,,,,,,,,,,,,,,,,"{""markers"": [""args.json"", ""command.txt"", ""metrics.json"", ""run.log"", ""status.json""]}"
PB000421,true,,run_artifact,run,canonical/scmae_11datasets_20260609_12,scmae_11datasets_20260609_12,,,Tosches,scdcc,scdcc,scdcc,2024,success,0,,,,,,,/data/luolie/biopipeline/dimension-reduction/plantnet/results/canonical/scmae_11datasets_20260609_12/Tosches/scdcc__seed2024__20260609_205954,/data/luolie/biopipeline/dimension-reduction/plantnet/results/canonical/scmae_11datasets_20260609_12/Tosches/scdcc__seed2024__20260609_205954,/data/luolie/biopipeline/dimension-reduction/plantnet/results/canonical/scmae_11datasets_20260609_12/Tosches/scdcc__seed2024__20260609_205954/metrics.json,,,/data/luolie/biopipeline/dimension-reduction/plantnet/results/canonical/scmae_11datasets_20260609_12/Tosches/scdcc__seed2024__20260609_205954/args.json,/data/luolie/biopipeline/dimension-reduction/plantnet/results/canonical/scmae_11datasets_20260609_12/Tosches/scdcc__seed2024__20260609_205954/status.json,a2853144ac27014d58c0852c5242fc9fa77e95a5,refactor/minimal-method-isolation-and-neighbormix-ablations,1,547.9,547.9,/data/luolie/conda/base/bin/python /home/luolie/biopipeline/dimension-reduction/plantnet/methods/DeepLearning/scDCC/run.py --data_path /home/luolie/biopipeline/dimension-reduction/plantnet/data/processed_scmae/Tosches.h5ad --save_dir results/formal/scmae_11datasets/Tosches/scdcc__seed2024__20260609_205954 --n_clusters 15 --seed 2024 --epochs 200 --pretrain_epochs 200 --gpu 1,metrics.json:top_level,0.7124410630090013,0.7558288426073038,0.6306710516615462,0.6820287742994922,0.6820287742994922,0.6931598989481632,0.7558288426073038,0.7909434129834927,0.7236996148524389,,,,,,,,,,,,,,,,,"{""markers"": [""args.json"", ""command.txt"", ""metrics.json"", ""run.log"", ""run_config.json"", ""status.json""]}"
PB000422,true,,run_artifact,run,canonical/scmae_11datasets_20260609_12,scmae_11datasets_20260609_12,,,Tosches,scdcc,scdcc,scdcc,3407,success,0,,,,,,,/data/luolie/biopipeline/dimension-reduction/plantnet/results/canonical/scmae_11datasets_20260609_12/Tosches/scdcc__seed3407__20260609_210906,/data/luolie/biopipeline/dimension-reduction/plantnet/results/canonical/scmae_11datasets_20260609_12/Tosches/scdcc__seed3407__20260609_210906,/data/luolie/biopipeline/dimension-reduction/plantnet/results/canonical/scmae_11datasets_20260609_12/Tosches/scdcc__seed3407__20260609_210906/metrics.json,,,/data/luolie/biopipeline/dimension-reduction/plantnet/results/canonical/scmae_11datasets_20260609_12/Tosches/scdcc__seed3407__20260609_210906/args.json,/data/luolie/biopipeline/dimension-reduction/plantnet/results/canonical/scmae_11datasets_20260609_12/Tosches/scdcc__seed3407__20260609_210906/status.json,a2853144ac27014d58c0852c5242fc9fa77e95a5,refactor/minimal-method-isolation-and-neighbormix-ablations,1,543.0,543.0,/data/luolie/conda/base/bin/python /home/luolie/biopipeline/dimension-reduction/plantnet/methods/DeepLearning/scDCC/run.py --data_path /home/luolie/biopipeline/dimension-reduction/plantnet/data/processed_scmae/Tosches.h5ad --save_dir results/formal/scmae_11datasets/Tosches/scdcc__seed3407__20260609_210906 --n_clusters 15 --seed 3407 --epochs 200 --pretrain_epochs 200 --gpu 1,metrics.json:top_level,0.613641234462066,0.7386441372483626,0.5123930993507599,0.644342240251114,0.644342240251114,0.5933032187667071,0.7386441372483626,0.7844071987728202,0.6979264450902839,,,,,,,,,,,,,,,,,"{""markers"": [""args.json"", ""command.txt"", ""metrics.json"", ""run.log"", ""run_config.json"", ""status.json""]}"
PB000423,true,,run_artifact,run,canonical/scmae_11datasets_20260609_12,scmae_11datasets_20260609_12,,,Tosches,scdcc,scdcc,scdcc,42,success,0,,,,,,,/data/luolie/biopipeline/dimension-reduction/plantnet/results/canonical/scmae_11datasets_20260609_12/Tosches/scdcc__seed42__20260609_205103,/data/luolie/biopipeline/dimension-reduction/plantnet/results/canonical/scmae_11datasets_20260609_12/Tosches/scdcc__seed42__20260609_205103,/data/luolie/biopipeline/dimension-reduction/plantnet/results/canonical/scmae_11datasets_20260609_12/Tosches/scdcc__seed42__20260609_205103/metrics.json,,,/data/luolie/biopipeline/dimension-reduction/plantnet/results/canonical/scmae_11datasets_20260609_12/Tosches/scdcc__seed42__20260609_205103/args.json,/data/luolie/biopipeline/dimension-reduction/plantnet/results/canonical/scmae_11datasets_20260609_12/Tosches/scdcc__seed42__20260609_205103/status.json,a2853144ac27014d58c0852c5242fc9fa77e95a5,refactor/minimal-method-isolation-and-neighbormix-ablations,1,525.4,525.4,/data/luolie/conda/base/bin/python /home/luolie/biopipeline/dimension-reduction/plantnet/methods/DeepLearning/scDCC/run.py --data_path /home/luolie/biopipeline/dimension-reduction/plantnet/data/processed_scmae/Tosches.h5ad --save_dir results/formal/scmae_11datasets/Tosches/scdcc__seed42__20260609_205103 --n_clusters 15 --seed 42 --epochs 200 --pretrain_epochs 200 --gpu 1,metrics.json:top_level,0.7161380197171024,0.766514323508219,0.6496912884486329,0.6640902764628707,0.6640902764628707,0.7085818062456598,0.766514323508219,0.7961325542940247,0.7390208005900455,,,,,,,,,,,,,,,,,"{""markers"": [""args.json"", ""command.txt"", ""metrics.json"", ""run.log"", ""run_config.json"", ""status.json""]}"
PB000424,true,,run_artifact,run,canonical/scmae_11datasets_20260609_12,scmae_11datasets_20260609_12,,,Tosches,scmae,scmae,scmae,2024,success,0,,,,,,,/data/luolie/biopipeline/dimension-reduction/plantnet/results/canonical/scmae_11datasets_20260609_12/Tosches/scmae__seed2024__20260609_211952,/data/luolie/biopipeline/dimension-reduction/plantnet/results/canonical/scmae_11datasets_20260609_12/Tosches/scmae__seed2024__20260609_211952,/data/luolie/biopipeline/dimension-reduction/plantnet/results/canonical/scmae_11datasets_20260609_12/Tosches/scmae__seed2024__20260609_211952/metrics.json,/data/luolie/biopipeline/dimension-reduction/plantnet/results/canonical/scmae_11datasets_20260609_12/Tosches/scmae__seed2024__20260609_211952/summary.json,/data/luolie/biopipeline/dimension-reduction/plantnet/results/canonical/scmae_11datasets_20260609_12/Tosches/scmae__seed2024__20260609_211952/eval_fixed.csv,/data/luolie/biopipeline/dimension-reduction/plantnet/results/canonical/scmae_11datasets_20260609_12/Tosches/scmae__seed2024__20260609_211952/args.json,/data/luolie/biopipeline/dimension-reduction/plantnet/results/canonical/scmae_11datasets_20260609_12/Tosches/scmae__seed2024__20260609_211952/status.json,a2853144ac27014d58c0852c5242fc9fa77e95a5,refactor/minimal-method-isolation-and-neighbormix-ablations,1,107.2,107.2,/data/luolie/conda/base/bin/python /home/luolie/biopipeline/dimension-reduction/plantnet/methods/DeepLearning/scMAE/run.py --data_path /home/luolie/biopipeline/dimension-reduction/plantnet/data/processed_scmae/Tosches.h5ad --save_dir results/formal/scmae_11datasets/Tosches/scmae__seed2024__20260609_211952 --n_clusters 15 --seed 2024 --epochs 200 --gpu 1,eval_fixed.csv,0.6454136305186455,0.7368185509416818,0.5313986348550814,0.6669426084890727,0.6669426084890727,0.608576107428722,0.7368185509416818,0.76566780632387,0.7100643532397393,,15,,,,,,,,,,,,,,,"{""markers"": [""args.json"", ""command.txt"", ""eval_fixed.csv"", ""metrics.json"", ""run.log"", ""status.json"", ""summary.json""]}"
PB000425,true,,run_artifact,run,canonical/scmae_11datasets_20260609_12,scmae_11datasets_20260609_12,,,Tosches,scmae,scmae,scmae,3407,success,0,,,,,,,/data/luolie/biopipeline/dimension-reduction/plantnet/results/canonical/scmae_11datasets_20260609_12/Tosches/scmae__seed3407__20260609_212145,/data/luolie/biopipeline/dimension-reduction/plantnet/results/canonical/scmae_11datasets_20260609_12/Tosches/scmae__seed3407__20260609_212145,/data/luolie/biopipeline/dimension-reduction/plantnet/results/canonical/scmae_11datasets_20260609_12/Tosches/scmae__seed3407__20260609_212145/metrics.json,/data/luolie/biopipeline/dimension-reduction/plantnet/results/canonical/scmae_11datasets_20260609_12/Tosches/scmae__seed3407__20260609_212145/summary.json,/data/luolie/biopipeline/dimension-reduction/plantnet/results/canonical/scmae_11datasets_20260609_12/Tosches/scmae__seed3407__20260609_212145/eval_fixed.csv,/data/luolie/biopipeline/dimension-reduction/plantnet/results/canonical/scmae_11datasets_20260609_12/Tosches/scmae__seed3407__20260609_212145/args.json,/data/luolie/biopipeline/dimension-reduction/plantnet/results/canonical/scmae_11datasets_20260609_12/Tosches/scmae__seed3407__20260609_212145/status.json,a2853144ac27014d58c0852c5242fc9fa77e95a5,refactor/minimal-method-isolation-and-neighbormix-ablations,1,104.1,104.1,/data/luolie/conda/base/bin/python /home/luolie/biopipeline/dimension-reduction/plantnet/methods/DeepLearning/scMAE/run.py --data_path /home/luolie/biopipeline/dimension-reduction/plantnet/data/processed_scmae/Tosches.h5ad --save_dir results/formal/scmae_11datasets/Tosches/scmae__seed3407__20260609_212145 --n_clusters 15 --seed 3407 --epochs 200 --gpu 1,eval_fixed.csv,0.629661380197171,0.7438080269027455,0.5275274606723767,0.6747203933139618,0.6747203933139618,0.606281705824831,0.7438080269027454,0.7841323109861997,0.7074282752460244,,15,,,,,,,,,,,,,,,"{""markers"": [""args.json"", ""command.txt"", ""eval_fixed.csv"", ""metrics.json"", ""run.log"", ""status.json"", ""summary.json""]}"
PB000426,true,,run_artifact,run,canonical/scmae_11datasets_20260609_12,scmae_11datasets_20260609_12,,,Tosches,scmae,scmae,scmae,42,success,0,,,,,,,/data/luolie/biopipeline/dimension-reduction/plantnet/results/canonical/scmae_11datasets_20260609_12/Tosches/scmae__seed42__20260609_211815,/data/luolie/biopipeline/dimension-reduction/plantnet/results/canonical/scmae_11datasets_20260609_12/Tosches/scmae__seed42__20260609_211815,/data/luolie/biopipeline/dimension-reduction/plantnet/results/canonical/scmae_11datasets_20260609_12/Tosches/scmae__seed42__20260609_211815/metrics.json,/data/luolie/biopipeline/dimension-reduction/plantnet/results/canonical/scmae_11datasets_20260609_12/Tosches/scmae__seed42__20260609_211815/summary.json,/data/luolie/biopipeline/dimension-reduction/plantnet/results/canonical/scmae_11datasets_20260609_12/Tosches/scmae__seed42__20260609_211815/eval_fixed.csv,/data/luolie/biopipeline/dimension-reduction/plantnet/results/canonical/scmae_11datasets_20260609_12/Tosches/scmae__seed42__20260609_211815/args.json,/data/luolie/biopipeline/dimension-reduction/plantnet/results/canonical/scmae_11datasets_20260609_12/Tosches/scmae__seed42__20260609_211815/status.json,a2853144ac27014d58c0852c5242fc9fa77e95a5,refactor/minimal-method-isolation-and-neighbormix-ablations,1,91.7,91.7,/data/luolie/conda/base/bin/python /home/luolie/biopipeline/dimension-reduction/plantnet/methods/DeepLearning/scMAE/run.py --data_path /home/luolie/biopipeline/dimension-reduction/plantnet/data/processed_scmae/Tosches.h5ad --save_dir results/formal/scmae_11datasets/Tosches/scmae__seed42__20260609_211815 --n_clusters 15 --seed 42 --epochs 200 --gpu 1,eval_fixed.csv,0.7737891127303901,0.7743481227902873,0.7588060054720188,0.7610984769037229,0.7610984769037229,0.7999952631920837,0.7743481227902875,0.7947343916697607,0.7549815801401706,,15,,,,,,,,,,,,,,,"{""markers"": [""args.json"", ""command.txt"", ""eval_fixed.csv"", ""metrics.json"", ""run.log"", ""status.json"", ""summary.json""]}"
PB000427,true,,run_artifact,run,canonical/scmae_11datasets_20260609_12,scmae_11datasets_20260609_12,,,Tosches,scname,scname,scname,2024,success,0,,,,,,,/data/luolie/biopipeline/dimension-reduction/plantnet/results/canonical/scmae_11datasets_20260609_12/Tosches/scname__seed2024__20260610_144315,/data/luolie/biopipeline/dimension-reduction/plantnet/results/canonical/scmae_11datasets_20260609_12/Tosches/scname__seed2024__20260610_144315,/data/luolie/biopipeline/dimension-reduction/plantnet/results/canonical/scmae_11datasets_20260609_12/Tosches/scname__seed2024__20260610_144315/metrics.json,,,/data/luolie/biopipeline/dimension-reduction/plantnet/results/canonical/scmae_11datasets_20260609_12/Tosches/scname__seed2024__20260610_144315/args.json,/data/luolie/biopipeline/dimension-reduction/plantnet/results/canonical/scmae_11datasets_20260609_12/Tosches/scname__seed2024__20260610_144315/status.json,cc4a3f022b1612f7b3af795f49894bec9489fe5c,refactor/minimal-method-isolation-and-neighbormix-ablations,5,5697.8,5697.8,/data/luolie/conda/envs/scssl_bench_py310/bin/python /home/luolie/biopipeline/dimension-reduction/plantnet/methods/DeepLearning/scNAME/run.py --data_path /home/luolie/biopipeline/dimension-reduction/plantnet/data/processed_scmae/Tosches.h5ad --save_dir /home/luolie/biopipeline/dimension-reduction/plantnet/results/formal/scmae_11datasets/Tosches/scname__seed2024__20260610_144315 --n_clusters 15 --seed 2024 --epochs 200 --gpu 5,metrics.json:top_level,0.7287826832404629,0.7574118388227036,0.6694987559323556,0.4981632952846393,0.4981632952846393,0.7599418533817804,0.7574118388227037,0.6672734218072799,0.8757063515681953,,,,,,,,,,,,,,,,,"{""markers"": [""args.json"", ""command.txt"", ""metrics.json"", ""run.log"", ""status.json""]}"
PB000428,true,,run_artifact,run,canonical/scmae_11datasets_20260609_12,scmae_11datasets_20260609_12,,,Tosches,scname,scname,scname,3407,success,,,,,,,,/data/luolie/biopipeline/dimension-reduction/plantnet/results/canonical/scmae_11datasets_20260609_12/Tosches/scname__seed3407__20260610_161831,/data/luolie/biopipeline/dimension-reduction/plantnet/results/canonical/scmae_11datasets_20260609_12/Tosches/scname__seed3407__20260610_161831,/data/luolie/biopipeline/dimension-reduction/plantnet/results/canonical/scmae_11datasets_20260609_12/Tosches/scname__seed3407__20260610_161831/metrics.json,,,/data/luolie/biopipeline/dimension-reduction/plantnet/results/canonical/scmae_11datasets_20260609_12/Tosches/scname__seed3407__20260610_161831/args.json,/data/luolie/biopipeline/dimension-reduction/plantnet/results/canonical/scmae_11datasets_20260609_12/Tosches/scname__seed3407__20260610_161831/status.json,,,5,,,,metrics.json:top_level,0.6774539219888556,0.7392896985612545,0.6169892669452759,0.46275621235253606,0.46275621235253606,0.7321027272159427,0.7392896985612546,0.6155842076066085,0.9252180423219426,,,,,,,,,,,,,,,,,"{""markers"": [""args.json"", ""command.txt"", ""metrics.json"", ""status.json""]}"
PB000429,true,,run_artifact,run,canonical/scmae_11datasets_20260609_12,scmae_11datasets_20260609_12,,,Tosches,scname,scname,scname,42,success,0,,,,,,,/data/luolie/biopipeline/dimension-reduction/plantnet/results/canonical/scmae_11datasets_20260609_12/Tosches/scname__seed42__20260610_130047,/data/luolie/biopipeline/dimension-reduction/plantnet/results/canonical/scmae_11datasets_20260609_12/Tosches/scname__seed42__20260610_130047,/data/luolie/biopipeline/dimension-reduction/plantnet/results/canonical/scmae_11datasets_20260609_12/Tosches/scname__seed42__20260610_130047/metrics.json,,,/data/luolie/biopipeline/dimension-reduction/plantnet/results/canonical/scmae_11datasets_20260609_12/Tosches/scname__seed42__20260610_130047/args.json,/data/luolie/biopipeline/dimension-reduction/plantnet/results/canonical/scmae_11datasets_20260609_12/Tosches/scname__seed42__20260610_130047/status.json,cc4a3f022b1612f7b3af795f49894bec9489fe5c,refactor/minimal-method-isolation-and-neighbormix-ablations,5,6124.4,6124.4,/data/luolie/conda/envs/scssl_bench_py310/bin/python /home/luolie/biopipeline/dimension-reduction/plantnet/methods/DeepLearning/scNAME/run.py --data_path /home/luolie/biopipeline/dimension-reduction/plantnet/data/processed_scmae/Tosches.h5ad --save_dir /home/luolie/biopipeline/dimension-reduction/plantnet/results/formal/scmae_11datasets/Tosches/scname__seed42__20260610_130047 --n_clusters 15 --seed 42 --epochs 200 --gpu 5,metrics.json:top_level,0.751553793399057,0.7847154484741381,0.7360608300147352,0.526283047707003,0.526283047707003,0.8029542731821141,0.7847154484741381,0.7030435794804091,0.887856895410849,,,,,,,,,,,,,,,,,"{""markers"": [""args.json"", ""command.txt"", ""metrics.json"", ""run.log"", ""status.json""]}"
PB000430,true,,run_artifact,run,canonical/scmae_11datasets_20260609_12,scmae_11datasets_20260609_12,,,Tosches,sczidesk,sczidesk,sczidesk,2024,success,0,,,,,,,/data/luolie/biopipeline/dimension-reduction/plantnet/results/canonical/scmae_11datasets_20260609_12/Tosches/sczidesk__seed2024__20260610_090049,/data/luolie/biopipeline/dimension-reduction/plantnet/results/canonical/scmae_11datasets_20260609_12/Tosches/sczidesk__seed2024__20260610_090049,/data/luolie/biopipeline/dimension-reduction/plantnet/results/canonical/scmae_11datasets_20260609_12/Tosches/sczidesk__seed2024__20260610_090049/metrics.json,,,/data/luolie/biopipeline/dimension-reduction/plantnet/results/canonical/scmae_11datasets_20260609_12/Tosches/sczidesk__seed2024__20260610_090049/args.json,/data/luolie/biopipeline/dimension-reduction/plantnet/results/canonical/scmae_11datasets_20260609_12/Tosches/sczidesk__seed2024__20260610_090049/status.json,cc4a3f022b1612f7b3af795f49894bec9489fe5c,refactor/minimal-method-isolation-and-neighbormix-ablations,6,3204.0,3204.0,/data/luolie/conda/envs/scssl_bench_py310/bin/python /home/luolie/biopipeline/dimension-reduction/plantnet/methods/DeepLearning/scziDesk/run.py --data_path /home/luolie/biopipeline/dimension-reduction/plantnet/data/processed_scmae/Tosches.h5ad --save_dir /home/luolie/biopipeline/dimension-reduction/plantnet/results/formal/scmae_11datasets/Tosches/sczidesk__seed2024__20260610_090049 --n_clusters 15 --seed 2024 --epochs 200 --gpu 6,metrics.json:top_level,0.7569117016716674,0.7680668624006485,0.7776410811102806,0.5488436211323667,0.5488436211323667,0.8215668025331023,0.7680668624006484,0.722529401585491,0.8197304237278221,,,,,,,,,,,,,,,,,"{""markers"": [""args.json"", ""command.txt"", ""metrics.json"", ""run.log"", ""status.json""]}"
PB000431,true,,run_artifact,run,canonical/scmae_11datasets_20260609_12,scmae_11datasets_20260609_12,,,Tosches,sczidesk,sczidesk,sczidesk,3407,success,0,,,,,,,/data/luolie/biopipeline/dimension-reduction/plantnet/results/canonical/scmae_11datasets_20260609_12/Tosches/sczidesk__seed3407__20260610_095430,/data/luolie/biopipeline/dimension-reduction/plantnet/results/canonical/scmae_11datasets_20260609_12/Tosches/sczidesk__seed3407__20260610_095430,/data/luolie/biopipeline/dimension-reduction/plantnet/results/canonical/scmae_11datasets_20260609_12/Tosches/sczidesk__seed3407__20260610_095430/metrics.json,,,/data/luolie/biopipeline/dimension-reduction/plantnet/results/canonical/scmae_11datasets_20260609_12/Tosches/sczidesk__seed3407__20260610_095430/args.json,/data/luolie/biopipeline/dimension-reduction/plantnet/results/canonical/scmae_11datasets_20260609_12/Tosches/sczidesk__seed3407__20260610_095430/status.json,cc4a3f022b1612f7b3af795f49894bec9489fe5c,refactor/minimal-method-isolation-and-neighbormix-ablations,6,2634.6,2634.6,/data/luolie/conda/envs/scssl_bench_py310/bin/python /home/luolie/biopipeline/dimension-reduction/plantnet/methods/DeepLearning/scziDesk/run.py --data_path /home/luolie/biopipeline/dimension-reduction/plantnet/data/processed_scmae/Tosches.h5ad --save_dir /home/luolie/biopipeline/dimension-reduction/plantnet/results/formal/scmae_11datasets/Tosches/sczidesk__seed3407__20260610_095430 --n_clusters 15 --seed 3407 --epochs 200 --gpu 6,metrics.json:top_level,0.7052078868409772,0.7445286286852915,0.627804111055155,0.5514335102361105,0.5514335102361105,0.7327481854531477,0.7445286286852915,0.6492976421876974,0.8724955349361122,,,,,,,,,,,,,,,,,"{""markers"": [""args.json"", ""command.txt"", ""metrics.json"", ""run.log"", ""status.json""]}"
PB000432,true,,run_artifact,run,canonical/scmae_11datasets_20260609_12,scmae_11datasets_20260609_12,,,Tosches,sczidesk,sczidesk,sczidesk,42,success,0,,,,,,,/data/luolie/biopipeline/dimension-reduction/plantnet/results/canonical/scmae_11datasets_20260609_12/Tosches/sczidesk__seed42__20260610_081211,/data/luolie/biopipeline/dimension-reduction/plantnet/results/canonical/scmae_11datasets_20260609_12/Tosches/sczidesk__seed42__20260610_081211,/data/luolie/biopipeline/dimension-reduction/plantnet/results/canonical/scmae_11datasets_20260609_12/Tosches/sczidesk__seed42__20260610_081211/metrics.json,,,/data/luolie/biopipeline/dimension-reduction/plantnet/results/canonical/scmae_11datasets_20260609_12/Tosches/sczidesk__seed42__20260610_081211/args.json,/data/luolie/biopipeline/dimension-reduction/plantnet/results/canonical/scmae_11datasets_20260609_12/Tosches/sczidesk__seed42__20260610_081211/status.json,cc4a3f022b1612f7b3af795f49894bec9489fe5c,refactor/minimal-method-isolation-and-neighbormix-ablations,6,2899.0,2899.0,/data/luolie/conda/envs/scssl_bench_py310/bin/python /home/luolie/biopipeline/dimension-reduction/plantnet/methods/DeepLearning/scziDesk/run.py --data_path /home/luolie/biopipeline/dimension-reduction/plantnet/data/processed_scmae/Tosches.h5ad --save_dir /home/luolie/biopipeline/dimension-reduction/plantnet/results/formal/scmae_11datasets/Tosches/sczidesk__seed42__20260610_081211 --n_clusters 15 --seed 42 --epochs 200 --gpu 6,metrics.json:top_level,0.5469352764680668,0.7080003414477667,0.43605411634965413,0.5040986801425213,0.5040986801425213,0.5496123082441097,0.7080003414477667,0.6625160886151485,0.7601903009741661,,,,,,,,,,,,,,,,,"{""markers"": [""args.json"", ""command.txt"", ""metrics.json"", ""run.log"", ""status.json""]}"
PB000433,true,,run_artifact,run,canonical/scmae_11datasets_20260609_12,scmae_11datasets_20260609_12,,,Young,attentionae_sc,attentionae_sc,attentionae_sc,2024,success,0,,,,,,,/data/luolie/biopipeline/dimension-reduction/plantnet/results/canonical/scmae_11datasets_20260609_12/Young/attentionae_sc__seed2024__20260610_122055,/data/luolie/biopipeline/dimension-reduction/plantnet/results/canonical/scmae_11datasets_20260609_12/Young/attentionae_sc__seed2024__20260610_122055,/data/luolie/biopipeline/dimension-reduction/plantnet/results/canonical/scmae_11datasets_20260609_12/Young/attentionae_sc__seed2024__20260610_122055/metrics.json,,,/data/luolie/biopipeline/dimension-reduction/plantnet/results/canonical/scmae_11datasets_20260609_12/Young/attentionae_sc__seed2024__20260610_122055/args.json,/data/luolie/biopipeline/dimension-reduction/plantnet/results/canonical/scmae_11datasets_20260609_12/Young/attentionae_sc__seed2024__20260610_122055/status.json,cc4a3f022b1612f7b3af795f49894bec9489fe5c,refactor/minimal-method-isolation-and-neighbormix-ablations,6,292.6,292.6,/data/luolie/conda/envs/scclubench-main/bin/python /home/luolie/biopipeline/dimension-reduction/plantnet/methods/GNN/AttentionAE_sc/run.py --data_path /home/luolie/biopipeline/dimension-reduction/plantnet/data/processed_scmae/Young.h5ad --save_dir /home/luolie/biopipeline/dimension-reduction/plantnet/results/formal/scmae_11datasets/Young/attentionae_sc__seed2024__20260610_122055 --n_clusters 11 --seed 2024 --epochs 200 --gpu 6,metrics.json:top_level,0.6353562005277045,0.6045066818248848,0.38042694970916563,0.4433492806345218,0.4433492806345218,0.5375104653940325,0.6045066818248847,0.5244098094991336,0.7134818893041501,,,,,,,,,,,,,,,,,"{""markers"": [""args.json"", ""command.txt"", ""metrics.json"", ""run.log"", ""status.json""]}"
PB000434,true,,run_artifact,run,canonical/scmae_11datasets_20260609_12,scmae_11datasets_20260609_12,,,Young,attentionae_sc,attentionae_sc,attentionae_sc,3407,success,0,,,,,,,/data/luolie/biopipeline/dimension-reduction/plantnet/results/canonical/scmae_11datasets_20260609_12/Young/attentionae_sc__seed3407__20260610_122555,/data/luolie/biopipeline/dimension-reduction/plantnet/results/canonical/scmae_11datasets_20260609_12/Young/attentionae_sc__seed3407__20260610_122555,/data/luolie/biopipeline/dimension-reduction/plantnet/results/canonical/scmae_11datasets_20260609_12/Young/attentionae_sc__seed3407__20260610_122555/metrics.json,,,/data/luolie/biopipeline/dimension-reduction/plantnet/results/canonical/scmae_11datasets_20260609_12/Young/attentionae_sc__seed3407__20260610_122555/args.json,/data/luolie/biopipeline/dimension-reduction/plantnet/results/canonical/scmae_11datasets_20260609_12/Young/attentionae_sc__seed3407__20260610_122555/status.json,cc4a3f022b1612f7b3af795f49894bec9489fe5c,refactor/minimal-method-isolation-and-neighbormix-ablations,6,246.1,246.1,/data/luolie/conda/envs/scclubench-main/bin/python /home/luolie/biopipeline/dimension-reduction/plantnet/methods/GNN/AttentionAE_sc/run.py --data_path /home/luolie/biopipeline/dimension-reduction/plantnet/data/processed_scmae/Young.h5ad --save_dir /home/luolie/biopipeline/dimension-reduction/plantnet/results/formal/scmae_11datasets/Young/attentionae_sc__seed3407__20260610_122555 --n_clusters 11 --seed 3407 --epochs 200 --gpu 6,metrics.json:top_level,0.548636763412489,0.5132993776343426,0.3556747487306735,0.20336031862177248,0.20336031862177248,0.5668400866064478,0.5132993776343425,0.3751195321588335,0.8126482527722798,,,,,,,,,,,,,,,,,"{""markers"": [""args.json"", ""command.txt"", ""metrics.json"", ""run.log"", ""status.json""]}"
PB000435,true,,run_artifact,run,canonical/scmae_11datasets_20260609_12,scmae_11datasets_20260609_12,,,Young,attentionae_sc,attentionae_sc,attentionae_sc,42,success,0,,,,,,,/data/luolie/biopipeline/dimension-reduction/plantnet/results/canonical/scmae_11datasets_20260609_12/Young/attentionae_sc__seed42__20260610_121812,/data/luolie/biopipeline/dimension-reduction/plantnet/results/canonical/scmae_11datasets_20260609_12/Young/attentionae_sc__seed42__20260610_121812,/data/luolie/biopipeline/dimension-reduction/plantnet/results/canonical/scmae_11datasets_20260609_12/Young/attentionae_sc__seed42__20260610_121812/metrics.json,,,/data/luolie/biopipeline/dimension-reduction/plantnet/results/canonical/scmae_11datasets_20260609_12/Young/attentionae_sc__seed42__20260610_121812/args.json,/data/luolie/biopipeline/dimension-reduction/plantnet/results/canonical/scmae_11datasets_20260609_12/Young/attentionae_sc__seed42__20260610_121812/status.json,cc4a3f022b1612f7b3af795f49894bec9489fe5c,refactor/minimal-method-isolation-and-neighbormix-ablations,6,154.9,154.9,/data/luolie/conda/envs/scclubench-main/bin/python /home/luolie/biopipeline/dimension-reduction/plantnet/methods/GNN/AttentionAE_sc/run.py --data_path /home/luolie/biopipeline/dimension-reduction/plantnet/data/processed_scmae/Young.h5ad --save_dir /home/luolie/biopipeline/dimension-reduction/plantnet/results/formal/scmae_11datasets/Young/attentionae_sc__seed42__20260610_121812 --n_clusters 11 --seed 42 --epochs 200 --gpu 6,metrics.json:top_level,0.5438874230430959,0.5100871706514167,0.34803157593401685,0.19896429928914172,0.19896429928914172,0.56240947875285,0.5100871706514167,0.3710131052199056,0.8159429533246154,,,,,,,,,,,,,,,,,"{""markers"": [""args.json"", ""command.txt"", ""metrics.json"", ""run.log"", ""status.json""]}"
PB000436,true,,run_artifact,run,canonical/scmae_11datasets_20260609_12,scmae_11datasets_20260609_12,,,Young,dec,dec,dec,2024,success,0,,,,,,,/data/luolie/biopipeline/dimension-reduction/plantnet/results/canonical/scmae_11datasets_20260609_12/Young/dec__seed2024__20260610_014931,/data/luolie/biopipeline/dimension-reduction/plantnet/results/canonical/scmae_11datasets_20260609_12/Young/dec__seed2024__20260610_014931,/data/luolie/biopipeline/dimension-reduction/plantnet/results/canonical/scmae_11datasets_20260609_12/Young/dec__seed2024__20260610_014931/metrics.json,,,/data/luolie/biopipeline/dimension-reduction/plantnet/results/canonical/scmae_11datasets_20260609_12/Young/dec__seed2024__20260610_014931/args.json,/data/luolie/biopipeline/dimension-reduction/plantnet/results/canonical/scmae_11datasets_20260609_12/Young/dec__seed2024__20260610_014931/status.json,cc4a3f022b1612f7b3af795f49894bec9489fe5c,refactor/minimal-method-isolation-and-neighbormix-ablations,6,45.5,45.5,/data/luolie/conda/base/bin/python /home/luolie/biopipeline/dimension-reduction/plantnet/methods/DeepLearning/dec/run.py --data_path /home/luolie/biopipeline/dimension-reduction/plantnet/data/processed_scmae/Young.h5ad --save_dir /home/luolie/biopipeline/dimension-reduction/plantnet/results/formal/scmae_11datasets/Young/dec__seed2024__20260610_014931 --n_clusters 11 --seed 2024 --epochs 200 --pretrain_epochs 200 --gpu 6,metrics.json:top_level,0.43289357959542657,0.49244375203693663,0.2734461010577271,0.2646154747720318,0.2646154747720318,0.46200069360938545,0.4924437520369367,0.4076438168455164,0.6217917144149072,,,,,,,,,,,,,,,,,"{""markers"": [""args.json"", ""command.txt"", ""metrics.json"", ""run.log"", ""run_config.json"", ""status.json""]}"
PB000437,true,,run_artifact,run,canonical/scmae_11datasets_20260609_12,scmae_11datasets_20260609_12,,,Young,dec,dec,dec,3407,success,0,,,,,,,/data/luolie/biopipeline/dimension-reduction/plantnet/results/canonical/scmae_11datasets_20260609_12/Young/dec__seed3407__20260610_015022,/data/luolie/biopipeline/dimension-reduction/plantnet/results/canonical/scmae_11datasets_20260609_12/Young/dec__seed3407__20260610_015022,/data/luolie/biopipeline/dimension-reduction/plantnet/results/canonical/scmae_11datasets_20260609_12/Young/dec__seed3407__20260610_015022/metrics.json,,,/data/luolie/biopipeline/dimension-reduction/plantnet/results/canonical/scmae_11datasets_20260609_12/Young/dec__seed3407__20260610_015022/args.json,/data/luolie/biopipeline/dimension-reduction/plantnet/results/canonical/scmae_11datasets_20260609_12/Young/dec__seed3407__20260610_015022/status.json,cc4a3f022b1612f7b3af795f49894bec9489fe5c,refactor/minimal-method-isolation-and-neighbormix-ablations,6,45.2,45.2,/data/luolie/conda/base/bin/python /home/luolie/biopipeline/dimension-reduction/plantnet/methods/DeepLearning/dec/run.py --data_path /home/luolie/biopipeline/dimension-reduction/plantnet/data/processed_scmae/Young.h5ad --save_dir /home/luolie/biopipeline/dimension-reduction/plantnet/results/formal/scmae_11datasets/Young/dec__seed3407__20260610_015022 --n_clusters 11 --seed 3407 --epochs 200 --pretrain_epochs 200 --gpu 6,metrics.json:top_level,0.5087071240105541,0.5259299876519083,0.3887097719997336,0.23424784175792573,0.23424784175792573,0.5220186362419472,0.5259299876519083,0.4660363246853948,0.6034886299553096,,,,,,,,,,,,,,,,,"{""markers"": [""args.json"", ""command.txt"", ""metrics.json"", ""run.log"", ""run_config.json"", ""status.json""]}"
PB000438,true,,run_artifact,run,canonical/scmae_11datasets_20260609_12,scmae_11datasets_20260609_12,,,Young,dec,dec,dec,42,success,0,,,,,,,/data/luolie/biopipeline/dimension-reduction/plantnet/results/canonical/scmae_11datasets_20260609_12/Young/dec__seed42__20260610_121222,/data/luolie/biopipeline/dimension-reduction/plantnet/results/canonical/scmae_11datasets_20260609_12/Young/dec__seed42__20260610_121222,/data/luolie/biopipeline/dimension-reduction/plantnet/results/canonical/scmae_11datasets_20260609_12/Young/dec__seed42__20260610_121222/metrics.json,,,/data/luolie/biopipeline/dimension-reduction/plantnet/results/canonical/scmae_11datasets_20260609_12/Young/dec__seed42__20260610_121222/args.json,/data/luolie/biopipeline/dimension-reduction/plantnet/results/canonical/scmae_11datasets_20260609_12/Young/dec__seed42__20260610_121222/status.json,cc4a3f022b1612f7b3af795f49894bec9489fe5c,refactor/minimal-method-isolation-and-neighbormix-ablations,6,47.4,47.4,/data/luolie/conda/base/bin/python /home/luolie/biopipeline/dimension-reduction/plantnet/methods/DeepLearning/dec/run.py --data_path /home/luolie/biopipeline/dimension-reduction/plantnet/data/processed_scmae/Young.h5ad --save_dir /home/luolie/biopipeline/dimension-reduction/plantnet/results/formal/scmae_11datasets/Young/dec__seed42__20260610_121222 --n_clusters 11 --seed 42 --epochs 200 --pretrain_epochs 200 --gpu 6,metrics.json:top_level,0.4293755496921724,0.4652532615799054,0.2731099287939184,0.2003359063240073,0.2003359063240073,0.46090856678441416,0.4652532615799054,0.3906305712198631,0.575119034494847,,,,,,,,,,,,,,,,,"{""markers"": [""args.json"", ""command.txt"", ""metrics.json"", ""run.log"", ""run_config.json"", ""status.json""]}"
PB000439,true,,run_artifact,run,canonical/scmae_11datasets_20260609_12,scmae_11datasets_20260609_12,,,Young,desc,desc,desc,2024,success,0,,,,,,,/data/luolie/biopipeline/dimension-reduction/plantnet/results/canonical/scmae_11datasets_20260609_12/Young/desc__seed2024__20260612_011732,/data/luolie/biopipeline/dimension-reduction/plantnet/results/canonical/scmae_11datasets_20260609_12/Young/desc__seed2024__20260612_011732,/data/luolie/biopipeline/dimension-reduction/plantnet/results/canonical/scmae_11datasets_20260609_12/Young/desc__seed2024__20260612_011732/metrics.json,,,/data/luolie/biopipeline/dimension-reduction/plantnet/results/canonical/scmae_11datasets_20260609_12/Young/desc__seed2024__20260612_011732/args.json,/data/luolie/biopipeline/dimension-reduction/plantnet/results/canonical/scmae_11datasets_20260609_12/Young/desc__seed2024__20260612_011732/status.json,,,3,142.0,142.0,/data/luolie/conda/envs/scssl_bench_py310/bin/python /home/luolie/biopipeline/dimension-reduction/plantnet/methods/DeepLearning/desc/run.py --data_path /home/luolie/biopipeline/dimension-reduction/plantnet/data/processed_scmae/Young.h5ad --save_dir /home/luolie/biopipeline/dimension-reduction/plantnet/results/formal/scmae_11datasets/Young/desc__seed2024__20260612_011732 --n_clusters 11 --seed 2024 --epochs 200 --pretrain_epochs 200 --gpu 3,metrics.json:top_level,0.4747581354441513,0.5702865601251577,0.24156781725228377,0.36311790870367805,0.36311790870367805,0.37799003761119443,0.5702865601251575,0.5665843905291483,0.574037429286397,,,,,,,,,,,,,,,,,"{""markers"": [""args.json"", ""command.txt"", ""metrics.json"", ""run.log"", ""status.json""]}"
PB000440,true,,run_artifact,run,canonical/scmae_11datasets_20260609_12,scmae_11datasets_20260609_12,,,Young,desc,desc,desc,3407,success,0,,,,,,,/data/luolie/biopipeline/dimension-reduction/plantnet/results/canonical/scmae_11datasets_20260609_12/Young/desc__seed3407__20260612_011954,/data/luolie/biopipeline/dimension-reduction/plantnet/results/canonical/scmae_11datasets_20260609_12/Young/desc__seed3407__20260612_011954,/data/luolie/biopipeline/dimension-reduction/plantnet/results/canonical/scmae_11datasets_20260609_12/Young/desc__seed3407__20260612_011954/metrics.json,,,/data/luolie/biopipeline/dimension-reduction/plantnet/results/canonical/scmae_11datasets_20260609_12/Young/desc__seed3407__20260612_011954/args.json,/data/luolie/biopipeline/dimension-reduction/plantnet/results/canonical/scmae_11datasets_20260609_12/Young/desc__seed3407__20260612_011954/status.json,,,3,136.5,136.5,/data/luolie/conda/envs/scssl_bench_py310/bin/python /home/luolie/biopipeline/dimension-reduction/plantnet/methods/DeepLearning/desc/run.py --data_path /home/luolie/biopipeline/dimension-reduction/plantnet/data/processed_scmae/Young.h5ad --save_dir /home/luolie/biopipeline/dimension-reduction/plantnet/results/formal/scmae_11datasets/Young/desc__seed3407__20260612_011954 --n_clusters 11 --seed 3407 --epochs 200 --pretrain_epochs 200 --gpu 3,metrics.json:top_level,0.588566402814424,0.5958964538254797,0.32609824950448657,0.40697186114039,0.40697186114039,0.4606238816199573,0.5958964538254796,0.5695089733998872,0.6248479982117815,,,,,,,,,,,,,,,,,"{""markers"": [""args.json"", ""command.txt"", ""metrics.json"", ""run.log"", ""status.json""]}"
PB000441,true,,run_artifact,run,canonical/scmae_11datasets_20260609_12,scmae_11datasets_20260609_12,,,Young,desc,desc,desc,42,success,0,,,,,,,/data/luolie/biopipeline/dimension-reduction/plantnet/results/canonical/scmae_11datasets_20260609_12/Young/desc__seed42__20260612_011521,/data/luolie/biopipeline/dimension-reduction/plantnet/results/canonical/scmae_11datasets_20260609_12/Young/desc__seed42__20260612_011521,/data/luolie/biopipeline/dimension-reduction/plantnet/results/canonical/scmae_11datasets_20260609_12/Young/desc__seed42__20260612_011521/metrics.json,,,/data/luolie/biopipeline/dimension-reduction/plantnet/results/canonical/scmae_11datasets_20260609_12/Young/desc__seed42__20260612_011521/args.json,/data/luolie/biopipeline/dimension-reduction/plantnet/results/canonical/scmae_11datasets_20260609_12/Young/desc__seed42__20260612_011521/status.json,,,3,130.7,130.7,/data/luolie/conda/envs/scssl_bench_py310/bin/python /home/luolie/biopipeline/dimension-reduction/plantnet/methods/DeepLearning/desc/run.py --data_path /home/luolie/biopipeline/dimension-reduction/plantnet/data/processed_scmae/Young.h5ad --save_dir /home/luolie/biopipeline/dimension-reduction/plantnet/results/formal/scmae_11datasets/Young/desc__seed42__20260612_011521 --n_clusters 11 --seed 42 --epochs 200 --pretrain_epochs 200 --gpu 3,metrics.json:top_level,0.5908531222515392,0.6309512565057452,0.34272807365564717,0.47272702960581064,0.47272702960581064,0.460010257534198,0.6309512565057452,0.6271748529923661,0.6347734131758985,,,,,,,,,,,,,,,,,"{""markers"": [""args.json"", ""command.txt"", ""metrics.json"", ""run.log"", ""status.json""]}"
PB000442,true,,run_artifact,run,canonical/scmae_11datasets_20260609_12,scmae_11datasets_20260609_12,,,Young,leiden,leiden,leiden,2024,success,0,,,,,,,/data/luolie/biopipeline/dimension-reduction/plantnet/results/canonical/scmae_11datasets_20260609_12/Young/leiden__seed2024__20260610_015148,/data/luolie/biopipeline/dimension-reduction/plantnet/results/canonical/scmae_11datasets_20260609_12/Young/leiden__seed2024__20260610_015148,/data/luolie/biopipeline/dimension-reduction/plantnet/results/canonical/scmae_11datasets_20260609_12/Young/leiden__seed2024__20260610_015148/metrics.json,,,/data/luolie/biopipeline/dimension-reduction/plantnet/results/canonical/scmae_11datasets_20260609_12/Young/leiden__seed2024__20260610_015148/args.json,/data/luolie/biopipeline/dimension-reduction/plantnet/results/canonical/scmae_11datasets_20260609_12/Young/leiden__seed2024__20260610_015148/status.json,cc4a3f022b1612f7b3af795f49894bec9489fe5c,refactor/minimal-method-isolation-and-neighbormix-ablations,6,26.8,26.8,/data/luolie/conda/base/bin/python /home/luolie/biopipeline/dimension-reduction/plantnet/methods/Traditional/Leiden/run.py --data_path /home/luolie/biopipeline/dimension-reduction/plantnet/data/processed_scmae/Young.h5ad --save_dir /home/luolie/biopipeline/dimension-reduction/plantnet/results/formal/scmae_11datasets/Young/leiden__seed2024__20260610_015148 --n_clusters 11 --seed 2024,metrics.json:top_level,0.8309586631486368,0.6903958645484876,0.6447736870967122,0.852863986825243,0.852863986825243,0.706048659884699,0.6903958645484877,0.6771997845891842,0.7041164491907563,,,,,,,,,,,,,,,,,"{""markers"": [""args.json"", ""command.txt"", ""metrics.json"", ""run.log"", ""status.json""]}"
PB000443,true,,run_artifact,run,canonical/scmae_11datasets_20260609_12,scmae_11datasets_20260609_12,,,Young,leiden,leiden,leiden,3407,success,0,,,,,,,/data/luolie/biopipeline/dimension-reduction/plantnet/results/canonical/scmae_11datasets_20260609_12/Young/leiden__seed3407__20260610_015220,/data/luolie/biopipeline/dimension-reduction/plantnet/results/canonical/scmae_11datasets_20260609_12/Young/leiden__seed3407__20260610_015220,/data/luolie/biopipeline/dimension-reduction/plantnet/results/canonical/scmae_11datasets_20260609_12/Young/leiden__seed3407__20260610_015220/metrics.json,,,/data/luolie/biopipeline/dimension-reduction/plantnet/results/canonical/scmae_11datasets_20260609_12/Young/leiden__seed3407__20260610_015220/args.json,/data/luolie/biopipeline/dimension-reduction/plantnet/results/canonical/scmae_11datasets_20260609_12/Young/leiden__seed3407__20260610_015220/status.json,cc4a3f022b1612f7b3af795f49894bec9489fe5c,refactor/minimal-method-isolation-and-neighbormix-ablations,6,25.6,25.6,/data/luolie/conda/base/bin/python /home/luolie/biopipeline/dimension-reduction/plantnet/methods/Traditional/Leiden/run.py --data_path /home/luolie/biopipeline/dimension-reduction/plantnet/data/processed_scmae/Young.h5ad --save_dir /home/luolie/biopipeline/dimension-reduction/plantnet/results/formal/scmae_11datasets/Young/leiden__seed3407__20260610_015220 --n_clusters 11 --seed 3407,metrics.json:top_level,0.7980650835532102,0.6664948444862745,0.62314932210878,0.7356385435492293,0.7356385435492293,0.6884115112704746,0.6664948444862746,0.6543980054761832,0.6790473373910684,,,,,,,,,,,,,,,,,"{""markers"": [""args.json"", ""command.txt"", ""metrics.json"", ""run.log"", ""status.json""]}"
PB000444,true,,run_artifact,run,canonical/scmae_11datasets_20260609_12,scmae_11datasets_20260609_12,,,Young,leiden,leiden,leiden,42,success,0,,,,,,,/data/luolie/biopipeline/dimension-reduction/plantnet/results/canonical/scmae_11datasets_20260609_12/Young/leiden__seed42__20260610_015113,/data/luolie/biopipeline/dimension-reduction/plantnet/results/canonical/scmae_11datasets_20260609_12/Young/leiden__seed42__20260610_015113,/data/luolie/biopipeline/dimension-reduction/plantnet/results/canonical/scmae_11datasets_20260609_12/Young/leiden__seed42__20260610_015113/metrics.json,,,/data/luolie/biopipeline/dimension-reduction/plantnet/results/canonical/scmae_11datasets_20260609_12/Young/leiden__seed42__20260610_015113/args.json,/data/luolie/biopipeline/dimension-reduction/plantnet/results/canonical/scmae_11datasets_20260609_12/Young/leiden__seed42__20260610_015113/status.json,cc4a3f022b1612f7b3af795f49894bec9489fe5c,refactor/minimal-method-isolation-and-neighbormix-ablations,6,30.0,30.0,/data/luolie/conda/base/bin/python /home/luolie/biopipeline/dimension-reduction/plantnet/methods/Traditional/Leiden/run.py --data_path /home/luolie/biopipeline/dimension-reduction/plantnet/data/processed_scmae/Young.h5ad --save_dir /home/luolie/biopipeline/dimension-reduction/plantnet/results/formal/scmae_11datasets/Young/leiden__seed42__20260610_015113 --n_clusters 11 --seed 42,metrics.json:top_level,0.8212840809146877,0.6896667434090243,0.645965875780315,0.7693963127392934,0.7693963127392934,0.7073716859930212,0.6896667434090245,0.674619115295971,0.7054009721900232,,,,,,,,,,,,,,,,,"{""markers"": [""args.json"", ""command.txt"", ""metrics.json"", ""run.log"", ""status.json""]}"
PB000445,true,,run_artifact,run,canonical/scmae_11datasets_20260609_12,scmae_11datasets_20260609_12,,,Young,louvain,louvain,louvain,2024,success,0,,,,,,,/data/luolie/biopipeline/dimension-reduction/plantnet/results/canonical/scmae_11datasets_20260609_12/Young/louvain__seed2024__20260610_015328,/data/luolie/biopipeline/dimension-reduction/plantnet/results/canonical/scmae_11datasets_20260609_12/Young/louvain__seed2024__20260610_015328,/data/luolie/biopipeline/dimension-reduction/plantnet/results/canonical/scmae_11datasets_20260609_12/Young/louvain__seed2024__20260610_015328/metrics.json,,,/data/luolie/biopipeline/dimension-reduction/plantnet/results/canonical/scmae_11datasets_20260609_12/Young/louvain__seed2024__20260610_015328/args.json,/data/luolie/biopipeline/dimension-reduction/plantnet/results/canonical/scmae_11datasets_20260609_12/Young/louvain__seed2024__20260610_015328/status.json,cc4a3f022b1612f7b3af795f49894bec9489fe5c,refactor/minimal-method-isolation-and-neighbormix-ablations,6,37.8,37.8,/data/luolie/conda/base/bin/python /home/luolie/biopipeline/dimension-reduction/plantnet/methods/Traditional/Louvain/run.py --data_path /home/luolie/biopipeline/dimension-reduction/plantnet/data/processed_scmae/Young.h5ad --save_dir /home/luolie/biopipeline/dimension-reduction/plantnet/results/formal/scmae_11datasets/Young/louvain__seed2024__20260610_015328 --n_clusters 11 --seed 2024,metrics.json:top_level,0.7361477572559367,0.6712460391280852,0.5616032136642809,0.7644137859791499,0.7644137859791499,0.6551378549444496,0.6712460391280852,0.6279328174799838,0.7209772295986928,,,,,,,,,,,,,,,,,"{""markers"": [""args.json"", ""command.txt"", ""metrics.json"", ""run.log"", ""status.json""]}"
PB000446,true,,run_artifact,run,canonical/scmae_11datasets_20260609_12,scmae_11datasets_20260609_12,,,Young,louvain,louvain,louvain,3407,success,0,,,,,,,/data/luolie/biopipeline/dimension-reduction/plantnet/results/canonical/scmae_11datasets_20260609_12/Young/louvain__seed3407__20260610_015410,/data/luolie/biopipeline/dimension-reduction/plantnet/results/canonical/scmae_11datasets_20260609_12/Young/louvain__seed3407__20260610_015410,/data/luolie/biopipeline/dimension-reduction/plantnet/results/canonical/scmae_11datasets_20260609_12/Young/louvain__seed3407__20260610_015410/metrics.json,,,/data/luolie/biopipeline/dimension-reduction/plantnet/results/canonical/scmae_11datasets_20260609_12/Young/louvain__seed3407__20260610_015410/args.json,/data/luolie/biopipeline/dimension-reduction/plantnet/results/canonical/scmae_11datasets_20260609_12/Young/louvain__seed3407__20260610_015410/status.json,cc4a3f022b1612f7b3af795f49894bec9489fe5c,refactor/minimal-method-isolation-and-neighbormix-ablations,6,35.0,35.0,/data/luolie/conda/base/bin/python /home/luolie/biopipeline/dimension-reduction/plantnet/methods/Traditional/Louvain/run.py --data_path /home/luolie/biopipeline/dimension-reduction/plantnet/data/processed_scmae/Young.h5ad --save_dir /home/luolie/biopipeline/dimension-reduction/plantnet/results/formal/scmae_11datasets/Young/louvain__seed3407__20260610_015410 --n_clusters 11 --seed 3407,metrics.json:top_level,0.7892700087950748,0.6524762949363726,0.5947807644527456,0.6561870226698446,0.6561870226698446,0.6676936461387005,0.6524762949363726,0.629763941417709,0.6768881778282878,,,,,,,,,,,,,,,,,"{""markers"": [""args.json"", ""command.txt"", ""metrics.json"", ""run.log"", ""status.json""]}"
PB000447,true,,run_artifact,run,canonical/scmae_11datasets_20260609_12,scmae_11datasets_20260609_12,,,Young,louvain,louvain,louvain,42,success,0,,,,,,,/data/luolie/biopipeline/dimension-reduction/plantnet/results/canonical/scmae_11datasets_20260609_12/Young/louvain__seed42__20260610_015251,/data/luolie/biopipeline/dimension-reduction/plantnet/results/canonical/scmae_11datasets_20260609_12/Young/louvain__seed42__20260610_015251,/data/luolie/biopipeline/dimension-reduction/plantnet/results/canonical/scmae_11datasets_20260609_12/Young/louvain__seed42__20260610_015251/metrics.json,,,/data/luolie/biopipeline/dimension-reduction/plantnet/results/canonical/scmae_11datasets_20260609_12/Young/louvain__seed42__20260610_015251/args.json,/data/luolie/biopipeline/dimension-reduction/plantnet/results/canonical/scmae_11datasets_20260609_12/Young/louvain__seed42__20260610_015251/status.json,cc4a3f022b1612f7b3af795f49894bec9489fe5c,refactor/minimal-method-isolation-and-neighbormix-ablations,6,32.3,32.3,/data/luolie/conda/base/bin/python /home/luolie/biopipeline/dimension-reduction/plantnet/methods/Traditional/Louvain/run.py --data_path /home/luolie/biopipeline/dimension-reduction/plantnet/data/processed_scmae/Young.h5ad --save_dir /home/luolie/biopipeline/dimension-reduction/plantnet/results/formal/scmae_11datasets/Young/louvain__seed42__20260610_015251 --n_clusters 11 --seed 42,metrics.json:top_level,0.6832014072119613,0.6245763122048452,0.5134875256237231,0.5688400983271408,0.5688400983271408,0.620016584118753,0.6245763122048453,0.5788243584355837,0.6781817630052088,,,,,,,,,,,,,,,,,"{""markers"": [""args.json"", ""command.txt"", ""metrics.json"", ""run.log"", ""status.json""]}"
PB000448,true,,run_artifact,run,canonical/scmae_11datasets_20260609_12,scmae_11datasets_20260609_12,,,Young,neighbormix_scmae,neighbormix_scmae,neighbormix_scmae,2024,success,0,,,,,,,/data/luolie/biopipeline/dimension-reduction/plantnet/results/canonical/scmae_11datasets_20260609_12/Young/neighbormix_scmae__seed2024__20260610_015613,/data/luolie/biopipeline/dimension-reduction/plantnet/results/canonical/scmae_11datasets_20260609_12/Young/neighbormix_scmae__seed2024__20260610_015613,/data/luolie/biopipeline/dimension-reduction/plantnet/results/canonical/scmae_11datasets_20260609_12/Young/neighbormix_scmae__seed2024__20260610_015613/metrics.json,/data/luolie/biopipeline/dimension-reduction/plantnet/results/canonical/scmae_11datasets_20260609_12/Young/neighbormix_scmae__seed2024__20260610_015613/summary.json,/data/luolie/biopipeline/dimension-reduction/plantnet/results/canonical/scmae_11datasets_20260609_12/Young/neighbormix_scmae__seed2024__20260610_015613/eval_fixed.csv,/data/luolie/biopipeline/dimension-reduction/plantnet/results/canonical/scmae_11datasets_20260609_12/Young/neighbormix_scmae__seed2024__20260610_015613/args.json,/data/luolie/biopipeline/dimension-reduction/plantnet/results/canonical/scmae_11datasets_20260609_12/Young/neighbormix_scmae__seed2024__20260610_015613/status.json,cc4a3f022b1612f7b3af795f49894bec9489fe5c,refactor/minimal-method-isolation-and-neighbormix-ablations,6,80.0,80.0,/data/luolie/conda/base/bin/python /home/luolie/biopipeline/dimension-reduction/plantnet/methods/DeepLearning/NeighborMix_scMAE/run.py --data_path /home/luolie/biopipeline/dimension-reduction/plantnet/data/processed_scmae/Young.h5ad --save_dir /home/luolie/biopipeline/dimension-reduction/plantnet/results/formal/scmae_11datasets/Young/neighbormix_scmae__seed2024__20260610_015613 --n_clusters 11 --seed 2024 --epochs 200 --gpu 6,eval_fixed.csv,0.8068601583113456,0.8139407329401749,0.7138731147267187,0.7679619191442509,0.7679619191442509,0.7589643135705718,0.813940732940175,0.8189824336274809,0.8089607264308958,,11,,,,,,,,,,,,,,,"{""markers"": [""args.json"", ""command.txt"", ""eval_fixed.csv"", ""metrics.json"", ""run.log"", ""status.json"", ""summary.json""]}"
PB000449,true,,run_artifact,run,canonical/scmae_11datasets_20260609_12,scmae_11datasets_20260609_12,,,Young,neighbormix_scmae,neighbormix_scmae,neighbormix_scmae,3407,success,0,,,,,,,/data/luolie/biopipeline/dimension-reduction/plantnet/results/canonical/scmae_11datasets_20260609_12/Young/neighbormix_scmae__seed3407__20260610_015739,/data/luolie/biopipeline/dimension-reduction/plantnet/results/canonical/scmae_11datasets_20260609_12/Young/neighbormix_scmae__seed3407__20260610_015739,/data/luolie/biopipeline/dimension-reduction/plantnet/results/canonical/scmae_11datasets_20260609_12/Young/neighbormix_scmae__seed3407__20260610_015739/metrics.json,/data/luolie/biopipeline/dimension-reduction/plantnet/results/canonical/scmae_11datasets_20260609_12/Young/neighbormix_scmae__seed3407__20260610_015739/summary.json,/data/luolie/biopipeline/dimension-reduction/plantnet/results/canonical/scmae_11datasets_20260609_12/Young/neighbormix_scmae__seed3407__20260610_015739/eval_fixed.csv,/data/luolie/biopipeline/dimension-reduction/plantnet/results/canonical/scmae_11datasets_20260609_12/Young/neighbormix_scmae__seed3407__20260610_015739/args.json,/data/luolie/biopipeline/dimension-reduction/plantnet/results/canonical/scmae_11datasets_20260609_12/Young/neighbormix_scmae__seed3407__20260610_015739/status.json,cc4a3f022b1612f7b3af795f49894bec9489fe5c,refactor/minimal-method-isolation-and-neighbormix-ablations,6,79.6,79.6,/data/luolie/conda/base/bin/python /home/luolie/biopipeline/dimension-reduction/plantnet/methods/DeepLearning/NeighborMix_scMAE/run.py --data_path /home/luolie/biopipeline/dimension-reduction/plantnet/data/processed_scmae/Young.h5ad --save_dir /home/luolie/biopipeline/dimension-reduction/plantnet/results/formal/scmae_11datasets/Young/neighbormix_scmae__seed3407__20260610_015739 --n_clusters 11 --seed 3407 --epochs 200 --gpu 6,eval_fixed.csv,0.8054529463500439,0.8098829042931162,0.7152636484660707,0.7639992564111016,0.7639992564111016,0.7600872827374282,0.809882904293116,0.8149306914737356,0.8048972654641524,,11,,,,,,,,,,,,,,,"{""markers"": [""args.json"", ""command.txt"", ""eval_fixed.csv"", ""metrics.json"", ""run.log"", ""status.json"", ""summary.json""]}"
PB000450,true,,run_artifact,run,canonical/scmae_11datasets_20260609_12,scmae_11datasets_20260609_12,,,Young,neighbormix_scmae,neighbormix_scmae,neighbormix_scmae,42,success,0,,,,,,,/data/luolie/biopipeline/dimension-reduction/plantnet/results/canonical/scmae_11datasets_20260609_12/Young/neighbormix_scmae__seed42__20260610_015451,/data/luolie/biopipeline/dimension-reduction/plantnet/results/canonical/scmae_11datasets_20260609_12/Young/neighbormix_scmae__seed42__20260610_015451,/data/luolie/biopipeline/dimension-reduction/plantnet/results/canonical/scmae_11datasets_20260609_12/Young/neighbormix_scmae__seed42__20260610_015451/metrics.json,/data/luolie/biopipeline/dimension-reduction/plantnet/results/canonical/scmae_11datasets_20260609_12/Young/neighbormix_scmae__seed42__20260610_015451/summary.json,/data/luolie/biopipeline/dimension-reduction/plantnet/results/canonical/scmae_11datasets_20260609_12/Young/neighbormix_scmae__seed42__20260610_015451/eval_fixed.csv,/data/luolie/biopipeline/dimension-reduction/plantnet/results/canonical/scmae_11datasets_20260609_12/Young/neighbormix_scmae__seed42__20260610_015451/args.json,/data/luolie/biopipeline/dimension-reduction/plantnet/results/canonical/scmae_11datasets_20260609_12/Young/neighbormix_scmae__seed42__20260610_015451/status.json,cc4a3f022b1612f7b3af795f49894bec9489fe5c,refactor/minimal-method-isolation-and-neighbormix-ablations,6,76.5,76.5,/data/luolie/conda/base/bin/python /home/luolie/biopipeline/dimension-reduction/plantnet/methods/DeepLearning/NeighborMix_scMAE/run.py --data_path /home/luolie/biopipeline/dimension-reduction/plantnet/data/processed_scmae/Young.h5ad --save_dir /home/luolie/biopipeline/dimension-reduction/plantnet/results/formal/scmae_11datasets/Young/neighbormix_scmae__seed42__20260610_015451 --n_clusters 11 --seed 42 --epochs 200 --gpu 6,eval_fixed.csv,0.8967458223394899,0.8723168537414957,0.8237425426226582,0.8783153278965817,0.8783153278965817,0.8524440337995194,0.8723168537414957,0.896833411074893,0.8491050375034286,,11,,,,,,,,,,,,,,,"{""markers"": [""args.json"", ""command.txt"", ""eval_fixed.csv"", ""metrics.json"", ""run.log"", ""status.json"", ""summary.json""]}"
PB000451,true,,run_artifact,run,canonical/scmae_11datasets_20260609_12,scmae_11datasets_20260609_12,,,Young,nm_scmae_nomix,nm_scmae_nomix,nm_scmae_nomix,2024,success,0,,,,,,,/data/luolie/biopipeline/dimension-reduction/plantnet/results/canonical/scmae_11datasets_20260609_12/Young/nm_scmae_nomix__seed2024__20260609_220219,/data/luolie/biopipeline/dimension-reduction/plantnet/results/canonical/scmae_11datasets_20260609_12/Young/nm_scmae_nomix__seed2024__20260609_220219,/data/luolie/biopipeline/dimension-reduction/plantnet/results/canonical/scmae_11datasets_20260609_12/Young/nm_scmae_nomix__seed2024__20260609_220219/metrics.json,/data/luolie/biopipeline/dimension-reduction/plantnet/results/canonical/scmae_11datasets_20260609_12/Young/nm_scmae_nomix__seed2024__20260609_220219/summary.json,/data/luolie/biopipeline/dimension-reduction/plantnet/results/canonical/scmae_11datasets_20260609_12/Young/nm_scmae_nomix__seed2024__20260609_220219/eval_fixed.csv,/data/luolie/biopipeline/dimension-reduction/plantnet/results/canonical/scmae_11datasets_20260609_12/Young/nm_scmae_nomix__seed2024__20260609_220219/args.json,/data/luolie/biopipeline/dimension-reduction/plantnet/results/canonical/scmae_11datasets_20260609_12/Young/nm_scmae_nomix__seed2024__20260609_220219/status.json,9be8800f960cf2191fee14ecafcdcbef8c0f88d9,refactor/minimal-method-isolation-and-neighbormix-ablations,1,48.8,48.8,/data/luolie/conda/base/bin/python /home/luolie/biopipeline/dimension-reduction/plantnet/methods/DeepLearning/NeighborMix_scMAE/run.py --data_path /home/luolie/biopipeline/dimension-reduction/plantnet/data/processed_scmae/Young.h5ad --save_dir results/formal/scmae_11datasets/Young/nm_scmae_nomix__seed2024__20260609_220219 --n_clusters 11 --seed 2024 --epochs 200 --gpu 1 --use_pseudo false --pseudo_weight 0 --neighbor_k 0 --mix_neighbors 0 --variant_name nm_scmae_nomix,eval_fixed.csv,0.8564643799472296,0.8367412944854559,0.7938762233479099,0.7310800409652373,0.7310800409652373,0.8272971808745483,0.8367412944854559,0.8674487257959242,0.808133601244423,,11,,,,,,,,,,,,,,,"{""markers"": [""args.json"", ""command.txt"", ""eval_fixed.csv"", ""metrics.json"", ""run.log"", ""status.json"", ""summary.json""]}"
PB000452,true,,run_artifact,run,canonical/scmae_11datasets_20260609_12,scmae_11datasets_20260609_12,,,Young,nm_scmae_nomix,nm_scmae_nomix,nm_scmae_nomix,3407,success,0,,,,,,,/data/luolie/biopipeline/dimension-reduction/plantnet/results/canonical/scmae_11datasets_20260609_12/Young/nm_scmae_nomix__seed3407__20260609_220314,/data/luolie/biopipeline/dimension-reduction/plantnet/results/canonical/scmae_11datasets_20260609_12/Young/nm_scmae_nomix__seed3407__20260609_220314,/data/luolie/biopipeline/dimension-reduction/plantnet/results/canonical/scmae_11datasets_20260609_12/Young/nm_scmae_nomix__seed3407__20260609_220314/metrics.json,/data/luolie/biopipeline/dimension-reduction/plantnet/results/canonical/scmae_11datasets_20260609_12/Young/nm_scmae_nomix__seed3407__20260609_220314/summary.json,/data/luolie/biopipeline/dimension-reduction/plantnet/results/canonical/scmae_11datasets_20260609_12/Young/nm_scmae_nomix__seed3407__20260609_220314/eval_fixed.csv,/data/luolie/biopipeline/dimension-reduction/plantnet/results/canonical/scmae_11datasets_20260609_12/Young/nm_scmae_nomix__seed3407__20260609_220314/args.json,/data/luolie/biopipeline/dimension-reduction/plantnet/results/canonical/scmae_11datasets_20260609_12/Young/nm_scmae_nomix__seed3407__20260609_220314/status.json,9be8800f960cf2191fee14ecafcdcbef8c0f88d9,refactor/minimal-method-isolation-and-neighbormix-ablations,1,49.7,49.7,/data/luolie/conda/base/bin/python /home/luolie/biopipeline/dimension-reduction/plantnet/methods/DeepLearning/NeighborMix_scMAE/run.py --data_path /home/luolie/biopipeline/dimension-reduction/plantnet/data/processed_scmae/Young.h5ad --save_dir results/formal/scmae_11datasets/Young/nm_scmae_nomix__seed3407__20260609_220314 --n_clusters 11 --seed 3407 --epochs 200 --gpu 1 --use_pseudo false --pseudo_weight 0 --neighbor_k 0 --mix_neighbors 0 --variant_name nm_scmae_nomix,eval_fixed.csv,0.8102022867194372,0.8144044378907417,0.7217285626384216,0.7675566115807407,0.7675566115807407,0.7655606273093787,0.8144044378907416,0.8193311705998417,0.8095366010565601,,11,,,,,,,,,,,,,,,"{""markers"": [""args.json"", ""command.txt"", ""eval_fixed.csv"", ""metrics.json"", ""run.log"", ""status.json"", ""summary.json""]}"
PB000453,true,,run_artifact,run,canonical/scmae_11datasets_20260609_12,scmae_11datasets_20260609_12,,,Young,nm_scmae_nomix,nm_scmae_nomix,nm_scmae_nomix,42,success,0,,,,,,,/data/luolie/biopipeline/dimension-reduction/plantnet/results/canonical/scmae_11datasets_20260609_12/Young/nm_scmae_nomix__seed42__20260609_220121,/data/luolie/biopipeline/dimension-reduction/plantnet/results/canonical/scmae_11datasets_20260609_12/Young/nm_scmae_nomix__seed42__20260609_220121,/data/luolie/biopipeline/dimension-reduction/plantnet/results/canonical/scmae_11datasets_20260609_12/Young/nm_scmae_nomix__seed42__20260609_220121/metrics.json,/data/luolie/biopipeline/dimension-reduction/plantnet/results/canonical/scmae_11datasets_20260609_12/Young/nm_scmae_nomix__seed42__20260609_220121/summary.json,/data/luolie/biopipeline/dimension-reduction/plantnet/results/canonical/scmae_11datasets_20260609_12/Young/nm_scmae_nomix__seed42__20260609_220121/eval_fixed.csv,/data/luolie/biopipeline/dimension-reduction/plantnet/results/canonical/scmae_11datasets_20260609_12/Young/nm_scmae_nomix__seed42__20260609_220121/args.json,/data/luolie/biopipeline/dimension-reduction/plantnet/results/canonical/scmae_11datasets_20260609_12/Young/nm_scmae_nomix__seed42__20260609_220121/status.json,9be8800f960cf2191fee14ecafcdcbef8c0f88d9,refactor/minimal-method-isolation-and-neighbormix-ablations,1,51.6,51.6,/data/luolie/conda/base/bin/python /home/luolie/biopipeline/dimension-reduction/plantnet/methods/DeepLearning/NeighborMix_scMAE/run.py --data_path /home/luolie/biopipeline/dimension-reduction/plantnet/data/processed_scmae/Young.h5ad --save_dir results/formal/scmae_11datasets/Young/nm_scmae_nomix__seed42__20260609_220121 --n_clusters 11 --seed 42 --epochs 200 --gpu 1 --use_pseudo false --pseudo_weight 0 --neighbor_k 0 --mix_neighbors 0 --variant_name nm_scmae_nomix,eval_fixed.csv,0.8022867194371153,0.8189444439959973,0.7218193378702025,0.7148334047356149,0.7148334047356149,0.7656441165501838,0.8189444439959972,0.8247348472982827,0.813234781815981,,11,,,,,,,,,,,,,,,"{""markers"": [""args.json"", ""command.txt"", ""eval_fixed.csv"", ""metrics.json"", ""run.log"", ""status.json"", ""summary.json""]}"
PB000454,true,,run_artifact,run,canonical/scmae_11datasets_20260609_12,scmae_11datasets_20260609_12,,,Young,sc3,sc3,sc3,2024,success,0,,,,,,,/data/luolie/biopipeline/dimension-reduction/plantnet/results/canonical/scmae_11datasets_20260609_12/Young/sc3__seed2024__20260610_015924,/data/luolie/biopipeline/dimension-reduction/plantnet/results/canonical/scmae_11datasets_20260609_12/Young/sc3__seed2024__20260610_015924,/data/luolie/biopipeline/dimension-reduction/plantnet/results/canonical/scmae_11datasets_20260609_12/Young/sc3__seed2024__20260610_015924/metrics.json,,,/data/luolie/biopipeline/dimension-reduction/plantnet/results/canonical/scmae_11datasets_20260609_12/Young/sc3__seed2024__20260610_015924/args.json,/data/luolie/biopipeline/dimension-reduction/plantnet/results/canonical/scmae_11datasets_20260609_12/Young/sc3__seed2024__20260610_015924/status.json,cc4a3f022b1612f7b3af795f49894bec9489fe5c,refactor/minimal-method-isolation-and-neighbormix-ablations,6,14.8,14.8,/data/luolie/conda/base/bin/python /home/luolie/biopipeline/dimension-reduction/plantnet/methods/Traditional/sc3/run.py --data_path /home/luolie/biopipeline/dimension-reduction/plantnet/data/processed_scmae/Young.h5ad --save_dir /home/luolie/biopipeline/dimension-reduction/plantnet/results/formal/scmae_11datasets/Young/sc3__seed2024__20260610_015924 --n_clusters 11 --seed 2024,metrics.json:top_level,0.18153034300791557,0.7321224849422383,0.6007190866391235,0.15203118365408566,0.15203118365408566,0.662873977102321,0.7321224849422382,0.7730712597231938,0.6952935157802754,,,,,,,,,,,,,,,,,"{""markers"": [""args.json"", ""command.txt"", ""metrics.json"", ""run.log"", ""status.json""]}"
PB000455,true,,run_artifact,run,canonical/scmae_11datasets_20260609_12,scmae_11datasets_20260609_12,,,Young,sc3,sc3,sc3,3407,success,0,,,,,,,/data/luolie/biopipeline/dimension-reduction/plantnet/results/canonical/scmae_11datasets_20260609_12/Young/sc3__seed3407__20260610_015944,/data/luolie/biopipeline/dimension-reduction/plantnet/results/canonical/scmae_11datasets_20260609_12/Young/sc3__seed3407__20260610_015944,/data/luolie/biopipeline/dimension-reduction/plantnet/results/canonical/scmae_11datasets_20260609_12/Young/sc3__seed3407__20260610_015944/metrics.json,,,/data/luolie/biopipeline/dimension-reduction/plantnet/results/canonical/scmae_11datasets_20260609_12/Young/sc3__seed3407__20260610_015944/args.json,/data/luolie/biopipeline/dimension-reduction/plantnet/results/canonical/scmae_11datasets_20260609_12/Young/sc3__seed3407__20260610_015944/status.json,cc4a3f022b1612f7b3af795f49894bec9489fe5c,refactor/minimal-method-isolation-and-neighbormix-ablations,6,15.1,15.1,/data/luolie/conda/base/bin/python /home/luolie/biopipeline/dimension-reduction/plantnet/methods/Traditional/sc3/run.py --data_path /home/luolie/biopipeline/dimension-reduction/plantnet/data/processed_scmae/Young.h5ad --save_dir /home/luolie/biopipeline/dimension-reduction/plantnet/results/formal/scmae_11datasets/Young/sc3__seed3407__20260610_015944 --n_clusters 11 --seed 3407,metrics.json:top_level,0.09832893579595427,0.745801772808792,0.6296469117303243,0.0006310015164134518,0.0006310015164134518,0.6881860701339171,0.745801772808792,0.7875438988689889,0.708261827987991,,,,,,,,,,,,,,,,,"{""markers"": [""args.json"", ""command.txt"", ""metrics.json"", ""run.log"", ""status.json""]}"
PB000456,true,,run_artifact,run,canonical/scmae_11datasets_20260609_12,scmae_11datasets_20260609_12,,,Young,sc3,sc3,sc3,42,success,0,,,,,,,/data/luolie/biopipeline/dimension-reduction/plantnet/results/canonical/scmae_11datasets_20260609_12/Young/sc3__seed42__20260610_015903,/data/luolie/biopipeline/dimension-reduction/plantnet/results/canonical/scmae_11datasets_20260609_12/Young/sc3__seed42__20260610_015903,/data/luolie/biopipeline/dimension-reduction/plantnet/results/canonical/scmae_11datasets_20260609_12/Young/sc3__seed42__20260610_015903/metrics.json,,,/data/luolie/biopipeline/dimension-reduction/plantnet/results/canonical/scmae_11datasets_20260609_12/Young/sc3__seed42__20260610_015903/args.json,/data/luolie/biopipeline/dimension-reduction/plantnet/results/canonical/scmae_11datasets_20260609_12/Young/sc3__seed42__20260610_015903/status.json,cc4a3f022b1612f7b3af795f49894bec9489fe5c,refactor/minimal-method-isolation-and-neighbormix-ablations,6,14.8,14.8,/data/luolie/conda/base/bin/python /home/luolie/biopipeline/dimension-reduction/plantnet/methods/Traditional/sc3/run.py --data_path /home/luolie/biopipeline/dimension-reduction/plantnet/data/processed_scmae/Young.h5ad --save_dir /home/luolie/biopipeline/dimension-reduction/plantnet/results/formal/scmae_11datasets/Young/sc3__seed42__20260610_015903 --n_clusters 11 --seed 42,metrics.json:top_level,0.0040457343887423045,0.7537690587968924,0.6285452467345193,0.009464208879068627,0.009464208879068627,0.6876873281468405,0.7537690587968925,0.7971881013928142,0.7148353772246733,,,,,,,,,,,,,,,,,"{""markers"": [""args.json"", ""command.txt"", ""metrics.json"", ""run.log"", ""status.json""]}"
PB000457,true,,run_artifact,run,canonical/scmae_11datasets_20260609_12,scmae_11datasets_20260609_12,,,Young,scdcc,scdcc,scdcc,2024,success,0,,,,,,,/data/luolie/biopipeline/dimension-reduction/plantnet/results/canonical/scmae_11datasets_20260609_12/Young/scdcc__seed2024__20260610_020251,/data/luolie/biopipeline/dimension-reduction/plantnet/results/canonical/scmae_11datasets_20260609_12/Young/scdcc__seed2024__20260610_020251,/data/luolie/biopipeline/dimension-reduction/plantnet/results/canonical/scmae_11datasets_20260609_12/Young/scdcc__seed2024__20260610_020251/metrics.json,,,/data/luolie/biopipeline/dimension-reduction/plantnet/results/canonical/scmae_11datasets_20260609_12/Young/scdcc__seed2024__20260610_020251/args.json,/data/luolie/biopipeline/dimension-reduction/plantnet/results/canonical/scmae_11datasets_20260609_12/Young/scdcc__seed2024__20260610_020251/status.json,cc4a3f022b1612f7b3af795f49894bec9489fe5c,refactor/minimal-method-isolation-and-neighbormix-ablations,6,167.1,167.1,/data/luolie/conda/base/bin/python /home/luolie/biopipeline/dimension-reduction/plantnet/methods/DeepLearning/scDCC/run.py --data_path /home/luolie/biopipeline/dimension-reduction/plantnet/data/processed_scmae/Young.h5ad --save_dir /home/luolie/biopipeline/dimension-reduction/plantnet/results/formal/scmae_11datasets/Young/scdcc__seed2024__20260610_020251 --n_clusters 11 --seed 2024 --epochs 200 --pretrain_epochs 200 --gpu 6,metrics.json:top_level,0.7748460861917327,0.7541783930688333,0.6110000160241714,0.7171638931088311,0.7171638931088311,0.6699807977060882,0.7541783930688333,0.7791766012866316,0.7307343504546194,,,,,,,,,,,,,,,,,"{""markers"": [""args.json"", ""command.txt"", ""metrics.json"", ""run.log"", ""run_config.json"", ""status.json""]}"
PB000458,true,,run_artifact,run,canonical/scmae_11datasets_20260609_12,scmae_11datasets_20260609_12,,,Young,scdcc,scdcc,scdcc,3407,success,0,,,,,,,/data/luolie/biopipeline/dimension-reduction/plantnet/results/canonical/scmae_11datasets_20260609_12/Young/scdcc__seed3407__20260610_020543,/data/luolie/biopipeline/dimension-reduction/plantnet/results/canonical/scmae_11datasets_20260609_12/Young/scdcc__seed3407__20260610_020543,/data/luolie/biopipeline/dimension-reduction/plantnet/results/canonical/scmae_11datasets_20260609_12/Young/scdcc__seed3407__20260610_020543/metrics.json,,,/data/luolie/biopipeline/dimension-reduction/plantnet/results/canonical/scmae_11datasets_20260609_12/Young/scdcc__seed3407__20260610_020543/args.json,/data/luolie/biopipeline/dimension-reduction/plantnet/results/canonical/scmae_11datasets_20260609_12/Young/scdcc__seed3407__20260610_020543/status.json,cc4a3f022b1612f7b3af795f49894bec9489fe5c,refactor/minimal-method-isolation-and-neighbormix-ablations,6,167.0,167.0,/data/luolie/conda/base/bin/python /home/luolie/biopipeline/dimension-reduction/plantnet/methods/DeepLearning/scDCC/run.py --data_path /home/luolie/biopipeline/dimension-reduction/plantnet/data/processed_scmae/Young.h5ad --save_dir /home/luolie/biopipeline/dimension-reduction/plantnet/results/formal/scmae_11datasets/Young/scdcc__seed3407__20260610_020543 --n_clusters 11 --seed 3407 --epochs 200 --pretrain_epochs 200 --gpu 6,metrics.json:top_level,0.816358839050132,0.8055400718824958,0.6969162413296441,0.7422560088051878,0.7422560088051878,0.7475566966529702,0.8055400718824957,0.8507061280878115,0.7649281756765807,,,,,,,,,,,,,,,,,"{""markers"": [""args.json"", ""command.txt"", ""metrics.json"", ""run.log"", ""run_config.json"", ""status.json""]}"
PB000459,true,,run_artifact,run,canonical/scmae_11datasets_20260609_12,scmae_11datasets_20260609_12,,,Young,scdcc,scdcc,scdcc,42,success,0,,,,,,,/data/luolie/biopipeline/dimension-reduction/plantnet/results/canonical/scmae_11datasets_20260609_12/Young/scdcc__seed42__20260610_020004,/data/luolie/biopipeline/dimension-reduction/plantnet/results/canonical/scmae_11datasets_20260609_12/Young/scdcc__seed42__20260610_020004,/data/luolie/biopipeline/dimension-reduction/plantnet/results/canonical/scmae_11datasets_20260609_12/Young/scdcc__seed42__20260610_020004/metrics.json,,,/data/luolie/biopipeline/dimension-reduction/plantnet/results/canonical/scmae_11datasets_20260609_12/Young/scdcc__seed42__20260610_020004/args.json,/data/luolie/biopipeline/dimension-reduction/plantnet/results/canonical/scmae_11datasets_20260609_12/Young/scdcc__seed42__20260610_020004/status.json,cc4a3f022b1612f7b3af795f49894bec9489fe5c,refactor/minimal-method-isolation-and-neighbormix-ablations,6,161.4,161.4,/data/luolie/conda/base/bin/python /home/luolie/biopipeline/dimension-reduction/plantnet/methods/DeepLearning/scDCC/run.py --data_path /home/luolie/biopipeline/dimension-reduction/plantnet/data/processed_scmae/Young.h5ad --save_dir /home/luolie/biopipeline/dimension-reduction/plantnet/results/formal/scmae_11datasets/Young/scdcc__seed42__20260610_020004 --n_clusters 11 --seed 42 --epochs 200 --pretrain_epochs 200 --gpu 6,metrics.json:top_level,0.8233948988566403,0.8247656783894138,0.7591404679775205,0.7185827536135543,0.7185827536135543,0.7983263998054941,0.8247656783894138,0.8581279053680255,0.7939004800341982,,,,,,,,,,,,,,,,,"{""markers"": [""args.json"", ""command.txt"", ""metrics.json"", ""run.log"", ""run_config.json"", ""status.json""]}"
PB000460,true,,run_artifact,run,canonical/scmae_11datasets_20260609_12,scmae_11datasets_20260609_12,,,Young,scmae,scmae,scmae,2024,success,0,,,,,,,/data/luolie/biopipeline/dimension-reduction/plantnet/results/canonical/scmae_11datasets_20260609_12/Young/scmae__seed2024__20260610_020916,/data/luolie/biopipeline/dimension-reduction/plantnet/results/canonical/scmae_11datasets_20260609_12/Young/scmae__seed2024__20260610_020916,/data/luolie/biopipeline/dimension-reduction/plantnet/results/canonical/scmae_11datasets_20260609_12/Young/scmae__seed2024__20260610_020916/metrics.json,/data/luolie/biopipeline/dimension-reduction/plantnet/results/canonical/scmae_11datasets_20260609_12/Young/scmae__seed2024__20260610_020916/summary.json,/data/luolie/biopipeline/dimension-reduction/plantnet/results/canonical/scmae_11datasets_20260609_12/Young/scmae__seed2024__20260610_020916/eval_fixed.csv,/data/luolie/biopipeline/dimension-reduction/plantnet/results/canonical/scmae_11datasets_20260609_12/Young/scmae__seed2024__20260610_020916/args.json,/data/luolie/biopipeline/dimension-reduction/plantnet/results/canonical/scmae_11datasets_20260609_12/Young/scmae__seed2024__20260610_020916/status.json,cc4a3f022b1612f7b3af795f49894bec9489fe5c,refactor/minimal-method-isolation-and-neighbormix-ablations,6,35.6,35.6,/data/luolie/conda/base/bin/python /home/luolie/biopipeline/dimension-reduction/plantnet/methods/DeepLearning/scMAE/run.py --data_path /home/luolie/biopipeline/dimension-reduction/plantnet/data/processed_scmae/Young.h5ad --save_dir /home/luolie/biopipeline/dimension-reduction/plantnet/results/formal/scmae_11datasets/Young/scmae__seed2024__20260610_020916 --n_clusters 11 --seed 2024 --epochs 200 --gpu 6,eval_fixed.csv,0.8564643799472296,0.8367412944854559,0.7938762233479099,0.7310800409652373,0.7310800409652373,0.8272971808745483,0.8367412944854559,0.8674487257959242,0.808133601244423,,11,,,,,,,,,,,,,,,"{""markers"": [""args.json"", ""command.txt"", ""eval_fixed.csv"", ""metrics.json"", ""run.log"", ""status.json"", ""summary.json""]}"
PB000461,true,,run_artifact,run,canonical/scmae_11datasets_20260609_12,scmae_11datasets_20260609_12,,,Young,scmae,scmae,scmae,3407,success,0,,,,,,,/data/luolie/biopipeline/dimension-reduction/plantnet/results/canonical/scmae_11datasets_20260609_12/Young/scmae__seed3407__20260610_020957,/data/luolie/biopipeline/dimension-reduction/plantnet/results/canonical/scmae_11datasets_20260609_12/Young/scmae__seed3407__20260610_020957,/data/luolie/biopipeline/dimension-reduction/plantnet/results/canonical/scmae_11datasets_20260609_12/Young/scmae__seed3407__20260610_020957/metrics.json,/data/luolie/biopipeline/dimension-reduction/plantnet/results/canonical/scmae_11datasets_20260609_12/Young/scmae__seed3407__20260610_020957/summary.json,/data/luolie/biopipeline/dimension-reduction/plantnet/results/canonical/scmae_11datasets_20260609_12/Young/scmae__seed3407__20260610_020957/eval_fixed.csv,/data/luolie/biopipeline/dimension-reduction/plantnet/results/canonical/scmae_11datasets_20260609_12/Young/scmae__seed3407__20260610_020957/args.json,/data/luolie/biopipeline/dimension-reduction/plantnet/results/canonical/scmae_11datasets_20260609_12/Young/scmae__seed3407__20260610_020957/status.json,cc4a3f022b1612f7b3af795f49894bec9489fe5c,refactor/minimal-method-isolation-and-neighbormix-ablations,6,35.5,35.5,/data/luolie/conda/base/bin/python /home/luolie/biopipeline/dimension-reduction/plantnet/methods/DeepLearning/scMAE/run.py --data_path /home/luolie/biopipeline/dimension-reduction/plantnet/data/processed_scmae/Young.h5ad --save_dir /home/luolie/biopipeline/dimension-reduction/plantnet/results/formal/scmae_11datasets/Young/scmae__seed3407__20260610_020957 --n_clusters 11 --seed 3407 --epochs 200 --gpu 6,eval_fixed.csv,0.8102022867194372,0.8144044378907417,0.7217285626384216,0.7675566115807407,0.7675566115807407,0.7655606273093787,0.8144044378907416,0.8193311705998417,0.8095366010565601,,11,,,,,,,,,,,,,,,"{""markers"": [""args.json"", ""command.txt"", ""eval_fixed.csv"", ""metrics.json"", ""run.log"", ""status.json"", ""summary.json""]}"
PB000462,true,,run_artifact,run,canonical/scmae_11datasets_20260609_12,scmae_11datasets_20260609_12,,,Young,scmae,scmae,scmae,42,success,0,,,,,,,/data/luolie/biopipeline/dimension-reduction/plantnet/results/canonical/scmae_11datasets_20260609_12/Young/scmae__seed42__20260610_020835,/data/luolie/biopipeline/dimension-reduction/plantnet/results/canonical/scmae_11datasets_20260609_12/Young/scmae__seed42__20260610_020835,/data/luolie/biopipeline/dimension-reduction/plantnet/results/canonical/scmae_11datasets_20260609_12/Young/scmae__seed42__20260610_020835/metrics.json,/data/luolie/biopipeline/dimension-reduction/plantnet/results/canonical/scmae_11datasets_20260609_12/Young/scmae__seed42__20260610_020835/summary.json,/data/luolie/biopipeline/dimension-reduction/plantnet/results/canonical/scmae_11datasets_20260609_12/Young/scmae__seed42__20260610_020835/eval_fixed.csv,/data/luolie/biopipeline/dimension-reduction/plantnet/results/canonical/scmae_11datasets_20260609_12/Young/scmae__seed42__20260610_020835/args.json,/data/luolie/biopipeline/dimension-reduction/plantnet/results/canonical/scmae_11datasets_20260609_12/Young/scmae__seed42__20260610_020835/status.json,cc4a3f022b1612f7b3af795f49894bec9489fe5c,refactor/minimal-method-isolation-and-neighbormix-ablations,6,35.4,35.4,/data/luolie/conda/base/bin/python /home/luolie/biopipeline/dimension-reduction/plantnet/methods/DeepLearning/scMAE/run.py --data_path /home/luolie/biopipeline/dimension-reduction/plantnet/data/processed_scmae/Young.h5ad --save_dir /home/luolie/biopipeline/dimension-reduction/plantnet/results/formal/scmae_11datasets/Young/scmae__seed42__20260610_020835 --n_clusters 11 --seed 42 --epochs 200 --gpu 6,eval_fixed.csv,0.8022867194371153,0.8189444439959973,0.7218193378702025,0.7148334047356149,0.7148334047356149,0.7656441165501838,0.8189444439959972,0.8247348472982827,0.813234781815981,,11,,,,,,,,,,,,,,,"{""markers"": [""args.json"", ""command.txt"", ""eval_fixed.csv"", ""metrics.json"", ""run.log"", ""status.json"", ""summary.json""]}"
PB000463,true,,run_artifact,run,canonical/scmae_11datasets_20260609_12,scmae_11datasets_20260609_12,,,Young,scname,scname,scname,2024,success,0,,,,,,,/data/luolie/biopipeline/dimension-reduction/plantnet/results/canonical/scmae_11datasets_20260609_12/Young/scname__seed2024__20260610_130147,/data/luolie/biopipeline/dimension-reduction/plantnet/results/canonical/scmae_11datasets_20260609_12/Young/scname__seed2024__20260610_130147,/data/luolie/biopipeline/dimension-reduction/plantnet/results/canonical/scmae_11datasets_20260609_12/Young/scname__seed2024__20260610_130147/metrics.json,,,/data/luolie/biopipeline/dimension-reduction/plantnet/results/canonical/scmae_11datasets_20260609_12/Young/scname__seed2024__20260610_130147/args.json,/data/luolie/biopipeline/dimension-reduction/plantnet/results/canonical/scmae_11datasets_20260609_12/Young/scname__seed2024__20260610_130147/status.json,cc4a3f022b1612f7b3af795f49894bec9489fe5c,refactor/minimal-method-isolation-and-neighbormix-ablations,6,1911.0,1911.0,/data/luolie/conda/envs/scssl_bench_py310/bin/python /home/luolie/biopipeline/dimension-reduction/plantnet/methods/DeepLearning/scNAME/run.py --data_path /home/luolie/biopipeline/dimension-reduction/plantnet/data/processed_scmae/Young.h5ad --save_dir /home/luolie/biopipeline/dimension-reduction/plantnet/results/formal/scmae_11datasets/Young/scname__seed2024__20260610_130147 --n_clusters 11 --seed 2024 --epochs 200 --gpu 6,metrics.json:top_level,0.7451187335092349,0.7161542864603343,0.6190890647694591,0.5890862066381304,0.5890862066381304,0.6780415185010111,0.7161542864603342,0.7261374940968639,0.7064418616844942,,,,,,,,,,,,,,,,,"{""markers"": [""args.json"", ""command.txt"", ""metrics.json"", ""run.log"", ""status.json""]}"
PB000464,true,,run_artifact,run,canonical/scmae_11datasets_20260609_12,scmae_11datasets_20260609_12,,,Young,scname,scname,scname,3407,success,0,,,,,,,/data/luolie/biopipeline/dimension-reduction/plantnet/results/canonical/scmae_11datasets_20260609_12/Young/scname__seed3407__20260610_133401,/data/luolie/biopipeline/dimension-reduction/plantnet/results/canonical/scmae_11datasets_20260609_12/Young/scname__seed3407__20260610_133401,/data/luolie/biopipeline/dimension-reduction/plantnet/results/canonical/scmae_11datasets_20260609_12/Young/scname__seed3407__20260610_133401/metrics.json,,,/data/luolie/biopipeline/dimension-reduction/plantnet/results/canonical/scmae_11datasets_20260609_12/Young/scname__seed3407__20260610_133401/args.json,/data/luolie/biopipeline/dimension-reduction/plantnet/results/canonical/scmae_11datasets_20260609_12/Young/scname__seed3407__20260610_133401/status.json,cc4a3f022b1612f7b3af795f49894bec9489fe5c,refactor/minimal-method-isolation-and-neighbormix-ablations,6,1970.7,1970.7,/data/luolie/conda/envs/scssl_bench_py310/bin/python /home/luolie/biopipeline/dimension-reduction/plantnet/methods/DeepLearning/scNAME/run.py --data_path /home/luolie/biopipeline/dimension-reduction/plantnet/data/processed_scmae/Young.h5ad --save_dir /home/luolie/biopipeline/dimension-reduction/plantnet/results/formal/scmae_11datasets/Young/scname__seed3407__20260610_133401 --n_clusters 11 --seed 3407 --epochs 200 --gpu 6,metrics.json:top_level,0.7190853122251539,0.7332246626588929,0.608591248923994,0.5800244129709973,0.5800244129709973,0.6726602020994011,0.7332246626588929,0.7216160790415497,0.7452128456874234,,,,,,,,,,,,,,,,,"{""markers"": [""args.json"", ""command.txt"", ""metrics.json"", ""run.log"", ""status.json""]}"
PB000465,true,,run_artifact,run,canonical/scmae_11datasets_20260609_12,scmae_11datasets_20260609_12,,,Young,scname,scname,scname,42,success,0,,,,,,,/data/luolie/biopipeline/dimension-reduction/plantnet/results/canonical/scmae_11datasets_20260609_12/Young/scname__seed42__20260610_123014,/data/luolie/biopipeline/dimension-reduction/plantnet/results/canonical/scmae_11datasets_20260609_12/Young/scname__seed42__20260610_123014,/data/luolie/biopipeline/dimension-reduction/plantnet/results/canonical/scmae_11datasets_20260609_12/Young/scname__seed42__20260610_123014/metrics.json,,,/data/luolie/biopipeline/dimension-reduction/plantnet/results/canonical/scmae_11datasets_20260609_12/Young/scname__seed42__20260610_123014/args.json,/data/luolie/biopipeline/dimension-reduction/plantnet/results/canonical/scmae_11datasets_20260609_12/Young/scname__seed42__20260610_123014/status.json,cc4a3f022b1612f7b3af795f49894bec9489fe5c,refactor/minimal-method-isolation-and-neighbormix-ablations,6,1874.0,1874.0,/data/luolie/conda/envs/scssl_bench_py310/bin/python /home/luolie/biopipeline/dimension-reduction/plantnet/methods/DeepLearning/scNAME/run.py --data_path /home/luolie/biopipeline/dimension-reduction/plantnet/data/processed_scmae/Young.h5ad --save_dir /home/luolie/biopipeline/dimension-reduction/plantnet/results/formal/scmae_11datasets/Young/scname__seed42__20260610_123014 --n_clusters 11 --seed 42 --epochs 200 --gpu 6,metrics.json:top_level,0.6372911169744943,0.7022576481070991,0.4972598452999029,0.550735266295222,0.550735266295222,0.5896383601364393,0.7022576481070991,0.689960382890247,0.7150012198378215,,,,,,,,,,,,,,,,,"{""markers"": [""args.json"", ""command.txt"", ""metrics.json"", ""run.log"", ""status.json""]}"
PB000466,true,,run_artifact,run,canonical/scmae_11datasets_20260609_12,scmae_11datasets_20260609_12,,,Young,sczidesk,sczidesk,sczidesk,2024,success,0,,,,,,,/data/luolie/biopipeline/dimension-reduction/plantnet/results/canonical/scmae_11datasets_20260609_12/Young/sczidesk__seed2024__20260610_142103,/data/luolie/biopipeline/dimension-reduction/plantnet/results/canonical/scmae_11datasets_20260609_12/Young/sczidesk__seed2024__20260610_142103,/data/luolie/biopipeline/dimension-reduction/plantnet/results/canonical/scmae_11datasets_20260609_12/Young/sczidesk__seed2024__20260610_142103/metrics.json,,,/data/luolie/biopipeline/dimension-reduction/plantnet/results/canonical/scmae_11datasets_20260609_12/Young/sczidesk__seed2024__20260610_142103/args.json,/data/luolie/biopipeline/dimension-reduction/plantnet/results/canonical/scmae_11datasets_20260609_12/Young/sczidesk__seed2024__20260610_142103/status.json,cc4a3f022b1612f7b3af795f49894bec9489fe5c,refactor/minimal-method-isolation-and-neighbormix-ablations,6,770.7,770.7,/data/luolie/conda/envs/scssl_bench_py310/bin/python /home/luolie/biopipeline/dimension-reduction/plantnet/methods/DeepLearning/scziDesk/run.py --data_path /home/luolie/biopipeline/dimension-reduction/plantnet/data/processed_scmae/Young.h5ad --save_dir /home/luolie/biopipeline/dimension-reduction/plantnet/results/formal/scmae_11datasets/Young/sczidesk__seed2024__20260610_142103 --n_clusters 11 --seed 2024 --epochs 200 --gpu 6,metrics.json:top_level,0.2635004397537379,0.0,0.0,0.037917810993127715,0.037917810993127715,0.39863336112131237,0.0,0.0,1.0,,,,,,,,,,,,,,,,,"{""markers"": [""args.json"", ""command.txt"", ""metrics.json"", ""run.log"", ""status.json""]}"
PB000467,true,,run_artifact,run,canonical/scmae_11datasets_20260609_12,scmae_11datasets_20260609_12,,,Young,sczidesk,sczidesk,sczidesk,3407,success,0,,,,,,,/data/luolie/biopipeline/dimension-reduction/plantnet/results/canonical/scmae_11datasets_20260609_12/Young/sczidesk__seed3407__20260610_143415,/data/luolie/biopipeline/dimension-reduction/plantnet/results/canonical/scmae_11datasets_20260609_12/Young/sczidesk__seed3407__20260610_143415,/data/luolie/biopipeline/dimension-reduction/plantnet/results/canonical/scmae_11datasets_20260609_12/Young/sczidesk__seed3407__20260610_143415/metrics.json,,,/data/luolie/biopipeline/dimension-reduction/plantnet/results/canonical/scmae_11datasets_20260609_12/Young/sczidesk__seed3407__20260610_143415/args.json,/data/luolie/biopipeline/dimension-reduction/plantnet/results/canonical/scmae_11datasets_20260609_12/Young/sczidesk__seed3407__20260610_143415/status.json,cc4a3f022b1612f7b3af795f49894bec9489fe5c,refactor/minimal-method-isolation-and-neighbormix-ablations,6,803.4,803.4,/data/luolie/conda/envs/scssl_bench_py310/bin/python /home/luolie/biopipeline/dimension-reduction/plantnet/methods/DeepLearning/scziDesk/run.py --data_path /home/luolie/biopipeline/dimension-reduction/plantnet/data/processed_scmae/Young.h5ad --save_dir /home/luolie/biopipeline/dimension-reduction/plantnet/results/formal/scmae_11datasets/Young/sczidesk__seed3407__20260610_143415 --n_clusters 11 --seed 3407 --epochs 200 --gpu 6,metrics.json:top_level,0.6114335971855761,0.6319052294180079,0.44966668077829636,0.48987868957661523,0.48987868957661523,0.5466821337493109,0.6319052294180078,0.6229120569376388,0.6411618801959476,,,,,,,,,,,,,,,,,"{""markers"": [""args.json"", ""command.txt"", ""metrics.json"", ""run.log"", ""status.json""]}"
PB000468,true,,run_artifact,run,canonical/scmae_11datasets_20260609_12,scmae_11datasets_20260609_12,,,Young,sczidesk,sczidesk,sczidesk,42,success,0,,,,,,,/data/luolie/biopipeline/dimension-reduction/plantnet/results/canonical/scmae_11datasets_20260609_12/Young/sczidesk__seed42__20260610_140719,/data/luolie/biopipeline/dimension-reduction/plantnet/results/canonical/scmae_11datasets_20260609_12/Young/sczidesk__seed42__20260610_140719,/data/luolie/biopipeline/dimension-reduction/plantnet/results/canonical/scmae_11datasets_20260609_12/Young/sczidesk__seed42__20260610_140719/metrics.json,,,/data/luolie/biopipeline/dimension-reduction/plantnet/results/canonical/scmae_11datasets_20260609_12/Young/sczidesk__seed42__20260610_140719/args.json,/data/luolie/biopipeline/dimension-reduction/plantnet/results/canonical/scmae_11datasets_20260609_12/Young/sczidesk__seed42__20260610_140719/status.json,cc4a3f022b1612f7b3af795f49894bec9489fe5c,refactor/minimal-method-isolation-and-neighbormix-ablations,6,799.7,799.7,/data/luolie/conda/envs/scssl_bench_py310/bin/python /home/luolie/biopipeline/dimension-reduction/plantnet/methods/DeepLearning/scziDesk/run.py --data_path /home/luolie/biopipeline/dimension-reduction/plantnet/data/processed_scmae/Young.h5ad --save_dir /home/luolie/biopipeline/dimension-reduction/plantnet/results/formal/scmae_11datasets/Young/sczidesk__seed42__20260610_140719 --n_clusters 11 --seed 42 --epochs 200 --gpu 6,metrics.json:top_level,0.6202286719437116,0.6363774585634537,0.4539984090627192,0.5279794690911335,0.5279794690911335,0.5371004274411127,0.6363774585634537,0.6491533813130544,0.6240947129586084,,,,,,,,,,,,,,,,,"{""markers"": [""args.json"", ""command.txt"", ""metrics.json"", ""run.log"", ""status.json""]}"
PB000469,true,,run_artifact,run,canonical/scmae_11datasets_20260609_12,scmae_11datasets_20260609_12,,,worm_neuron_cell,attentionae_sc,attentionae_sc,attentionae_sc,2024,success,0,,,,,,,/data/luolie/biopipeline/dimension-reduction/plantnet/results/canonical/scmae_11datasets_20260609_12/worm_neuron_cell/attentionae_sc__seed2024__20260610_045303,/data/luolie/biopipeline/dimension-reduction/plantnet/results/canonical/scmae_11datasets_20260609_12/worm_neuron_cell/attentionae_sc__seed2024__20260610_045303,/data/luolie/biopipeline/dimension-reduction/plantnet/results/canonical/scmae_11datasets_20260609_12/worm_neuron_cell/attentionae_sc__seed2024__20260610_045303/metrics.json,,,/data/luolie/biopipeline/dimension-reduction/plantnet/results/canonical/scmae_11datasets_20260609_12/worm_neuron_cell/attentionae_sc__seed2024__20260610_045303/args.json,/data/luolie/biopipeline/dimension-reduction/plantnet/results/canonical/scmae_11datasets_20260609_12/worm_neuron_cell/attentionae_sc__seed2024__20260610_045303/status.json,cc4a3f022b1612f7b3af795f49894bec9489fe5c,refactor/minimal-method-isolation-and-neighbormix-ablations,2,147.9,147.9,/data/luolie/conda/envs/scclubench-main/bin/python /home/luolie/biopipeline/dimension-reduction/plantnet/methods/GNN/AttentionAE_sc/run.py --data_path /home/luolie/biopipeline/dimension-reduction/plantnet/data/processed_scmae/worm_neuron_cell.h5ad --save_dir /home/luolie/biopipeline/dimension-reduction/plantnet/results/formal/scmae_11datasets/worm_neuron_cell/attentionae_sc__seed2024__20260610_045303 --n_clusters 10 --seed 2024 --epochs 200 --gpu 2,metrics.json:top_level,0.24247491638795987,0.0,0.0,0.039030955585464336,0.039030955585464336,0.37826610441598174,0.0,0.0,1.0,,,,,,,,,,,,,,,,,"{""markers"": [""args.json"", ""command.txt"", ""metrics.json"", ""run.log"", ""status.json""]}"
PB000470,true,,run_artifact,run,canonical/scmae_11datasets_20260609_12,scmae_11datasets_20260609_12,,,worm_neuron_cell,attentionae_sc,attentionae_sc,attentionae_sc,3407,success,0,,,,,,,/data/luolie/biopipeline/dimension-reduction/plantnet/results/canonical/scmae_11datasets_20260609_12/worm_neuron_cell/attentionae_sc__seed3407__20260610_045547,/data/luolie/biopipeline/dimension-reduction/plantnet/results/canonical/scmae_11datasets_20260609_12/worm_neuron_cell/attentionae_sc__seed3407__20260610_045547,/data/luolie/biopipeline/dimension-reduction/plantnet/results/canonical/scmae_11datasets_20260609_12/worm_neuron_cell/attentionae_sc__seed3407__20260610_045547/metrics.json,,,/data/luolie/biopipeline/dimension-reduction/plantnet/results/canonical/scmae_11datasets_20260609_12/worm_neuron_cell/attentionae_sc__seed3407__20260610_045547/args.json,/data/luolie/biopipeline/dimension-reduction/plantnet/results/canonical/scmae_11datasets_20260609_12/worm_neuron_cell/attentionae_sc__seed3407__20260610_045547/status.json,cc4a3f022b1612f7b3af795f49894bec9489fe5c,refactor/minimal-method-isolation-and-neighbormix-ablations,2,159.8,159.8,/data/luolie/conda/envs/scclubench-main/bin/python /home/luolie/biopipeline/dimension-reduction/plantnet/methods/GNN/AttentionAE_sc/run.py --data_path /home/luolie/biopipeline/dimension-reduction/plantnet/data/processed_scmae/worm_neuron_cell.h5ad --save_dir /home/luolie/biopipeline/dimension-reduction/plantnet/results/formal/scmae_11datasets/worm_neuron_cell/attentionae_sc__seed3407__20260610_045547 --n_clusters 10 --seed 3407 --epochs 200 --gpu 2,metrics.json:top_level,0.24319159101767798,0.0018395422495668106,-0.00033550032989304064,0.04057815642214472,0.04057815642214472,0.37725407737861794,0.0018395422495668101,0.0009256757467755629,0.14419378986957884,,,,,,,,,,,,,,,,,"{""markers"": [""args.json"", ""command.txt"", ""metrics.json"", ""run.log"", ""status.json""]}"
PB000471,true,,run_artifact,run,canonical/scmae_11datasets_20260609_12,scmae_11datasets_20260609_12,,,worm_neuron_cell,attentionae_sc,attentionae_sc,attentionae_sc,42,success,0,,,,,,,/data/luolie/biopipeline/dimension-reduction/plantnet/results/canonical/scmae_11datasets_20260609_12/worm_neuron_cell/attentionae_sc__seed42__20260610_045023,/data/luolie/biopipeline/dimension-reduction/plantnet/results/canonical/scmae_11datasets_20260609_12/worm_neuron_cell/attentionae_sc__seed42__20260610_045023,/data/luolie/biopipeline/dimension-reduction/plantnet/results/canonical/scmae_11datasets_20260609_12/worm_neuron_cell/attentionae_sc__seed42__20260610_045023/metrics.json,,,/data/luolie/biopipeline/dimension-reduction/plantnet/results/canonical/scmae_11datasets_20260609_12/worm_neuron_cell/attentionae_sc__seed42__20260610_045023/args.json,/data/luolie/biopipeline/dimension-reduction/plantnet/results/canonical/scmae_11datasets_20260609_12/worm_neuron_cell/attentionae_sc__seed42__20260610_045023/status.json,cc4a3f022b1612f7b3af795f49894bec9489fe5c,refactor/minimal-method-isolation-and-neighbormix-ablations,2,146.3,146.3,/data/luolie/conda/envs/scclubench-main/bin/python /home/luolie/biopipeline/dimension-reduction/plantnet/methods/GNN/AttentionAE_sc/run.py --data_path /home/luolie/biopipeline/dimension-reduction/plantnet/data/processed_scmae/worm_neuron_cell.h5ad --save_dir /home/luolie/biopipeline/dimension-reduction/plantnet/results/formal/scmae_11datasets/worm_neuron_cell/attentionae_sc__seed42__20260610_045023 --n_clusters 10 --seed 42 --epochs 200 --gpu 2,metrics.json:top_level,0.20138557095078835,0.0009579444072528539,0.00019516691328439934,0.033960868304218815,0.033960868304218815,0.3782160008096098,0.000957944407252854,0.00048031689574807245,0.17108633143023225,,,,,,,,,,,,,,,,,"{""markers"": [""args.json"", ""command.txt"", ""metrics.json"", ""run.log"", ""status.json""]}"
PB000472,true,,run_artifact,run,canonical/scmae_11datasets_20260609_12,scmae_11datasets_20260609_12,,,worm_neuron_cell,dec,dec,dec,2024,success,0,,,,,,,/data/luolie/biopipeline/dimension-reduction/plantnet/results/canonical/scmae_11datasets_20260609_12/worm_neuron_cell/dec__seed2024__20260609_212410,/data/luolie/biopipeline/dimension-reduction/plantnet/results/canonical/scmae_11datasets_20260609_12/worm_neuron_cell/dec__seed2024__20260609_212410,/data/luolie/biopipeline/dimension-reduction/plantnet/results/canonical/scmae_11datasets_20260609_12/worm_neuron_cell/dec__seed2024__20260609_212410/metrics.json,,,/data/luolie/biopipeline/dimension-reduction/plantnet/results/canonical/scmae_11datasets_20260609_12/worm_neuron_cell/dec__seed2024__20260609_212410/args.json,/data/luolie/biopipeline/dimension-reduction/plantnet/results/canonical/scmae_11datasets_20260609_12/worm_neuron_cell/dec__seed2024__20260609_212410/status.json,f29c99d3c9872285a38b2d4ddef0b855781ff504,refactor/minimal-method-isolation-and-neighbormix-ablations,1,31.0,31.0,/data/luolie/conda/base/bin/python /home/luolie/biopipeline/dimension-reduction/plantnet/methods/DeepLearning/dec/run.py --data_path /home/luolie/biopipeline/dimension-reduction/plantnet/data/processed_scmae/worm_neuron_cell.h5ad --save_dir results/formal/scmae_11datasets/worm_neuron_cell/dec__seed2024__20260609_212410 --n_clusters 10 --seed 2024 --epochs 200 --pretrain_epochs 200 --gpu 1,metrics.json:top_level,0.4161490683229814,0.4016141730839473,0.23014901936312426,0.3296487288110187,0.3296487288110187,0.3685289289499797,0.40161417308394726,0.37150018329383727,0.4370409282895043,,,,,,,,,,,,,,,,,"{""markers"": [""args.json"", ""command.txt"", ""metrics.json"", ""run.log"", ""run_config.json"", ""status.json""]}"
PB000473,true,,run_artifact,run,canonical/scmae_11datasets_20260609_12,scmae_11datasets_20260609_12,,,worm_neuron_cell,dec,dec,dec,3407,success,0,,,,,,,/data/luolie/biopipeline/dimension-reduction/plantnet/results/canonical/scmae_11datasets_20260609_12/worm_neuron_cell/dec__seed3407__20260609_212446,/data/luolie/biopipeline/dimension-reduction/plantnet/results/canonical/scmae_11datasets_20260609_12/worm_neuron_cell/dec__seed3407__20260609_212446,/data/luolie/biopipeline/dimension-reduction/plantnet/results/canonical/scmae_11datasets_20260609_12/worm_neuron_cell/dec__seed3407__20260609_212446/metrics.json,,,/data/luolie/biopipeline/dimension-reduction/plantnet/results/canonical/scmae_11datasets_20260609_12/worm_neuron_cell/dec__seed3407__20260609_212446/args.json,/data/luolie/biopipeline/dimension-reduction/plantnet/results/canonical/scmae_11datasets_20260609_12/worm_neuron_cell/dec__seed3407__20260609_212446/status.json,f29c99d3c9872285a38b2d4ddef0b855781ff504,refactor/minimal-method-isolation-and-neighbormix-ablations,1,29.4,29.4,/data/luolie/conda/base/bin/python /home/luolie/biopipeline/dimension-reduction/plantnet/methods/DeepLearning/dec/run.py --data_path /home/luolie/biopipeline/dimension-reduction/plantnet/data/processed_scmae/worm_neuron_cell.h5ad --save_dir results/formal/scmae_11datasets/worm_neuron_cell/dec__seed3407__20260609_212446 --n_clusters 10 --seed 3407 --epochs 200 --pretrain_epochs 200 --gpu 1,metrics.json:top_level,0.4665551839464883,0.3708259363608561,0.18289962012026012,0.305258522327289,0.305258522327289,0.40786725876041796,0.37082593636085615,0.30281442163683014,0.47823701556109305,,,,,,,,,,,,,,,,,"{""markers"": [""args.json"", ""command.txt"", ""metrics.json"", ""run.log"", ""run_config.json"", ""status.json""]}"
PB000474,true,,run_artifact,run,canonical/scmae_11datasets_20260609_12,scmae_11datasets_20260609_12,,,worm_neuron_cell,dec,dec,dec,42,success,0,,,,,,,/data/luolie/biopipeline/dimension-reduction/plantnet/results/canonical/scmae_11datasets_20260609_12/worm_neuron_cell/dec__seed42__20260609_212335,/data/luolie/biopipeline/dimension-reduction/plantnet/results/canonical/scmae_11datasets_20260609_12/worm_neuron_cell/dec__seed42__20260609_212335,/data/luolie/biopipeline/dimension-reduction/plantnet/results/canonical/scmae_11datasets_20260609_12/worm_neuron_cell/dec__seed42__20260609_212335/metrics.json,,,/data/luolie/biopipeline/dimension-reduction/plantnet/results/canonical/scmae_11datasets_20260609_12/worm_neuron_cell/dec__seed42__20260609_212335/args.json,/data/luolie/biopipeline/dimension-reduction/plantnet/results/canonical/scmae_11datasets_20260609_12/worm_neuron_cell/dec__seed42__20260609_212335/status.json,f29c99d3c9872285a38b2d4ddef0b855781ff504,refactor/minimal-method-isolation-and-neighbormix-ablations,1,29.1,29.1,/data/luolie/conda/base/bin/python /home/luolie/biopipeline/dimension-reduction/plantnet/methods/DeepLearning/dec/run.py --data_path /home/luolie/biopipeline/dimension-reduction/plantnet/data/processed_scmae/worm_neuron_cell.h5ad --save_dir results/formal/scmae_11datasets/worm_neuron_cell/dec__seed42__20260609_212335 --n_clusters 10 --seed 42 --epochs 200 --pretrain_epochs 200 --gpu 1,metrics.json:top_level,0.356426182513139,0.24132692401749573,0.09134888104446846,0.18591460040938929,0.18591460040938929,0.33144922934275534,0.2413269240174957,0.19557124401473872,0.3150313991447334,,,,,,,,,,,,,,,,,"{""markers"": [""args.json"", ""command.txt"", ""metrics.json"", ""run.log"", ""run_config.json"", ""status.json""]}"
PB000475,true,,run_artifact,run,canonical/scmae_11datasets_20260609_12,scmae_11datasets_20260609_12,,,worm_neuron_cell,desc,desc,desc,2024,success,0,,,,,,,/data/luolie/biopipeline/dimension-reduction/plantnet/results/canonical/scmae_11datasets_20260609_12/worm_neuron_cell/desc__seed2024__20260612_012343,/data/luolie/biopipeline/dimension-reduction/plantnet/results/canonical/scmae_11datasets_20260609_12/worm_neuron_cell/desc__seed2024__20260612_012343,/data/luolie/biopipeline/dimension-reduction/plantnet/results/canonical/scmae_11datasets_20260609_12/worm_neuron_cell/desc__seed2024__20260612_012343/metrics.json,,,/data/luolie/biopipeline/dimension-reduction/plantnet/results/canonical/scmae_11datasets_20260609_12/worm_neuron_cell/desc__seed2024__20260612_012343/args.json,/data/luolie/biopipeline/dimension-reduction/plantnet/results/canonical/scmae_11datasets_20260609_12/worm_neuron_cell/desc__seed2024__20260612_012343/status.json,,,3,86.8,86.8,/data/luolie/conda/envs/scssl_bench_py310/bin/python /home/luolie/biopipeline/dimension-reduction/plantnet/methods/DeepLearning/desc/run.py --data_path /home/luolie/biopipeline/dimension-reduction/plantnet/data/processed_scmae/worm_neuron_cell.h5ad --save_dir /home/luolie/biopipeline/dimension-reduction/plantnet/results/formal/scmae_11datasets/worm_neuron_cell/desc__seed2024__20260612_012343 --n_clusters 10 --seed 2024 --epochs 200 --pretrain_epochs 200 --gpu 3,metrics.json:top_level,0.6966077400860009,0.6199749519327058,0.41932716169839523,0.6875342202061817,0.6875342202061817,0.5120184968973461,0.6199749519327058,0.6075235545660002,0.6329474198771825,,,,,,,,,,,,,,,,,"{""markers"": [""args.json"", ""command.txt"", ""metrics.json"", ""run.log"", ""status.json""]}"
PB000476,true,,run_artifact,run,canonical/scmae_11datasets_20260609_12,scmae_11datasets_20260609_12,,,worm_neuron_cell,desc,desc,desc,3407,success,0,,,,,,,/data/luolie/biopipeline/dimension-reduction/plantnet/results/canonical/scmae_11datasets_20260609_12/worm_neuron_cell/desc__seed3407__20260612_012510,/data/luolie/biopipeline/dimension-reduction/plantnet/results/canonical/scmae_11datasets_20260609_12/worm_neuron_cell/desc__seed3407__20260612_012510,/data/luolie/biopipeline/dimension-reduction/plantnet/results/canonical/scmae_11datasets_20260609_12/worm_neuron_cell/desc__seed3407__20260612_012510/metrics.json,,,/data/luolie/biopipeline/dimension-reduction/plantnet/results/canonical/scmae_11datasets_20260609_12/worm_neuron_cell/desc__seed3407__20260612_012510/args.json,/data/luolie/biopipeline/dimension-reduction/plantnet/results/canonical/scmae_11datasets_20260609_12/worm_neuron_cell/desc__seed3407__20260612_012510/status.json,,,3,85.8,85.8,/data/luolie/conda/envs/scssl_bench_py310/bin/python /home/luolie/biopipeline/dimension-reduction/plantnet/methods/DeepLearning/desc/run.py --data_path /home/luolie/biopipeline/dimension-reduction/plantnet/data/processed_scmae/worm_neuron_cell.h5ad --save_dir /home/luolie/biopipeline/dimension-reduction/plantnet/results/formal/scmae_11datasets/worm_neuron_cell/desc__seed3407__20260612_012510 --n_clusters 10 --seed 3407 --epochs 200 --pretrain_epochs 200 --gpu 3,metrics.json:top_level,0.7236024844720497,0.6391260914493142,0.4678621188806075,0.699434175749168,0.699434175749168,0.5507549262245068,0.6391260914493142,0.6299861711853575,0.6485351222774646,,,,,,,,,,,,,,,,,"{""markers"": [""args.json"", ""command.txt"", ""metrics.json"", ""run.log"", ""status.json""]}"
PB000477,true,,run_artifact,run,canonical/scmae_11datasets_20260609_12,scmae_11datasets_20260609_12,,,worm_neuron_cell,desc,desc,desc,42,success,0,,,,,,,/data/luolie/biopipeline/dimension-reduction/plantnet/results/canonical/scmae_11datasets_20260609_12/worm_neuron_cell/desc__seed42__20260612_012211,/data/luolie/biopipeline/dimension-reduction/plantnet/results/canonical/scmae_11datasets_20260609_12/worm_neuron_cell/desc__seed42__20260612_012211,/data/luolie/biopipeline/dimension-reduction/plantnet/results/canonical/scmae_11datasets_20260609_12/worm_neuron_cell/desc__seed42__20260612_012211/metrics.json,,,/data/luolie/biopipeline/dimension-reduction/plantnet/results/canonical/scmae_11datasets_20260609_12/worm_neuron_cell/desc__seed42__20260612_012211/args.json,/data/luolie/biopipeline/dimension-reduction/plantnet/results/canonical/scmae_11datasets_20260609_12/worm_neuron_cell/desc__seed42__20260612_012211/status.json,,,3,92.6,92.6,/data/luolie/conda/envs/scssl_bench_py310/bin/python /home/luolie/biopipeline/dimension-reduction/plantnet/methods/DeepLearning/desc/run.py --data_path /home/luolie/biopipeline/dimension-reduction/plantnet/data/processed_scmae/worm_neuron_cell.h5ad --save_dir /home/luolie/biopipeline/dimension-reduction/plantnet/results/formal/scmae_11datasets/worm_neuron_cell/desc__seed42__20260612_012211 --n_clusters 10 --seed 42 --epochs 200 --pretrain_epochs 200 --gpu 3,metrics.json:top_level,0.730291447682752,0.6575551174793092,0.47027559572461414,0.7119276758069784,0.7119276758069784,0.5539428997587498,0.6575551174793093,0.6470520070910972,0.6684048322788976,,,,,,,,,,,,,,,,,"{""markers"": [""args.json"", ""command.txt"", ""metrics.json"", ""run.log"", ""status.json""]}"
PB000478,true,,run_artifact,run,canonical/scmae_11datasets_20260609_12,scmae_11datasets_20260609_12,,,worm_neuron_cell,leiden,leiden,leiden,2024,success,0,,,,,,,/data/luolie/biopipeline/dimension-reduction/plantnet/results/canonical/scmae_11datasets_20260609_12/worm_neuron_cell/leiden__seed2024__20260609_212547,/data/luolie/biopipeline/dimension-reduction/plantnet/results/canonical/scmae_11datasets_20260609_12/worm_neuron_cell/leiden__seed2024__20260609_212547,/data/luolie/biopipeline/dimension-reduction/plantnet/results/canonical/scmae_11datasets_20260609_12/worm_neuron_cell/leiden__seed2024__20260609_212547/metrics.json,,,/data/luolie/biopipeline/dimension-reduction/plantnet/results/canonical/scmae_11datasets_20260609_12/worm_neuron_cell/leiden__seed2024__20260609_212547/args.json,/data/luolie/biopipeline/dimension-reduction/plantnet/results/canonical/scmae_11datasets_20260609_12/worm_neuron_cell/leiden__seed2024__20260609_212547/status.json,f29c99d3c9872285a38b2d4ddef0b855781ff504,refactor/minimal-method-isolation-and-neighbormix-ablations,1,21.2,21.2,/data/luolie/conda/base/bin/python /home/luolie/biopipeline/dimension-reduction/plantnet/methods/Traditional/Leiden/run.py --data_path /home/luolie/biopipeline/dimension-reduction/plantnet/data/processed_scmae/worm_neuron_cell.h5ad --save_dir results/formal/scmae_11datasets/worm_neuron_cell/leiden__seed2024__20260609_212547 --n_clusters 10 --seed 2024,metrics.json:top_level,0.32656473960821786,0.14719816005910785,0.05158247241094538,0.26990436618332975,0.26990436618332975,0.3113026404120172,0.14719816005910782,0.11784176211419042,0.19603344263971995,,,,,,,,,,,,,,,,,"{""markers"": [""args.json"", ""command.txt"", ""metrics.json"", ""run.log"", ""status.json""]}"
PB000479,true,,run_artifact,run,canonical/scmae_11datasets_20260609_12,scmae_11datasets_20260609_12,,,worm_neuron_cell,leiden,leiden,leiden,3407,success,0,,,,,,,/data/luolie/biopipeline/dimension-reduction/plantnet/results/canonical/scmae_11datasets_20260609_12/worm_neuron_cell/leiden__seed3407__20260609_212614,/data/luolie/biopipeline/dimension-reduction/plantnet/results/canonical/scmae_11datasets_20260609_12/worm_neuron_cell/leiden__seed3407__20260609_212614,/data/luolie/biopipeline/dimension-reduction/plantnet/results/canonical/scmae_11datasets_20260609_12/worm_neuron_cell/leiden__seed3407__20260609_212614/metrics.json,,,/data/luolie/biopipeline/dimension-reduction/plantnet/results/canonical/scmae_11datasets_20260609_12/worm_neuron_cell/leiden__seed3407__20260609_212614/args.json,/data/luolie/biopipeline/dimension-reduction/plantnet/results/canonical/scmae_11datasets_20260609_12/worm_neuron_cell/leiden__seed3407__20260609_212614/status.json,f29c99d3c9872285a38b2d4ddef0b855781ff504,refactor/minimal-method-isolation-and-neighbormix-ablations,1,22.5,22.5,/data/luolie/conda/base/bin/python /home/luolie/biopipeline/dimension-reduction/plantnet/methods/Traditional/Leiden/run.py --data_path /home/luolie/biopipeline/dimension-reduction/plantnet/data/processed_scmae/worm_neuron_cell.h5ad --save_dir results/formal/scmae_11datasets/worm_neuron_cell/leiden__seed3407__20260609_212614 --n_clusters 10 --seed 3407,metrics.json:top_level,0.3289536550406116,0.14908337778505396,0.053495175266462365,0.27127007311698476,0.27127007311698476,0.3137813042490827,0.14908337778505398,0.11888457313875671,0.1998484540568323,,,,,,,,,,,,,,,,,"{""markers"": [""args.json"", ""command.txt"", ""metrics.json"", ""run.log"", ""status.json""]}"
PB000480,true,,run_artifact,run,canonical/scmae_11datasets_20260609_12,scmae_11datasets_20260609_12,,,worm_neuron_cell,leiden,leiden,leiden,42,success,0,,,,,,,/data/luolie/biopipeline/dimension-reduction/plantnet/results/canonical/scmae_11datasets_20260609_12/worm_neuron_cell/leiden__seed42__20260609_212521,/data/luolie/biopipeline/dimension-reduction/plantnet/results/canonical/scmae_11datasets_20260609_12/worm_neuron_cell/leiden__seed42__20260609_212521,/data/luolie/biopipeline/dimension-reduction/plantnet/results/canonical/scmae_11datasets_20260609_12/worm_neuron_cell/leiden__seed42__20260609_212521/metrics.json,,,/data/luolie/biopipeline/dimension-reduction/plantnet/results/canonical/scmae_11datasets_20260609_12/worm_neuron_cell/leiden__seed42__20260609_212521/args.json,/data/luolie/biopipeline/dimension-reduction/plantnet/results/canonical/scmae_11datasets_20260609_12/worm_neuron_cell/leiden__seed42__20260609_212521/status.json,f29c99d3c9872285a38b2d4ddef0b855781ff504,refactor/minimal-method-isolation-and-neighbormix-ablations,1,21.0,21.0,/data/luolie/conda/base/bin/python /home/luolie/biopipeline/dimension-reduction/plantnet/methods/Traditional/Leiden/run.py --data_path /home/luolie/biopipeline/dimension-reduction/plantnet/data/processed_scmae/worm_neuron_cell.h5ad --save_dir results/formal/scmae_11datasets/worm_neuron_cell/leiden__seed42__20260609_212521 --n_clusters 10 --seed 42,metrics.json:top_level,0.3325370281892021,0.1526760563760422,0.05437412220391676,0.27871608102066336,0.27871608102066336,0.31555139915974806,0.15267605637604223,0.12140312588657348,0.20565084110182294,,,,,,,,,,,,,,,,,"{""markers"": [""args.json"", ""command.txt"", ""metrics.json"", ""run.log"", ""status.json""]}"
PB000481,true,,run_artifact,run,canonical/scmae_11datasets_20260609_12,scmae_11datasets_20260609_12,,,worm_neuron_cell,louvain,louvain,louvain,2024,success,0,,,,,,,/data/luolie/biopipeline/dimension-reduction/plantnet/results/canonical/scmae_11datasets_20260609_12/worm_neuron_cell/louvain__seed2024__20260609_212721,/data/luolie/biopipeline/dimension-reduction/plantnet/results/canonical/scmae_11datasets_20260609_12/worm_neuron_cell/louvain__seed2024__20260609_212721,/data/luolie/biopipeline/dimension-reduction/plantnet/results/canonical/scmae_11datasets_20260609_12/worm_neuron_cell/louvain__seed2024__20260609_212721/metrics.json,,,/data/luolie/biopipeline/dimension-reduction/plantnet/results/canonical/scmae_11datasets_20260609_12/worm_neuron_cell/louvain__seed2024__20260609_212721/args.json,/data/luolie/biopipeline/dimension-reduction/plantnet/results/canonical/scmae_11datasets_20260609_12/worm_neuron_cell/louvain__seed2024__20260609_212721/status.json,f29c99d3c9872285a38b2d4ddef0b855781ff504,refactor/minimal-method-isolation-and-neighbormix-ablations,1,37.5,37.5,/data/luolie/conda/base/bin/python /home/luolie/biopipeline/dimension-reduction/plantnet/methods/Traditional/Louvain/run.py --data_path /home/luolie/biopipeline/dimension-reduction/plantnet/data/processed_scmae/worm_neuron_cell.h5ad --save_dir results/formal/scmae_11datasets/worm_neuron_cell/louvain__seed2024__20260609_212721 --n_clusters 10 --seed 2024,metrics.json:top_level,0.27687529861442906,0.09078622938117129,0.03414756182453992,0.16740829044853048,0.16740829044853048,0.2676437134588212,0.09078622938117129,0.071909695595259,0.12310052609178584,,,,,,,,,,,,,,,,,"{""markers"": [""args.json"", ""command.txt"", ""metrics.json"", ""run.log"", ""status.json""]}"
PB000482,true,,run_artifact,run,canonical/scmae_11datasets_20260609_12,scmae_11datasets_20260609_12,,,worm_neuron_cell,louvain,louvain,louvain,3407,success,0,,,,,,,/data/luolie/biopipeline/dimension-reduction/plantnet/results/canonical/scmae_11datasets_20260609_12/worm_neuron_cell/louvain__seed3407__20260609_212805,/data/luolie/biopipeline/dimension-reduction/plantnet/results/canonical/scmae_11datasets_20260609_12/worm_neuron_cell/louvain__seed3407__20260609_212805,/data/luolie/biopipeline/dimension-reduction/plantnet/results/canonical/scmae_11datasets_20260609_12/worm_neuron_cell/louvain__seed3407__20260609_212805/metrics.json,,,/data/luolie/biopipeline/dimension-reduction/plantnet/results/canonical/scmae_11datasets_20260609_12/worm_neuron_cell/louvain__seed3407__20260609_212805/args.json,/data/luolie/biopipeline/dimension-reduction/plantnet/results/canonical/scmae_11datasets_20260609_12/worm_neuron_cell/louvain__seed3407__20260609_212805/status.json,f29c99d3c9872285a38b2d4ddef0b855781ff504,refactor/minimal-method-isolation-and-neighbormix-ablations,1,35.2,35.2,/data/luolie/conda/base/bin/python /home/luolie/biopipeline/dimension-reduction/plantnet/methods/Traditional/Louvain/run.py --data_path /home/luolie/biopipeline/dimension-reduction/plantnet/data/processed_scmae/worm_neuron_cell.h5ad --save_dir results/formal/scmae_11datasets/worm_neuron_cell/louvain__seed3407__20260609_212805 --n_clusters 10 --seed 3407,metrics.json:top_level,0.31868131868131866,0.12495644592782956,0.04231261321898356,0.23961955803247315,0.23961955803247315,0.3112408015306346,0.12495644592782956,0.09641166007937318,0.17751308758570084,,,,,,,,,,,,,,,,,"{""markers"": [""args.json"", ""command.txt"", ""metrics.json"", ""run.log"", ""status.json""]}"
PB000483,true,,run_artifact,run,canonical/scmae_11datasets_20260609_12,scmae_11datasets_20260609_12,,,worm_neuron_cell,louvain,louvain,louvain,42,success,0,,,,,,,/data/luolie/biopipeline/dimension-reduction/plantnet/results/canonical/scmae_11datasets_20260609_12/worm_neuron_cell/louvain__seed42__20260609_212642,/data/luolie/biopipeline/dimension-reduction/plantnet/results/canonical/scmae_11datasets_20260609_12/worm_neuron_cell/louvain__seed42__20260609_212642,/data/luolie/biopipeline/dimension-reduction/plantnet/results/canonical/scmae_11datasets_20260609_12/worm_neuron_cell/louvain__seed42__20260609_212642/metrics.json,,,/data/luolie/biopipeline/dimension-reduction/plantnet/results/canonical/scmae_11datasets_20260609_12/worm_neuron_cell/louvain__seed42__20260609_212642/args.json,/data/luolie/biopipeline/dimension-reduction/plantnet/results/canonical/scmae_11datasets_20260609_12/worm_neuron_cell/louvain__seed42__20260609_212642/status.json,f29c99d3c9872285a38b2d4ddef0b855781ff504,refactor/minimal-method-isolation-and-neighbormix-ablations,1,32.9,32.9,/data/luolie/conda/base/bin/python /home/luolie/biopipeline/dimension-reduction/plantnet/methods/Traditional/Louvain/run.py --data_path /home/luolie/biopipeline/dimension-reduction/plantnet/data/processed_scmae/worm_neuron_cell.h5ad --save_dir results/formal/scmae_11datasets/worm_neuron_cell/louvain__seed42__20260609_212642 --n_clusters 10 --seed 42,metrics.json:top_level,0.3177257525083612,0.12687339566919845,0.049171546125558144,0.2775868601632388,0.2775868601632388,0.26777255333755556,0.12687339566919845,0.10499172772857981,0.16027731237452925,,,,,,,,,,,,,,,,,"{""markers"": [""args.json"", ""command.txt"", ""metrics.json"", ""run.log"", ""status.json""]}"
PB000484,true,,run_artifact,run,canonical/scmae_11datasets_20260609_12,scmae_11datasets_20260609_12,,,worm_neuron_cell,neighbormix_scmae,neighbormix_scmae,neighbormix_scmae,2024,success,0,,,,,,,/data/luolie/biopipeline/dimension-reduction/plantnet/results/canonical/scmae_11datasets_20260609_12/worm_neuron_cell/neighbormix_scmae__seed2024__20260609_212954,/data/luolie/biopipeline/dimension-reduction/plantnet/results/canonical/scmae_11datasets_20260609_12/worm_neuron_cell/neighbormix_scmae__seed2024__20260609_212954,/data/luolie/biopipeline/dimension-reduction/plantnet/results/canonical/scmae_11datasets_20260609_12/worm_neuron_cell/neighbormix_scmae__seed2024__20260609_212954/metrics.json,/data/luolie/biopipeline/dimension-reduction/plantnet/results/canonical/scmae_11datasets_20260609_12/worm_neuron_cell/neighbormix_scmae__seed2024__20260609_212954/summary.json,/data/luolie/biopipeline/dimension-reduction/plantnet/results/canonical/scmae_11datasets_20260609_12/worm_neuron_cell/neighbormix_scmae__seed2024__20260609_212954/eval_fixed.csv,/data/luolie/biopipeline/dimension-reduction/plantnet/results/canonical/scmae_11datasets_20260609_12/worm_neuron_cell/neighbormix_scmae__seed2024__20260609_212954/args.json,/data/luolie/biopipeline/dimension-reduction/plantnet/results/canonical/scmae_11datasets_20260609_12/worm_neuron_cell/neighbormix_scmae__seed2024__20260609_212954/status.json,f29c99d3c9872285a38b2d4ddef0b855781ff504,refactor/minimal-method-isolation-and-neighbormix-ablations,1,60.1,60.1,/data/luolie/conda/base/bin/python /home/luolie/biopipeline/dimension-reduction/plantnet/methods/DeepLearning/NeighborMix_scMAE/run.py --data_path /home/luolie/biopipeline/dimension-reduction/plantnet/data/processed_scmae/worm_neuron_cell.h5ad --save_dir results/formal/scmae_11datasets/worm_neuron_cell/neighbormix_scmae__seed2024__20260609_212954 --n_clusters 10 --seed 2024 --epochs 200 --gpu 1,eval_fixed.csv,0.6039178213091256,0.5963737296134507,0.4430304144851555,0.5860512913207583,0.5860512913207583,0.524062307255791,0.5963737296134509,0.5903974557600895,0.6024722298688526,,10,,,,,,,,,,,,,,,"{""markers"": [""args.json"", ""command.txt"", ""eval_fixed.csv"", ""metrics.json"", ""run.log"", ""status.json"", ""summary.json""]}"
PB000485,true,,run_artifact,run,canonical/scmae_11datasets_20260609_12,scmae_11datasets_20260609_12,,,worm_neuron_cell,neighbormix_scmae,neighbormix_scmae,neighbormix_scmae,3407,success,0,,,,,,,/data/luolie/biopipeline/dimension-reduction/plantnet/results/canonical/scmae_11datasets_20260609_12/worm_neuron_cell/neighbormix_scmae__seed3407__20260609_213100,/data/luolie/biopipeline/dimension-reduction/plantnet/results/canonical/scmae_11datasets_20260609_12/worm_neuron_cell/neighbormix_scmae__seed3407__20260609_213100,/data/luolie/biopipeline/dimension-reduction/plantnet/results/canonical/scmae_11datasets_20260609_12/worm_neuron_cell/neighbormix_scmae__seed3407__20260609_213100/metrics.json,/data/luolie/biopipeline/dimension-reduction/plantnet/results/canonical/scmae_11datasets_20260609_12/worm_neuron_cell/neighbormix_scmae__seed3407__20260609_213100/summary.json,/data/luolie/biopipeline/dimension-reduction/plantnet/results/canonical/scmae_11datasets_20260609_12/worm_neuron_cell/neighbormix_scmae__seed3407__20260609_213100/eval_fixed.csv,/data/luolie/biopipeline/dimension-reduction/plantnet/results/canonical/scmae_11datasets_20260609_12/worm_neuron_cell/neighbormix_scmae__seed3407__20260609_213100/args.json,/data/luolie/biopipeline/dimension-reduction/plantnet/results/canonical/scmae_11datasets_20260609_12/worm_neuron_cell/neighbormix_scmae__seed3407__20260609_213100/status.json,f29c99d3c9872285a38b2d4ddef0b855781ff504,refactor/minimal-method-isolation-and-neighbormix-ablations,1,68.5,68.5,/data/luolie/conda/base/bin/python /home/luolie/biopipeline/dimension-reduction/plantnet/methods/DeepLearning/NeighborMix_scMAE/run.py --data_path /home/luolie/biopipeline/dimension-reduction/plantnet/data/processed_scmae/worm_neuron_cell.h5ad --save_dir results/formal/scmae_11datasets/worm_neuron_cell/neighbormix_scmae__seed3407__20260609_213100 --n_clusters 10 --seed 3407 --epochs 200 --gpu 1,eval_fixed.csv,0.677257525083612,0.6348952980088419,0.4388843862011289,0.7008210215994267,0.7008210215994267,0.5252183822358198,0.634895298008842,0.6228022149588711,0.6474673084237808,,10,,,,,,,,,,,,,,,"{""markers"": [""args.json"", ""command.txt"", ""eval_fixed.csv"", ""metrics.json"", ""run.log"", ""status.json"", ""summary.json""]}"
PB000486,true,,run_artifact,run,canonical/scmae_11datasets_20260609_12,scmae_11datasets_20260609_12,,,worm_neuron_cell,neighbormix_scmae,neighbormix_scmae,neighbormix_scmae,42,success,0,,,,,,,/data/luolie/biopipeline/dimension-reduction/plantnet/results/canonical/scmae_11datasets_20260609_12/worm_neuron_cell/neighbormix_scmae__seed42__20260609_212846,/data/luolie/biopipeline/dimension-reduction/plantnet/results/canonical/scmae_11datasets_20260609_12/worm_neuron_cell/neighbormix_scmae__seed42__20260609_212846,/data/luolie/biopipeline/dimension-reduction/plantnet/results/canonical/scmae_11datasets_20260609_12/worm_neuron_cell/neighbormix_scmae__seed42__20260609_212846/metrics.json,/data/luolie/biopipeline/dimension-reduction/plantnet/results/canonical/scmae_11datasets_20260609_12/worm_neuron_cell/neighbormix_scmae__seed42__20260609_212846/summary.json,/data/luolie/biopipeline/dimension-reduction/plantnet/results/canonical/scmae_11datasets_20260609_12/worm_neuron_cell/neighbormix_scmae__seed42__20260609_212846/eval_fixed.csv,/data/luolie/biopipeline/dimension-reduction/plantnet/results/canonical/scmae_11datasets_20260609_12/worm_neuron_cell/neighbormix_scmae__seed42__20260609_212846/args.json,/data/luolie/biopipeline/dimension-reduction/plantnet/results/canonical/scmae_11datasets_20260609_12/worm_neuron_cell/neighbormix_scmae__seed42__20260609_212846/status.json,f29c99d3c9872285a38b2d4ddef0b855781ff504,refactor/minimal-method-isolation-and-neighbormix-ablations,1,62.4,62.4,/data/luolie/conda/base/bin/python /home/luolie/biopipeline/dimension-reduction/plantnet/methods/DeepLearning/NeighborMix_scMAE/run.py --data_path /home/luolie/biopipeline/dimension-reduction/plantnet/data/processed_scmae/worm_neuron_cell.h5ad --save_dir results/formal/scmae_11datasets/worm_neuron_cell/neighbormix_scmae__seed42__20260609_212846 --n_clusters 10 --seed 42 --epochs 200 --gpu 1,eval_fixed.csv,0.6483516483516484,0.5971872511130142,0.4292892235397925,0.6173238116855289,0.6173238116855289,0.5258067653320188,0.5971872511130142,0.5664280904353676,0.631478914472947,,10,,,,,,,,,,,,,,,"{""markers"": [""args.json"", ""command.txt"", ""eval_fixed.csv"", ""metrics.json"", ""run.log"", ""status.json"", ""summary.json""]}"
PB000487,true,,run_artifact,run,canonical/scmae_11datasets_20260609_12,scmae_11datasets_20260609_12,,,worm_neuron_cell,nm_scmae_nomix,nm_scmae_nomix,nm_scmae_nomix,2024,success,0,,,,,,,/data/luolie/biopipeline/dimension-reduction/plantnet/results/canonical/scmae_11datasets_20260609_12/worm_neuron_cell/nm_scmae_nomix__seed2024__20260609_213258,/data/luolie/biopipeline/dimension-reduction/plantnet/results/canonical/scmae_11datasets_20260609_12/worm_neuron_cell/nm_scmae_nomix__seed2024__20260609_213258,/data/luolie/biopipeline/dimension-reduction/plantnet/results/canonical/scmae_11datasets_20260609_12/worm_neuron_cell/nm_scmae_nomix__seed2024__20260609_213258/metrics.json,/data/luolie/biopipeline/dimension-reduction/plantnet/results/canonical/scmae_11datasets_20260609_12/worm_neuron_cell/nm_scmae_nomix__seed2024__20260609_213258/summary.json,/data/luolie/biopipeline/dimension-reduction/plantnet/results/canonical/scmae_11datasets_20260609_12/worm_neuron_cell/nm_scmae_nomix__seed2024__20260609_213258/eval_fixed.csv,/data/luolie/biopipeline/dimension-reduction/plantnet/results/canonical/scmae_11datasets_20260609_12/worm_neuron_cell/nm_scmae_nomix__seed2024__20260609_213258/args.json,/data/luolie/biopipeline/dimension-reduction/plantnet/results/canonical/scmae_11datasets_20260609_12/worm_neuron_cell/nm_scmae_nomix__seed2024__20260609_213258/status.json,f29c99d3c9872285a38b2d4ddef0b855781ff504,refactor/minimal-method-isolation-and-neighbormix-ablations,1,35.6,35.6,/data/luolie/conda/base/bin/python /home/luolie/biopipeline/dimension-reduction/plantnet/methods/DeepLearning/NeighborMix_scMAE/run.py --data_path /home/luolie/biopipeline/dimension-reduction/plantnet/data/processed_scmae/worm_neuron_cell.h5ad --save_dir results/formal/scmae_11datasets/worm_neuron_cell/nm_scmae_nomix__seed2024__20260609_213258 --n_clusters 10 --seed 2024 --epochs 200 --gpu 1 --use_pseudo false --pseudo_weight 0 --neighbor_k 0 --mix_neighbors 0 --variant_name nm_scmae_nomix,eval_fixed.csv,0.7238413760152891,0.6782627956902316,0.4460306263520959,0.7265578546975126,0.7265578546975126,0.5763324687856947,0.6782627956902316,0.6166059228962845,0.7536202774392817,,10,,,,,,,,,,,,,,,"{""markers"": [""args.json"", ""command.txt"", ""eval_fixed.csv"", ""metrics.json"", ""run.log"", ""status.json"", ""summary.json""]}"
PB000488,true,,run_artifact,run,canonical/scmae_11datasets_20260609_12,scmae_11datasets_20260609_12,,,worm_neuron_cell,nm_scmae_nomix,nm_scmae_nomix,nm_scmae_nomix,3407,success,0,,,,,,,/data/luolie/biopipeline/dimension-reduction/plantnet/results/canonical/scmae_11datasets_20260609_12/worm_neuron_cell/nm_scmae_nomix__seed3407__20260609_213339,/data/luolie/biopipeline/dimension-reduction/plantnet/results/canonical/scmae_11datasets_20260609_12/worm_neuron_cell/nm_scmae_nomix__seed3407__20260609_213339,/data/luolie/biopipeline/dimension-reduction/plantnet/results/canonical/scmae_11datasets_20260609_12/worm_neuron_cell/nm_scmae_nomix__seed3407__20260609_213339/metrics.json,/data/luolie/biopipeline/dimension-reduction/plantnet/results/canonical/scmae_11datasets_20260609_12/worm_neuron_cell/nm_scmae_nomix__seed3407__20260609_213339/summary.json,/data/luolie/biopipeline/dimension-reduction/plantnet/results/canonical/scmae_11datasets_20260609_12/worm_neuron_cell/nm_scmae_nomix__seed3407__20260609_213339/eval_fixed.csv,/data/luolie/biopipeline/dimension-reduction/plantnet/results/canonical/scmae_11datasets_20260609_12/worm_neuron_cell/nm_scmae_nomix__seed3407__20260609_213339/args.json,/data/luolie/biopipeline/dimension-reduction/plantnet/results/canonical/scmae_11datasets_20260609_12/worm_neuron_cell/nm_scmae_nomix__seed3407__20260609_213339/status.json,f29c99d3c9872285a38b2d4ddef0b855781ff504,refactor/minimal-method-isolation-and-neighbormix-ablations,1,34.2,34.2,/data/luolie/conda/base/bin/python /home/luolie/biopipeline/dimension-reduction/plantnet/methods/DeepLearning/NeighborMix_scMAE/run.py --data_path /home/luolie/biopipeline/dimension-reduction/plantnet/data/processed_scmae/worm_neuron_cell.h5ad --save_dir results/formal/scmae_11datasets/worm_neuron_cell/nm_scmae_nomix__seed3407__20260609_213339 --n_clusters 10 --seed 3407 --epochs 200 --gpu 1 --use_pseudo false --pseudo_weight 0 --neighbor_k 0 --mix_neighbors 0 --variant_name nm_scmae_nomix,eval_fixed.csv,0.7059245102723364,0.6286669344652892,0.5019703370708466,0.6764616218098138,0.6764616218098138,0.5785656930031227,0.6286669344652893,0.6226811946634119,0.6347688712674635,,10,,,,,,,,,,,,,,,"{""markers"": [""args.json"", ""command.txt"", ""eval_fixed.csv"", ""metrics.json"", ""run.log"", ""status.json"", ""summary.json""]}"
PB000489,true,,run_artifact,run,canonical/scmae_11datasets_20260609_12,scmae_11datasets_20260609_12,,,worm_neuron_cell,nm_scmae_nomix,nm_scmae_nomix,nm_scmae_nomix,42,success,0,,,,,,,/data/luolie/biopipeline/dimension-reduction/plantnet/results/canonical/scmae_11datasets_20260609_12/worm_neuron_cell/nm_scmae_nomix__seed42__20260609_213214,/data/luolie/biopipeline/dimension-reduction/plantnet/results/canonical/scmae_11datasets_20260609_12/worm_neuron_cell/nm_scmae_nomix__seed42__20260609_213214,/data/luolie/biopipeline/dimension-reduction/plantnet/results/canonical/scmae_11datasets_20260609_12/worm_neuron_cell/nm_scmae_nomix__seed42__20260609_213214/metrics.json,/data/luolie/biopipeline/dimension-reduction/plantnet/results/canonical/scmae_11datasets_20260609_12/worm_neuron_cell/nm_scmae_nomix__seed42__20260609_213214/summary.json,/data/luolie/biopipeline/dimension-reduction/plantnet/results/canonical/scmae_11datasets_20260609_12/worm_neuron_cell/nm_scmae_nomix__seed42__20260609_213214/eval_fixed.csv,/data/luolie/biopipeline/dimension-reduction/plantnet/results/canonical/scmae_11datasets_20260609_12/worm_neuron_cell/nm_scmae_nomix__seed42__20260609_213214/args.json,/data/luolie/biopipeline/dimension-reduction/plantnet/results/canonical/scmae_11datasets_20260609_12/worm_neuron_cell/nm_scmae_nomix__seed42__20260609_213214/status.json,f29c99d3c9872285a38b2d4ddef0b855781ff504,refactor/minimal-method-isolation-and-neighbormix-ablations,1,38.1,38.1,/data/luolie/conda/base/bin/python /home/luolie/biopipeline/dimension-reduction/plantnet/methods/DeepLearning/NeighborMix_scMAE/run.py --data_path /home/luolie/biopipeline/dimension-reduction/plantnet/data/processed_scmae/worm_neuron_cell.h5ad --save_dir results/formal/scmae_11datasets/worm_neuron_cell/nm_scmae_nomix__seed42__20260609_213214 --n_clusters 10 --seed 42 --epochs 200 --gpu 1 --use_pseudo false --pseudo_weight 0 --neighbor_k 0 --mix_neighbors 0 --variant_name nm_scmae_nomix,eval_fixed.csv,0.7243191591017678,0.6220898762635083,0.4967939120569861,0.7170523298870856,0.7170523298870856,0.5808923640668064,0.6220898762635083,0.600895945303081,0.6448335093068746,,10,,,,,,,,,,,,,,,"{""markers"": [""args.json"", ""command.txt"", ""eval_fixed.csv"", ""metrics.json"", ""run.log"", ""status.json"", ""summary.json""]}"
PB000490,true,,run_artifact,run,canonical/scmae_11datasets_20260609_12,scmae_11datasets_20260609_12,,,worm_neuron_cell,sc3,sc3,sc3,2024,success,0,,,,,,,/data/luolie/biopipeline/dimension-reduction/plantnet/results/canonical/scmae_11datasets_20260609_12/worm_neuron_cell/sc3__seed2024__20260609_213437,/data/luolie/biopipeline/dimension-reduction/plantnet/results/canonical/scmae_11datasets_20260609_12/worm_neuron_cell/sc3__seed2024__20260609_213437,/data/luolie/biopipeline/dimension-reduction/plantnet/results/canonical/scmae_11datasets_20260609_12/worm_neuron_cell/sc3__seed2024__20260609_213437/metrics.json,,,/data/luolie/biopipeline/dimension-reduction/plantnet/results/canonical/scmae_11datasets_20260609_12/worm_neuron_cell/sc3__seed2024__20260609_213437/args.json,/data/luolie/biopipeline/dimension-reduction/plantnet/results/canonical/scmae_11datasets_20260609_12/worm_neuron_cell/sc3__seed2024__20260609_213437/status.json,f29c99d3c9872285a38b2d4ddef0b855781ff504,refactor/minimal-method-isolation-and-neighbormix-ablations,1,13.6,13.6,/data/luolie/conda/base/bin/python /home/luolie/biopipeline/dimension-reduction/plantnet/methods/Traditional/sc3/run.py --data_path /home/luolie/biopipeline/dimension-reduction/plantnet/data/processed_scmae/worm_neuron_cell.h5ad --save_dir results/formal/scmae_11datasets/worm_neuron_cell/sc3__seed2024__20260609_213437 --n_clusters 10 --seed 2024,metrics.json:top_level,0.1634018155757286,0.5234062077109297,0.2907310351781901,0.16998657532377778,0.16998657532377778,0.41939855209119675,0.5234062077109297,0.49591037699700297,0.5541300368405676,,,,,,,,,,,,,,,,,"{""markers"": [""args.json"", ""command.txt"", ""metrics.json"", ""run.log"", ""status.json""]}"
PB000491,true,,run_artifact,run,canonical/scmae_11datasets_20260609_12,scmae_11datasets_20260609_12,,,worm_neuron_cell,sc3,sc3,sc3,3407,success,0,,,,,,,/data/luolie/biopipeline/dimension-reduction/plantnet/results/canonical/scmae_11datasets_20260609_12/worm_neuron_cell/sc3__seed3407__20260609_213456,/data/luolie/biopipeline/dimension-reduction/plantnet/results/canonical/scmae_11datasets_20260609_12/worm_neuron_cell/sc3__seed3407__20260609_213456,/data/luolie/biopipeline/dimension-reduction/plantnet/results/canonical/scmae_11datasets_20260609_12/worm_neuron_cell/sc3__seed3407__20260609_213456/metrics.json,,,/data/luolie/biopipeline/dimension-reduction/plantnet/results/canonical/scmae_11datasets_20260609_12/worm_neuron_cell/sc3__seed3407__20260609_213456/args.json,/data/luolie/biopipeline/dimension-reduction/plantnet/results/canonical/scmae_11datasets_20260609_12/worm_neuron_cell/sc3__seed3407__20260609_213456/status.json,f29c99d3c9872285a38b2d4ddef0b855781ff504,refactor/minimal-method-isolation-and-neighbormix-ablations,1,11.7,11.7,/data/luolie/conda/base/bin/python /home/luolie/biopipeline/dimension-reduction/plantnet/methods/Traditional/sc3/run.py --data_path /home/luolie/biopipeline/dimension-reduction/plantnet/data/processed_scmae/worm_neuron_cell.h5ad --save_dir results/formal/scmae_11datasets/worm_neuron_cell/sc3__seed3407__20260609_213456 --n_clusters 10 --seed 3407,metrics.json:top_level,0.07835642618251314,0.5073414049356806,0.27568828363396125,0.037519383774016105,0.037519383774016105,0.3928045661410286,0.5073414049356806,0.48881694172387524,0.5273251971946833,,,,,,,,,,,,,,,,,"{""markers"": [""args.json"", ""command.txt"", ""metrics.json"", ""run.log"", ""status.json""]}"
PB000492,true,,run_artifact,run,canonical/scmae_11datasets_20260609_12,scmae_11datasets_20260609_12,,,worm_neuron_cell,sc3,sc3,sc3,42,success,0,,,,,,,/data/luolie/biopipeline/dimension-reduction/plantnet/results/canonical/scmae_11datasets_20260609_12/worm_neuron_cell/sc3__seed42__20260609_213419,/data/luolie/biopipeline/dimension-reduction/plantnet/results/canonical/scmae_11datasets_20260609_12/worm_neuron_cell/sc3__seed42__20260609_213419,/data/luolie/biopipeline/dimension-reduction/plantnet/results/canonical/scmae_11datasets_20260609_12/worm_neuron_cell/sc3__seed42__20260609_213419/metrics.json,,,/data/luolie/biopipeline/dimension-reduction/plantnet/results/canonical/scmae_11datasets_20260609_12/worm_neuron_cell/sc3__seed42__20260609_213419/args.json,/data/luolie/biopipeline/dimension-reduction/plantnet/results/canonical/scmae_11datasets_20260609_12/worm_neuron_cell/sc3__seed42__20260609_213419/status.json,f29c99d3c9872285a38b2d4ddef0b855781ff504,refactor/minimal-method-isolation-and-neighbormix-ablations,1,12.5,12.5,/data/luolie/conda/base/bin/python /home/luolie/biopipeline/dimension-reduction/plantnet/methods/Traditional/sc3/run.py --data_path /home/luolie/biopipeline/dimension-reduction/plantnet/data/processed_scmae/worm_neuron_cell.h5ad --save_dir results/formal/scmae_11datasets/worm_neuron_cell/sc3__seed42__20260609_213419 --n_clusters 10 --seed 42,metrics.json:top_level,0.18490205446727187,0.5066561473789251,0.2757970062330449,0.053205004710683325,0.053205004710683325,0.39283480045201535,0.5066561473789251,0.4881572848160607,0.5266122729223105,,,,,,,,,,,,,,,,,"{""markers"": [""args.json"", ""command.txt"", ""metrics.json"", ""run.log"", ""status.json""]}"
PB000493,true,,run_artifact,run,canonical/scmae_11datasets_20260609_12,scmae_11datasets_20260609_12,,,worm_neuron_cell,scdcc,scdcc,scdcc,2024,success,0,,,,,,,/data/luolie/biopipeline/dimension-reduction/plantnet/results/canonical/scmae_11datasets_20260609_12/worm_neuron_cell/scdcc__seed2024__20260609_213842,/data/luolie/biopipeline/dimension-reduction/plantnet/results/canonical/scmae_11datasets_20260609_12/worm_neuron_cell/scdcc__seed2024__20260609_213842,/data/luolie/biopipeline/dimension-reduction/plantnet/results/canonical/scmae_11datasets_20260609_12/worm_neuron_cell/scdcc__seed2024__20260609_213842/metrics.json,,,/data/luolie/biopipeline/dimension-reduction/plantnet/results/canonical/scmae_11datasets_20260609_12/worm_neuron_cell/scdcc__seed2024__20260609_213842/args.json,/data/luolie/biopipeline/dimension-reduction/plantnet/results/canonical/scmae_11datasets_20260609_12/worm_neuron_cell/scdcc__seed2024__20260609_213842/status.json,f29c99d3c9872285a38b2d4ddef0b855781ff504,refactor/minimal-method-isolation-and-neighbormix-ablations,1,234.5,234.5,/data/luolie/conda/base/bin/python /home/luolie/biopipeline/dimension-reduction/plantnet/methods/DeepLearning/scDCC/run.py --data_path /home/luolie/biopipeline/dimension-reduction/plantnet/data/processed_scmae/worm_neuron_cell.h5ad --save_dir results/formal/scmae_11datasets/worm_neuron_cell/scdcc__seed2024__20260609_213842 --n_clusters 10 --seed 2024 --epochs 200 --pretrain_epochs 200 --gpu 1,metrics.json:top_level,0.6383182035355949,0.6850444196536707,0.47869239531836644,0.6423098039058497,0.6423098039058497,0.5540080563605764,0.6850444196536707,0.6883626821694376,0.6817579951297067,,,,,,,,,,,,,,,,,"{""markers"": [""args.json"", ""command.txt"", ""metrics.json"", ""run.log"", ""run_config.json"", ""status.json""]}"
PB000494,true,,run_artifact,run,canonical/scmae_11datasets_20260609_12,scmae_11datasets_20260609_12,,,worm_neuron_cell,scdcc,scdcc,scdcc,3407,success,0,,,,,,,/data/luolie/biopipeline/dimension-reduction/plantnet/results/canonical/scmae_11datasets_20260609_12/worm_neuron_cell/scdcc__seed3407__20260609_214242,/data/luolie/biopipeline/dimension-reduction/plantnet/results/canonical/scmae_11datasets_20260609_12/worm_neuron_cell/scdcc__seed3407__20260609_214242,/data/luolie/biopipeline/dimension-reduction/plantnet/results/canonical/scmae_11datasets_20260609_12/worm_neuron_cell/scdcc__seed3407__20260609_214242/metrics.json,,,/data/luolie/biopipeline/dimension-reduction/plantnet/results/canonical/scmae_11datasets_20260609_12/worm_neuron_cell/scdcc__seed3407__20260609_214242/args.json,/data/luolie/biopipeline/dimension-reduction/plantnet/results/canonical/scmae_11datasets_20260609_12/worm_neuron_cell/scdcc__seed3407__20260609_214242/status.json,f29c99d3c9872285a38b2d4ddef0b855781ff504,refactor/minimal-method-isolation-and-neighbormix-ablations,1,241.5,241.5,/data/luolie/conda/base/bin/python /home/luolie/biopipeline/dimension-reduction/plantnet/methods/DeepLearning/scDCC/run.py --data_path /home/luolie/biopipeline/dimension-reduction/plantnet/data/processed_scmae/worm_neuron_cell.h5ad --save_dir results/formal/scmae_11datasets/worm_neuron_cell/scdcc__seed3407__20260609_214242 --n_clusters 10 --seed 3407 --epochs 200 --pretrain_epochs 200 --gpu 1,metrics.json:top_level,0.7247969421882465,0.6933412395186954,0.5662076028012548,0.6330325576957974,0.6330325576957974,0.63769244771809,0.6933412395186955,0.6708346134488238,0.7174104950813859,,,,,,,,,,,,,,,,,"{""markers"": [""args.json"", ""command.txt"", ""metrics.json"", ""run.log"", ""run_config.json"", ""status.json""]}"
PB000495,true,,run_artifact,run,canonical/scmae_11datasets_20260609_12,scmae_11datasets_20260609_12,,,worm_neuron_cell,scdcc,scdcc,scdcc,42,success,0,,,,,,,/data/luolie/biopipeline/dimension-reduction/plantnet/results/canonical/scmae_11datasets_20260609_12/worm_neuron_cell/scdcc__seed42__20260609_213514,/data/luolie/biopipeline/dimension-reduction/plantnet/results/canonical/scmae_11datasets_20260609_12/worm_neuron_cell/scdcc__seed42__20260609_213514,/data/luolie/biopipeline/dimension-reduction/plantnet/results/canonical/scmae_11datasets_20260609_12/worm_neuron_cell/scdcc__seed42__20260609_213514/metrics.json,,,/data/luolie/biopipeline/dimension-reduction/plantnet/results/canonical/scmae_11datasets_20260609_12/worm_neuron_cell/scdcc__seed42__20260609_213514/args.json,/data/luolie/biopipeline/dimension-reduction/plantnet/results/canonical/scmae_11datasets_20260609_12/worm_neuron_cell/scdcc__seed42__20260609_213514/status.json,f29c99d3c9872285a38b2d4ddef0b855781ff504,refactor/minimal-method-isolation-and-neighbormix-ablations,1,202.3,202.3,/data/luolie/conda/base/bin/python /home/luolie/biopipeline/dimension-reduction/plantnet/methods/DeepLearning/scDCC/run.py --data_path /home/luolie/biopipeline/dimension-reduction/plantnet/data/processed_scmae/worm_neuron_cell.h5ad --save_dir results/formal/scmae_11datasets/worm_neuron_cell/scdcc__seed42__20260609_213514 --n_clusters 10 --seed 42 --epochs 200 --pretrain_epochs 200 --gpu 1,metrics.json:top_level,0.6669851887243191,0.6851740616567623,0.5146094078329659,0.642107851963225,0.642107851963225,0.5980649781553863,0.6851740616567624,0.664520432238301,0.7071527241605978,,,,,,,,,,,,,,,,,"{""markers"": [""args.json"", ""command.txt"", ""metrics.json"", ""run.log"", ""run_config.json"", ""status.json""]}"
PB000496,true,,run_artifact,run,canonical/scmae_11datasets_20260609_12,scmae_11datasets_20260609_12,,,worm_neuron_cell,scmae,scmae,scmae,2024,success,0,,,,,,,/data/luolie/biopipeline/dimension-reduction/plantnet/results/canonical/scmae_11datasets_20260609_12/worm_neuron_cell/scmae__seed2024__20260609_214727,/data/luolie/biopipeline/dimension-reduction/plantnet/results/canonical/scmae_11datasets_20260609_12/worm_neuron_cell/scmae__seed2024__20260609_214727,/data/luolie/biopipeline/dimension-reduction/plantnet/results/canonical/scmae_11datasets_20260609_12/worm_neuron_cell/scmae__seed2024__20260609_214727/metrics.json,/data/luolie/biopipeline/dimension-reduction/plantnet/results/canonical/scmae_11datasets_20260609_12/worm_neuron_cell/scmae__seed2024__20260609_214727/summary.json,/data/luolie/biopipeline/dimension-reduction/plantnet/results/canonical/scmae_11datasets_20260609_12/worm_neuron_cell/scmae__seed2024__20260609_214727/eval_fixed.csv,/data/luolie/biopipeline/dimension-reduction/plantnet/results/canonical/scmae_11datasets_20260609_12/worm_neuron_cell/scmae__seed2024__20260609_214727/args.json,/data/luolie/biopipeline/dimension-reduction/plantnet/results/canonical/scmae_11datasets_20260609_12/worm_neuron_cell/scmae__seed2024__20260609_214727/status.json,f29c99d3c9872285a38b2d4ddef0b855781ff504,refactor/minimal-method-isolation-and-neighbormix-ablations,1,34.0,34.0,/data/luolie/conda/base/bin/python /home/luolie/biopipeline/dimension-reduction/plantnet/methods/DeepLearning/scMAE/run.py --data_path /home/luolie/biopipeline/dimension-reduction/plantnet/data/processed_scmae/worm_neuron_cell.h5ad --save_dir results/formal/scmae_11datasets/worm_neuron_cell/scmae__seed2024__20260609_214727 --n_clusters 10 --seed 2024 --epochs 200 --gpu 1,eval_fixed.csv,0.7238413760152891,0.6782627956902316,0.4460306263520959,0.7265578546975126,0.7265578546975126,0.5763324687856947,0.6782627956902316,0.6166059228962845,0.7536202774392817,,10,,,,,,,,,,,,,,,"{""markers"": [""args.json"", ""command.txt"", ""eval_fixed.csv"", ""metrics.json"", ""run.log"", ""status.json"", ""summary.json""]}"
PB000497,true,,run_artifact,run,canonical/scmae_11datasets_20260609_12,scmae_11datasets_20260609_12,,,worm_neuron_cell,scmae,scmae,scmae,3407,success,0,,,,,,,/data/luolie/biopipeline/dimension-reduction/plantnet/results/canonical/scmae_11datasets_20260609_12/worm_neuron_cell/scmae__seed3407__20260609_214806,/data/luolie/biopipeline/dimension-reduction/plantnet/results/canonical/scmae_11datasets_20260609_12/worm_neuron_cell/scmae__seed3407__20260609_214806,/data/luolie/biopipeline/dimension-reduction/plantnet/results/canonical/scmae_11datasets_20260609_12/worm_neuron_cell/scmae__seed3407__20260609_214806/metrics.json,/data/luolie/biopipeline/dimension-reduction/plantnet/results/canonical/scmae_11datasets_20260609_12/worm_neuron_cell/scmae__seed3407__20260609_214806/summary.json,/data/luolie/biopipeline/dimension-reduction/plantnet/results/canonical/scmae_11datasets_20260609_12/worm_neuron_cell/scmae__seed3407__20260609_214806/eval_fixed.csv,/data/luolie/biopipeline/dimension-reduction/plantnet/results/canonical/scmae_11datasets_20260609_12/worm_neuron_cell/scmae__seed3407__20260609_214806/args.json,/data/luolie/biopipeline/dimension-reduction/plantnet/results/canonical/scmae_11datasets_20260609_12/worm_neuron_cell/scmae__seed3407__20260609_214806/status.json,f29c99d3c9872285a38b2d4ddef0b855781ff504,refactor/minimal-method-isolation-and-neighbormix-ablations,1,31.4,31.4,/data/luolie/conda/base/bin/python /home/luolie/biopipeline/dimension-reduction/plantnet/methods/DeepLearning/scMAE/run.py --data_path /home/luolie/biopipeline/dimension-reduction/plantnet/data/processed_scmae/worm_neuron_cell.h5ad --save_dir results/formal/scmae_11datasets/worm_neuron_cell/scmae__seed3407__20260609_214806 --n_clusters 10 --seed 3407 --epochs 200 --gpu 1,eval_fixed.csv,0.7059245102723364,0.6286669344652892,0.5019703370708466,0.6764616218098138,0.6764616218098138,0.5785656930031227,0.6286669344652893,0.6226811946634119,0.6347688712674635,,10,,,,,,,,,,,,,,,"{""markers"": [""args.json"", ""command.txt"", ""eval_fixed.csv"", ""metrics.json"", ""run.log"", ""status.json"", ""summary.json""]}"
PB000498,true,,run_artifact,run,canonical/scmae_11datasets_20260609_12,scmae_11datasets_20260609_12,,,worm_neuron_cell,scmae,scmae,scmae,42,success,0,,,,,,,/data/luolie/biopipeline/dimension-reduction/plantnet/results/canonical/scmae_11datasets_20260609_12/worm_neuron_cell/scmae__seed42__20260609_214649,/data/luolie/biopipeline/dimension-reduction/plantnet/results/canonical/scmae_11datasets_20260609_12/worm_neuron_cell/scmae__seed42__20260609_214649,/data/luolie/biopipeline/dimension-reduction/plantnet/results/canonical/scmae_11datasets_20260609_12/worm_neuron_cell/scmae__seed42__20260609_214649/metrics.json,/data/luolie/biopipeline/dimension-reduction/plantnet/results/canonical/scmae_11datasets_20260609_12/worm_neuron_cell/scmae__seed42__20260609_214649/summary.json,/data/luolie/biopipeline/dimension-reduction/plantnet/results/canonical/scmae_11datasets_20260609_12/worm_neuron_cell/scmae__seed42__20260609_214649/eval_fixed.csv,/data/luolie/biopipeline/dimension-reduction/plantnet/results/canonical/scmae_11datasets_20260609_12/worm_neuron_cell/scmae__seed42__20260609_214649/args.json,/data/luolie/biopipeline/dimension-reduction/plantnet/results/canonical/scmae_11datasets_20260609_12/worm_neuron_cell/scmae__seed42__20260609_214649/status.json,f29c99d3c9872285a38b2d4ddef0b855781ff504,refactor/minimal-method-isolation-and-neighbormix-ablations,1,31.6,31.6,/data/luolie/conda/base/bin/python /home/luolie/biopipeline/dimension-reduction/plantnet/methods/DeepLearning/scMAE/run.py --data_path /home/luolie/biopipeline/dimension-reduction/plantnet/data/processed_scmae/worm_neuron_cell.h5ad --save_dir results/formal/scmae_11datasets/worm_neuron_cell/scmae__seed42__20260609_214649 --n_clusters 10 --seed 42 --epochs 200 --gpu 1,eval_fixed.csv,0.7243191591017678,0.6220898762635083,0.4967939120569861,0.7170523298870856,0.7170523298870856,0.5808923640668064,0.6220898762635083,0.600895945303081,0.6448335093068746,,10,,,,,,,,,,,,,,,"{""markers"": [""args.json"", ""command.txt"", ""eval_fixed.csv"", ""metrics.json"", ""run.log"", ""status.json"", ""summary.json""]}"
PB000499,true,,run_artifact,run,canonical/scmae_11datasets_20260609_12,scmae_11datasets_20260609_12,,,worm_neuron_cell,scname,scname,scname,2024,success,0,,,,,,,/data/luolie/biopipeline/dimension-reduction/plantnet/results/canonical/scmae_11datasets_20260609_12/worm_neuron_cell/scname__seed2024__20260610_194706,/data/luolie/biopipeline/dimension-reduction/plantnet/results/canonical/scmae_11datasets_20260609_12/worm_neuron_cell/scname__seed2024__20260610_194706,/data/luolie/biopipeline/dimension-reduction/plantnet/results/canonical/scmae_11datasets_20260609_12/worm_neuron_cell/scname__seed2024__20260610_194706/metrics.json,,,/data/luolie/biopipeline/dimension-reduction/plantnet/results/canonical/scmae_11datasets_20260609_12/worm_neuron_cell/scname__seed2024__20260610_194706/args.json,/data/luolie/biopipeline/dimension-reduction/plantnet/results/canonical/scmae_11datasets_20260609_12/worm_neuron_cell/scname__seed2024__20260610_194706/status.json,cc4a3f022b1612f7b3af795f49894bec9489fe5c,refactor/minimal-method-isolation-and-neighbormix-ablations,5,942.2,942.2,/data/luolie/conda/envs/scssl_bench_py310/bin/python /home/luolie/biopipeline/dimension-reduction/plantnet/methods/DeepLearning/scNAME/run.py --data_path /home/luolie/biopipeline/dimension-reduction/plantnet/data/processed_scmae/worm_neuron_cell.h5ad --save_dir /home/luolie/biopipeline/dimension-reduction/plantnet/results/formal/scmae_11datasets/worm_neuron_cell/scname__seed2024__20260610_194706 --n_clusters 10 --seed 2024 --epochs 200 --gpu 5,metrics.json:top_level,0.49880554228380314,0.44554038125026496,0.22883491046362514,0.4671010634966031,0.4671010634966031,0.3731336368543757,0.44554038125026496,0.425065934886049,0.46808705585364985,,,,,,,,,,,,,,,,,"{""markers"": [""args.json"", ""command.txt"", ""metrics.json"", ""run.log"", ""status.json""]}"
PB000500,true,,run_artifact,run,canonical/scmae_11datasets_20260609_12,scmae_11datasets_20260609_12,,,worm_neuron_cell,scname,scname,scname,3407,success,0,,,,,,,/data/luolie/biopipeline/dimension-reduction/plantnet/results/canonical/scmae_11datasets_20260609_12/worm_neuron_cell/scname__seed3407__20260610_200308,/data/luolie/biopipeline/dimension-reduction/plantnet/results/canonical/scmae_11datasets_20260609_12/worm_neuron_cell/scname__seed3407__20260610_200308,/data/luolie/biopipeline/dimension-reduction/plantnet/results/canonical/scmae_11datasets_20260609_12/worm_neuron_cell/scname__seed3407__20260610_200308/metrics.json,,,/data/luolie/biopipeline/dimension-reduction/plantnet/results/canonical/scmae_11datasets_20260609_12/worm_neuron_cell/scname__seed3407__20260610_200308/args.json,/data/luolie/biopipeline/dimension-reduction/plantnet/results/canonical/scmae_11datasets_20260609_12/worm_neuron_cell/scname__seed3407__20260610_200308/status.json,cc4a3f022b1612f7b3af795f49894bec9489fe5c,refactor/minimal-method-isolation-and-neighbormix-ablations,5,964.4,964.4,/data/luolie/conda/envs/scssl_bench_py310/bin/python /home/luolie/biopipeline/dimension-reduction/plantnet/methods/DeepLearning/scNAME/run.py --data_path /home/luolie/biopipeline/dimension-reduction/plantnet/data/processed_scmae/worm_neuron_cell.h5ad --save_dir /home/luolie/biopipeline/dimension-reduction/plantnet/results/formal/scmae_11datasets/worm_neuron_cell/scname__seed3407__20260610_200308 --n_clusters 10 --seed 3407 --epochs 200 --gpu 5,metrics.json:top_level,0.6435738174868609,0.5371124807369732,0.4090432906559068,0.6165761528800178,0.6165761528800178,0.4937063485484082,0.5371124807369732,0.5400706573138867,0.5341865337880796,,,,,,,,,,,,,,,,,"{""markers"": [""args.json"", ""command.txt"", ""metrics.json"", ""run.log"", ""status.json""]}"
PB000501,true,,run_artifact,run,canonical/scmae_11datasets_20260609_12,scmae_11datasets_20260609_12,,,worm_neuron_cell,scname,scname,scname,42,success,0,,,,,,,/data/luolie/biopipeline/dimension-reduction/plantnet/results/canonical/scmae_11datasets_20260609_12/worm_neuron_cell/scname__seed42__20260610_193128,/data/luolie/biopipeline/dimension-reduction/plantnet/results/canonical/scmae_11datasets_20260609_12/worm_neuron_cell/scname__seed42__20260610_193128,/data/luolie/biopipeline/dimension-reduction/plantnet/results/canonical/scmae_11datasets_20260609_12/worm_neuron_cell/scname__seed42__20260610_193128/metrics.json,,,/data/luolie/biopipeline/dimension-reduction/plantnet/results/canonical/scmae_11datasets_20260609_12/worm_neuron_cell/scname__seed42__20260610_193128/args.json,/data/luolie/biopipeline/dimension-reduction/plantnet/results/canonical/scmae_11datasets_20260609_12/worm_neuron_cell/scname__seed42__20260610_193128/status.json,cc4a3f022b1612f7b3af795f49894bec9489fe5c,refactor/minimal-method-isolation-and-neighbormix-ablations,5,918.5,918.5,/data/luolie/conda/envs/scssl_bench_py310/bin/python /home/luolie/biopipeline/dimension-reduction/plantnet/methods/DeepLearning/scNAME/run.py --data_path /home/luolie/biopipeline/dimension-reduction/plantnet/data/processed_scmae/worm_neuron_cell.h5ad --save_dir /home/luolie/biopipeline/dimension-reduction/plantnet/results/formal/scmae_11datasets/worm_neuron_cell/scname__seed42__20260610_193128 --n_clusters 10 --seed 42 --epochs 200 --gpu 5,metrics.json:top_level,0.5745341614906833,0.5172914421936918,0.32428771418492647,0.5809641807747871,0.5809641807747871,0.43546368623559845,0.5172914421936919,0.5077214948748239,0.527229084412376,,,,,,,,,,,,,,,,,"{""markers"": [""args.json"", ""command.txt"", ""metrics.json"", ""run.log"", ""status.json""]}"
PB000502,true,,run_artifact,run,canonical/scmae_11datasets_20260609_12,scmae_11datasets_20260609_12,,,worm_neuron_cell,sczidesk,sczidesk,sczidesk,2024,success,0,,,,,,,/data/luolie/biopipeline/dimension-reduction/plantnet/results/canonical/scmae_11datasets_20260609_12/worm_neuron_cell/sczidesk__seed2024__20260610_104936,/data/luolie/biopipeline/dimension-reduction/plantnet/results/canonical/scmae_11datasets_20260609_12/worm_neuron_cell/sczidesk__seed2024__20260610_104936,/data/luolie/biopipeline/dimension-reduction/plantnet/results/canonical/scmae_11datasets_20260609_12/worm_neuron_cell/sczidesk__seed2024__20260610_104936/metrics.json,,,/data/luolie/biopipeline/dimension-reduction/plantnet/results/canonical/scmae_11datasets_20260609_12/worm_neuron_cell/sczidesk__seed2024__20260610_104936/args.json,/data/luolie/biopipeline/dimension-reduction/plantnet/results/canonical/scmae_11datasets_20260609_12/worm_neuron_cell/sczidesk__seed2024__20260610_104936/status.json,cc4a3f022b1612f7b3af795f49894bec9489fe5c,refactor/minimal-method-isolation-and-neighbormix-ablations,6,610.9,610.9,/data/luolie/conda/envs/scssl_bench_py310/bin/python /home/luolie/biopipeline/dimension-reduction/plantnet/methods/DeepLearning/scziDesk/run.py --data_path /home/luolie/biopipeline/dimension-reduction/plantnet/data/processed_scmae/worm_neuron_cell.h5ad --save_dir /home/luolie/biopipeline/dimension-reduction/plantnet/results/formal/scmae_11datasets/worm_neuron_cell/sczidesk__seed2024__20260610_104936 --n_clusters 10 --seed 2024 --epochs 200 --gpu 6,metrics.json:top_level,0.5496894409937888,0.47560922767287694,0.30679220134274227,0.5453242350307385,0.5453242350307385,0.4066154928880267,0.47560922767287683,0.4784254736298264,0.47282594328582966,,,,,,,,,,,,,,,,,"{""markers"": [""args.json"", ""command.txt"", ""metrics.json"", ""run.log"", ""status.json""]}"
PB000503,true,,run_artifact,run,canonical/scmae_11datasets_20260609_12,scmae_11datasets_20260609_12,,,worm_neuron_cell,sczidesk,sczidesk,sczidesk,3407,success,0,,,,,,,/data/luolie/biopipeline/dimension-reduction/plantnet/results/canonical/scmae_11datasets_20260609_12/worm_neuron_cell/sczidesk__seed3407__20260610_110005,/data/luolie/biopipeline/dimension-reduction/plantnet/results/canonical/scmae_11datasets_20260609_12/worm_neuron_cell/sczidesk__seed3407__20260610_110005,/data/luolie/biopipeline/dimension-reduction/plantnet/results/canonical/scmae_11datasets_20260609_12/worm_neuron_cell/sczidesk__seed3407__20260610_110005/metrics.json,,,/data/luolie/biopipeline/dimension-reduction/plantnet/results/canonical/scmae_11datasets_20260609_12/worm_neuron_cell/sczidesk__seed3407__20260610_110005/args.json,/data/luolie/biopipeline/dimension-reduction/plantnet/results/canonical/scmae_11datasets_20260609_12/worm_neuron_cell/sczidesk__seed3407__20260610_110005/status.json,cc4a3f022b1612f7b3af795f49894bec9489fe5c,refactor/minimal-method-isolation-and-neighbormix-ablations,6,611.4,611.4,/data/luolie/conda/envs/scssl_bench_py310/bin/python /home/luolie/biopipeline/dimension-reduction/plantnet/methods/DeepLearning/scziDesk/run.py --data_path /home/luolie/biopipeline/dimension-reduction/plantnet/data/processed_scmae/worm_neuron_cell.h5ad --save_dir /home/luolie/biopipeline/dimension-reduction/plantnet/results/formal/scmae_11datasets/worm_neuron_cell/sczidesk__seed3407__20260610_110005 --n_clusters 10 --seed 3407 --epochs 200 --gpu 6,metrics.json:top_level,0.5645007166746298,0.5196854599524768,0.3143330750400471,0.5185832934009753,0.5185832934009753,0.42553688333086576,0.5196854599524767,0.5089288112480878,0.5309066287567399,,,,,,,,,,,,,,,,,"{""markers"": [""args.json"", ""command.txt"", ""metrics.json"", ""run.log"", ""status.json""]}"
PB000504,true,,run_artifact,run,canonical/scmae_11datasets_20260609_12,scmae_11datasets_20260609_12,,,worm_neuron_cell,sczidesk,sczidesk,sczidesk,42,success,0,,,,,,,/data/luolie/biopipeline/dimension-reduction/plantnet/results/canonical/scmae_11datasets_20260609_12/worm_neuron_cell/sczidesk__seed42__20260610_103844,/data/luolie/biopipeline/dimension-reduction/plantnet/results/canonical/scmae_11datasets_20260609_12/worm_neuron_cell/sczidesk__seed42__20260610_103844,/data/luolie/biopipeline/dimension-reduction/plantnet/results/canonical/scmae_11datasets_20260609_12/worm_neuron_cell/sczidesk__seed42__20260610_103844/metrics.json,,,/data/luolie/biopipeline/dimension-reduction/plantnet/results/canonical/scmae_11datasets_20260609_12/worm_neuron_cell/sczidesk__seed42__20260610_103844/args.json,/data/luolie/biopipeline/dimension-reduction/plantnet/results/canonical/scmae_11datasets_20260609_12/worm_neuron_cell/sczidesk__seed42__20260610_103844/status.json,cc4a3f022b1612f7b3af795f49894bec9489fe5c,refactor/minimal-method-isolation-and-neighbormix-ablations,6,633.6,633.6,/data/luolie/conda/envs/scssl_bench_py310/bin/python /home/luolie/biopipeline/dimension-reduction/plantnet/methods/DeepLearning/scziDesk/run.py --data_path /home/luolie/biopipeline/dimension-reduction/plantnet/data/processed_scmae/worm_neuron_cell.h5ad --save_dir /home/luolie/biopipeline/dimension-reduction/plantnet/results/formal/scmae_11datasets/worm_neuron_cell/sczidesk__seed42__20260610_103844 --n_clusters 10 --seed 42 --epochs 200 --gpu 6,metrics.json:top_level,0.4498327759197324,0.44584602452331307,0.25267699936315746,0.44203790231851314,0.44203790231851314,0.35659267612570483,0.445846024523313,0.4512511010409626,0.4405688992021975,,,,,,,,,,,,,,,,,"{""markers"": [""args.json"", ""command.txt"", ""metrics.json"", ""run.log"", ""status.json""]}"
PB000505,true,,run_artifact,run,experiments/scgpt_plantnet_20260615,,,,Macosko,scgpt_plantnet,scgpt_plantnet,scgpt_plantnet,42,completed_no_status_json,,,,,,,,/data/luolie/biopipeline/dimension-reduction/plantnet/results/experiments/scgpt_plantnet_20260615/Macosko/scgpt_plantnet/seed42,/data/luolie/biopipeline/dimension-reduction/plantnet/results/experiments/scgpt_plantnet_20260615/Macosko/scgpt_plantnet/seed42,/data/luolie/biopipeline/dimension-reduction/plantnet/results/experiments/scgpt_plantnet_20260615/Macosko/scgpt_plantnet/seed42/metrics.json,/data/luolie/biopipeline/dimension-reduction/plantnet/results/experiments/scgpt_plantnet_20260615/Macosko/scgpt_plantnet/seed42/summary.json,/data/luolie/biopipeline/dimension-reduction/plantnet/results/experiments/scgpt_plantnet_20260615/Macosko/scgpt_plantnet/seed42/eval_fixed.csv,/data/luolie/biopipeline/dimension-reduction/plantnet/results/experiments/scgpt_plantnet_20260615/Macosko/scgpt_plantnet/seed42/args.json,,,,5,,,,eval_fixed.csv,0.3846857703981431,0.5347891642857675,0.2256591914073745,0.3255126286916281,0.3255126286916281,0.4612807161588572,0.5347891642857674,0.7982493391418183,0.4020827649587926,,12,,,,,,,,,,,,,,,"{""markers"": [""args.json"", ""eval_fixed.csv"", ""metrics.json"", ""run.log"", ""summary.json""]}"
PB000506,true,,run_artifact,run,experiments/scgpt_plantnet_20260615,,,,Melanoma_5K,scgpt_plantnet,scgpt_plantnet,scgpt_plantnet,42,completed_no_status_json,,,,,,,,/data/luolie/biopipeline/dimension-reduction/plantnet/results/experiments/scgpt_plantnet_20260615/Melanoma_5K/scgpt_plantnet/seed42,/data/luolie/biopipeline/dimension-reduction/plantnet/results/experiments/scgpt_plantnet_20260615/Melanoma_5K/scgpt_plantnet/seed42,/data/luolie/biopipeline/dimension-reduction/plantnet/results/experiments/scgpt_plantnet_20260615/Melanoma_5K/scgpt_plantnet/seed42/metrics.json,/data/luolie/biopipeline/dimension-reduction/plantnet/results/experiments/scgpt_plantnet_20260615/Melanoma_5K/scgpt_plantnet/seed42/summary.json,/data/luolie/biopipeline/dimension-reduction/plantnet/results/experiments/scgpt_plantnet_20260615/Melanoma_5K/scgpt_plantnet/seed42/eval_fixed.csv,/data/luolie/biopipeline/dimension-reduction/plantnet/results/experiments/scgpt_plantnet_20260615/Melanoma_5K/scgpt_plantnet/seed42/args.json,,,,3,,,,eval_fixed.csv,0.66009306448039,0.6428684271025294,0.552736518267948,0.5092164433387505,0.5092164433387505,0.6395942143270764,0.6428684271025296,0.7010654063524507,0.593592970788658,,9,,,,,,,,,,,,,,,"{""markers"": [""args.json"", ""eval_fixed.csv"", ""metrics.json"", ""run.log"", ""summary.json""]}"
PB000507,true,,run_artifact,run,experiments/scgpt_plantnet_20260615,,,,SRP182008,scgpt_plantnet,scgpt_plantnet,scgpt_plantnet,42,completed_no_status_json,,,,,,,,/data/luolie/biopipeline/dimension-reduction/plantnet/results/experiments/scgpt_plantnet_20260615/SRP182008/scgpt_plantnet/seed42,/data/luolie/biopipeline/dimension-reduction/plantnet/results/experiments/scgpt_plantnet_20260615/SRP182008/scgpt_plantnet/seed42,/data/luolie/biopipeline/dimension-reduction/plantnet/results/experiments/scgpt_plantnet_20260615/SRP182008/scgpt_plantnet/seed42/metrics.json,/data/luolie/biopipeline/dimension-reduction/plantnet/results/experiments/scgpt_plantnet_20260615/SRP182008/scgpt_plantnet/seed42/summary.json,/data/luolie/biopipeline/dimension-reduction/plantnet/results/experiments/scgpt_plantnet_20260615/SRP182008/scgpt_plantnet/seed42/eval_fixed.csv,/data/luolie/biopipeline/dimension-reduction/plantnet/results/experiments/scgpt_plantnet_20260615/SRP182008/scgpt_plantnet/seed42/args.json,,,,2,,,,eval_fixed.csv,0.6792215480242711,0.6600835520700159,0.5129633726110361,0.6848489260259839,0.6848489260259839,0.5590356857080867,0.6600835520700158,0.6752336365763045,0.6455983878205019,,15,,,,,,,,,,,,,,,"{""markers"": [""args.json"", ""eval_fixed.csv"", ""metrics.json"", ""run.log"", ""summary.json""]}"
PB000508,true,,run_artifact,run,experiments/scgpt_plantnet_20260615,,,,Tosches,scgpt_plantnet,scgpt_plantnet,scgpt_plantnet,42,completed_no_status_json,,,,,,,,/data/luolie/biopipeline/dimension-reduction/plantnet/results/experiments/scgpt_plantnet_20260615/Tosches/scgpt_plantnet/seed42,/data/luolie/biopipeline/dimension-reduction/plantnet/results/experiments/scgpt_plantnet_20260615/Tosches/scgpt_plantnet/seed42,/data/luolie/biopipeline/dimension-reduction/plantnet/results/experiments/scgpt_plantnet_20260615/Tosches/scgpt_plantnet/seed42/metrics.json,/data/luolie/biopipeline/dimension-reduction/plantnet/results/experiments/scgpt_plantnet_20260615/Tosches/scgpt_plantnet/seed42/summary.json,/data/luolie/biopipeline/dimension-reduction/plantnet/results/experiments/scgpt_plantnet_20260615/Tosches/scgpt_plantnet/seed42/eval_fixed.csv,/data/luolie/biopipeline/dimension-reduction/plantnet/results/experiments/scgpt_plantnet_20260615/Tosches/scgpt_plantnet/seed42/args.json,,,,6,,,,eval_fixed.csv,0.636894556365195,0.7275558619687671,0.5223780950951161,0.6630208844252257,0.6630208844252257,0.6070649457368235,0.7275558619687671,0.790748677890672,0.6737157523225832,,15,,,,,,,,,,,,,,,"{""markers"": [""args.json"", ""eval_fixed.csv"", ""metrics.json"", ""run.log"", ""summary.json""]}"
PB000509,true,,run_artifact,run,experiments/scgpt_plantnet_20260615,,,,Wang,scgpt_plantnet,scgpt_plantnet,scgpt_plantnet,42,completed_no_status_json,,,,,,,,/data/luolie/biopipeline/dimension-reduction/plantnet/results/experiments/scgpt_plantnet_20260615/Wang/scgpt_plantnet/seed42,/data/luolie/biopipeline/dimension-reduction/plantnet/results/experiments/scgpt_plantnet_20260615/Wang/scgpt_plantnet/seed42,/data/luolie/biopipeline/dimension-reduction/plantnet/results/experiments/scgpt_plantnet_20260615/Wang/scgpt_plantnet/seed42/metrics.json,/data/luolie/biopipeline/dimension-reduction/plantnet/results/experiments/scgpt_plantnet_20260615/Wang/scgpt_plantnet/seed42/summary.json,/data/luolie/biopipeline/dimension-reduction/plantnet/results/experiments/scgpt_plantnet_20260615/Wang/scgpt_plantnet/seed42/eval_fixed.csv,/data/luolie/biopipeline/dimension-reduction/plantnet/results/experiments/scgpt_plantnet_20260615/Wang/scgpt_plantnet/seed42/args.json,,,,3,,,,eval_fixed.csv,0.985817838008194,0.868187253255384,0.9382953239988724,0.9795634122795096,0.9795634122795096,0.978604977741683,0.868187253255384,0.8754147644157492,0.8610781069615535,,2,,,,,,,,,,,,,,,"{""markers"": [""args.json"", ""eval_fixed.csv"", ""metrics.json"", ""run.log"", ""summary.json""]}"
PB000510,true,,experiment_report_csv,run,experiment_reports/desc_scname_fix_benchmark_20260628,latest_desc_scname_fix,,,CRA002977_1,desc,desc,desc,2024,success,0.0,,,,,,,experiment_reports/desc_scname_fix_benchmark_20260628/desc_scname_updated_values_all_runs.csv,/home/luolie/biopipeline/dimension-reduction/plantnet/experiment_reports/desc_scname_fix_benchmark_20260628/run_artifacts/CRA002977_1/desc__seed2024,,,,,,,,2.0,254.6,254.6,/data/luolie/conda/envs/scssl_bench_py310/bin/python /home/luolie/biopipeline/dimension-reduction/plantnet/methods/DeepLearning/desc/run.py --data_path /data/luolie/biopipeline/scCluBench/data/CRA002977_1.h5ad --save_dir /home/luolie/biopipeline/dimension-reduction/plantnet/experiment_reports/desc_scname_fix_benchmark_20260628/run_artifacts/CRA002977_1/desc__seed2024 --n_clusters 7 --seed 2024 --epochs 80 --pretrain_epochs 80 --gpu 2,desc_scname_updated_values_all_runs.csv,0.1592217045765963,0.189497860309357,-0.14756938820742,0.1024328262582759,0.1024328262582759,0.2907368539439374,0.189497860309357,0.2096287188192537,0.1728946150468065,,,,,,,,,,,,,,,,,"{""data_path"": ""/data/luolie/biopipeline/scCluBench/data/CRA002977_1.h5ad"", ""epochs"": 80, ""latest_replacement"": true, ""n_clusters"": 7.0, ""pretrain_epochs"": 80, ""value_tag"": ""updated_after_desc_scname_fix_20260628""}"
PB000511,true,,experiment_report_csv,run,experiment_reports/desc_scname_fix_benchmark_20260628,latest_desc_scname_fix,,,CRA002977_1,desc,desc,desc,3407,success,0.0,,,,,,,experiment_reports/desc_scname_fix_benchmark_20260628/desc_scname_updated_values_all_runs.csv,/home/luolie/biopipeline/dimension-reduction/plantnet/experiment_reports/desc_scname_fix_benchmark_20260628/run_artifacts/CRA002977_1/desc__seed3407,,,,,,,,3.0,253.1,253.1,/data/luolie/conda/envs/scssl_bench_py310/bin/python /home/luolie/biopipeline/dimension-reduction/plantnet/methods/DeepLearning/desc/run.py --data_path /data/luolie/biopipeline/scCluBench/data/CRA002977_1.h5ad --save_dir /home/luolie/biopipeline/dimension-reduction/plantnet/experiment_reports/desc_scname_fix_benchmark_20260628/run_artifacts/CRA002977_1/desc__seed3407 --n_clusters 7 --seed 3407 --epochs 80 --pretrain_epochs 80 --gpu 3,desc_scname_updated_values_all_runs.csv,0.247008312779757,0.3049878841326269,0.0434643526492763,0.2509231517478604,0.2509231517478604,0.4594919211085004,0.304987884132627,0.3070472459569502,0.3029559624924779,,,,,,,,,,,,,,,,,"{""data_path"": ""/data/luolie/biopipeline/scCluBench/data/CRA002977_1.h5ad"", ""epochs"": 80, ""latest_replacement"": true, ""n_clusters"": 7.0, ""pretrain_epochs"": 80, ""value_tag"": ""updated_after_desc_scname_fix_20260628""}"
PB000512,true,,experiment_report_csv,run,experiment_reports/desc_scname_fix_benchmark_20260628,latest_desc_scname_fix,,,CRA002977_1,desc,desc,desc,42,success,0.0,,,,,,,experiment_reports/desc_scname_fix_benchmark_20260628/desc_scname_updated_values_all_runs.csv,/home/luolie/biopipeline/dimension-reduction/plantnet/experiment_reports/desc_scname_fix_benchmark_20260628/run_artifacts/CRA002977_1/desc__seed42,,,,,,,,1.0,252.3,252.3,/data/luolie/conda/envs/scssl_bench_py310/bin/python /home/luolie/biopipeline/dimension-reduction/plantnet/methods/DeepLearning/desc/run.py --data_path /data/luolie/biopipeline/scCluBench/data/CRA002977_1.h5ad --save_dir /home/luolie/biopipeline/dimension-reduction/plantnet/experiment_reports/desc_scname_fix_benchmark_20260628/run_artifacts/CRA002977_1/desc__seed42 --n_clusters 7 --seed 42 --epochs 80 --pretrain_epochs 80 --gpu 1,desc_scname_updated_values_all_runs.csv,0.1932949666575317,0.209234264239945,-0.1248925874388016,0.1245417449527838,0.1245417449527838,0.2951209355426328,0.209234264239945,0.2338619051784209,0.1892994297016181,,,,,,,,,,,,,,,,,"{""data_path"": ""/data/luolie/biopipeline/scCluBench/data/CRA002977_1.h5ad"", ""epochs"": 80, ""latest_replacement"": true, ""n_clusters"": 7.0, ""pretrain_epochs"": 80, ""value_tag"": ""updated_after_desc_scname_fix_20260628""}"
PB000513,true,,experiment_report_csv,run,experiment_reports/desc_scname_fix_benchmark_20260628,latest_desc_scname_fix,,,CRA002977_1,scname,scname,scname,2024,success,0.0,,,,,,,experiment_reports/desc_scname_fix_benchmark_20260628/desc_scname_updated_values_all_runs.csv,/home/luolie/biopipeline/dimension-reduction/plantnet/experiment_reports/desc_scname_fix_benchmark_20260628/run_artifacts/CRA002977_1/scname__seed2024,,,,,,,,5.0,1282.5,1282.5,/data/luolie/conda/envs/scssl_bench_py310/bin/python /home/luolie/biopipeline/dimension-reduction/plantnet/methods/DeepLearning/scNAME/run.py --data_path /data/luolie/biopipeline/scCluBench/data/CRA002977_1.h5ad --save_dir /home/luolie/biopipeline/dimension-reduction/plantnet/experiment_reports/desc_scname_fix_benchmark_20260628/run_artifacts/CRA002977_1/scname__seed2024 --n_clusters 7 --seed 2024 --epochs 80 --pretrain_epochs 80 --gpu 5,desc_scname_updated_values_all_runs.csv,0.6878596875856399,0.5143573727192601,0.4499562674903537,0.5553639040916704,0.5553639040916704,0.6701575058673834,0.51435737271926,0.5362326565185858,0.4941969114721039,,,,,,,,,,,,,,,,,"{""data_path"": ""/data/luolie/biopipeline/scCluBench/data/CRA002977_1.h5ad"", ""epochs"": 80, ""latest_replacement"": true, ""n_clusters"": 7.0, ""pretrain_epochs"": 80, ""value_tag"": ""updated_after_desc_scname_fix_20260628""}"
PB000514,true,,experiment_report_csv,run,experiment_reports/desc_scname_fix_benchmark_20260628,latest_desc_scname_fix,,,CRA002977_1,scname,scname,scname,3407,success,0.0,,,,,,,experiment_reports/desc_scname_fix_benchmark_20260628/desc_scname_updated_values_all_runs.csv,/home/luolie/biopipeline/dimension-reduction/plantnet/experiment_reports/desc_scname_fix_benchmark_20260628/run_artifacts/CRA002977_1/scname__seed3407,,,,,,,,6.0,1247.6,1247.6,/data/luolie/conda/envs/scssl_bench_py310/bin/python /home/luolie/biopipeline/dimension-reduction/plantnet/methods/DeepLearning/scNAME/run.py --data_path /data/luolie/biopipeline/scCluBench/data/CRA002977_1.h5ad --save_dir /home/luolie/biopipeline/dimension-reduction/plantnet/experiment_reports/desc_scname_fix_benchmark_20260628/run_artifacts/CRA002977_1/scname__seed3407 --n_clusters 7 --seed 3407 --epochs 80 --pretrain_epochs 80 --gpu 6,desc_scname_updated_values_all_runs.csv,0.6853019091988672,0.5128868739191448,0.4411512916513341,0.5879476003303747,0.5879476003303747,0.66701787806353,0.5128868739191448,0.5255336069295216,0.5008345136272274,,,,,,,,,,,,,,,,,"{""data_path"": ""/data/luolie/biopipeline/scCluBench/data/CRA002977_1.h5ad"", ""epochs"": 80, ""latest_replacement"": true, ""n_clusters"": 7.0, ""pretrain_epochs"": 80, ""value_tag"": ""updated_after_desc_scname_fix_20260628""}"
PB000515,true,,experiment_report_csv,run,experiment_reports/desc_scname_fix_benchmark_20260628,latest_desc_scname_fix,,,CRA002977_1,scname,scname,scname,42,success,0.0,,,,,,,experiment_reports/desc_scname_fix_benchmark_20260628/desc_scname_updated_values_all_runs.csv,/home/luolie/biopipeline/dimension-reduction/plantnet/experiment_reports/desc_scname_fix_benchmark_20260628/run_artifacts/CRA002977_1/scname__seed42,,,,,,,,4.0,1259.0,1259.0,/data/luolie/conda/envs/scssl_bench_py310/bin/python /home/luolie/biopipeline/dimension-reduction/plantnet/methods/DeepLearning/scNAME/run.py --data_path /data/luolie/biopipeline/scCluBench/data/CRA002977_1.h5ad --save_dir /home/luolie/biopipeline/dimension-reduction/plantnet/experiment_reports/desc_scname_fix_benchmark_20260628/run_artifacts/CRA002977_1/scname__seed42 --n_clusters 7 --seed 42 --epochs 80 --pretrain_epochs 80 --gpu 4,desc_scname_updated_values_all_runs.csv,0.6867634968484516,0.499747405904951,0.4449298995827346,0.5874835310413677,0.5874835310413677,0.6669862130626,0.499747405904951,0.5144520260542171,0.4858600328044956,,,,,,,,,,,,,,,,,"{""data_path"": ""/data/luolie/biopipeline/scCluBench/data/CRA002977_1.h5ad"", ""epochs"": 80, ""latest_replacement"": true, ""n_clusters"": 7.0, ""pretrain_epochs"": 80, ""value_tag"": ""updated_after_desc_scname_fix_20260628""}"
PB000516,true,,experiment_report_csv,run,experiment_reports/desc_scname_fix_benchmark_20260628,latest_desc_scname_fix,,,CRA007122,desc,desc,desc,2024,success,0.0,,,,,,,experiment_reports/desc_scname_fix_benchmark_20260628/desc_scname_updated_values_all_runs.csv,/home/luolie/biopipeline/dimension-reduction/plantnet/experiment_reports/desc_scname_fix_benchmark_20260628/run_artifacts/CRA007122/desc__seed2024,,,,,,,,2.0,819.2,819.2,/data/luolie/conda/envs/scssl_bench_py310/bin/python /home/luolie/biopipeline/dimension-reduction/plantnet/methods/DeepLearning/desc/run.py --data_path /data/luolie/biopipeline/scCluBench/data/CRA007122.h5ad --save_dir /home/luolie/biopipeline/dimension-reduction/plantnet/experiment_reports/desc_scname_fix_benchmark_20260628/run_artifacts/CRA007122/desc__seed2024 --n_clusters 7 --seed 2024 --epochs 80 --pretrain_epochs 80 --gpu 2,desc_scname_updated_values_all_runs.csv,0.2455714342581903,0.2282628740059196,0.0660493824585115,0.2335946223858949,0.2335946223858949,0.2977811941463515,0.2282628740059196,0.2087828643490089,0.2517520231641922,,,,,,,,,,,,,,,,,"{""data_path"": ""/data/luolie/biopipeline/scCluBench/data/CRA007122.h5ad"", ""epochs"": 80, ""latest_replacement"": true, ""n_clusters"": 7.0, ""pretrain_epochs"": 80, ""value_tag"": ""updated_after_desc_scname_fix_20260628""}"
PB000517,true,,experiment_report_csv,run,experiment_reports/desc_scname_fix_benchmark_20260628,latest_desc_scname_fix,,,CRA007122,desc,desc,desc,3407,success,0.0,,,,,,,experiment_reports/desc_scname_fix_benchmark_20260628/desc_scname_updated_values_all_runs.csv,/home/luolie/biopipeline/dimension-reduction/plantnet/experiment_reports/desc_scname_fix_benchmark_20260628/run_artifacts/CRA007122/desc__seed3407,,,,,,,,3.0,698.0,698.0,/data/luolie/conda/envs/scssl_bench_py310/bin/python /home/luolie/biopipeline/dimension-reduction/plantnet/methods/DeepLearning/desc/run.py --data_path /data/luolie/biopipeline/scCluBench/data/CRA007122.h5ad --save_dir /home/luolie/biopipeline/dimension-reduction/plantnet/experiment_reports/desc_scname_fix_benchmark_20260628/run_artifacts/CRA007122/desc__seed3407 --n_clusters 7 --seed 3407 --epochs 80 --pretrain_epochs 80 --gpu 3,desc_scname_updated_values_all_runs.csv,0.2165518888579276,0.1430372227142299,0.0182491101713993,0.2268552236127494,0.2268552236127494,0.2631562032434434,0.1430372227142299,0.1303609486159729,0.1584443184028537,,,,,,,,,,,,,,,,,"{""data_path"": ""/data/luolie/biopipeline/scCluBench/data/CRA007122.h5ad"", ""epochs"": 80, ""latest_replacement"": true, ""n_clusters"": 7.0, ""pretrain_epochs"": 80, ""value_tag"": ""updated_after_desc_scname_fix_20260628""}"
PB000518,true,,experiment_report_csv,run,experiment_reports/desc_scname_fix_benchmark_20260628,latest_desc_scname_fix,,,CRA007122,desc,desc,desc,42,success,0.0,,,,,,,experiment_reports/desc_scname_fix_benchmark_20260628/desc_scname_updated_values_all_runs.csv,/home/luolie/biopipeline/dimension-reduction/plantnet/experiment_reports/desc_scname_fix_benchmark_20260628/run_artifacts/CRA007122/desc__seed42,,,,,,,,1.0,716.6,716.6,/data/luolie/conda/envs/scssl_bench_py310/bin/python /home/luolie/biopipeline/dimension-reduction/plantnet/methods/DeepLearning/desc/run.py --data_path /data/luolie/biopipeline/scCluBench/data/CRA007122.h5ad --save_dir /home/luolie/biopipeline/dimension-reduction/plantnet/experiment_reports/desc_scname_fix_benchmark_20260628/run_artifacts/CRA007122/desc__seed42 --n_clusters 7 --seed 42 --epochs 80 --pretrain_epochs 80 --gpu 1,desc_scname_updated_values_all_runs.csv,0.2745113649934318,0.2297121383145642,0.1264857668516541,0.2539586388232078,0.2539586388232078,0.3069632666112064,0.2297121383145642,0.2220765194196162,0.2378915217224036,,,,,,,,,,,,,,,,,"{""data_path"": ""/data/luolie/biopipeline/scCluBench/data/CRA007122.h5ad"", ""epochs"": 80, ""latest_replacement"": true, ""n_clusters"": 7.0, ""pretrain_epochs"": 80, ""value_tag"": ""updated_after_desc_scname_fix_20260628""}"
PB000519,true,,experiment_report_csv,run,experiment_reports/desc_scname_fix_benchmark_20260628,latest_desc_scname_fix,,,CRA007122,scname,scname,scname,2024,success,0.0,,,,,,,experiment_reports/desc_scname_fix_benchmark_20260628/desc_scname_updated_values_all_runs.csv,/home/luolie/biopipeline/dimension-reduction/plantnet/experiment_reports/desc_scname_fix_benchmark_20260628/run_artifacts/CRA007122/scname__seed2024,,,,,,,,5.0,2815.1,2815.1,/data/luolie/conda/envs/scssl_bench_py310/bin/python /home/luolie/biopipeline/dimension-reduction/plantnet/methods/DeepLearning/scNAME/run.py --data_path /data/luolie/biopipeline/scCluBench/data/CRA007122.h5ad --save_dir /home/luolie/biopipeline/dimension-reduction/plantnet/experiment_reports/desc_scname_fix_benchmark_20260628/run_artifacts/CRA007122/scname__seed2024 --n_clusters 7 --seed 2024 --epochs 80 --pretrain_epochs 80 --gpu 5,desc_scname_updated_values_all_runs.csv,0.3960829584809522,0.2498571038183321,0.1666507777712835,0.3775482693966473,0.3775482693966473,0.328363715112013,0.2498571038183321,0.2434068812408606,0.2566584907946738,,,,,,,,,,,,,,,,,"{""data_path"": ""/data/luolie/biopipeline/scCluBench/data/CRA007122.h5ad"", ""epochs"": 80, ""latest_replacement"": true, ""n_clusters"": 7.0, ""pretrain_epochs"": 80, ""value_tag"": ""updated_after_desc_scname_fix_20260628""}"
PB000520,true,,experiment_report_csv,run,experiment_reports/desc_scname_fix_benchmark_20260628,latest_desc_scname_fix,,,CRA007122,scname,scname,scname,3407,success,0.0,,,,,,,experiment_reports/desc_scname_fix_benchmark_20260628/desc_scname_updated_values_all_runs.csv,/home/luolie/biopipeline/dimension-reduction/plantnet/experiment_reports/desc_scname_fix_benchmark_20260628/run_artifacts/CRA007122/scname__seed3407,,,,,,,,6.0,2740.1,2740.1,/data/luolie/conda/envs/scssl_bench_py310/bin/python /home/luolie/biopipeline/dimension-reduction/plantnet/methods/DeepLearning/scNAME/run.py --data_path /data/luolie/biopipeline/scCluBench/data/CRA007122.h5ad --save_dir /home/luolie/biopipeline/dimension-reduction/plantnet/experiment_reports/desc_scname_fix_benchmark_20260628/run_artifacts/CRA007122/scname__seed3407 --n_clusters 7 --seed 3407 --epochs 80 --pretrain_epochs 80 --gpu 6,desc_scname_updated_values_all_runs.csv,0.352056048724175,0.2137509714151169,0.1099431484202593,0.3934343619111897,0.3934343619111897,0.3104817592267855,0.2137509714151169,0.1978346709056719,0.232452352082824,,,,,,,,,,,,,,,,,"{""data_path"": ""/data/luolie/biopipeline/scCluBench/data/CRA007122.h5ad"", ""epochs"": 80, ""latest_replacement"": true, ""n_clusters"": 7.0, ""pretrain_epochs"": 80, ""value_tag"": ""updated_after_desc_scname_fix_20260628""}"
PB000521,true,,experiment_report_csv,run,experiment_reports/desc_scname_fix_benchmark_20260628,latest_desc_scname_fix,,,CRA007122,scname,scname,scname,42,success,0.0,,,,,,,experiment_reports/desc_scname_fix_benchmark_20260628/desc_scname_updated_values_all_runs.csv,/home/luolie/biopipeline/dimension-reduction/plantnet/experiment_reports/desc_scname_fix_benchmark_20260628/run_artifacts/CRA007122/scname__seed42,,,,,,,,4.0,2727.9,2727.9,/data/luolie/conda/envs/scssl_bench_py310/bin/python /home/luolie/biopipeline/dimension-reduction/plantnet/methods/DeepLearning/scNAME/run.py --data_path /data/luolie/biopipeline/scCluBench/data/CRA007122.h5ad --save_dir /home/luolie/biopipeline/dimension-reduction/plantnet/experiment_reports/desc_scname_fix_benchmark_20260628/run_artifacts/CRA007122/scname__seed42 --n_clusters 7 --seed 42 --epochs 80 --pretrain_epochs 80 --gpu 4,desc_scname_updated_values_all_runs.csv,0.4069503602563592,0.2766908408357215,0.1868880818129882,0.3979859510581189,0.3979859510581189,0.337931055326629,0.2766908408357215,0.276651699434189,0.2767299933144757,,,,,,,,,,,,,,,,,"{""data_path"": ""/data/luolie/biopipeline/scCluBench/data/CRA007122.h5ad"", ""epochs"": 80, ""latest_replacement"": true, ""n_clusters"": 7.0, ""pretrain_epochs"": 80, ""value_tag"": ""updated_after_desc_scname_fix_20260628""}"
PB000522,true,,experiment_report_csv,run,experiment_reports/desc_scname_fix_benchmark_20260628,latest_desc_scname_fix,,,SRP145013,desc,desc,desc,2024,success,0.0,,,,,,,experiment_reports/desc_scname_fix_benchmark_20260628/desc_scname_updated_values_all_runs.csv,/home/luolie/biopipeline/dimension-reduction/plantnet/experiment_reports/desc_scname_fix_benchmark_20260628/run_artifacts/SRP145013/desc__seed2024,,,,,,,,2.0,1073.3,1073.3,/data/luolie/conda/envs/scssl_bench_py310/bin/python /home/luolie/biopipeline/dimension-reduction/plantnet/methods/DeepLearning/desc/run.py --data_path /data/luolie/biopipeline/scCluBench/data/SRP145013.h5ad --save_dir /home/luolie/biopipeline/dimension-reduction/plantnet/experiment_reports/desc_scname_fix_benchmark_20260628/run_artifacts/SRP145013/desc__seed2024 --n_clusters 9 --seed 2024 --epochs 80 --pretrain_epochs 80 --gpu 2,desc_scname_updated_values_all_runs.csv,0.3276782216999608,0.2210119674056679,0.0910530688209672,0.2932675613394473,0.2932675613394473,0.2796889403528351,0.2210119674056679,0.239499778672957,0.2051738895269814,,,,,,,,,,,,,,,,,"{""data_path"": ""/data/luolie/biopipeline/scCluBench/data/SRP145013.h5ad"", ""epochs"": 80, ""latest_replacement"": true, ""n_clusters"": 9.0, ""pretrain_epochs"": 80, ""value_tag"": ""updated_after_desc_scname_fix_20260628""}"
PB000523,true,,experiment_report_csv,run,experiment_reports/desc_scname_fix_benchmark_20260628,latest_desc_scname_fix,,,SRP145013,desc,desc,desc,3407,success,0.0,,,,,,,experiment_reports/desc_scname_fix_benchmark_20260628/desc_scname_updated_values_all_runs.csv,/home/luolie/biopipeline/dimension-reduction/plantnet/experiment_reports/desc_scname_fix_benchmark_20260628/run_artifacts/SRP145013/desc__seed3407,,,,,,,,3.0,1070.6,1070.6,/data/luolie/conda/envs/scssl_bench_py310/bin/python /home/luolie/biopipeline/dimension-reduction/plantnet/methods/DeepLearning/desc/run.py --data_path /data/luolie/biopipeline/scCluBench/data/SRP145013.h5ad --save_dir /home/luolie/biopipeline/dimension-reduction/plantnet/experiment_reports/desc_scname_fix_benchmark_20260628/run_artifacts/SRP145013/desc__seed3407 --n_clusters 9 --seed 3407 --epochs 80 --pretrain_epochs 80 --gpu 3,desc_scname_updated_values_all_runs.csv,0.3358303956130043,0.215851479444837,0.073597046568484,0.2945478672788989,0.2945478672788989,0.2646397107107164,0.215851479444837,0.2341048251649524,0.2002387031091763,,,,,,,,,,,,,,,,,"{""data_path"": ""/data/luolie/biopipeline/scCluBench/data/SRP145013.h5ad"", ""epochs"": 80, ""latest_replacement"": true, ""n_clusters"": 9.0, ""pretrain_epochs"": 80, ""value_tag"": ""updated_after_desc_scname_fix_20260628""}"
PB000524,true,,experiment_report_csv,run,experiment_reports/desc_scname_fix_benchmark_20260628,latest_desc_scname_fix,,,SRP145013,desc,desc,desc,42,success,0.0,,,,,,,experiment_reports/desc_scname_fix_benchmark_20260628/desc_scname_updated_values_all_runs.csv,/home/luolie/biopipeline/dimension-reduction/plantnet/experiment_reports/desc_scname_fix_benchmark_20260628/run_artifacts/SRP145013/desc__seed42,,,,,,,,1.0,1135.9,1135.9,/data/luolie/conda/envs/scssl_bench_py310/bin/python /home/luolie/biopipeline/dimension-reduction/plantnet/methods/DeepLearning/desc/run.py --data_path /data/luolie/biopipeline/scCluBench/data/SRP145013.h5ad --save_dir /home/luolie/biopipeline/dimension-reduction/plantnet/experiment_reports/desc_scname_fix_benchmark_20260628/run_artifacts/SRP145013/desc__seed42 --n_clusters 9 --seed 42 --epochs 80 --pretrain_epochs 80 --gpu 1,desc_scname_updated_values_all_runs.csv,0.3193057187622405,0.2148907428169921,0.0889621307498648,0.286997865548164,0.286997865548164,0.2981397517142804,0.2148907428169921,0.2250240011846556,0.2056307972727669,,,,,,,,,,,,,,,,,"{""data_path"": ""/data/luolie/biopipeline/scCluBench/data/SRP145013.h5ad"", ""epochs"": 80, ""latest_replacement"": true, ""n_clusters"": 9.0, ""pretrain_epochs"": 80, ""value_tag"": ""updated_after_desc_scname_fix_20260628""}"
PB000525,true,,experiment_report_csv,run,experiment_reports/desc_scname_fix_benchmark_20260628,latest_desc_scname_fix,,,PRJNA895163,desc,desc,desc,2024,skipped,,"n_clusters inference failed: No supported label column found in /data/luolie/biopipeline/scCluBench/data/其他/PRJNA895163.h5ad; obs=['orig.ident', 'nCount_RNA', 'nFeature_RNA', 'nCount_SCT', 'nFeature_SCT', 'integrated_snn_res.0.3', 'seurat_clusters', 'CB', 'celltype_after']",,,,,,experiment_reports/desc_scname_fix_benchmark_20260628/desc_scname_updated_values_all_runs.csv,/home/luolie/biopipeline/dimension-reduction/plantnet/experiment_reports/desc_scname_fix_benchmark_20260628/run_artifacts/other__PRJNA895163/desc__seed2024,,,,,,,,,0.0,0.0,,desc_scname_updated_values_all_runs.csv,,,,,,,,,,,,,,,,,,,,,,,,,,"{""data_path"": ""/data/luolie/biopipeline/scCluBench/data/\u5176\u4ed6/PRJNA895163.h5ad"", ""epochs"": 80, ""latest_replacement"": true, ""n_clusters"": """", ""pretrain_epochs"": 80, ""value_tag"": ""updated_after_desc_scname_fix_20260628""}"
PB000526,true,,experiment_report_csv,run,experiment_reports/desc_scname_fix_benchmark_20260628,latest_desc_scname_fix,,,PRJNA895163,desc,desc,desc,3407,skipped,,"n_clusters inference failed: No supported label column found in /data/luolie/biopipeline/scCluBench/data/其他/PRJNA895163.h5ad; obs=['orig.ident', 'nCount_RNA', 'nFeature_RNA', 'nCount_SCT', 'nFeature_SCT', 'integrated_snn_res.0.3', 'seurat_clusters', 'CB', 'celltype_after']",,,,,,experiment_reports/desc_scname_fix_benchmark_20260628/desc_scname_updated_values_all_runs.csv,/home/luolie/biopipeline/dimension-reduction/plantnet/experiment_reports/desc_scname_fix_benchmark_20260628/run_artifacts/other__PRJNA895163/desc__seed3407,,,,,,,,,0.0,0.0,,desc_scname_updated_values_all_runs.csv,,,,,,,,,,,,,,,,,,,,,,,,,,"{""data_path"": ""/data/luolie/biopipeline/scCluBench/data/\u5176\u4ed6/PRJNA895163.h5ad"", ""epochs"": 80, ""latest_replacement"": true, ""n_clusters"": """", ""pretrain_epochs"": 80, ""value_tag"": ""updated_after_desc_scname_fix_20260628""}"
PB000527,true,,experiment_report_csv,run,experiment_reports/desc_scname_fix_benchmark_20260628,latest_desc_scname_fix,,,PRJNA895163,desc,desc,desc,42,skipped,,"n_clusters inference failed: No supported label column found in /data/luolie/biopipeline/scCluBench/data/其他/PRJNA895163.h5ad; obs=['orig.ident', 'nCount_RNA', 'nFeature_RNA', 'nCount_SCT', 'nFeature_SCT', 'integrated_snn_res.0.3', 'seurat_clusters', 'CB', 'celltype_after']",,,,,,experiment_reports/desc_scname_fix_benchmark_20260628/desc_scname_updated_values_all_runs.csv,/home/luolie/biopipeline/dimension-reduction/plantnet/experiment_reports/desc_scname_fix_benchmark_20260628/run_artifacts/other__PRJNA895163/desc__seed42,,,,,,,,,0.0,0.0,,desc_scname_updated_values_all_runs.csv,,,,,,,,,,,,,,,,,,,,,,,,,,"{""data_path"": ""/data/luolie/biopipeline/scCluBench/data/\u5176\u4ed6/PRJNA895163.h5ad"", ""epochs"": 80, ""latest_replacement"": true, ""n_clusters"": """", ""pretrain_epochs"": 80, ""value_tag"": ""updated_after_desc_scname_fix_20260628""}"
PB000528,true,,experiment_report_csv,run,experiment_reports/desc_scname_fix_benchmark_20260628,latest_desc_scname_fix,,,PRJNA895163,scname,scname,scname,2024,skipped,,"n_clusters inference failed: No supported label column found in /data/luolie/biopipeline/scCluBench/data/其他/PRJNA895163.h5ad; obs=['orig.ident', 'nCount_RNA', 'nFeature_RNA', 'nCount_SCT', 'nFeature_SCT', 'integrated_snn_res.0.3', 'seurat_clusters', 'CB', 'celltype_after']",,,,,,experiment_reports/desc_scname_fix_benchmark_20260628/desc_scname_updated_values_all_runs.csv,/home/luolie/biopipeline/dimension-reduction/plantnet/experiment_reports/desc_scname_fix_benchmark_20260628/run_artifacts/other__PRJNA895163/scname__seed2024,,,,,,,,,0.0,0.0,,desc_scname_updated_values_all_runs.csv,,,,,,,,,,,,,,,,,,,,,,,,,,"{""data_path"": ""/data/luolie/biopipeline/scCluBench/data/\u5176\u4ed6/PRJNA895163.h5ad"", ""epochs"": 80, ""latest_replacement"": true, ""n_clusters"": """", ""pretrain_epochs"": 80, ""value_tag"": ""updated_after_desc_scname_fix_20260628""}"
PB000529,true,,experiment_report_csv,run,experiment_reports/desc_scname_fix_benchmark_20260628,latest_desc_scname_fix,,,PRJNA895163,scname,scname,scname,3407,skipped,,"n_clusters inference failed: No supported label column found in /data/luolie/biopipeline/scCluBench/data/其他/PRJNA895163.h5ad; obs=['orig.ident', 'nCount_RNA', 'nFeature_RNA', 'nCount_SCT', 'nFeature_SCT', 'integrated_snn_res.0.3', 'seurat_clusters', 'CB', 'celltype_after']",,,,,,experiment_reports/desc_scname_fix_benchmark_20260628/desc_scname_updated_values_all_runs.csv,/home/luolie/biopipeline/dimension-reduction/plantnet/experiment_reports/desc_scname_fix_benchmark_20260628/run_artifacts/other__PRJNA895163/scname__seed3407,,,,,,,,,0.0,0.0,,desc_scname_updated_values_all_runs.csv,,,,,,,,,,,,,,,,,,,,,,,,,,"{""data_path"": ""/data/luolie/biopipeline/scCluBench/data/\u5176\u4ed6/PRJNA895163.h5ad"", ""epochs"": 80, ""latest_replacement"": true, ""n_clusters"": """", ""pretrain_epochs"": 80, ""value_tag"": ""updated_after_desc_scname_fix_20260628""}"
PB000530,true,,experiment_report_csv,run,experiment_reports/desc_scname_fix_benchmark_20260628,latest_desc_scname_fix,,,PRJNA895163,scname,scname,scname,42,skipped,,"n_clusters inference failed: No supported label column found in /data/luolie/biopipeline/scCluBench/data/其他/PRJNA895163.h5ad; obs=['orig.ident', 'nCount_RNA', 'nFeature_RNA', 'nCount_SCT', 'nFeature_SCT', 'integrated_snn_res.0.3', 'seurat_clusters', 'CB', 'celltype_after']",,,,,,experiment_reports/desc_scname_fix_benchmark_20260628/desc_scname_updated_values_all_runs.csv,/home/luolie/biopipeline/dimension-reduction/plantnet/experiment_reports/desc_scname_fix_benchmark_20260628/run_artifacts/other__PRJNA895163/scname__seed42,,,,,,,,,0.0,0.0,,desc_scname_updated_values_all_runs.csv,,,,,,,,,,,,,,,,,,,,,,,,,,"{""data_path"": ""/data/luolie/biopipeline/scCluBench/data/\u5176\u4ed6/PRJNA895163.h5ad"", ""epochs"": 80, ""latest_replacement"": true, ""n_clusters"": """", ""pretrain_epochs"": 80, ""value_tag"": ""updated_after_desc_scname_fix_20260628""}"
PB000531,true,,experiment_report_csv,run,experiment_reports/desc_scname_fix_benchmark_20260628,latest_desc_scname_fix,,,Pollen,desc,desc,desc,2024,skipped,,"n_clusters inference failed: No read method registered for IOSpec(encoding_type='null', encoding_version='0.1.0') from <class 'h5py._hl.dataset.Dataset'>. You may need to update your installation of anndata.",,,,,,experiment_reports/desc_scname_fix_benchmark_20260628/desc_scname_updated_values_all_runs.csv,/home/luolie/biopipeline/dimension-reduction/plantnet/experiment_reports/desc_scname_fix_benchmark_20260628/run_artifacts/processed__Pollen/desc__seed2024,,,,,,,,,0.0,0.0,,desc_scname_updated_values_all_runs.csv,,,,,,,,,,,,,,,,,,,,,,,,,,"{""data_path"": ""/data/luolie/biopipeline/scCluBench/data/processed/Pollen.h5ad"", ""epochs"": 80, ""latest_replacement"": true, ""n_clusters"": """", ""pretrain_epochs"": 80, ""value_tag"": ""updated_after_desc_scname_fix_20260628""}"
PB000532,true,,experiment_report_csv,run,experiment_reports/desc_scname_fix_benchmark_20260628,latest_desc_scname_fix,,,Pollen,desc,desc,desc,3407,skipped,,"n_clusters inference failed: No read method registered for IOSpec(encoding_type='null', encoding_version='0.1.0') from <class 'h5py._hl.dataset.Dataset'>. You may need to update your installation of anndata.",,,,,,experiment_reports/desc_scname_fix_benchmark_20260628/desc_scname_updated_values_all_runs.csv,/home/luolie/biopipeline/dimension-reduction/plantnet/experiment_reports/desc_scname_fix_benchmark_20260628/run_artifacts/processed__Pollen/desc__seed3407,,,,,,,,,0.0,0.0,,desc_scname_updated_values_all_runs.csv,,,,,,,,,,,,,,,,,,,,,,,,,,"{""data_path"": ""/data/luolie/biopipeline/scCluBench/data/processed/Pollen.h5ad"", ""epochs"": 80, ""latest_replacement"": true, ""n_clusters"": """", ""pretrain_epochs"": 80, ""value_tag"": ""updated_after_desc_scname_fix_20260628""}"
PB000533,true,,experiment_report_csv,run,experiment_reports/desc_scname_fix_benchmark_20260628,latest_desc_scname_fix,,,Pollen,desc,desc,desc,42,skipped,,"n_clusters inference failed: No read method registered for IOSpec(encoding_type='null', encoding_version='0.1.0') from <class 'h5py._hl.dataset.Dataset'>. You may need to update your installation of anndata.",,,,,,experiment_reports/desc_scname_fix_benchmark_20260628/desc_scname_updated_values_all_runs.csv,/home/luolie/biopipeline/dimension-reduction/plantnet/experiment_reports/desc_scname_fix_benchmark_20260628/run_artifacts/processed__Pollen/desc__seed42,,,,,,,,,0.0,0.0,,desc_scname_updated_values_all_runs.csv,,,,,,,,,,,,,,,,,,,,,,,,,,"{""data_path"": ""/data/luolie/biopipeline/scCluBench/data/processed/Pollen.h5ad"", ""epochs"": 80, ""latest_replacement"": true, ""n_clusters"": """", ""pretrain_epochs"": 80, ""value_tag"": ""updated_after_desc_scname_fix_20260628""}"
PB000534,true,,experiment_report_csv,run,experiment_reports/desc_scname_fix_benchmark_20260628,latest_desc_scname_fix,,,Pollen,scname,scname,scname,2024,skipped,,"n_clusters inference failed: No read method registered for IOSpec(encoding_type='null', encoding_version='0.1.0') from <class 'h5py._hl.dataset.Dataset'>. You may need to update your installation of anndata.",,,,,,experiment_reports/desc_scname_fix_benchmark_20260628/desc_scname_updated_values_all_runs.csv,/home/luolie/biopipeline/dimension-reduction/plantnet/experiment_reports/desc_scname_fix_benchmark_20260628/run_artifacts/processed__Pollen/scname__seed2024,,,,,,,,,0.0,0.0,,desc_scname_updated_values_all_runs.csv,,,,,,,,,,,,,,,,,,,,,,,,,,"{""data_path"": ""/data/luolie/biopipeline/scCluBench/data/processed/Pollen.h5ad"", ""epochs"": 80, ""latest_replacement"": true, ""n_clusters"": """", ""pretrain_epochs"": 80, ""value_tag"": ""updated_after_desc_scname_fix_20260628""}"
PB000535,true,,experiment_report_csv,run,experiment_reports/desc_scname_fix_benchmark_20260628,latest_desc_scname_fix,,,Pollen,scname,scname,scname,3407,skipped,,"n_clusters inference failed: No read method registered for IOSpec(encoding_type='null', encoding_version='0.1.0') from <class 'h5py._hl.dataset.Dataset'>. You may need to update your installation of anndata.",,,,,,experiment_reports/desc_scname_fix_benchmark_20260628/desc_scname_updated_values_all_runs.csv,/home/luolie/biopipeline/dimension-reduction/plantnet/experiment_reports/desc_scname_fix_benchmark_20260628/run_artifacts/processed__Pollen/scname__seed3407,,,,,,,,,0.0,0.0,,desc_scname_updated_values_all_runs.csv,,,,,,,,,,,,,,,,,,,,,,,,,,"{""data_path"": ""/data/luolie/biopipeline/scCluBench/data/processed/Pollen.h5ad"", ""epochs"": 80, ""latest_replacement"": true, ""n_clusters"": """", ""pretrain_epochs"": 80, ""value_tag"": ""updated_after_desc_scname_fix_20260628""}"
PB000536,true,,experiment_report_csv,run,experiment_reports/desc_scname_fix_benchmark_20260628,latest_desc_scname_fix,,,Pollen,scname,scname,scname,42,skipped,,"n_clusters inference failed: No read method registered for IOSpec(encoding_type='null', encoding_version='0.1.0') from <class 'h5py._hl.dataset.Dataset'>. You may need to update your installation of anndata.",,,,,,experiment_reports/desc_scname_fix_benchmark_20260628/desc_scname_updated_values_all_runs.csv,/home/luolie/biopipeline/dimension-reduction/plantnet/experiment_reports/desc_scname_fix_benchmark_20260628/run_artifacts/processed__Pollen/scname__seed42,,,,,,,,,0.0,0.0,,desc_scname_updated_values_all_runs.csv,,,,,,,,,,,,,,,,,,,,,,,,,,"{""data_path"": ""/data/luolie/biopipeline/scCluBench/data/processed/Pollen.h5ad"", ""epochs"": 80, ""latest_replacement"": true, ""n_clusters"": """", ""pretrain_epochs"": 80, ""value_tag"": ""updated_after_desc_scname_fix_20260628""}"
PB000537,true,,experiment_report_csv,run,experiment_reports/desc_scname_fix_benchmark_20260628,latest_desc_scname_fix,,,Wang,desc,desc,desc,2024,skipped,,"n_clusters inference failed: No read method registered for IOSpec(encoding_type='null', encoding_version='0.1.0') from <class 'h5py._hl.dataset.Dataset'>. You may need to update your installation of anndata.",,,,,,experiment_reports/desc_scname_fix_benchmark_20260628/desc_scname_updated_values_all_runs.csv,/home/luolie/biopipeline/dimension-reduction/plantnet/experiment_reports/desc_scname_fix_benchmark_20260628/run_artifacts/processed__Wang/desc__seed2024,,,,,,,,,0.0,0.0,,desc_scname_updated_values_all_runs.csv,,,,,,,,,,,,,,,,,,,,,,,,,,"{""data_path"": ""/data/luolie/biopipeline/scCluBench/data/processed/Wang.h5ad"", ""epochs"": 80, ""latest_replacement"": true, ""n_clusters"": """", ""pretrain_epochs"": 80, ""value_tag"": ""updated_after_desc_scname_fix_20260628""}"
PB000538,true,,experiment_report_csv,run,experiment_reports/desc_scname_fix_benchmark_20260628,latest_desc_scname_fix,,,Wang,desc,desc,desc,3407,skipped,,"n_clusters inference failed: No read method registered for IOSpec(encoding_type='null', encoding_version='0.1.0') from <class 'h5py._hl.dataset.Dataset'>. You may need to update your installation of anndata.",,,,,,experiment_reports/desc_scname_fix_benchmark_20260628/desc_scname_updated_values_all_runs.csv,/home/luolie/biopipeline/dimension-reduction/plantnet/experiment_reports/desc_scname_fix_benchmark_20260628/run_artifacts/processed__Wang/desc__seed3407,,,,,,,,,0.0,0.0,,desc_scname_updated_values_all_runs.csv,,,,,,,,,,,,,,,,,,,,,,,,,,"{""data_path"": ""/data/luolie/biopipeline/scCluBench/data/processed/Wang.h5ad"", ""epochs"": 80, ""latest_replacement"": true, ""n_clusters"": """", ""pretrain_epochs"": 80, ""value_tag"": ""updated_after_desc_scname_fix_20260628""}"
PB000539,true,,experiment_report_csv,run,experiment_reports/desc_scname_fix_benchmark_20260628,latest_desc_scname_fix,,,Wang,desc,desc,desc,42,skipped,,"n_clusters inference failed: No read method registered for IOSpec(encoding_type='null', encoding_version='0.1.0') from <class 'h5py._hl.dataset.Dataset'>. You may need to update your installation of anndata.",,,,,,experiment_reports/desc_scname_fix_benchmark_20260628/desc_scname_updated_values_all_runs.csv,/home/luolie/biopipeline/dimension-reduction/plantnet/experiment_reports/desc_scname_fix_benchmark_20260628/run_artifacts/processed__Wang/desc__seed42,,,,,,,,,0.0,0.0,,desc_scname_updated_values_all_runs.csv,,,,,,,,,,,,,,,,,,,,,,,,,,"{""data_path"": ""/data/luolie/biopipeline/scCluBench/data/processed/Wang.h5ad"", ""epochs"": 80, ""latest_replacement"": true, ""n_clusters"": """", ""pretrain_epochs"": 80, ""value_tag"": ""updated_after_desc_scname_fix_20260628""}"
PB000540,true,,experiment_report_csv,run,experiment_reports/desc_scname_fix_benchmark_20260628,latest_desc_scname_fix,,,Wang,scname,scname,scname,2024,skipped,,"n_clusters inference failed: No read method registered for IOSpec(encoding_type='null', encoding_version='0.1.0') from <class 'h5py._hl.dataset.Dataset'>. You may need to update your installation of anndata.",,,,,,experiment_reports/desc_scname_fix_benchmark_20260628/desc_scname_updated_values_all_runs.csv,/home/luolie/biopipeline/dimension-reduction/plantnet/experiment_reports/desc_scname_fix_benchmark_20260628/run_artifacts/processed__Wang/scname__seed2024,,,,,,,,,0.0,0.0,,desc_scname_updated_values_all_runs.csv,,,,,,,,,,,,,,,,,,,,,,,,,,"{""data_path"": ""/data/luolie/biopipeline/scCluBench/data/processed/Wang.h5ad"", ""epochs"": 80, ""latest_replacement"": true, ""n_clusters"": """", ""pretrain_epochs"": 80, ""value_tag"": ""updated_after_desc_scname_fix_20260628""}"
PB000541,true,,experiment_report_csv,run,experiment_reports/desc_scname_fix_benchmark_20260628,latest_desc_scname_fix,,,Wang,scname,scname,scname,3407,skipped,,"n_clusters inference failed: No read method registered for IOSpec(encoding_type='null', encoding_version='0.1.0') from <class 'h5py._hl.dataset.Dataset'>. You may need to update your installation of anndata.",,,,,,experiment_reports/desc_scname_fix_benchmark_20260628/desc_scname_updated_values_all_runs.csv,/home/luolie/biopipeline/dimension-reduction/plantnet/experiment_reports/desc_scname_fix_benchmark_20260628/run_artifacts/processed__Wang/scname__seed3407,,,,,,,,,0.0,0.0,,desc_scname_updated_values_all_runs.csv,,,,,,,,,,,,,,,,,,,,,,,,,,"{""data_path"": ""/data/luolie/biopipeline/scCluBench/data/processed/Wang.h5ad"", ""epochs"": 80, ""latest_replacement"": true, ""n_clusters"": """", ""pretrain_epochs"": 80, ""value_tag"": ""updated_after_desc_scname_fix_20260628""}"
PB000542,true,,experiment_report_csv,run,experiment_reports/desc_scname_fix_benchmark_20260628,latest_desc_scname_fix,,,Wang,scname,scname,scname,42,skipped,,"n_clusters inference failed: No read method registered for IOSpec(encoding_type='null', encoding_version='0.1.0') from <class 'h5py._hl.dataset.Dataset'>. You may need to update your installation of anndata.",,,,,,experiment_reports/desc_scname_fix_benchmark_20260628/desc_scname_updated_values_all_runs.csv,/home/luolie/biopipeline/dimension-reduction/plantnet/experiment_reports/desc_scname_fix_benchmark_20260628/run_artifacts/processed__Wang/scname__seed42,,,,,,,,,0.0,0.0,,desc_scname_updated_values_all_runs.csv,,,,,,,,,,,,,,,,,,,,,,,,,,"{""data_path"": ""/data/luolie/biopipeline/scCluBench/data/processed/Wang.h5ad"", ""epochs"": 80, ""latest_replacement"": true, ""n_clusters"": """", ""pretrain_epochs"": 80, ""value_tag"": ""updated_after_desc_scname_fix_20260628""}"
PB000543,true,,experiment_report_csv,run,experiment_reports/apa_scmae_full_benchmark_partial_20260628,latest_apa_scmae_full_partial,,,CRA002977_1,apa_scmae,apa_scmae,apa_scmae,1,success,,,,,,,,experiment_reports/apa_scmae_full_benchmark_partial_20260628/tables/apa_scmae_full_metrics_by_run.csv,,,,,,,,,,,,,apa_scmae_full_metrics_by_run.csv,0.348131908285375,0.1696813621784912,0.1538128654476823,0.2153983745834299,0.2153983745834299,0.412640058310379,0.1696813621784912,0.2061444874475845,0.1441788122145288,,,,,,,,,,,,,,,,,"{""cluster_method"": ""kmeans_known_k"", ""n_neighbors"": """", ""oracle-K"": true, ""primary_model_readout"": true, ""resolution"": """", ""uses_known_k"": true}"
PB000544,true,,experiment_report_csv,run,experiment_reports/apa_scmae_full_benchmark_partial_20260628,latest_apa_scmae_full_partial,,,CRA002977_1,apa_scmae_leiden_fixed,apa_scmae_leiden_fixed,apa_scmae_leiden_fixed,1,success,,,,,,,,experiment_reports/apa_scmae_full_benchmark_partial_20260628/tables/apa_scmae_full_metrics_by_run.csv,,,,,,,,,,,,,apa_scmae_full_metrics_by_run.csv,0.1232301087055814,0.1595900282044733,0.0248004517956066,0.1683484799318981,0.1683484799318981,,,,,,28.0,,,,,,,,,,,,,,,"{""cluster_method"": ""leiden_fixed"", ""n_neighbors"": 15.0, ""oracle-K"": false, ""primary_model_readout"": false, ""resolution"": 1.0, ""uses_known_k"": false}"
PB000545,true,,experiment_report_csv,run,experiment_reports/apa_scmae_full_benchmark_partial_20260628,latest_apa_scmae_full_partial,,,CRA002977_1,apa_scmae,apa_scmae,apa_scmae,2,success,,,,,,,,experiment_reports/apa_scmae_full_benchmark_partial_20260628/tables/apa_scmae_full_metrics_by_run.csv,,,,,,,,,,,,,apa_scmae_full_metrics_by_run.csv,0.2407052160409244,0.1107965287262576,0.0352256687920655,0.2129930571596776,0.2129930571596776,0.29447572933535,0.1107965287262576,0.1405322502006863,0.0914469429754863,,,,,,,,,,,,,,,,,"{""cluster_method"": ""kmeans_known_k"", ""n_neighbors"": """", ""oracle-K"": true, ""primary_model_readout"": true, ""resolution"": """", ""uses_known_k"": true}"
PB000546,true,,experiment_report_csv,run,experiment_reports/apa_scmae_full_benchmark_partial_20260628,latest_apa_scmae_full_partial,,,CRA002977_1,apa_scmae_leiden_fixed,apa_scmae_leiden_fixed,apa_scmae_leiden_fixed,2,success,,,,,,,,experiment_reports/apa_scmae_full_benchmark_partial_20260628/tables/apa_scmae_full_metrics_by_run.csv,,,,,,,,,,,,,apa_scmae_full_metrics_by_run.csv,0.1710057550013702,0.1861104816574605,0.0447676087859969,0.2332065813560321,0.2332065813560321,,,,,,19.0,,,,,,,,,,,,,,,"{""cluster_method"": ""leiden_fixed"", ""n_neighbors"": 15.0, ""oracle-K"": false, ""primary_model_readout"": false, ""resolution"": 1.0, ""uses_known_k"": false}"
PB000547,true,,experiment_report_csv,run,experiment_reports/apa_scmae_full_benchmark_partial_20260628,latest_apa_scmae_full_partial,,,CRA002977_1,apa_scmae,apa_scmae,apa_scmae,3,success,,,,,,,,experiment_reports/apa_scmae_full_benchmark_partial_20260628/tables/apa_scmae_full_metrics_by_run.csv,,,,,,,,,,,,,apa_scmae_full_metrics_by_run.csv,0.2446332328491824,0.0234030317998404,0.0032424705241386,0.1416104009767845,0.1416104009767845,0.290680125431108,0.0234030317998404,0.0285973050571334,0.0198056342149637,,,,,,,,,,,,,,,,,"{""cluster_method"": ""kmeans_known_k"", ""n_neighbors"": """", ""oracle-K"": true, ""primary_model_readout"": true, ""resolution"": """", ""uses_known_k"": true}"
PB000548,true,,experiment_report_csv,run,experiment_reports/apa_scmae_full_benchmark_partial_20260628,latest_apa_scmae_full_partial,,,CRA002977_1,apa_scmae_leiden_fixed,apa_scmae_leiden_fixed,apa_scmae_leiden_fixed,3,success,,,,,,,,experiment_reports/apa_scmae_full_benchmark_partial_20260628/tables/apa_scmae_full_metrics_by_run.csv,,,,,,,,,,,,,apa_scmae_full_metrics_by_run.csv,0.064857951950306,0.0547363185824311,0.0042472834676884,0.0811543828671177,0.0811543828671177,,,,,,38.0,,,,,,,,,,,,,,,"{""cluster_method"": ""leiden_fixed"", ""n_neighbors"": 15.0, ""oracle-K"": false, ""primary_model_readout"": false, ""resolution"": 1.0, ""uses_known_k"": false}"
PB000549,true,,experiment_report_csv,run,experiment_reports/apa_scmae_full_benchmark_partial_20260628,latest_apa_scmae_full_partial,,,CRA007122,apa_scmae,apa_scmae,apa_scmae,1,success,,,,,,,,experiment_reports/apa_scmae_full_benchmark_partial_20260628/tables/apa_scmae_full_metrics_by_run.csv,,,,,,,,,,,,,apa_scmae_full_metrics_by_run.csv,0.2814776481827952,0.1112613142490121,0.0793885181736937,0.2196443094525345,0.2196443094525345,0.2545157759117184,0.1112613142490121,0.1089643506822563,0.1136572029281134,,,,,,,,,,,,,,,,,"{""cluster_method"": ""kmeans_known_k"", ""n_neighbors"": """", ""oracle-K"": true, ""primary_model_readout"": true, ""resolution"": """", ""uses_known_k"": true}"
PB000550,true,,experiment_report_csv,run,experiment_reports/apa_scmae_full_benchmark_partial_20260628,latest_apa_scmae_full_partial,,,CRA007122,apa_scmae_leiden_fixed,apa_scmae_leiden_fixed,apa_scmae_leiden_fixed,1,success,,,,,,,,experiment_reports/apa_scmae_full_benchmark_partial_20260628/tables/apa_scmae_full_metrics_by_run.csv,,,,,,,,,,,,,apa_scmae_full_metrics_by_run.csv,0.1158791449384976,0.0895056923334932,0.0267426275295458,0.1386324208998425,0.1386324208998425,,,,,,28.0,,,,,,,,,,,,,,,"{""cluster_method"": ""leiden_fixed"", ""n_neighbors"": 15.0, ""oracle-K"": false, ""primary_model_readout"": false, ""resolution"": 1.0, ""uses_known_k"": false}"
PB000551,true,,experiment_report_csv,run,experiment_reports/apa_scmae_full_benchmark_partial_20260628,latest_apa_scmae_full_partial,,,SRP145013,apa_scmae,apa_scmae,apa_scmae,1,success,,,,,,,,experiment_reports/apa_scmae_full_benchmark_partial_20260628/tables/apa_scmae_full_metrics_by_run.csv,,,,,,,,,,,,,apa_scmae_full_metrics_by_run.csv,0.2293869956913435,0.0653422340640886,0.0679507347785267,0.162401036887451,0.162401036887451,0.2538527366451433,0.0653422340640886,0.0711922631625938,0.0603806219492675,,,,,,,,,,,,,,,,,"{""cluster_method"": ""kmeans_known_k"", ""n_neighbors"": """", ""oracle-K"": true, ""primary_model_readout"": true, ""resolution"": """", ""uses_known_k"": true}"
PB000552,true,,experiment_report_csv,run,experiment_reports/apa_scmae_full_benchmark_partial_20260628,latest_apa_scmae_full_partial,,,SRP145013,apa_scmae_leiden_fixed,apa_scmae_leiden_fixed,apa_scmae_leiden_fixed,1,success,,,,,,,,experiment_reports/apa_scmae_full_benchmark_partial_20260628/tables/apa_scmae_full_metrics_by_run.csv,,,,,,,,,,,,,apa_scmae_full_metrics_by_run.csv,0.1237025068546807,0.0589978246123218,0.0143602174294694,0.1292221166078134,0.1292221166078134,,,,,,28.0,,,,,,,,,,,,,,,"{""cluster_method"": ""leiden_fixed"", ""n_neighbors"": 15.0, ""oracle-K"": false, ""primary_model_readout"": false, ""resolution"": 1.0, ""uses_known_k"": false}"
PB000553,true,,experiment_report_csv,run,experiment_reports/apa_scmae_full_benchmark_partial_20260628,latest_apa_scmae_full_partial,,,SRP145013,apa_scmae,apa_scmae,apa_scmae,2,success,,,,,,,,experiment_reports/apa_scmae_full_benchmark_partial_20260628/tables/apa_scmae_full_metrics_by_run.csv,,,,,,,,,,,,,apa_scmae_full_metrics_by_run.csv,0.2752399138268703,0.0799839947604629,0.1040307314220569,0.1626524611112904,0.1626524611112904,0.2990675730552755,0.0799839947604629,0.0843903619273433,0.0760149426119941,,,,,,,,,,,,,,,,,"{""cluster_method"": ""kmeans_known_k"", ""n_neighbors"": """", ""oracle-K"": true, ""primary_model_readout"": true, ""resolution"": """", ""uses_known_k"": true}"
PB000554,true,,experiment_report_csv,run,experiment_reports/apa_scmae_full_benchmark_partial_20260628,latest_apa_scmae_full_partial,,,SRP145013,apa_scmae_leiden_fixed,apa_scmae_leiden_fixed,apa_scmae_leiden_fixed,2,success,,,,,,,,experiment_reports/apa_scmae_full_benchmark_partial_20260628/tables/apa_scmae_full_metrics_by_run.csv,,,,,,,,,,,,,apa_scmae_full_metrics_by_run.csv,0.1666421856639248,0.0716050331407269,0.0411394031416745,0.1435009681250952,0.1435009681250952,,,,,,17.0,,,,,,,,,,,,,,,"{""cluster_method"": ""leiden_fixed"", ""n_neighbors"": 15.0, ""oracle-K"": false, ""primary_model_readout"": false, ""resolution"": 1.0, ""uses_known_k"": false}"
PB000555,true,,experiment_report_csv,run,experiment_reports/apa_scmae_full_benchmark_partial_20260628,latest_apa_scmae_full_partial,,,SRP145013,apa_scmae,apa_scmae,apa_scmae,3,success,,,,,,,,experiment_reports/apa_scmae_full_benchmark_partial_20260628/tables/apa_scmae_full_metrics_by_run.csv,,,,,,,,,,,,,apa_scmae_full_metrics_by_run.csv,0.2382491186839013,0.0740512118220542,0.0757022467717779,0.1644134440217017,0.1644134440217017,0.2570416274746055,0.0740512118220542,0.0812056109765013,0.0680553781133397,,,,,,,,,,,,,,,,,"{""cluster_method"": ""kmeans_known_k"", ""n_neighbors"": """", ""oracle-K"": true, ""primary_model_readout"": true, ""resolution"": """", ""uses_known_k"": true}"
PB000556,true,,experiment_report_csv,run,experiment_reports/apa_scmae_full_benchmark_partial_20260628,latest_apa_scmae_full_partial,,,SRP145013,apa_scmae_leiden_fixed,apa_scmae_leiden_fixed,apa_scmae_leiden_fixed,3,success,,,,,,,,experiment_reports/apa_scmae_full_benchmark_partial_20260628/tables/apa_scmae_full_metrics_by_run.csv,,,,,,,,,,,,,apa_scmae_full_metrics_by_run.csv,0.1207403055229142,0.0642849644352771,0.0158563686250014,0.1243540386115665,0.1243540386115665,,,,,,32.0,,,,,,,,,,,,,,,"{""cluster_method"": ""leiden_fixed"", ""n_neighbors"": 15.0, ""oracle-K"": false, ""primary_model_readout"": false, ""resolution"": 1.0, ""uses_known_k"": false}"
PB000557,true,,experiment_report_csv,run,experiment_reports/apa_scmae_full_benchmark_partial_20260628,latest_apa_scmae_full_partial,,,SRP171040,apa_scmae,apa_scmae,apa_scmae,1,success,,,,,,,,experiment_reports/apa_scmae_full_benchmark_partial_20260628/tables/apa_scmae_full_metrics_by_run.csv,,,,,,,,,,,,,apa_scmae_full_metrics_by_run.csv,0.2095653198256567,0.0896224538921784,0.0460292837317034,0.1781401382928132,0.1781401382928132,0.1567654361469461,0.0896224538921784,0.0895772773227225,0.0896676760524875,,,,,,,,,,,,,,,,,"{""cluster_method"": ""kmeans_known_k"", ""n_neighbors"": """", ""oracle-K"": true, ""primary_model_readout"": true, ""resolution"": """", ""uses_known_k"": true}"
PB000558,true,,experiment_report_csv,run,experiment_reports/apa_scmae_full_benchmark_partial_20260628,latest_apa_scmae_full_partial,,,SRP171040,apa_scmae_leiden_fixed,apa_scmae_leiden_fixed,apa_scmae_leiden_fixed,1,success,,,,,,,,experiment_reports/apa_scmae_full_benchmark_partial_20260628/tables/apa_scmae_full_metrics_by_run.csv,,,,,,,,,,,,,apa_scmae_full_metrics_by_run.csv,0.2171633879137707,0.0928994585776693,0.0249192989763056,0.1584330964835967,0.1584330964835967,,,,,,34.0,,,,,,,,,,,,,,,"{""cluster_method"": ""leiden_fixed"", ""n_neighbors"": 15.0, ""oracle-K"": false, ""primary_model_readout"": false, ""resolution"": 1.0, ""uses_known_k"": false}"
PB000559,true,,experiment_report_csv,run,experiment_reports/apa_scmae_full_benchmark_partial_20260628,latest_apa_scmae_full_partial,,,SRP171040,apa_scmae,apa_scmae,apa_scmae,2,success,,,,,,,,experiment_reports/apa_scmae_full_benchmark_partial_20260628/tables/apa_scmae_full_metrics_by_run.csv,,,,,,,,,,,,,apa_scmae_full_metrics_by_run.csv,0.2518847920838732,0.1473347889670995,0.0713572803175961,0.2323898216431849,0.2323898216431849,0.1780017195231665,0.1473347889670995,0.1476532318996723,0.1470177166468607,,,,,,,,,,,,,,,,,"{""cluster_method"": ""kmeans_known_k"", ""n_neighbors"": """", ""oracle-K"": true, ""primary_model_readout"": true, ""resolution"": """", ""uses_known_k"": true}"
PB000560,true,,experiment_report_csv,run,experiment_reports/apa_scmae_full_benchmark_partial_20260628,latest_apa_scmae_full_partial,,,SRP171040,apa_scmae_leiden_fixed,apa_scmae_leiden_fixed,apa_scmae_leiden_fixed,2,success,,,,,,,,experiment_reports/apa_scmae_full_benchmark_partial_20260628/tables/apa_scmae_full_metrics_by_run.csv,,,,,,,,,,,,,apa_scmae_full_metrics_by_run.csv,0.2349511132053245,0.162917827398769,0.0564181418287689,0.2130895951688669,0.2130895951688669,,,,,,25.0,,,,,,,,,,,,,,,"{""cluster_method"": ""leiden_fixed"", ""n_neighbors"": 15.0, ""oracle-K"": false, ""primary_model_readout"": false, ""resolution"": 1.0, ""uses_known_k"": false}"
PB000561,true,,experiment_report_csv,run,experiment_reports/apa_scmae_full_benchmark_partial_20260628,latest_apa_scmae_full_partial,,,SRP171040,apa_scmae,apa_scmae,apa_scmae,3,success,,,,,,,,experiment_reports/apa_scmae_full_benchmark_partial_20260628/tables/apa_scmae_full_metrics_by_run.csv,,,,,,,,,,,,,apa_scmae_full_metrics_by_run.csv,0.1896572034397455,0.1055292365905597,0.0452120396779492,0.1747854368960643,0.1747854368960643,0.1479647205890797,0.1055292365905597,0.1075575047455989,0.1035760488332738,,,,,,,,,,,,,,,,,"{""cluster_method"": ""kmeans_known_k"", ""n_neighbors"": """", ""oracle-K"": true, ""primary_model_readout"": true, ""resolution"": """", ""uses_known_k"": true}"
PB000562,true,,experiment_report_csv,run,experiment_reports/apa_scmae_full_benchmark_partial_20260628,latest_apa_scmae_full_partial,,,SRP171040,apa_scmae_leiden_fixed,apa_scmae_leiden_fixed,apa_scmae_leiden_fixed,3,success,,,,,,,,experiment_reports/apa_scmae_full_benchmark_partial_20260628/tables/apa_scmae_full_metrics_by_run.csv,,,,,,,,,,,,,apa_scmae_full_metrics_by_run.csv,0.2311520791612675,0.1198971015217605,0.0401527598176048,0.1863662406772713,0.1863662406772713,,,,,,25.0,,,,,,,,,,,,,,,"{""cluster_method"": ""leiden_fixed"", ""n_neighbors"": 15.0, ""oracle-K"": false, ""primary_model_readout"": false, ""resolution"": 1.0, ""uses_known_k"": false}"
PB000563,true,,experiment_report_csv,run,experiment_reports/apa_scmae_full_benchmark_partial_20260628,latest_apa_scmae_full_partial,,,SRP182008,apa_scmae,apa_scmae,apa_scmae,1,success,,,,,,,,experiment_reports/apa_scmae_full_benchmark_partial_20260628/tables/apa_scmae_full_metrics_by_run.csv,,,,,,,,,,,,,apa_scmae_full_metrics_by_run.csv,0.2316856593162646,0.1512623224161397,0.0752235345332161,0.1983209363422691,0.1983209363422691,0.1721482453647338,0.1512623224161397,0.1475442845999151,0.1551725894744117,,,,,,,,,,,,,,,,,"{""cluster_method"": ""kmeans_known_k"", ""n_neighbors"": """", ""oracle-K"": true, ""primary_model_readout"": true, ""resolution"": """", ""uses_known_k"": true}"
PB000564,true,,experiment_report_csv,run,experiment_reports/apa_scmae_full_benchmark_partial_20260628,latest_apa_scmae_full_partial,,,SRP182008,apa_scmae_leiden_fixed,apa_scmae_leiden_fixed,apa_scmae_leiden_fixed,1,success,,,,,,,,experiment_reports/apa_scmae_full_benchmark_partial_20260628/tables/apa_scmae_full_metrics_by_run.csv,,,,,,,,,,,,,apa_scmae_full_metrics_by_run.csv,0.2070445463963297,0.1623793681401102,0.057895438648292,0.2132637723502362,0.2132637723502362,,,,,,18.0,,,,,,,,,,,,,,,"{""cluster_method"": ""leiden_fixed"", ""n_neighbors"": 15.0, ""oracle-K"": false, ""primary_model_readout"": false, ""resolution"": 1.0, ""uses_known_k"": false}"
PB000565,true,,experiment_report_csv,run,experiment_reports/apa_scmae_full_benchmark_partial_20260628,latest_apa_scmae_full_partial,,,SRP182008,apa_scmae,apa_scmae,apa_scmae,2,success,,,,,,,,experiment_reports/apa_scmae_full_benchmark_partial_20260628/tables/apa_scmae_full_metrics_by_run.csv,,,,,,,,,,,,,apa_scmae_full_metrics_by_run.csv,0.1545804351043362,0.08361527214589,0.0394238936112293,0.1185626111355901,0.1185626111355901,0.1350701546744241,0.08361527214589,0.0822072643732663,0.0850723518028644,,,,,,,,,,,,,,,,,"{""cluster_method"": ""kmeans_known_k"", ""n_neighbors"": """", ""oracle-K"": true, ""primary_model_readout"": true, ""resolution"": """", ""uses_known_k"": true}"
PB000566,true,,experiment_report_csv,run,experiment_reports/apa_scmae_full_benchmark_partial_20260628,latest_apa_scmae_full_partial,,,SRP182008,apa_scmae_leiden_fixed,apa_scmae_leiden_fixed,apa_scmae_leiden_fixed,2,success,,,,,,,,experiment_reports/apa_scmae_full_benchmark_partial_20260628/tables/apa_scmae_full_metrics_by_run.csv,,,,,,,,,,,,,apa_scmae_full_metrics_by_run.csv,0.1477726801835134,0.1050717067419803,0.0308079910256047,0.1433441144759821,0.1433441144759821,,,,,,28.0,,,,,,,,,,,,,,,"{""cluster_method"": ""leiden_fixed"", ""n_neighbors"": 15.0, ""oracle-K"": false, ""primary_model_readout"": false, ""resolution"": 1.0, ""uses_known_k"": false}"
PB000567,true,,experiment_report_csv,run,experiment_reports/apa_scmae_full_benchmark_partial_20260628,latest_apa_scmae_full_partial,,,SRP182008,apa_scmae,apa_scmae,apa_scmae,3,success,,,,,,,,experiment_reports/apa_scmae_full_benchmark_partial_20260628/tables/apa_scmae_full_metrics_by_run.csv,,,,,,,,,,,,,apa_scmae_full_metrics_by_run.csv,0.2279857925114695,0.1329801136018993,0.0678541715831414,0.1940041868776053,0.1940041868776053,0.1775784184237843,0.1329801136018993,0.1250134027199468,0.1420313230079872,,,,,,,,,,,,,,,,,"{""cluster_method"": ""kmeans_known_k"", ""n_neighbors"": """", ""oracle-K"": true, ""primary_model_readout"": true, ""resolution"": """", ""uses_known_k"": true}"
PB000568,true,,experiment_report_csv,run,experiment_reports/apa_scmae_full_benchmark_partial_20260628,latest_apa_scmae_full_partial,,,SRP182008,apa_scmae_leiden_fixed,apa_scmae_leiden_fixed,apa_scmae_leiden_fixed,3,success,,,,,,,,experiment_reports/apa_scmae_full_benchmark_partial_20260628/tables/apa_scmae_full_metrics_by_run.csv,,,,,,,,,,,,,apa_scmae_full_metrics_by_run.csv,0.1835133935178333,0.1187026128959631,0.0408924969544726,0.1938159299583605,0.1938159299583605,,,,,,20.0,,,,,,,,,,,,,,,"{""cluster_method"": ""leiden_fixed"", ""n_neighbors"": 15.0, ""oracle-K"": false, ""primary_model_readout"": false, ""resolution"": 1.0, ""uses_known_k"": false}"
PB000569,true,,experiment_report_csv,run,experiment_reports/apa_scmae_full_benchmark_partial_20260628,latest_apa_scmae_full_partial,,,SRP224648,apa_scmae,apa_scmae,apa_scmae,1,success,,,,,,,,experiment_reports/apa_scmae_full_benchmark_partial_20260628/tables/apa_scmae_full_metrics_by_run.csv,,,,,,,,,,,,,apa_scmae_full_metrics_by_run.csv,0.4682446845111126,0.1770801001281223,0.1094674374894109,0.424488524010611,0.424488524010611,0.5454495246636564,0.1770801001281223,0.2520189625302099,0.1364932713516675,,,,,,,,,,,,,,,,,"{""cluster_method"": ""kmeans_known_k"", ""n_neighbors"": """", ""oracle-K"": true, ""primary_model_readout"": true, ""resolution"": """", ""uses_known_k"": true}"
PB000570,true,,experiment_report_csv,run,experiment_reports/apa_scmae_full_benchmark_partial_20260628,latest_apa_scmae_full_partial,,,SRP224648,apa_scmae_leiden_fixed,apa_scmae_leiden_fixed,apa_scmae_leiden_fixed,1,success,,,,,,,,experiment_reports/apa_scmae_full_benchmark_partial_20260628/tables/apa_scmae_full_metrics_by_run.csv,,,,,,,,,,,,,apa_scmae_full_metrics_by_run.csv,0.1533750774100323,0.129316215016748,0.0210449486266345,0.3345455387799662,0.3345455387799662,,,,,,16.0,,,,,,,,,,,,,,,"{""cluster_method"": ""leiden_fixed"", ""n_neighbors"": 15.0, ""oracle-K"": false, ""primary_model_readout"": false, ""resolution"": 1.0, ""uses_known_k"": false}"
PB000571,true,,experiment_report_csv,run,experiment_reports/apa_scmae_full_benchmark_partial_20260628,latest_apa_scmae_full_partial,,,SRP224648,apa_scmae,apa_scmae,apa_scmae,2,success,,,,,,,,experiment_reports/apa_scmae_full_benchmark_partial_20260628/tables/apa_scmae_full_metrics_by_run.csv,,,,,,,,,,,,,apa_scmae_full_metrics_by_run.csv,0.4507672194316383,0.1074636153960832,0.0085370971287049,0.3607864616052559,0.3607864616052559,0.4939301269315907,0.1074636153960832,0.1532815742245405,0.0827334544043732,,,,,,,,,,,,,,,,,"{""cluster_method"": ""kmeans_known_k"", ""n_neighbors"": """", ""oracle-K"": true, ""primary_model_readout"": true, ""resolution"": """", ""uses_known_k"": true}"
PB000572,true,,experiment_report_csv,run,experiment_reports/apa_scmae_full_benchmark_partial_20260628,latest_apa_scmae_full_partial,,,SRP224648,apa_scmae_leiden_fixed,apa_scmae_leiden_fixed,apa_scmae_leiden_fixed,2,success,,,,,,,,experiment_reports/apa_scmae_full_benchmark_partial_20260628/tables/apa_scmae_full_metrics_by_run.csv,,,,,,,,,,,,,apa_scmae_full_metrics_by_run.csv,0.0979838987132732,0.1050130405523688,0.0134196050242876,0.2577474262594914,0.2577474262594914,,,,,,29.0,,,,,,,,,,,,,,,"{""cluster_method"": ""leiden_fixed"", ""n_neighbors"": 15.0, ""oracle-K"": false, ""primary_model_readout"": false, ""resolution"": 1.0, ""uses_known_k"": false}"
PB000573,true,,experiment_report_csv,run,experiment_reports/apa_scmae_full_benchmark_partial_20260628,latest_apa_scmae_full_partial,,,SRP224648,apa_scmae,apa_scmae,apa_scmae,3,success,,,,,,,,experiment_reports/apa_scmae_full_benchmark_partial_20260628/tables/apa_scmae_full_metrics_by_run.csv,,,,,,,,,,,,,apa_scmae_full_metrics_by_run.csv,0.3765223973026904,0.0932546060164986,0.0156842383947275,0.2575778029491423,0.2575778029491423,0.4278584222729234,0.0932546060164986,0.1513008921644916,0.0673976367987328,,,,,,,,,,,,,,,,,"{""cluster_method"": ""kmeans_known_k"", ""n_neighbors"": """", ""oracle-K"": true, ""primary_model_readout"": true, ""resolution"": """", ""uses_known_k"": true}"
PB000574,true,,experiment_report_csv,run,experiment_reports/apa_scmae_full_benchmark_partial_20260628,latest_apa_scmae_full_partial,,,SRP224648,apa_scmae_leiden_fixed,apa_scmae_leiden_fixed,apa_scmae_leiden_fixed,3,success,,,,,,,,experiment_reports/apa_scmae_full_benchmark_partial_20260628/tables/apa_scmae_full_metrics_by_run.csv,,,,,,,,,,,,,apa_scmae_full_metrics_by_run.csv,0.0819514209041491,0.0550690955338723,0.0066862730799848,0.105200474335511,0.105200474335511,,,,,,30.0,,,,,,,,,,,,,,,"{""cluster_method"": ""leiden_fixed"", ""n_neighbors"": 15.0, ""oracle-K"": false, ""primary_model_readout"": false, ""resolution"": 1.0, ""uses_known_k"": false}"
PB000575,true,,experiment_report_csv,run,experiment_reports/apa_scmae_full_benchmark_partial_20260628,latest_apa_scmae_full_partial,,,SRP235541,apa_scmae,apa_scmae,apa_scmae,1,success,,,,,,,,experiment_reports/apa_scmae_full_benchmark_partial_20260628/tables/apa_scmae_full_metrics_by_run.csv,,,,,,,,,,,,,apa_scmae_full_metrics_by_run.csv,0.1687171738974026,0.1328475612858207,0.0521443183925695,0.1363116325198748,0.1363116325198748,0.1297777863712653,0.1328475612858207,0.1291985097639078,0.1367087296451302,,,,,,,,,,,,,,,,,"{""cluster_method"": ""kmeans_known_k"", ""n_neighbors"": """", ""oracle-K"": true, ""primary_model_readout"": true, ""resolution"": """", ""uses_known_k"": true}"
PB000576,true,,experiment_report_csv,run,experiment_reports/apa_scmae_full_benchmark_partial_20260628,latest_apa_scmae_full_partial,,,SRP235541,apa_scmae_leiden_fixed,apa_scmae_leiden_fixed,apa_scmae_leiden_fixed,1,success,,,,,,,,experiment_reports/apa_scmae_full_benchmark_partial_20260628/tables/apa_scmae_full_metrics_by_run.csv,,,,,,,,,,,,,apa_scmae_full_metrics_by_run.csv,0.156845816245773,0.1427523027432522,0.0418415409617649,0.1554179778814096,0.1554179778814096,,,,,,28.0,,,,,,,,,,,,,,,"{""cluster_method"": ""leiden_fixed"", ""n_neighbors"": 15.0, ""oracle-K"": false, ""primary_model_readout"": false, ""resolution"": 1.0, ""uses_known_k"": false}"
PB000577,true,,experiment_report_csv,run,experiment_reports/apa_scmae_full_benchmark_partial_20260628,latest_apa_scmae_full_partial,,,SRP235541,apa_scmae,apa_scmae,apa_scmae,2,success,,,,,,,,experiment_reports/apa_scmae_full_benchmark_partial_20260628/tables/apa_scmae_full_metrics_by_run.csv,,,,,,,,,,,,,apa_scmae_full_metrics_by_run.csv,0.1596517735088855,0.1190088537395986,0.0526479576395459,0.1344351031190668,0.1344351031190668,0.1207988918986607,0.1190088537395986,0.1197766537656853,0.1182508346177595,,,,,,,,,,,,,,,,,"{""cluster_method"": ""kmeans_known_k"", ""n_neighbors"": """", ""oracle-K"": true, ""primary_model_readout"": true, ""resolution"": """", ""uses_known_k"": true}"
PB000578,true,,experiment_report_csv,run,experiment_reports/apa_scmae_full_benchmark_partial_20260628,latest_apa_scmae_full_partial,,,SRP235541,apa_scmae_leiden_fixed,apa_scmae_leiden_fixed,apa_scmae_leiden_fixed,2,success,,,,,,,,experiment_reports/apa_scmae_full_benchmark_partial_20260628/tables/apa_scmae_full_metrics_by_run.csv,,,,,,,,,,,,,apa_scmae_full_metrics_by_run.csv,0.1509101374199582,0.1255390026828503,0.0437399230352284,0.1345660123472312,0.1345660123472312,,,,,,25.0,,,,,,,,,,,,,,,"{""cluster_method"": ""leiden_fixed"", ""n_neighbors"": 15.0, ""oracle-K"": false, ""primary_model_readout"": false, ""resolution"": 1.0, ""uses_known_k"": false}"
PB000579,true,,experiment_report_csv,run,experiment_reports/apa_scmae_full_benchmark_partial_20260628,latest_apa_scmae_full_partial,,,SRP235541,apa_scmae,apa_scmae,apa_scmae,3,success,,,,,,,,experiment_reports/apa_scmae_full_benchmark_partial_20260628/tables/apa_scmae_full_metrics_by_run.csv,,,,,,,,,,,,,apa_scmae_full_metrics_by_run.csv,0.1558385495359378,0.0875091365805761,0.039019792337599,0.1205716895286102,0.1205716895286102,0.1122320047117953,0.0875091365805761,0.0868036273948222,0.0882262079983865,,,,,,,,,,,,,,,,,"{""cluster_method"": ""kmeans_known_k"", ""n_neighbors"": """", ""oracle-K"": true, ""primary_model_readout"": true, ""resolution"": """", ""uses_known_k"": true}"
PB000580,true,,experiment_report_csv,run,experiment_reports/apa_scmae_full_benchmark_partial_20260628,latest_apa_scmae_full_partial,,,SRP235541,apa_scmae_leiden_fixed,apa_scmae_leiden_fixed,apa_scmae_leiden_fixed,3,success,,,,,,,,experiment_reports/apa_scmae_full_benchmark_partial_20260628/tables/apa_scmae_full_metrics_by_run.csv,,,,,,,,,,,,,apa_scmae_full_metrics_by_run.csv,0.1449744585941434,0.092240767585988,0.0322699450395102,0.1196406272246595,0.1196406272246595,,,,,,27.0,,,,,,,,,,,,,,,"{""cluster_method"": ""leiden_fixed"", ""n_neighbors"": 15.0, ""oracle-K"": false, ""primary_model_readout"": false, ""resolution"": 1.0, ""uses_known_k"": false}"
PB000581,true,,experiment_report_csv,run,experiment_reports/apa_scmae_full_benchmark_partial_20260628,latest_apa_scmae_full_partial,,,SRP309176,apa_scmae,apa_scmae,apa_scmae,1,success,,,,,,,,experiment_reports/apa_scmae_full_benchmark_partial_20260628/tables/apa_scmae_full_metrics_by_run.csv,,,,,,,,,,,,,apa_scmae_full_metrics_by_run.csv,0.1635076549311998,0.0722649333555566,0.0272930994129686,0.1335766733107827,0.1335766733107827,0.1343076154385837,0.0722649333555566,0.0745795417413557,0.0700896700817265,,,,,,,,,,,,,,,,,"{""cluster_method"": ""kmeans_known_k"", ""n_neighbors"": """", ""oracle-K"": true, ""primary_model_readout"": true, ""resolution"": """", ""uses_known_k"": true}"
PB000582,true,,experiment_report_csv,run,experiment_reports/apa_scmae_full_benchmark_partial_20260628,latest_apa_scmae_full_partial,,,SRP309176,apa_scmae_leiden_fixed,apa_scmae_leiden_fixed,apa_scmae_leiden_fixed,1,success,,,,,,,,experiment_reports/apa_scmae_full_benchmark_partial_20260628/tables/apa_scmae_full_metrics_by_run.csv,,,,,,,,,,,,,apa_scmae_full_metrics_by_run.csv,0.1541458102079712,0.0782467372713894,0.0227401810200773,0.1367443210281411,0.1367443210281411,,,,,,19.0,,,,,,,,,,,,,,,"{""cluster_method"": ""leiden_fixed"", ""n_neighbors"": 15.0, ""oracle-K"": false, ""primary_model_readout"": false, ""resolution"": 1.0, ""uses_known_k"": false}"
PB000583,true,,experiment_report_csv,run,experiment_reports/apa_scmae_full_benchmark_partial_20260628,latest_apa_scmae_full_partial,,,SRP309176,apa_scmae,apa_scmae,apa_scmae,2,success,,,,,,,,experiment_reports/apa_scmae_full_benchmark_partial_20260628/tables/apa_scmae_full_metrics_by_run.csv,,,,,,,,,,,,,apa_scmae_full_metrics_by_run.csv,0.1619368756152219,0.0578224816424707,0.0270650953837512,0.1172145004239189,0.1172145004239189,0.1417754332160818,0.0578224816424707,0.0584407804836256,0.0572171289380097,,,,,,,,,,,,,,,,,"{""cluster_method"": ""kmeans_known_k"", ""n_neighbors"": """", ""oracle-K"": true, ""primary_model_readout"": true, ""resolution"": """", ""uses_known_k"": true}"
PB000584,true,,experiment_report_csv,run,experiment_reports/apa_scmae_full_benchmark_partial_20260628,latest_apa_scmae_full_partial,,,SRP309176,apa_scmae_leiden_fixed,apa_scmae_leiden_fixed,apa_scmae_leiden_fixed,2,success,,,,,,,,experiment_reports/apa_scmae_full_benchmark_partial_20260628/tables/apa_scmae_full_metrics_by_run.csv,,,,,,,,,,,,,apa_scmae_full_metrics_by_run.csv,0.144553584518399,0.0694298935763274,0.0165540029881289,0.1171078951973942,0.1171078951973942,,,,,,24.0,,,,,,,,,,,,,,,"{""cluster_method"": ""leiden_fixed"", ""n_neighbors"": 15.0, ""oracle-K"": false, ""primary_model_readout"": false, ""resolution"": 1.0, ""uses_known_k"": false}"
PB000585,true,,experiment_report_csv,run,experiment_reports/apa_scmae_full_benchmark_partial_20260628,latest_apa_scmae_full_partial,,,SRP309176,apa_scmae,apa_scmae,apa_scmae,3,success,,,,,,,,experiment_reports/apa_scmae_full_benchmark_partial_20260628/tables/apa_scmae_full_metrics_by_run.csv,,,,,,,,,,,,,apa_scmae_full_metrics_by_run.csv,0.1643454038997214,0.0614373473599069,0.0245367027740251,0.1248043408657405,0.1248043408657405,0.1375891434990793,0.0614373473599069,0.0625750899348602,0.0603402389277429,,,,,,,,,,,,,,,,,"{""cluster_method"": ""kmeans_known_k"", ""n_neighbors"": """", ""oracle-K"": true, ""primary_model_readout"": true, ""resolution"": """", ""uses_known_k"": true}"
PB000586,true,,experiment_report_csv,run,experiment_reports/apa_scmae_full_benchmark_partial_20260628,latest_apa_scmae_full_partial,,,SRP309176,apa_scmae_leiden_fixed,apa_scmae_leiden_fixed,apa_scmae_leiden_fixed,3,success,,,,,,,,experiment_reports/apa_scmae_full_benchmark_partial_20260628/tables/apa_scmae_full_metrics_by_run.csv,,,,,,,,,,,,,apa_scmae_full_metrics_by_run.csv,0.1433597922382558,0.0668741493458624,0.0169863948908011,0.1184066766392933,0.1184066766392933,,,,,,26.0,,,,,,,,,,,,,,,"{""cluster_method"": ""leiden_fixed"", ""n_neighbors"": 15.0, ""oracle-K"": false, ""primary_model_readout"": false, ""resolution"": 1.0, ""uses_known_k"": false}"
